{
  "PUMP": [
    0.0017944,
    0.0017578
  ],
  "STABLE": [
    0.02650303,
    0.02611838
  ],
  "SIREN": [
    0.565614,
    0.571301
  ],
  "MON": [
    0.03175014,
    0.03109983
  ],
  "AERO": [
    0.338554,
    0.33191
  ],
  "JASMY": [
    0.00531656,
    0.00524014
  ],
  "LIT": [
    1.026,
    0.996638
  ],
  "CVX": [
    1.79,
    1.77
  ],
  "BAT": [
    0.100644,
    0.099311
  ],
  "COW": [
    0.218211,
    0.214177
  ],
  "ATH": [
    0.00658566,
    0.00641448
  ],
  "BANANAS31": [
    0.00985702,
    0.0096694
  ],
  "CHEEMS": [
    4.34684e-7,
    4.29428e-7
  ],
  "SKYAI": [
    0.075033,
    0.074162
  ],
  "ONT": [
    0.078318,
    0.076599
  ],
  "CKB": [
    0.00147376,
    0.00145646
  ],
  "SAHARA": [
    0.02225719,
    0.02183018
  ],
  "TAG": [
    0.00058517,
    0.00058755
  ],
  "POLYX": [
    0.04972713,
    0.04927441
  ],
  "ARC": [
    0.061129,
    0.060062
  ],
  "NPC": [
    0.00729105,
    0.00721522
  ],
  "BAN": [
    0.055899,
    0.055669
  ],
  "CSPR": [
    0.00300692,
    0.00299233
  ],
  "BEAT": [
    0.336586,
    0.332933
  ],
  "IOTX": [
    0.00468988,
    0.00463601
  ],
  "MYX": [
    0.23951,
    0.229102
  ],
  "NOT": [
    0.00035652,
    0.00035056
  ],
  "DEP": [
    0.00115067,
    0.00114254
  ],
  "SNEK": [
    0.00042277,
    0.00041816
  ],
  "ISLM": [
    0.0121726,
    0.01217913
  ],
  "GUN": [
    0.01696758,
    0.01737683
  ],
  "REZ": [
    0.00359772,
    0.0035702
  ],
  "NYM": [
    0.03493466,
    0.03517571
  ],
  "SPELL": [
    0.00016093,
    0.0001595
  ],
  "MERL": [
    0.02311829,
    0.02271933
  ],
  "DEGEN": [
    0.00073639,
    0.00072744
  ],
  "MAGMA": [
    0.139773,
    0.136887
  ],
  "ALLO": [
    0.109971,
    0.108814
  ],
  "HUMA": [
    0.01426677,
    0.01409496
  ],
  "NEIRO": [
    0.0000586,
    0.00005727
  ],
  "SATS": [
    1.1169e-8,
    1.0957e-8
  ],
  "CPOOL": [
    0.02365424,
    0.02343903
  ],
  "SLP": [
    0.00060437,
    0.0005934
  ],
  "LRC": [
    0.01743124,
    0.01709438
  ],
  "L3": [
    0.01527287,
    0.0147153
  ],
  "BOB": [
    0.0072829,
    0.00718913
  ],
  "AURORA": [
    0.02776101,
    0.02768453
  ],
  "CORN": [
    0.03231642,
    0.0343708
  ],
  "GRIFFAIN": [
    0.01663038,
    0.01659631
  ],
  "SWARMS": [
    0.01584035,
    0.01589873
  ],
  "RESOLV": [
    0.04131237,
    0.04069056
  ],
  "DENT": [
    0.00016505,
    0.00016156
  ],
  "INIT": [
    0.082687,
    0.082402
  ],
  "DSYNC": [
    0.01538287,
    0.01517066
  ],
  "NIL": [
    0.03581311,
    0.03464893
  ],
  "NEWT": [
    0.067362,
    0.067026
  ],
  "BANK": [
    0.03294343,
    0.0321716
  ],
  "SONIC": [
    0.03653361,
    0.03597187
  ],
  "DAO": [
    0.051477,
    0.051209
  ],
  "PAAL": [
    0.01396022,
    0.01396966
  ],
  "IKA": [
    0.0041775,
    0.00416543
  ],
  "MUBARAK": [
    0.01186485,
    0.01165209
  ],
  "HONEY": [
    0.00192426,
    0.00192094
  ],
  "TLM": [
    0.00169565,
    0.00166357
  ],
  "AIN": [
    0.058735,
    0.057713
  ],
  "TAI": [
    0.01738779,
    0.01710468
  ],
  "LAT": [
    0.00137832,
    0.00137189
  ],
  "ROAM": [
    0.02680753,
    0.02613148
  ],
  "HMSTR": [
    0.00014299,
    0.00013961
  ],
  "AVL": [
    0.02936184,
    0.03005862
  ],
  "FUEL": [
    0.00093223,
    0.00093845
  ],
  "NAVX": [
    0.0087031,
    0.00874293
  ],
  "SOLV": [
    0.00467278,
    0.00468424
  ],
  "COQ": [
    9.598e-8,
    9.619e-8
  ],
  "COS": [
    0.00127646,
    0.00124463
  ],
  "NKN": [
    0.00822235,
    0.00799921
  ],
  "OBT": [
    0.0010431,
    0.00104656
  ],
  "RSS3": [
    0.00580747,
    0.00579675
  ],
  "PIXEL": [
    0.00699037,
    0.0066889
  ],
  "FWOG": [
    0.00497031,
    0.0049723
  ],
  "FHE": [
    0.01887519,
    0.01870918
  ],
  "DMC": [
    0.00072273,
    0.0007152
  ],
  "LYXE": [
    0.250579,
    0.246908
  ],
  "RDNT": [
    0.00239175,
    0.00234656
  ],
  "GEAR": [
    0.00029522,
    0.00030048
  ],
  "FORTH": [
    0.267286,
    0.266745
  ],
  "SAMO": [
    0.00043257,
    0.00043153
  ],
  "HIPPO": [
    0.00024561,
    0.00024105
  ],
  "HOOK": [
    0.00843561,
    0.00835065
  ],
  "OAS": [
    0.00035897,
    0.0003605
  ],
  "PTB": [
    0.00106043,
    0.00112283
  ],
  "PERP": [
    0.02771752,
    0.02792126
  ],
  "CUDIS": [
    0.00790995,
    0.00793116
  ],
  "FIS": [
    0.01232516,
    0.01231024
  ],
  "EPT": [
    0.00076051,
    0.00075821
  ],
  "FLM": [
    0.00287733,
    0.0028817
  ],
  "GORK": [
    0.00150806,
    0.00148814
  ],
  "DUCK": [
    0.0001814,
    0.00017787
  ],
  "DATA": [
    0.00101559,
    0.00100478
  ],
  "SAROS": [
    0.00037673,
    0.00037553
  ],
  "INSP": [
    0.00107577,
    0.00107902
  ],
  "ACA": [
    0.00072509,
    0.00072092
  ],
  "A2Z": [
    0.00009136,
    0.00009179
  ],
  "FOXY": [
    0.00009315,
    0.000093
  ],
  "RFC": [
    0.00056458,
    0.00056547
  ],
  "SWTCH": [
    0.00347159,
    0.00340574
  ],
  "LOOKS": [
    0.00036163,
    0.00036323
  ],
  "MOONPIG": [
    0.00030196,
    0.000296
  ],
  "BDXN": [
    0.00180962,
    0.00180073
  ],
  "ROOT": [
    0.00006109,
    0.00006408
  ],
  "CHILLGUY": [
    0.00006822,
    0.00006822
  ],
  "APU": [
    0.00003335,
    0.00003302
  ],
  "CHESS": [
    0.00013686,
    0.00013564
  ],
  "HOLO": [
    0.0000127,
    0.00001253
  ],
  "GMMT": [
    0.00389142,
    0.00387815
  ],
  "RATS": [
    0.00003799,
    0.00003692
  ],
  "ADB": [
    null,
    null
  ]
}