{
  "PUMP": [
    0.00193497,
    0.00192669
  ],
  "STABLE": [
    0.02572262,
    0.02587156
  ],
  "SIREN": [
    0.673639,
    0.649151
  ],
  "MON": [
    0.03404112,
    0.03464761
  ],
  "AERO": [
    0.414069,
    0.416984
  ],
  "JASMY": [
    0.00574636,
    0.00570642
  ],
  "LIT": [
    0.923585,
    0.927583
  ],
  "SKYAI": [
    0.173699,
    0.184994
  ],
  "CVX": [
    1.86,
    1.87
  ],
  "BAT": [
    0.104168,
    0.104365
  ],
  "CHEEMS": [
    5.81451e-7,
    5.82575e-7
  ],
  "ATH": [
    0.00604956,
    0.00603837
  ],
  "COW": [
    0.189901,
    0.189863
  ],
  "BANANAS31": [
    0.00962359,
    0.00956644
  ],
  "BEAT": [
    0.56157,
    0.569565
  ],
  "BAN": [
    0.077513,
    0.077782
  ],
  "ONT": [
    0.077479,
    0.077299
  ],
  "CKB": [
    0.00153119,
    0.00152156
  ],
  "TAG": [
    0.00066219,
    0.00066025
  ],
  "NPC": [
    0.00855896,
    0.00869566
  ],
  "SAHARA": [
    0.02187992,
    0.02186824
  ],
  "ARC": [
    0.06746,
    0.068245
  ],
  "POLYX": [
    0.051857,
    0.051195
  ],
  "CSPR": [
    0.00297214,
    0.00295928
  ],
  "MYX": [
    0.24444,
    0.239585
  ],
  "IOTX": [
    0.00484563,
    0.00483091
  ],
  "MERL": [
    0.03476649,
    0.03520367
  ],
  "NOT": [
    0.00041547,
    0.00040985
  ],
  "NEIRO": [
    0.000092,
    0.00009243
  ],
  "HUMA": [
    0.02213238,
    0.02199755
  ],
  "SNEK": [
    0.00050715,
    0.00050876
  ],
  "ISLM": [
    0.01197961,
    0.01202708
  ],
  "REZ": [
    0.00375905,
    0.00374963
  ],
  "SATS": [
    1.4749e-8,
    1.4598e-8
  ],
  "DEP": [
    0.0011062,
    0.00110698
  ],
  "GUN": [
    0.01785649,
    0.01731175
  ],
  "CPOOL": [
    0.0301158,
    0.02958585
  ],
  "SPELL": [
    0.00016727,
    0.00016723
  ],
  "MAGMA": [
    0.148586,
    0.148505
  ],
  "DEGEN": [
    0.00075843,
    0.0007599
  ],
  "NYM": [
    0.03230567,
    0.0321893
  ],
  "ALLO": [
    0.11901,
    0.118148
  ],
  "SLP": [
    0.0006735,
    0.00067259
  ],
  "LRC": [
    0.01736696,
    0.0172579
  ],
  "CORN": [
    0.04070961,
    0.04068357
  ],
  "AURORA": [
    0.02790386,
    0.02785687
  ],
  "BOB": [
    0.00690563,
    0.00685817
  ],
  "SWARMS": [
    0.01777378,
    0.01759568
  ],
  "NIL": [
    0.04079029,
    0.04020485
  ],
  "NEWT": [
    0.080739,
    0.079511
  ],
  "GRIFFAIN": [
    0.01672701,
    0.01679179
  ],
  "INIT": [
    0.088844,
    0.088289
  ],
  "BANK": [
    0.0384678,
    0.03791457
  ],
  "L3": [
    0.01053728,
    0.01057646
  ],
  "DSYNC": [
    0.01508307,
    0.01517467
  ],
  "MUBARAK": [
    0.01393066,
    0.01383537
  ],
  "SONIC": [
    0.03668546,
    0.03674708
  ],
  "RESOLV": [
    0.0320721,
    0.03183753
  ],
  "PAAL": [
    0.01330709,
    0.01331878
  ],
  "TLM": [
    0.00180049,
    0.00179161
  ],
  "DAO": [
    0.04660525,
    0.04650507
  ],
  "HONEY": [
    0.00197568,
    0.00198967
  ],
  "IKA": [
    0.00357633,
    0.00367994
  ],
  "AIN": [
    0.058501,
    0.057728
  ],
  "HMSTR": [
    0.00015711,
    0.00015669
  ],
  "COQ": [
    1.40416e-7,
    1.41604e-7
  ],
  "LAT": [
    0.00135662,
    0.00135813
  ],
  "TAI": [
    0.01610505,
    0.01595174
  ],
  "AVL": [
    0.02642961,
    0.02662568
  ],
  "DENT": [
    0.00007736,
    0.00007921
  ],
  "FUEL": [
    0.00093839,
    0.00093831
  ],
  "NAVX": [
    0.00862573,
    0.00861593
  ],
  "NKN": [
    0.00840413,
    0.00847672
  ],
  "ROAM": [
    0.01787862,
    0.01815807
  ],
  "COS": [
    0.00119292,
    0.0011901
  ],
  "PIXEL": [
    0.00758935,
    0.00756608
  ],
  "OBT": [
    0.0010421,
    0.00103966
  ],
  "SOLV": [
    0.00374545,
    0.00371633
  ],
  "RSS3": [
    0.00568855,
    0.00576967
  ],
  "OAS": [
    0.00067598,
    0.00067681
  ],
  "FWOG": [
    0.00451341,
    0.00455301
  ],
  "FHE": [
    0.01745845,
    0.01734243
  ],
  "DMC": [
    0.00070321,
    0.00068121
  ],
  "LYXE": [
    0.235286,
    0.236542
  ],
  "FORTH": [
    0.246248,
    0.243712
  ],
  "RDNT": [
    0.00199152,
    0.00197868
  ],
  "HOOK": [
    0.00831344,
    0.00845173
  ],
  "SAMO": [
    0.00039962,
    0.0003994
  ],
  "GEAR": [
    0.00022078,
    0.00022289
  ],
  "CUDIS": [
    0.00823934,
    0.00818298
  ],
  "PERP": [
    0.02599338,
    0.025843
  ],
  "PTB": [
    0.00084212,
    0.00083826
  ],
  "EPT": [
    0.00074813,
    0.00074167
  ],
  "GORK": [
    0.00169426,
    0.00169445
  ],
  "SAROS": [
    0.00064957,
    0.00064596
  ],
  "HIPPO": [
    0.00016613,
    0.00016756
  ],
  "FIS": [
    0.01057059,
    0.01066385
  ],
  "FLM": [
    0.00287506,
    0.00290455
  ],
  "DATA": [
    0.00089876,
    0.00089936
  ],
  "INSP": [
    0.00106065,
    0.00105622
  ],
  "ACA": [
    0.00071234,
    0.00071455
  ],
  "FOXY": [
    0.00012197,
    0.00012104
  ],
  "A2Z": [
    0.00007595,
    0.00007614
  ],
  "RFC": [
    0.00057783,
    0.00059997
  ],
  "DUCK": [
    0.00006953,
    0.00007045
  ],
  "SWTCH": [
    0.00369076,
    0.00330307
  ],
  "LOOKS": [
    0.00043976,
    0.00040253
  ],
  "BDXN": [
    0.0019377,
    0.00192241
  ],
  "MOONPIG": [
    0.00030623,
    0.00030919
  ],
  "ROOT": [
    0.0000569,
    0.00005772
  ],
  "CHILLGUY": [
    0.00014832,
    0.00015111
  ],
  "APU": [
    0.00007277,
    0.00007315
  ],
  "CHESS": [
    0.00013556,
    0.00013556
  ],
  "HOLO": [
    0.00001274,
    0.00001281
  ],
  "GMMT": [
    0.00300065,
    0.00299071
  ],
  "RATS": [
    0.00003691,
    0.00003728
  ],
  "ADB": [
    null,
    null
  ]
}