{
  "PUMP": [
    0.00181218,
    0.00179024
  ],
  "SIREN": [
    0.792926,
    0.850676
  ],
  "STABLE": [
    0.02652468,
    0.0266241
  ],
  "MON": [
    0.03471202,
    0.03355721
  ],
  "AERO": [
    0.372933,
    0.368938
  ],
  "LIT": [
    1.17,
    1.098
  ],
  "JASMY": [
    0.0052746,
    0.00524649
  ],
  "CVX": [
    1.76,
    1.75
  ],
  "BAT": [
    0.096266,
    0.096038
  ],
  "SKYAI": [
    0.116907,
    0.124791
  ],
  "COW": [
    0.216909,
    0.215788
  ],
  "ATH": [
    0.00579824,
    0.00575939
  ],
  "BANANAS31": [
    0.0095599,
    0.00963191
  ],
  "TAG": [
    0.00080971,
    0.00081075
  ],
  "CHEEMS": [
    4.34481e-7,
    4.29201e-7
  ],
  "ONT": [
    0.086834,
    0.087259
  ],
  "ARC": [
    0.079696,
    0.078878
  ],
  "CKB": [
    0.00145586,
    0.00145427
  ],
  "SAHARA": [
    0.02161331,
    0.02186935
  ],
  "BAN": [
    0.062113,
    0.064561
  ],
  "POLYX": [
    0.050153,
    0.050391
  ],
  "NPC": [
    0.0076634,
    0.00762345
  ],
  "CSPR": [
    0.00299008,
    0.00302111
  ],
  "IOTX": [
    0.00460158,
    0.00456635
  ],
  "BEAT": [
    0.29245,
    0.306034
  ],
  "MYX": [
    0.228525,
    0.223235
  ],
  "MAGMA": [
    0.191767,
    0.204842
  ],
  "NOT": [
    0.0003666,
    0.00036268
  ],
  "ISLM": [
    0.01228574,
    0.01242123
  ],
  "SNEK": [
    0.00042859,
    0.00042325
  ],
  "DEP": [
    0.00112251,
    0.00112315
  ],
  "REZ": [
    0.00367671,
    0.00364877
  ],
  "NYM": [
    0.03510575,
    0.03487994
  ],
  "HUMA": [
    0.01643103,
    0.01655242
  ],
  "MERL": [
    0.02362297,
    0.02393349
  ],
  "GUN": [
    0.01646312,
    0.01646723
  ],
  "SPELL": [
    0.00015884,
    0.00015782
  ],
  "DEGEN": [
    0.00072525,
    0.00072744
  ],
  "ALLO": [
    0.107059,
    0.106563
  ],
  "NEIRO": [
    0.00005712,
    0.00005685
  ],
  "SATS": [
    1.0859e-8,
    1.0831e-8
  ],
  "CPOOL": [
    0.0231652,
    0.02306618
  ],
  "SLP": [
    0.00059988,
    0.00059868
  ],
  "CORN": [
    0.03983454,
    0.04041729
  ],
  "LRC": [
    0.0162144,
    0.01616378
  ],
  "BOB": [
    0.00690973,
    0.00696439
  ],
  "AIN": [
    0.092827,
    0.100851
  ],
  "AURORA": [
    0.0267502,
    0.02674346
  ],
  "SWARMS": [
    0.01752949,
    0.01762092
  ],
  "L3": [
    0.01187006,
    0.01162409
  ],
  "GRIFFAIN": [
    0.01667891,
    0.01634252
  ],
  "DSYNC": [
    0.01569813,
    0.01551607
  ],
  "DENT": [
    0.00016402,
    0.00016145
  ],
  "RESOLV": [
    0.03960422,
    0.03983744
  ],
  "BANK": [
    0.03850425,
    0.03613917
  ],
  "INIT": [
    0.080524,
    0.080099
  ],
  "NEWT": [
    0.06719,
    0.066902
  ],
  "NIL": [
    0.03346105,
    0.03351295
  ],
  "SONIC": [
    0.03553057,
    0.03521135
  ],
  "DAO": [
    0.04832019,
    0.04821607
  ],
  "PAAL": [
    0.01311536,
    0.01320024
  ],
  "MUBARAK": [
    0.01169033,
    0.01158858
  ],
  "IKA": [
    0.00383047,
    0.00380593
  ],
  "TLM": [
    0.00162084,
    0.00162117
  ],
  "HONEY": [
    0.00182701,
    0.00181283
  ],
  "TAI": [
    0.01703772,
    0.01703869
  ],
  "NKN": [
    0.01164109,
    0.01209846
  ],
  "LAT": [
    0.00134212,
    0.00133913
  ],
  "HMSTR": [
    0.0001433,
    0.0001423
  ],
  "AVL": [
    0.02897829,
    0.03064135
  ],
  "ROAM": [
    0.02331693,
    0.02309254
  ],
  "COQ": [
    1.1078e-7,
    1.10643e-7
  ],
  "FUEL": [
    0.00096018,
    0.00096048
  ],
  "NAVX": [
    0.00864904,
    0.008665
  ],
  "SOLV": [
    0.00440471,
    0.00467768
  ],
  "COS": [
    0.00120951,
    0.00121453
  ],
  "PIXEL": [
    0.00732902,
    0.00734235
  ],
  "OBT": [
    0.00103772,
    0.00104064
  ],
  "RSS3": [
    0.00563407,
    0.00558282
  ],
  "FWOG": [
    0.00486953,
    0.00484393
  ],
  "DMC": [
    0.00068848,
    0.00069515
  ],
  "FHE": [
    0.01552963,
    0.01557792
  ],
  "LYXE": [
    0.246526,
    0.246526
  ],
  "FORTH": [
    0.271881,
    0.292881
  ],
  "GEAR": [
    0.00029579,
    0.00029977
  ],
  "RDNT": [
    0.00223084,
    0.00222692
  ],
  "SAMO": [
    0.00041458,
    0.00041684
  ],
  "OAS": [
    0.00036409,
    0.00036228
  ],
  "HOOK": [
    0.00812831,
    0.00802752
  ],
  "PTB": [
    0.00099036,
    0.00097676
  ],
  "HIPPO": [
    0.00019987,
    0.00019772
  ],
  "PERP": [
    0.02679655,
    0.02679771
  ],
  "CUDIS": [
    0.0078722,
    0.0078454
  ],
  "FIS": [
    0.01181416,
    0.01184304
  ],
  "EPT": [
    0.00076504,
    0.00075656
  ],
  "FLM": [
    0.00288989,
    0.00289932
  ],
  "GORK": [
    0.00146634,
    0.00147344
  ],
  "DATA": [
    0.00095508,
    0.00094662
  ],
  "SAROS": [
    0.00038136,
    0.00038176
  ],
  "INSP": [
    0.00109628,
    0.00106773
  ],
  "ACA": [
    0.00072063,
    0.00071819
  ],
  "DUCK": [
    0.00010014,
    0.00009605
  ],
  "A2Z": [
    0.00008454,
    0.00008544
  ],
  "FOXY": [
    0.00010427,
    0.00010392
  ],
  "SWTCH": [
    0.00368543,
    0.00370986
  ],
  "RFC": [
    0.00056029,
    0.00056333
  ],
  "LOOKS": [
    0.00036352,
    0.00037064
  ],
  "BDXN": [
    0.00184913,
    0.0018601
  ],
  "MOONPIG": [
    0.00028907,
    0.00029006
  ],
  "ROOT": [
    0.00006271,
    0.00006211
  ],
  "CHILLGUY": [
    0.0000735,
    0.0000735
  ],
  "APU": [
    0.00003573,
    0.00003543
  ],
  "CHESS": [
    0.00015794,
    0.00015887
  ],
  "HOLO": [
    0.0000126,
    0.0000126
  ],
  "GMMT": [
    0.00378749,
    0.0037996
  ],
  "RATS": [
    0.00003685,
    0.00003793
  ],
  "ADB": [
    null,
    null
  ]
}