{
  "PUMP": [
    0.00195383,
    0.00196696
  ],
  "SIREN": [
    0.819118,
    1.21
  ],
  "STABLE": [
    0.02598166,
    0.02617127
  ],
  "MON": [
    0.03590896,
    0.03533555
  ],
  "AERO": [
    0.377272,
    0.381097
  ],
  "JASMY": [
    0.00541529,
    0.00553515
  ],
  "LIT": [
    1.07,
    1.055
  ],
  "CVX": [
    1.79,
    1.83
  ],
  "BAT": [
    0.099856,
    0.101808
  ],
  "SKYAI": [
    0.119192,
    0.156628
  ],
  "ATH": [
    0.00614925,
    0.0062235
  ],
  "CHEEMS": [
    5.29518e-7,
    5.31552e-7
  ],
  "COW": [
    0.203978,
    0.192252
  ],
  "BANANAS31": [
    0.01006731,
    0.0102896
  ],
  "CKB": [
    0.00152096,
    0.00155026
  ],
  "SAHARA": [
    0.02283538,
    0.02363618
  ],
  "ONT": [
    0.074679,
    0.074408
  ],
  "TAG": [
    0.00068467,
    0.00068287
  ],
  "BAN": [
    0.075445,
    0.073065
  ],
  "ARC": [
    0.069985,
    0.070147
  ],
  "POLYX": [
    0.053341,
    0.053208
  ],
  "BEAT": [
    0.429112,
    0.463539
  ],
  "NPC": [
    0.0079735,
    0.00793198
  ],
  "MYX": [
    0.311636,
    0.297681
  ],
  "MERL": [
    0.035757,
    0.04215791
  ],
  "CSPR": [
    0.00301979,
    0.00304168
  ],
  "IOTX": [
    0.00467445,
    0.0047913
  ],
  "SATS": [
    1.7009e-8,
    2.1402e-8
  ],
  "NEIRO": [
    0.00008658,
    0.00010226
  ],
  "NOT": [
    0.00040083,
    0.00042582
  ],
  "MAGMA": [
    0.188438,
    0.199206
  ],
  "SNEK": [
    0.00043929,
    0.00045682
  ],
  "REZ": [
    0.00391226,
    0.00396541
  ],
  "ISLM": [
    0.01224497,
    0.01231586
  ],
  "HUMA": [
    0.01752756,
    0.01802905
  ],
  "DEP": [
    0.00111286,
    0.00111195
  ],
  "SPELL": [
    0.00016264,
    0.00016332
  ],
  "DEGEN": [
    0.00074374,
    0.00075524
  ],
  "NYM": [
    0.03313453,
    0.03321008
  ],
  "GUN": [
    0.01566033,
    0.01580126
  ],
  "CPOOL": [
    0.025331,
    0.02584227
  ],
  "ALLO": [
    0.108462,
    0.109707
  ],
  "BOB": [
    0.008347,
    0.00843556
  ],
  "SLP": [
    0.00062384,
    0.00063274
  ],
  "CORN": [
    0.0410742,
    0.04108991
  ],
  "LRC": [
    0.01662731,
    0.01658922
  ],
  "AURORA": [
    0.02729558,
    0.02726509
  ],
  "SWARMS": [
    0.01736332,
    0.01835166
  ],
  "NIL": [
    0.0379619,
    0.04066942
  ],
  "DSYNC": [
    0.01634936,
    0.01651637
  ],
  "BANK": [
    0.0387618,
    0.03874471
  ],
  "NEWT": [
    0.074507,
    0.074034
  ],
  "INIT": [
    0.084928,
    0.085038
  ],
  "L3": [
    0.01077718,
    0.01068228
  ],
  "DENT": [
    0.00016291,
    0.00015715
  ],
  "MUBARAK": [
    0.01439489,
    0.0144167
  ],
  "GRIFFAIN": [
    0.01386338,
    0.01352307
  ],
  "SONIC": [
    0.03690206,
    0.03695703
  ],
  "RESOLV": [
    0.03510752,
    0.0342518
  ],
  "AIN": [
    0.070327,
    0.068661
  ],
  "PAAL": [
    0.0136646,
    0.01382043
  ],
  "DAO": [
    0.0482165,
    0.04809518
  ],
  "TLM": [
    0.00171958,
    0.00173479
  ],
  "IKA": [
    0.00384425,
    0.00373264
  ],
  "HONEY": [
    0.0018404,
    0.00182523
  ],
  "HMSTR": [
    0.00015096,
    0.00015299
  ],
  "TAI": [
    0.01644401,
    0.01626687
  ],
  "LAT": [
    0.00135812,
    0.00136706
  ],
  "COQ": [
    1.20482e-7,
    1.21645e-7
  ],
  "AVL": [
    0.02676306,
    0.02663337
  ],
  "FUEL": [
    0.000943,
    0.0009421
  ],
  "NAVX": [
    0.00891645,
    0.00887778
  ],
  "NKN": [
    0.00829477,
    0.00815712
  ],
  "COS": [
    0.00126873,
    0.00125294
  ],
  "PIXEL": [
    0.0083019,
    0.00824426
  ],
  "ROAM": [
    0.01926181,
    0.01784531
  ],
  "SOLV": [
    0.00423967,
    0.00413884
  ],
  "OBT": [
    0.00104372,
    0.00105098
  ],
  "RSS3": [
    0.00609243,
    0.00607863
  ],
  "FWOG": [
    0.00479586,
    0.00484998
  ],
  "FHE": [
    0.01893946,
    0.01871996
  ],
  "DMC": [
    0.00069049,
    0.00071203
  ],
  "LYXE": [
    0.24141,
    0.24141
  ],
  "GEAR": [
    0.00029967,
    0.00032758
  ],
  "FORTH": [
    0.270307,
    0.267085
  ],
  "OAS": [
    0.00041201,
    0.00041439
  ],
  "RDNT": [
    0.00209162,
    0.00206638
  ],
  "SAMO": [
    0.00042815,
    0.00042359
  ],
  "HOOK": [
    0.00822426,
    0.00819711
  ],
  "PTB": [
    0.00114454,
    0.00112756
  ],
  "PERP": [
    0.02745904,
    0.02708877
  ],
  "CUDIS": [
    0.00795945,
    0.00786428
  ],
  "EPT": [
    0.00075431,
    0.00076403
  ],
  "FLM": [
    0.00303682,
    0.00301944
  ],
  "FIS": [
    0.010595,
    0.0109051
  ],
  "HIPPO": [
    0.00016398,
    0.00016424
  ],
  "GORK": [
    0.00149135,
    0.00158329
  ],
  "DATA": [
    0.0009613,
    0.00096257
  ],
  "SAROS": [
    0.00042358,
    0.00042607
  ],
  "INSP": [
    0.00105765,
    0.00106137
  ],
  "ACA": [
    0.00068039,
    0.00068894
  ],
  "FOXY": [
    0.00011107,
    0.00011614
  ],
  "A2Z": [
    0.00008218,
    0.00007659
  ],
  "DUCK": [
    0.00008483,
    0.00007925
  ],
  "SWTCH": [
    0.00338548,
    0.00363724
  ],
  "RFC": [
    0.00057195,
    0.00058866
  ],
  "LOOKS": [
    0.00039764,
    0.00040563
  ],
  "MOONPIG": [
    0.00029999,
    0.00030603
  ],
  "BDXN": [
    0.00183563,
    0.00181643
  ],
  "ROOT": [
    0.0000591,
    0.00005691
  ],
  "CHILLGUY": [
    0.00007946,
    0.00007977
  ],
  "APU": [
    0.00003567,
    0.00003584
  ],
  "CHESS": [
    0.0001589,
    0.00016829
  ],
  "HOLO": [
    0.00001248,
    0.00001248
  ],
  "GMMT": [
    0.0033683,
    0.00335981
  ],
  "RATS": [
    0.00005092,
    0.0000477
  ],
  "ADB": [
    null,
    null
  ]
}