{
  "PUMP": [
    0.0017511,
    0.00173955
  ],
  "STABLE": [
    0.03316217,
    0.03279941
  ],
  "SIREN": [
    0.700572,
    0.704135
  ],
  "AERO": [
    0.427942,
    0.42736
  ],
  "MON": [
    0.03072965,
    0.03051345
  ],
  "JASMY": [
    0.00571867,
    0.00569022
  ],
  "LIT": [
    0.915761,
    0.91584
  ],
  "SKYAI": [
    0.19856,
    0.20481
  ],
  "CVX": [
    1.78,
    1.77
  ],
  "BAT": [
    0.104677,
    0.104139
  ],
  "CHEEMS": [
    5.90304e-7,
    5.86003e-7
  ],
  "ATH": [
    0.00607056,
    0.00601462
  ],
  "COW": [
    0.189385,
    0.187733
  ],
  "BAN": [
    0.09262,
    0.093688
  ],
  "BANANAS31": [
    0.00920543,
    0.00914887
  ],
  "ONT": [
    0.076168,
    0.076012
  ],
  "BEAT": [
    0.549045,
    0.544385
  ],
  "CKB": [
    0.00153248,
    0.00152063
  ],
  "SAHARA": [
    0.02320423,
    0.02284859
  ],
  "TAG": [
    0.00064652,
    0.0006463
  ],
  "ARC": [
    0.067422,
    0.067442
  ],
  "NPC": [
    0.00838096,
    0.00833698
  ],
  "POLYX": [
    0.051974,
    0.051432
  ],
  "MYX": [
    0.25754,
    0.25599
  ],
  "CSPR": [
    0.00292054,
    0.00291641
  ],
  "MERL": [
    0.03702552,
    0.03700866
  ],
  "IOTX": [
    0.00481897,
    0.00481844
  ],
  "HUMA": [
    0.02463381,
    0.02529517
  ],
  "NOT": [
    0.00041632,
    0.00041303
  ],
  "SNEK": [
    0.00050783,
    0.00050695
  ],
  "MAGMA": [
    0.197985,
    0.197148
  ],
  "NEIRO": [
    0.00008783,
    0.00008698
  ],
  "REZ": [
    0.00401239,
    0.00399793
  ],
  "DEP": [
    0.00111634,
    0.00111501
  ],
  "ISLM": [
    0.01176795,
    0.01176569
  ],
  "SATS": [
    1.4415e-8,
    1.4303e-8
  ],
  "SPELL": [
    0.0001656,
    0.00016442
  ],
  "GUN": [
    0.01536107,
    0.01571016
  ],
  "CPOOL": [
    0.02721621,
    0.02713542
  ],
  "ALLO": [
    0.118182,
    0.117459
  ],
  "SLP": [
    0.00072774,
    0.00072513
  ],
  "NYM": [
    0.03135467,
    0.03129797
  ],
  "INIT": [
    0.095664,
    0.095558
  ],
  "DEGEN": [
    0.00065368,
    0.00065008
  ],
  "CORN": [
    0.04024551,
    0.04022927
  ],
  "LRC": [
    0.01704286,
    0.01692674
  ],
  "AURORA": [
    0.02784882,
    0.02773488
  ],
  "NIL": [
    0.0420034,
    0.04156626
  ],
  "SWARMS": [
    0.01852391,
    0.01842727
  ],
  "GRIFFAIN": [
    0.01772651,
    0.0177863
  ],
  "NEWT": [
    0.081387,
    0.080449
  ],
  "BOB": [
    0.00580248,
    0.00576536
  ],
  "L3": [
    0.01028934,
    0.01029987
  ],
  "BANK": [
    0.03379211,
    0.03353795
  ],
  "DSYNC": [
    0.01425095,
    0.0142024
  ],
  "MUBARAK": [
    0.01383815,
    0.01361251
  ],
  "SONIC": [
    0.03752746,
    0.03705151
  ],
  "TLM": [
    0.00190307,
    0.00188788
  ],
  "HONEY": [
    0.00210791,
    0.00208602
  ],
  "AIN": [
    0.063073,
    0.062811
  ],
  "IKA": [
    0.00386025,
    0.00384483
  ],
  "DAO": [
    0.04481536,
    0.04481067
  ],
  "PAAL": [
    0.01240224,
    0.0122615
  ],
  "RESOLV": [
    0.02768263,
    0.02782866
  ],
  "COQ": [
    1.46777e-7,
    1.4618e-7
  ],
  "HMSTR": [
    0.00015664,
    0.00015516
  ],
  "TAI": [
    0.01657852,
    0.01658757
  ],
  "LAT": [
    0.00133834,
    0.00133421
  ],
  "AVL": [
    0.02685104,
    0.02745034
  ],
  "FUEL": [
    0.00093296,
    0.0009353
  ],
  "NAVX": [
    0.00873775,
    0.00871628
  ],
  "NKN": [
    0.00862039,
    0.00851856
  ],
  "PIXEL": [
    0.00822053,
    0.00821096
  ],
  "SOLV": [
    0.00416358,
    0.00414787
  ],
  "COS": [
    0.00117788,
    0.00116992
  ],
  "DENT": [
    0.00006231,
    0.00006206
  ],
  "OBT": [
    0.00104034,
    0.00104019
  ],
  "ROAM": [
    0.01593324,
    0.01607937
  ],
  "RSS3": [
    0.00579816,
    0.00589933
  ],
  "DMC": [
    0.00071349,
    0.00070831
  ],
  "FWOG": [
    0.0045413,
    0.0045162
  ],
  "FHE": [
    0.01769593,
    0.01753225
  ],
  "OAS": [
    0.00060681,
    0.00060343
  ],
  "LYXE": [
    0.234396,
    0.233844
  ],
  "FORTH": [
    0.258428,
    0.255552
  ],
  "RDNT": [
    0.00191417,
    0.00191622
  ],
  "HOOK": [
    0.00842856,
    0.00848929
  ],
  "GEAR": [
    0.00022906,
    0.00022966
  ],
  "SAMO": [
    0.00038002,
    0.00038039
  ],
  "CUDIS": [
    0.00805301,
    0.00801534
  ],
  "PERP": [
    0.02644882,
    0.02635467
  ],
  "EPT": [
    0.00074136,
    0.00074041
  ],
  "PTB": [
    0.00081864,
    0.00081288
  ],
  "FIS": [
    0.01059983,
    0.01060017
  ],
  "HIPPO": [
    0.00016122,
    0.00015974
  ],
  "GORK": [
    0.00153548,
    0.00153032
  ],
  "FLM": [
    0.00262901,
    0.00262397
  ],
  "SAROS": [
    0.0005025,
    0.00049798
  ],
  "DATA": [
    0.00075024,
    0.00074946
  ],
  "INSP": [
    0.00110823,
    0.00111259
  ],
  "ACA": [
    0.00068636,
    0.00066802
  ],
  "FOXY": [
    0.00011903,
    0.00011899
  ],
  "A2Z": [
    0.00007097,
    0.00007084
  ],
  "RFC": [
    0.00059339,
    0.00060278
  ],
  "SWTCH": [
    0.00350808,
    0.00349392
  ],
  "DUCK": [
    0.00006959,
    0.0000716
  ],
  "LOOKS": [
    0.00037604,
    0.00037306
  ],
  "MOONPIG": [
    0.000299,
    0.00029896
  ],
  "BDXN": [
    0.00158028,
    0.00158035
  ],
  "ROOT": [
    0.00006002,
    0.00006071
  ],
  "CHILLGUY": [
    0.00013313,
    0.0001327
  ],
  "APU": [
    0.00005276,
    0.00004782
  ],
  "CHESS": [
    0.00015129,
    0.00015184
  ],
  "HOLO": [
    0.00001221,
    0.00001217
  ],
  "GMMT": [
    0.00261947,
    0.00261428
  ],
  "RATS": [
    0.0000367,
    0.00003677
  ],
  "ADB": [
    null,
    null
  ]
}