{
  "SKYAI": [
    0.821765,
    0.810156
  ],
  "STABLE": [
    0.03390675,
    0.03429729
  ],
  "PUMP": [
    0.00187368,
    0.0019087
  ],
  "SIREN": [
    0.752326,
    0.773981
  ],
  "AERO": [
    0.468198,
    0.472343
  ],
  "MON": [
    0.0310449,
    0.03177727
  ],
  "JASMY": [
    0.00580551,
    0.00582644
  ],
  "LIT": [
    0.963814,
    0.965359
  ],
  "CVX": [
    1.82,
    1.83
  ],
  "BAT": [
    0.106659,
    0.106837
  ],
  "TAG": [
    0.00127588,
    0.00136866
  ],
  "CHEEMS": [
    6.36158e-7,
    6.44888e-7
  ],
  "ATH": [
    0.00647988,
    0.00673656
  ],
  "BANANAS31": [
    0.01154817,
    0.01166674
  ],
  "COW": [
    0.17875,
    0.177616
  ],
  "SAHARA": [
    0.02477738,
    0.02529936
  ],
  "CKB": [
    0.00156057,
    0.00155515
  ],
  "BEAT": [
    0.536058,
    0.542162
  ],
  "BAN": [
    0.077544,
    0.074728
  ],
  "ARC": [
    0.069387,
    0.067618
  ],
  "NPC": [
    0.00825882,
    0.00806735
  ],
  "POLYX": [
    0.051626,
    0.050981
  ],
  "ONT": [
    0.064742,
    0.062903
  ],
  "NOT": [
    0.00058403,
    0.00053389
  ],
  "MYX": [
    0.246238,
    0.249849
  ],
  "MAGMA": [
    0.248253,
    0.248695
  ],
  "MERL": [
    0.03918132,
    0.03798462
  ],
  "REZ": [
    0.00531796,
    0.00543953
  ],
  "CSPR": [
    0.00285642,
    0.00283983
  ],
  "IOTX": [
    0.00472085,
    0.0047676
  ],
  "NEIRO": [
    0.00009821,
    0.00009808
  ],
  "ISLM": [
    0.01151781,
    0.01152373
  ],
  "SNEK": [
    0.00051617,
    0.00051505
  ],
  "HUMA": [
    0.02153608,
    0.02192265
  ],
  "SATS": [
    1.5135e-8,
    1.5312e-8
  ],
  "DEP": [
    0.00110072,
    0.00109784
  ],
  "SPELL": [
    0.00017175,
    0.00017242
  ],
  "CPOOL": [
    0.02779649,
    0.02787884
  ],
  "DEGEN": [
    0.00072684,
    0.0007477
  ],
  "SLP": [
    0.00072634,
    0.00074619
  ],
  "SWARMS": [
    0.02881501,
    0.02713335
  ],
  "GUN": [
    0.01464327,
    0.0146923
  ],
  "ALLO": [
    0.112886,
    0.11201
  ],
  "LRC": [
    0.01712928,
    0.01738674
  ],
  "NYM": [
    0.02186797,
    0.02324108
  ],
  "CORN": [
    0.03677906,
    0.03653639
  ],
  "NIL": [
    0.04001457,
    0.04256626
  ],
  "AURORA": [
    0.02691192,
    0.02684544
  ],
  "INIT": [
    0.090603,
    0.092154
  ],
  "AIN": [
    0.094738,
    0.094858
  ],
  "BOB": [
    0.00571266,
    0.00577688
  ],
  "MUBARAK": [
    0.01653079,
    0.01671207
  ],
  "L3": [
    0.01127309,
    0.01126806
  ],
  "NEWT": [
    0.076845,
    0.077597
  ],
  "GRIFFAIN": [
    0.0155391,
    0.01524658
  ],
  "BANK": [
    0.03315932,
    0.03335097
  ],
  "SONIC": [
    0.03853096,
    0.03853057
  ],
  "HONEY": [
    0.00230585,
    0.00238046
  ],
  "DSYNC": [
    0.01296288,
    0.01296697
  ],
  "TLM": [
    0.00192451,
    0.00192999
  ],
  "RESOLV": [
    0.03096895,
    0.03043549
  ],
  "PAAL": [
    0.01298786,
    0.01310336
  ],
  "HMSTR": [
    0.00018963,
    0.0001746
  ],
  "IKA": [
    0.00357905,
    0.00361406
  ],
  "COQ": [
    1.57409e-7,
    1.55089e-7
  ],
  "DAO": [
    0.04170641,
    0.04223339
  ],
  "RSS3": [
    0.00716801,
    0.00685995
  ],
  "FHE": [
    0.03574075,
    0.03756287
  ],
  "LAT": [
    0.0013386,
    0.0013427
  ],
  "TAI": [
    0.01480548,
    0.01534734
  ],
  "AVL": [
    0.02716224,
    0.02750029
  ],
  "FUEL": [
    0.00092673,
    0.00092333
  ],
  "NAVX": [
    0.00898307,
    0.00899056
  ],
  "SOLV": [
    0.00437581,
    0.0043919
  ],
  "NKN": [
    0.00784515,
    0.00791321
  ],
  "PIXEL": [
    0.00816767,
    0.00820982
  ],
  "COS": [
    0.00114363,
    0.00115498
  ],
  "FWOG": [
    0.0060674,
    0.0061239
  ],
  "OBT": [
    0.00097096,
    0.00096948
  ],
  "DMC": [
    0.00076919,
    0.00075723
  ],
  "LYXE": [
    0.279412,
    0.279412
  ],
  "ROAM": [
    0.01220941,
    0.01204908
  ],
  "OAS": [
    0.00062355,
    0.00060014
  ],
  "DENT": [
    0.00004152,
    0.00004175
  ],
  "GEAR": [
    0.00030541,
    0.00030553
  ],
  "FORTH": [
    0.240202,
    0.240307
  ],
  "RDNT": [
    0.00181673,
    0.00180913
  ],
  "HOOK": [
    0.00800163,
    0.00789788
  ],
  "SAMO": [
    0.00035837,
    0.00035879
  ],
  "CUDIS": [
    0.00790358,
    0.00791225
  ],
  "PERP": [
    0.02574808,
    0.02563037
  ],
  "HIPPO": [
    0.00019282,
    0.0001872
  ],
  "SAROS": [
    0.00067476,
    0.00066991
  ],
  "FIS": [
    0.01112791,
    0.0105907
  ],
  "EPT": [
    0.00071413,
    0.00071569
  ],
  "PTB": [
    0.00077729,
    0.00077543
  ],
  "FLM": [
    0.00272885,
    0.0027273
  ],
  "GORK": [
    0.00148368,
    0.00151198
  ],
  "DATA": [
    0.00072503,
    0.00073127
  ],
  "DUCK": [
    0.00010759,
    0.0001014
  ],
  "INSP": [
    0.00092887,
    0.00092969
  ],
  "ACA": [
    0.0006338,
    0.00062857
  ],
  "A2Z": [
    0.00008617,
    0.00008596
  ],
  "FOXY": [
    0.00011796,
    0.00011882
  ],
  "SWTCH": [
    0.00356883,
    0.0037223
  ],
  "RFC": [
    0.00058388,
    0.00058565
  ],
  "LOOKS": [
    0.00035691,
    0.00035888
  ],
  "MOONPIG": [
    0.00029909,
    0.00030469
  ],
  "BDXN": [
    0.00178432,
    0.00176853
  ],
  "ROOT": [
    0.00005287,
    0.00005248
  ],
  "CHILLGUY": [
    0.00009769,
    0.00009688
  ],
  "APU": [
    0.00004576,
    0.00004599
  ],
  "CHESS": [
    0.00020954,
    0.00020855
  ],
  "HOLO": [
    0.00001232,
    0.00001232
  ],
  "GMMT": [
    0.00336319,
    0.00323854
  ],
  "RATS": [
    0.00003855,
    0.00003866
  ],
  "ADB": [
    null,
    null
  ]
}