{
  "PUMP": [
    0.00175934,
    0.0017944
  ],
  "STABLE": [
    0.02639046,
    0.02650303
  ],
  "SIREN": [
    0.566339,
    0.565614
  ],
  "MON": [
    0.0306264,
    0.03175014
  ],
  "AERO": [
    0.338083,
    0.338554
  ],
  "JASMY": [
    0.00529892,
    0.00531656
  ],
  "LIT": [
    1.03,
    1.026
  ],
  "CVX": [
    1.8,
    1.79
  ],
  "BAT": [
    0.100398,
    0.100644
  ],
  "ATH": [
    0.00650651,
    0.00658566
  ],
  "COW": [
    0.216295,
    0.218211
  ],
  "BANANAS31": [
    0.00939042,
    0.00985702
  ],
  "CHEEMS": [
    4.396e-7,
    4.34684e-7
  ],
  "SKYAI": [
    0.074005,
    0.075033
  ],
  "ONT": [
    0.078811,
    0.078318
  ],
  "CKB": [
    0.00146538,
    0.00147376
  ],
  "SAHARA": [
    0.02261708,
    0.02225719
  ],
  "TAG": [
    0.00057882,
    0.00058517
  ],
  "POLYX": [
    0.04969635,
    0.04972713
  ],
  "ARC": [
    0.060628,
    0.061129
  ],
  "NPC": [
    0.0072981,
    0.00729105
  ],
  "BAN": [
    0.056875,
    0.055899
  ],
  "CSPR": [
    0.00351739,
    0.00300692
  ],
  "BEAT": [
    0.312867,
    0.336586
  ],
  "MYX": [
    0.240117,
    0.23951
  ],
  "IOTX": [
    0.00467209,
    0.00468988
  ],
  "NOT": [
    0.00035716,
    0.00035652
  ],
  "DEP": [
    0.0011493,
    0.00115067
  ],
  "SNEK": [
    0.00042151,
    0.00042277
  ],
  "ISLM": [
    0.0120227,
    0.0121726
  ],
  "REZ": [
    0.00362164,
    0.00359772
  ],
  "GUN": [
    0.01698342,
    0.01696758
  ],
  "NYM": [
    0.03493318,
    0.03493466
  ],
  "MERL": [
    0.02283938,
    0.02311829
  ],
  "SPELL": [
    0.00016157,
    0.00016093
  ],
  "DEGEN": [
    0.00073282,
    0.00073639
  ],
  "MAGMA": [
    0.138241,
    0.139773
  ],
  "ALLO": [
    0.110401,
    0.109971
  ],
  "HUMA": [
    0.014098,
    0.01426677
  ],
  "NEIRO": [
    0.0000581,
    0.0000586
  ],
  "SATS": [
    1.1145e-8,
    1.1169e-8
  ],
  "CPOOL": [
    0.02365884,
    0.02365424
  ],
  "SLP": [
    0.00060994,
    0.00060437
  ],
  "LRC": [
    0.01758011,
    0.01743124
  ],
  "L3": [
    0.01532048,
    0.01527287
  ],
  "BOB": [
    0.00725591,
    0.0072829
  ],
  "AURORA": [
    0.02764908,
    0.02776101
  ],
  "CORN": [
    0.03085061,
    0.03231642
  ],
  "GRIFFAIN": [
    0.01631425,
    0.01663038
  ],
  "RESOLV": [
    0.04188468,
    0.04131237
  ],
  "SWARMS": [
    0.01584253,
    0.01584035
  ],
  "DENT": [
    0.0001652,
    0.00016505
  ],
  "NIL": [
    0.03582716,
    0.03581311
  ],
  "DSYNC": [
    0.01534735,
    0.01538287
  ],
  "INIT": [
    0.082572,
    0.082687
  ],
  "NEWT": [
    0.067064,
    0.067362
  ],
  "BANK": [
    0.03288022,
    0.03294343
  ],
  "SONIC": [
    0.03650406,
    0.03653361
  ],
  "DAO": [
    0.051784,
    0.051477
  ],
  "IKA": [
    0.00424553,
    0.0041775
  ],
  "PAAL": [
    0.01434451,
    0.01396022
  ],
  "MUBARAK": [
    0.01193155,
    0.01186485
  ],
  "TLM": [
    0.00181657,
    0.00169565
  ],
  "HONEY": [
    0.00192741,
    0.00192426
  ],
  "AIN": [
    0.05685,
    0.058735
  ],
  "TAI": [
    0.01716975,
    0.01738779
  ],
  "LAT": [
    0.00137114,
    0.00137832
  ],
  "ROAM": [
    0.02629208,
    0.02680753
  ],
  "HMSTR": [
    0.00014231,
    0.00014299
  ],
  "AVL": [
    0.03030963,
    0.02936184
  ],
  "FUEL": [
    0.00092717,
    0.00093223
  ],
  "NAVX": [
    0.00875692,
    0.0087031
  ],
  "SOLV": [
    0.00465245,
    0.00467278
  ],
  "COQ": [
    9.5878e-8,
    9.598e-8
  ],
  "COS": [
    0.00127416,
    0.00127646
  ],
  "NKN": [
    0.00831814,
    0.00822235
  ],
  "OBT": [
    0.00104068,
    0.0010431
  ],
  "PIXEL": [
    0.00688816,
    0.00699037
  ],
  "RSS3": [
    0.00585405,
    0.00580747
  ],
  "FWOG": [
    0.00496627,
    0.00497031
  ],
  "FHE": [
    0.01892894,
    0.01887519
  ],
  "DMC": [
    0.00071435,
    0.00072273
  ],
  "LYXE": [
    0.241941,
    0.250579
  ],
  "RDNT": [
    0.00239568,
    0.00239175
  ],
  "GEAR": [
    0.00029453,
    0.00029522
  ],
  "FORTH": [
    0.268222,
    0.267286
  ],
  "SAMO": [
    0.00043281,
    0.00043257
  ],
  "HIPPO": [
    0.00022833,
    0.00024561
  ],
  "HOOK": [
    0.00839598,
    0.00843561
  ],
  "OAS": [
    0.00035307,
    0.00035897
  ],
  "PTB": [
    0.0010614,
    0.00106043
  ],
  "PERP": [
    0.02738881,
    0.02771752
  ],
  "CUDIS": [
    0.0079717,
    0.00790995
  ],
  "FIS": [
    0.0126183,
    0.01232516
  ],
  "EPT": [
    0.00076549,
    0.00076051
  ],
  "FLM": [
    0.00288939,
    0.00287733
  ],
  "GORK": [
    0.00154216,
    0.00150806
  ],
  "DUCK": [
    0.0001796,
    0.0001814
  ],
  "DATA": [
    0.0010116,
    0.00101559
  ],
  "SAROS": [
    0.00037528,
    0.00037673
  ],
  "INSP": [
    0.00105915,
    0.00107577
  ],
  "ACA": [
    0.00074856,
    0.00072509
  ],
  "A2Z": [
    0.00009141,
    0.00009136
  ],
  "SWTCH": [
    0.00343998,
    0.00347159
  ],
  "FOXY": [
    0.00009315,
    0.00009315
  ],
  "RFC": [
    0.00056633,
    0.00056458
  ],
  "LOOKS": [
    0.00036438,
    0.00036163
  ],
  "MOONPIG": [
    0.00029897,
    0.00030196
  ],
  "BDXN": [
    0.00180758,
    0.00180962
  ],
  "ROOT": [
    0.00006239,
    0.00006109
  ],
  "CHILLGUY": [
    0.00006822,
    0.00006822
  ],
  "APU": [
    0.00003328,
    0.00003335
  ],
  "CHESS": [
    0.00013971,
    0.00013686
  ],
  "HOLO": [
    0.00001263,
    0.0000127
  ],
  "GMMT": [
    0.00388171,
    0.00389142
  ],
  "RATS": [
    0.00003869,
    0.00003799
  ],
  "ADB": [
    null,
    null
  ]
}