{
  "PUMP": [
    0.00174948,
    0.00174953
  ],
  "STABLE": [
    0.03386423,
    0.03348915
  ],
  "SIREN": [
    0.698185,
    0.695556
  ],
  "AERO": [
    0.424299,
    0.423675
  ],
  "MON": [
    0.03136798,
    0.03123875
  ],
  "JASMY": [
    0.00570625,
    0.00572896
  ],
  "LIT": [
    0.92701,
    0.927052
  ],
  "SKYAI": [
    0.201926,
    0.195252
  ],
  "CVX": [
    1.78,
    1.78
  ],
  "BAT": [
    0.104538,
    0.104841
  ],
  "CHEEMS": [
    5.78048e-7,
    5.83349e-7
  ],
  "ATH": [
    0.00603421,
    0.00603677
  ],
  "COW": [
    0.189154,
    0.189701
  ],
  "BAN": [
    0.094824,
    0.095431
  ],
  "BANANAS31": [
    0.00940798,
    0.00940429
  ],
  "BEAT": [
    0.561432,
    0.560145
  ],
  "ONT": [
    0.074822,
    0.074324
  ],
  "SAHARA": [
    0.02352583,
    0.02358902
  ],
  "CKB": [
    0.00152166,
    0.00152235
  ],
  "TAG": [
    0.00065732,
    0.00065471
  ],
  "ARC": [
    0.066632,
    0.06689
  ],
  "NPC": [
    0.00823618,
    0.00823392
  ],
  "POLYX": [
    0.050364,
    0.050462
  ],
  "MYX": [
    0.259622,
    0.255499
  ],
  "CSPR": [
    0.00289123,
    0.00290138
  ],
  "IOTX": [
    0.00481488,
    0.00480197
  ],
  "HUMA": [
    0.02597957,
    0.02567509
  ],
  "MERL": [
    0.03570739,
    0.0356906
  ],
  "NOT": [
    0.00041325,
    0.00041275
  ],
  "SNEK": [
    0.00049786,
    0.00049814
  ],
  "NEIRO": [
    0.00008805,
    0.00008848
  ],
  "MAGMA": [
    0.196921,
    0.193663
  ],
  "REZ": [
    0.00389029,
    0.00388585
  ],
  "DEP": [
    0.00111365,
    0.00111221
  ],
  "ISLM": [
    0.01176524,
    0.01176573
  ],
  "SATS": [
    1.4451e-8,
    1.4358e-8
  ],
  "SPELL": [
    0.00016441,
    0.00016478
  ],
  "CPOOL": [
    0.02718348,
    0.02674494
  ],
  "GUN": [
    0.01555422,
    0.01547166
  ],
  "SLP": [
    0.00073046,
    0.00072679
  ],
  "ALLO": [
    0.114832,
    0.116943
  ],
  "NYM": [
    0.03035464,
    0.02963132
  ],
  "DEGEN": [
    0.00065613,
    0.00065728
  ],
  "INIT": [
    0.089148,
    0.089164
  ],
  "LRC": [
    0.01692501,
    0.01692853
  ],
  "CORN": [
    0.04007451,
    0.04009983
  ],
  "AURORA": [
    0.02777774,
    0.02778569
  ],
  "NIL": [
    0.04116292,
    0.04153258
  ],
  "SWARMS": [
    0.01804226,
    0.017904
  ],
  "GRIFFAIN": [
    0.01766649,
    0.01761344
  ],
  "NEWT": [
    0.081963,
    0.081254
  ],
  "BOB": [
    0.00594992,
    0.00593987
  ],
  "L3": [
    0.01020987,
    0.01022333
  ],
  "DSYNC": [
    0.01442913,
    0.01442785
  ],
  "BANK": [
    0.03295343,
    0.03297159
  ],
  "MUBARAK": [
    0.01350683,
    0.01363995
  ],
  "SONIC": [
    0.03712637,
    0.03742187
  ],
  "TLM": [
    0.00190184,
    0.00190462
  ],
  "HONEY": [
    0.00210773,
    0.00210716
  ],
  "AIN": [
    0.062634,
    0.063267
  ],
  "IKA": [
    0.00378585,
    0.00378554
  ],
  "PAAL": [
    0.01233078,
    0.01232985
  ],
  "DAO": [
    0.04410181,
    0.04410942
  ],
  "RESOLV": [
    0.02755812,
    0.02775112
  ],
  "HMSTR": [
    0.00015607,
    0.00015612
  ],
  "COQ": [
    1.42489e-7,
    1.42618e-7
  ],
  "TAI": [
    0.01652353,
    0.01651468
  ],
  "LAT": [
    0.00133845,
    0.00133715
  ],
  "AVL": [
    0.02685682,
    0.02684137
  ],
  "FUEL": [
    0.00093627,
    0.00093663
  ],
  "NAVX": [
    0.00872039,
    0.00873017
  ],
  "NKN": [
    0.00836384,
    0.00842046
  ],
  "SOLV": [
    0.00423332,
    0.00427957
  ],
  "PIXEL": [
    0.00827039,
    0.00816789
  ],
  "DENT": [
    0.00006581,
    0.00006571
  ],
  "COS": [
    0.0011664,
    0.00116633
  ],
  "OBT": [
    0.00103485,
    0.00103956
  ],
  "ROAM": [
    0.0160882,
    0.01623016
  ],
  "RSS3": [
    0.00583135,
    0.00589666
  ],
  "DMC": [
    0.00071048,
    0.00071593
  ],
  "FWOG": [
    0.00477581,
    0.00476467
  ],
  "FHE": [
    0.01816091,
    0.01832852
  ],
  "OAS": [
    0.00061105,
    0.00060238
  ],
  "LYXE": [
    0.235508,
    0.235547
  ],
  "FORTH": [
    0.25658,
    0.25645
  ],
  "RDNT": [
    0.00188036,
    0.00188964
  ],
  "HOOK": [
    0.00846854,
    0.00840648
  ],
  "GEAR": [
    0.00022542,
    0.00022544
  ],
  "SAMO": [
    0.00038375,
    0.00038405
  ],
  "CUDIS": [
    0.00798005,
    0.0079803
  ],
  "PERP": [
    0.02621585,
    0.02628756
  ],
  "PTB": [
    0.0008247,
    0.00082976
  ],
  "EPT": [
    0.0007348,
    0.00073347
  ],
  "FIS": [
    0.01062031,
    0.01060502
  ],
  "HIPPO": [
    0.000159,
    0.0001598
  ],
  "GORK": [
    0.00155524,
    0.00155426
  ],
  "FLM": [
    0.0025925,
    0.00259071
  ],
  "SAROS": [
    0.00050565,
    0.00051012
  ],
  "DATA": [
    0.00075511,
    0.00074532
  ],
  "INSP": [
    0.00111647,
    0.00111679
  ],
  "ACA": [
    0.00066724,
    0.00066718
  ],
  "FOXY": [
    0.00011991,
    0.00011994
  ],
  "RFC": [
    0.00060789,
    0.00060097
  ],
  "A2Z": [
    0.00007013,
    0.00006813
  ],
  "SWTCH": [
    0.00341921,
    0.00344556
  ],
  "DUCK": [
    0.0000705,
    0.00007002
  ],
  "LOOKS": [
    0.00036207,
    0.00036209
  ],
  "MOONPIG": [
    0.00029598,
    0.00029602
  ],
  "BDXN": [
    0.00153354,
    0.00153156
  ],
  "ROOT": [
    0.00006061,
    0.00006061
  ],
  "CHILLGUY": [
    0.00013336,
    0.00013347
  ],
  "APU": [
    0.00004934,
    0.00004652
  ],
  "CHESS": [
    0.00015256,
    0.00015258
  ],
  "HOLO": [
    0.00001219,
    0.00001219
  ],
  "GMMT": [
    0.00261637,
    0.00262278
  ],
  "RATS": [
    0.00003722,
    0.00003724
  ],
  "ADB": [
    null,
    null
  ]
}