{
  "PUMP": [
    0.00175906,
    0.00176253
  ],
  "STABLE": [
    0.02546207,
    0.025128
  ],
  "SIREN": [
    0.568652,
    0.609524
  ],
  "MON": [
    0.03059465,
    0.03052612
  ],
  "AERO": [
    0.339984,
    0.350011
  ],
  "JASMY": [
    0.00522268,
    0.00521847
  ],
  "LIT": [
    0.981512,
    1.006
  ],
  "CVX": [
    1.76,
    1.76
  ],
  "BAT": [
    0.098369,
    0.099494
  ],
  "COW": [
    0.21257,
    0.214466
  ],
  "ATH": [
    0.00632589,
    0.00606163
  ],
  "BANANAS31": [
    0.00959947,
    0.00963893
  ],
  "CHEEMS": [
    4.17198e-7,
    4.34903e-7
  ],
  "ONT": [
    0.074597,
    0.080026
  ],
  "SKYAI": [
    0.072773,
    0.074062
  ],
  "CKB": [
    0.00144318,
    0.00145447
  ],
  "SAHARA": [
    0.02234177,
    0.02246091
  ],
  "TAG": [
    0.00057671,
    0.00059705
  ],
  "ARC": [
    0.061095,
    0.063567
  ],
  "POLYX": [
    0.04949877,
    0.0491655
  ],
  "NPC": [
    0.0072011,
    0.00706971
  ],
  "BAN": [
    0.055488,
    0.055891
  ],
  "CSPR": [
    0.0030854,
    0.00307151
  ],
  "MYX": [
    0.231418,
    0.235612
  ],
  "IOTX": [
    0.00458558,
    0.00467206
  ],
  "BEAT": [
    0.297327,
    0.286106
  ],
  "NOT": [
    0.00034841,
    0.00034962
  ],
  "SNEK": [
    0.00041718,
    0.00041857
  ],
  "DEP": [
    0.0011268,
    0.00112836
  ],
  "REZ": [
    0.00366925,
    0.00372008
  ],
  "ISLM": [
    0.0119193,
    0.01159851
  ],
  "GUN": [
    0.01724981,
    0.01686751
  ],
  "NYM": [
    0.03494393,
    0.035053
  ],
  "MAGMA": [
    0.146939,
    0.151152
  ],
  "DEGEN": [
    0.00073125,
    0.00075167
  ],
  "SPELL": [
    0.00015909,
    0.00016119
  ],
  "MERL": [
    0.02246131,
    0.02228445
  ],
  "HUMA": [
    0.01423824,
    0.01435161
  ],
  "ALLO": [
    0.110283,
    0.108749
  ],
  "NEIRO": [
    0.00005684,
    0.00005767
  ],
  "CPOOL": [
    0.02449795,
    0.0237565
  ],
  "SATS": [
    1.0915e-8,
    1.0929e-8
  ],
  "SLP": [
    0.00059144,
    0.00058641
  ],
  "LRC": [
    0.01750655,
    0.01700641
  ],
  "L3": [
    0.01497613,
    0.01400543
  ],
  "CORN": [
    0.03634757,
    0.03751698
  ],
  "BOB": [
    0.00689091,
    0.00688388
  ],
  "AURORA": [
    0.0277125,
    0.02756351
  ],
  "GRIFFAIN": [
    0.01567017,
    0.01822148
  ],
  "SWARMS": [
    0.01538431,
    0.01612564
  ],
  "RESOLV": [
    0.04057273,
    0.04081842
  ],
  "DENT": [
    0.0001625,
    0.00016383
  ],
  "DSYNC": [
    0.01501565,
    0.01518418
  ],
  "INIT": [
    0.07986,
    0.081259
  ],
  "NIL": [
    0.03388522,
    0.03464179
  ],
  "NEWT": [
    0.067131,
    0.067836
  ],
  "BANK": [
    0.03263134,
    0.03331233
  ],
  "SONIC": [
    0.0361917,
    0.03554616
  ],
  "DAO": [
    0.050507,
    0.050684
  ],
  "PAAL": [
    0.01387097,
    0.01390779
  ],
  "IKA": [
    0.00407189,
    0.00406044
  ],
  "MUBARAK": [
    0.01150131,
    0.01171824
  ],
  "HONEY": [
    0.00190442,
    0.00189741
  ],
  "TLM": [
    0.00164478,
    0.00163379
  ],
  "AIN": [
    0.057652,
    0.056655
  ],
  "TAI": [
    0.01793044,
    0.01744442
  ],
  "LAT": [
    0.00136519,
    0.00136866
  ],
  "HMSTR": [
    0.00014091,
    0.00014315
  ],
  "ROAM": [
    0.02619651,
    0.02621922
  ],
  "AVL": [
    0.02920054,
    0.0297734
  ],
  "FUEL": [
    0.00095197,
    0.00093937
  ],
  "NAVX": [
    0.0087171,
    0.00882262
  ],
  "COQ": [
    9.9301e-8,
    1.01295e-7
  ],
  "SOLV": [
    0.00469975,
    0.0047163
  ],
  "COS": [
    0.00126262,
    0.00126693
  ],
  "NKN": [
    0.00814435,
    0.00804839
  ],
  "PIXEL": [
    0.00705567,
    0.00741216
  ],
  "OBT": [
    0.00104463,
    0.00103792
  ],
  "RSS3": [
    0.00572638,
    0.00566567
  ],
  "FHE": [
    0.01868956,
    0.01944814
  ],
  "FWOG": [
    0.00492338,
    0.00489803
  ],
  "DMC": [
    0.00072054,
    0.00072076
  ],
  "LYXE": [
    0.249795,
    0.250814
  ],
  "FORTH": [
    0.266998,
    0.292829
  ],
  "RDNT": [
    0.00234831,
    0.0023691
  ],
  "GEAR": [
    0.00030997,
    0.00029187
  ],
  "SAMO": [
    0.00043031,
    0.00042397
  ],
  "HOOK": [
    0.00841278,
    0.00834939
  ],
  "OAS": [
    0.00035553,
    0.00035994
  ],
  "PTB": [
    0.00111853,
    0.00109807
  ],
  "PERP": [
    0.02959529,
    0.02906871
  ],
  "HIPPO": [
    0.00021212,
    0.00020468
  ],
  "CUDIS": [
    0.00779685,
    0.0078734
  ],
  "FIS": [
    0.01253911,
    0.01205664
  ],
  "EPT": [
    0.00074588,
    0.0007514
  ],
  "GORK": [
    0.00159299,
    0.00169527
  ],
  "FLM": [
    0.0028912,
    0.00290619
  ],
  "DATA": [
    0.00100299,
    0.00097898
  ],
  "DUCK": [
    0.00015123,
    0.00014168
  ],
  "SAROS": [
    0.00037745,
    0.00037568
  ],
  "ACA": [
    0.00073485,
    0.00073007
  ],
  "INSP": [
    0.00107363,
    0.00106783
  ],
  "A2Z": [
    0.00009229,
    0.00009502
  ],
  "FOXY": [
    0.00009313,
    0.00009508
  ],
  "SWTCH": [
    0.00338575,
    0.00342904
  ],
  "RFC": [
    0.00056068,
    0.00055816
  ],
  "LOOKS": [
    0.00036009,
    0.00034431
  ],
  "BDXN": [
    0.00180907,
    0.00183577
  ],
  "MOONPIG": [
    0.00029598,
    0.00029595
  ],
  "ROOT": [
    0.00006349,
    0.00006319
  ],
  "CHILLGUY": [
    0.00006822,
    0.00006822
  ],
  "APU": [
    0.00003393,
    0.00003411
  ],
  "CHESS": [
    0.00013284,
    0.00012214
  ],
  "HOLO": [
    0.00001244,
    0.0000125
  ],
  "GMMT": [
    0.00387545,
    0.00378773
  ],
  "RATS": [
    0.00003575,
    0.00003629
  ],
  "ADB": [
    null,
    null
  ]
}