{
  "PC0000085": [
    1,
    1
  ],
  "HYGT": [
    0.00022496,
    0.00022496
  ],
  "STLS": [
    0.00261996,
    0.00261996
  ],
  "HODL": [
    0.00047145,
    0.00047088
  ],
  "SPADE": [
    0.0052997,
    0.00529778
  ],
  "WORK": [
    0.00008139,
    0.00008139
  ],
  "THE": [
    0.00008631,
    0.00008631
  ],
  "BLUE": [
    0.00002687,
    0.00003671
  ],
  "NMC": [
    0.90799,
    0.909165
  ],
  "A1X": [
    0.00032826,
    0.00032942
  ],
  "TIMMI": [
    0.00001159,
    0.00001159
  ],
  "PC0000015": [
    1,
    1
  ],
  "CBTM": [
    0.00000345,
    0.00000346
  ],
  "LLAMA": [
    0.00681711,
    0.00681711
  ],
  "ARTL": [
    0.00850008,
    0.00850008
  ],
  "YVUSDC": [
    1.17,
    1.17
  ],
  "KINGY": [
    0.02430095,
    0.02421157
  ],
  "PENGU": [
    0.00006889,
    0.00006889
  ],
  "LICK": [
    0.00000402,
    0.00000402
  ],
  "BTCPAY": [
    0.00331574,
    0.00331574
  ],
  "BLERF": [
    0.00000146,
    0.00000146
  ],
  "MAAL": [
    0.161908,
    0.161749
  ],
  "BAC": [
    0.00262062,
    0.00226643
  ],
  "ABBC": [
    0.00525523,
    0.00538271
  ],
  "DEFAI": [
    0.00001393,
    0.00001393
  ],
  "$SWING": [
    0.00010075,
    0.00010071
  ],
  "CKC": [
    0.0001178,
    0.00011803
  ],
  "TXT": [
    0.00049598,
    0.00049598
  ],
  "CSTAR": [
    0.00000305,
    0.00000305
  ],
  "YVHEGIC": [
    0.01461422,
    0.01460556
  ],
  "COLS": [
    0.01390923,
    0.01396299
  ],
  "CAT": [
    8.5838e-11,
    8.5838e-11
  ],
  "SGT": [
    0.096562,
    0.095761
  ],
  "LRST": [
    0.00006652,
    0.0000664
  ],
  "FLEX": [
    0.00101732,
    0.00101623
  ],
  "TROY": [
    0.00000112,
    0.00000112
  ],
  "LOBO": [
    0.00001813,
    0.00001813
  ],
  "DRGX": [
    0.01479908,
    0.01479898
  ],
  "CRAB": [
    0.00108544,
    0.00108544
  ],
  "YND": [
    0.00072886,
    0.00072561
  ],
  "BURGER": [
    0.00070665,
    0.00070475
  ],
  "LIGO": [
    2.19608e-7,
    2.19315e-7
  ],
  "GARY": [
    0.02000909,
    0.01985839
  ],
  "PIG": [
    1.4058e-8,
    1.4037e-8
  ],
  "PC0000081": [
    1,
    1
  ],
  "CRM": [
    1.1,
    1.1
  ],
  "GBTC": [
    0.0243573,
    0.02424778
  ],
  "GRAPE": [
    0.00006199,
    0.00006199
  ],
  "PC0000033": [
    1,
    1
  ],
  "SDG": [
    0.00072993,
    0.00072987
  ],
  "ZET": [
    0.00136346,
    0.00136346
  ],
  "ORT": [
    0.00031895,
    0.00031932
  ],
  "TOWELI": [
    0.0000441,
    0.0000441
  ],
  "FERRET": [
    0.00001837,
    0.00001837
  ],
  "STORY": [
    0.00000872,
    0.00000872
  ],
  "MILK": [
    0.04750069,
    0.04750069
  ],
  "GEM": [
    0.00059936,
    0.00059936
  ],
  "SOLC": [
    0.01587142,
    0.01595647
  ],
  "KNET": [
    0.0002453,
    0.00024464
  ],
  "HBT": [
    9.881e-8,
    9.9412e-8
  ],
  "USEU": [
    0.926551,
    0.926551
  ],
  "BEANS": [
    0.00289339,
    0.00289339
  ],
  "YFX": [
    0.00432117,
    0.00432117
  ],
  "CARAT": [
    0.237831,
    0.237831
  ],
  "NUTS": [
    0.00352952,
    0.00352952
  ],
  "XRPAYNET": [
    0.00000457,
    0.00000457
  ],
  "KRRX": [
    0.055292,
    0.054586
  ],
  "$MEMEME": [
    0.00000106,
    0.00000106
  ],
  "SPY.D": [
    6.7882e-10,
    6.7882e-10
  ],
  "AGUSTO": [
    0.00000417,
    0.00000417
  ],
  "NXL": [
    0.00001975,
    0.00001975
  ],
  "KPK": [
    1.07,
    1.07
  ],
  "IDLEDAISAFE": [
    1.23,
    1.23
  ],
  "RIZZ": [
    2.6175e-11,
    2.6175e-11
  ],
  "$BILLY": [
    0.00011612,
    0.0001156
  ],
  "REWARD": [
    0.00018752,
    0.00018752
  ],
  "ACP": [
    0.00027216,
    0.00027503
  ],
  "BTC20": [
    0.00725768,
    0.00724491
  ],
  "FAH": [
    1.35,
    1.36
  ],
  "HPL": [
    0.0152138,
    0.01539231
  ],
  "KLTR": [
    0.01397439,
    0.01392207
  ],
  "EMRLD": [
    0.00010399,
    0.00010399
  ],
  "FNZ": [
    0.0000194,
    0.0000194
  ],
  "BTAF": [
    0.02865288,
    0.02874763
  ],
  "ZIOW": [
    0.599813,
    0.598907
  ],
  "ROLL": [
    0.00004517,
    0.00004517
  ],
  "AI": [
    0.00000814,
    0.00000814
  ],
  "THICC": [
    0.0000102
  ],
  "LEE": [
    0.984894,
    0.984802
  ],
  "CRAZYTIGER": [
    0,
    0
  ],
  "BANANA": [
    3.0003e-8,
    3.0003e-8
  ],
  "SHAN": [
    0.0001179,
    0.00011789
  ],
  "DUCKER": [
    2.8826e-7
  ],
  "SP": [
    0.00013568,
    0.0001354
  ],
  "UCIT": [
    1.0886e-8,
    1.0886e-8
  ],
  "LYK": [
    0.128067
  ],
  "RIB": [
    0.00441046,
    0.00441044
  ],
  "SHREDN": [
    0.00000549
  ],
  "BOW": [
    0.00256705
  ],
  "PINGU": [
    2.1443e-11
  ],
  "ELIX": [
    0.00029299
  ],
  "$FORGE": [
    0.01606129
  ],
  "RFRM": [
    0.00242015,
    0.00239867
  ],
  "BRISH": [
    0.00001094
  ],
  "DX": [
    0.0000057
  ],
  "YES": [
    0.856087
  ],
  "COCO": [
    0.201001,
    0.200852
  ],
  "CROWN": [
    0.810941,
    0.810866
  ],
  "RGAME": [
    0.00001791,
    0.00001791
  ],
  "JCO": [
    0.001605,
    0.00159636
  ],
  "ASO": [
    0.00005044
  ],
  "CNS": [
    0.00724579
  ],
  "XMT": [
    0.01014874
  ],
  "GMMT": [
    0.00419238
  ],
  "USD1": [
    1.02,
    1.02
  ],
  "SSE": [
    0.00020595
  ],
  "ICE": [
    0.00000251
  ],
  "GECKO": [
    0.00530266
  ],
  "HADES": [
    0.00326571,
    0.00326571
  ],
  "CBT": [
    4.49964e-7
  ],
  "MIMATIC": [
    0.01256471
  ],
  "QWLA": [
    0.081297
  ],
  "ACM": [
    0.01290972
  ],
  "CST": [
    0.14217
  ],
  "VIKTO": [
    0.00015858
  ],
  "TIP": [
    0.00000392
  ],
  "BLUNNY": [
    0.00000748
  ],
  "DRC": [
    0.289461,
    0.289426
  ],
  "AXN": [
    8.39273e-7
  ],
  "EV": [
    0.00175325
  ],
  "TAPS": [
    0.00034963
  ],
  "PUNK": [
    0.00013676,
    0.00013631
  ],
  "ICS": [
    0.00311825
  ],
  "FTON": [
    0.00003187,
    0.00003187
  ],
  "BITCOIN": [
    4.96131e-7
  ],
  "MECO": [
    0.00001889,
    0.00001889
  ],
  "HABIBI": [
    7.482e-9
  ],
  "WE": [
    0.01834813
  ],
  "GURS": [
    2.22817e-7
  ]
}