{
  "PUMP": [
    0.00176534,
    0.00176711
  ],
  "STABLE": [
    0.03164671,
    0.03214438
  ],
  "SIREN": [
    0.660305,
    0.665826
  ],
  "AERO": [
    0.426264,
    0.426307
  ],
  "MON": [
    0.03101798,
    0.03107557
  ],
  "JASMY": [
    0.00580439,
    0.00582361
  ],
  "LIT": [
    0.928265,
    0.931201
  ],
  "SKYAI": [
    0.196884,
    0.19691
  ],
  "CVX": [
    1.78,
    1.79
  ],
  "BAT": [
    0.106264,
    0.106592
  ],
  "CHEEMS": [
    6.0513e-7,
    6.10451e-7
  ],
  "ATH": [
    0.00608445,
    0.00609829
  ],
  "COW": [
    0.188502,
    0.189844
  ],
  "BANANAS31": [
    0.00910425,
    0.00914323
  ],
  "BAN": [
    0.089059,
    0.089234
  ],
  "BEAT": [
    0.576542,
    0.569306
  ],
  "ONT": [
    0.078495,
    0.07827
  ],
  "CKB": [
    0.00152803,
    0.00152888
  ],
  "SAHARA": [
    0.02284614,
    0.02296632
  ],
  "TAG": [
    0.00065895,
    0.00064743
  ],
  "NPC": [
    0.00835989,
    0.00837168
  ],
  "ARC": [
    0.065688,
    0.067217
  ],
  "POLYX": [
    0.050593,
    0.050805
  ],
  "MERL": [
    0.03989397,
    0.03941264
  ],
  "MYX": [
    0.246205,
    0.244594
  ],
  "CSPR": [
    0.00293669,
    0.00293275
  ],
  "IOTX": [
    0.00489381,
    0.00489804
  ],
  "HUMA": [
    0.02730883,
    0.0263815
  ],
  "NOT": [
    0.00042027,
    0.00042162
  ],
  "MAGMA": [
    0.211203,
    0.211579
  ],
  "SNEK": [
    0.00050473,
    0.00050879
  ],
  "NEIRO": [
    0.00008875,
    0.00008884
  ],
  "SLP": [
    0.0007441,
    0.0009079
  ],
  "REZ": [
    0.00388716,
    0.00389612
  ],
  "SATS": [
    1.475e-8,
    1.4806e-8
  ],
  "DEP": [
    0.00111755,
    0.00111756
  ],
  "ISLM": [
    0.01176209,
    0.01175298
  ],
  "SPELL": [
    0.00016607,
    0.00016572
  ],
  "CPOOL": [
    0.02777011,
    0.02777146
  ],
  "GUN": [
    0.01571833,
    0.01556181
  ],
  "ALLO": [
    0.11905,
    0.118776
  ],
  "NYM": [
    0.0309175,
    0.03089459
  ],
  "INIT": [
    0.094047,
    0.092294
  ],
  "DEGEN": [
    0.00066422,
    0.00066181
  ],
  "LRC": [
    0.01728241,
    0.01722804
  ],
  "CORN": [
    0.04033709,
    0.04034859
  ],
  "AURORA": [
    0.02795857,
    0.02795819
  ],
  "NIL": [
    0.04260981,
    0.04282071
  ],
  "SWARMS": [
    0.01809795,
    0.01815022
  ],
  "GRIFFAIN": [
    0.01836578,
    0.01793526
  ],
  "NEWT": [
    0.078379,
    0.078827
  ],
  "BOB": [
    0.00586526,
    0.00587397
  ],
  "L3": [
    0.01034093,
    0.0103317
  ],
  "BANK": [
    0.03687183,
    0.0347787
  ],
  "DSYNC": [
    0.01439047,
    0.01441602
  ],
  "MUBARAK": [
    0.01410613,
    0.01400283
  ],
  "SONIC": [
    0.03691291,
    0.03731776
  ],
  "TLM": [
    0.00197632,
    0.00200152
  ],
  "HONEY": [
    0.0021212,
    0.00211975
  ],
  "IKA": [
    0.0039064,
    0.00396487
  ],
  "AIN": [
    0.061805,
    0.062826
  ],
  "DAO": [
    0.04530312,
    0.04500151
  ],
  "PAAL": [
    0.01241047,
    0.01240505
  ],
  "RESOLV": [
    0.02865926,
    0.02862796
  ],
  "HMSTR": [
    0.00015987,
    0.00016206
  ],
  "COQ": [
    1.46817e-7,
    1.47644e-7
  ],
  "TAI": [
    0.01642487,
    0.01643909
  ],
  "LAT": [
    0.00133996,
    0.00133866
  ],
  "AVL": [
    0.02748804,
    0.02766719
  ],
  "FUEL": [
    0.00093924,
    0.00093933
  ],
  "NAVX": [
    0.00869796,
    0.00873226
  ],
  "NKN": [
    0.00867552,
    0.00854134
  ],
  "PIXEL": [
    0.00823727,
    0.00850649
  ],
  "COS": [
    0.00118989,
    0.00119155
  ],
  "DENT": [
    0.00006347,
    0.00006362
  ],
  "SOLV": [
    0.0040004,
    0.00400896
  ],
  "OBT": [
    0.00102925,
    0.00103206
  ],
  "ROAM": [
    0.01656536,
    0.01657841
  ],
  "RSS3": [
    0.00586971,
    0.00588984
  ],
  "DMC": [
    0.00070916,
    0.00070921
  ],
  "FHE": [
    0.01839653,
    0.01836962
  ],
  "FWOG": [
    0.00454921,
    0.00456631
  ],
  "OAS": [
    0.0006179,
    0.00061927
  ],
  "LYXE": [
    0.234516,
    0.234516
  ],
  "FORTH": [
    0.255211,
    0.256845
  ],
  "RDNT": [
    0.0019375,
    0.00193955
  ],
  "HOOK": [
    0.00857513,
    0.00844141
  ],
  "GEAR": [
    0.00022319,
    0.00022364
  ],
  "SAMO": [
    0.00036398,
    0.00035937
  ],
  "CUDIS": [
    0.0079744,
    0.00798703
  ],
  "PERP": [
    0.02673653,
    0.02635908
  ],
  "PTB": [
    0.00083048,
    0.0008288
  ],
  "EPT": [
    0.00074012,
    0.00074006
  ],
  "FIS": [
    0.01080859,
    0.01081478
  ],
  "HIPPO": [
    0.00016007,
    0.00016091
  ],
  "GORK": [
    0.00158441,
    0.00157987
  ],
  "FLM": [
    0.00263426,
    0.00266033
  ],
  "SAROS": [
    0.0005202,
    0.00051653
  ],
  "DATA": [
    0.00076118,
    0.00075474
  ],
  "INSP": [
    0.00114399,
    0.00116408
  ],
  "ACA": [
    0.00067657,
    0.00067399
  ],
  "FOXY": [
    0.00012091,
    0.0001209
  ],
  "A2Z": [
    0.00007218,
    0.00007135
  ],
  "RFC": [
    0.00059508,
    0.00059565
  ],
  "SWTCH": [
    0.00351542,
    0.00347674
  ],
  "DUCK": [
    0.00006981,
    0.00006988
  ],
  "LOOKS": [
    0.00037806,
    0.00037705
  ],
  "MOONPIG": [
    0.00030303,
    0.000299
  ],
  "BDXN": [
    0.00150862,
    0.00147995
  ],
  "ROOT": [
    0.00006001,
    0.00006001
  ],
  "CHILLGUY": [
    0.00013407,
    0.00013412
  ],
  "APU": [
    0.00006314,
    0.00006324
  ],
  "CHESS": [
    0.00015263,
    0.00015275
  ],
  "HOLO": [
    0.00001224,
    0.00001231
  ],
  "GMMT": [
    0.00261823,
    0.00262317
  ],
  "RATS": [
    0.00003746,
    0.00003775
  ],
  "ADB": [
    null,
    null
  ]
}