{
  "STABLE": [
    0.03222043,
    0.0322111
  ],
  "PUMP": [
    0.0017502,
    0.00176348
  ],
  "SIREN": [
    0.666238,
    0.668126
  ],
  "AERO": [
    0.4448,
    0.441373
  ],
  "SKYAI": [
    0.336536,
    0.335362
  ],
  "MON": [
    0.0274837,
    0.02755113
  ],
  "JASMY": [
    0.00568301,
    0.00567413
  ],
  "LIT": [
    0.895269,
    0.894632
  ],
  "CVX": [
    1.68,
    1.69
  ],
  "BAT": [
    0.096979,
    0.096719
  ],
  "CHEEMS": [
    6.11123e-7,
    6.20608e-7
  ],
  "ATH": [
    0.00589552,
    0.00588496
  ],
  "COW": [
    0.184513,
    0.183638
  ],
  "BANANAS31": [
    0.00958989,
    0.00967466
  ],
  "BEAT": [
    0.567013,
    0.564381
  ],
  "ARC": [
    0.073953,
    0.073023
  ],
  "SAHARA": [
    0.02213486,
    0.02207818
  ],
  "TAG": [
    0.00067441,
    0.00066518
  ],
  "CKB": [
    0.00146871,
    0.0014746
  ],
  "BAN": [
    0.071313,
    0.070593
  ],
  "ONT": [
    0.070134,
    0.070276
  ],
  "NPC": [
    0.00779184,
    0.00777068
  ],
  "POLYX": [
    0.04717028,
    0.0471534
  ],
  "MYX": [
    0.255489,
    0.257842
  ],
  "CSPR": [
    0.00284205,
    0.0028584
  ],
  "MAGMA": [
    0.225771,
    0.230707
  ],
  "IOTX": [
    0.00451226,
    0.00452234
  ],
  "ISLM": [
    0.01178634,
    0.01163809
  ],
  "MERL": [
    0.03277167,
    0.03342725
  ],
  "NOT": [
    0.00039184,
    0.00038923
  ],
  "REZ": [
    0.00443695,
    0.00450605
  ],
  "HUMA": [
    0.02136234,
    0.02148496
  ],
  "NEIRO": [
    0.00008898,
    0.0000884
  ],
  "SNEK": [
    0.0004681,
    0.00046804
  ],
  "DEP": [
    0.0011122,
    0.00111051
  ],
  "SATS": [
    1.3855e-8,
    1.3782e-8
  ],
  "SPELL": [
    0.00016626,
    0.00016586
  ],
  "ALLO": [
    0.115256,
    0.118756
  ],
  "GUN": [
    0.01471688,
    0.01487009
  ],
  "SWARMS": [
    0.02657297,
    0.02609596
  ],
  "CPOOL": [
    0.02582533,
    0.02589036
  ],
  "SLP": [
    0.00069386,
    0.00069273
  ],
  "DEGEN": [
    0.00066738,
    0.00066728
  ],
  "CORN": [
    0.04018992,
    0.04018258
  ],
  "LRC": [
    0.01670817,
    0.01663695
  ],
  "L3": [
    0.01352217,
    0.01336435
  ],
  "NYM": [
    0.02377843,
    0.02351351
  ],
  "AURORA": [
    0.02656389,
    0.02657899
  ],
  "GRIFFAIN": [
    0.01855616,
    0.01816854
  ],
  "AIN": [
    0.099417,
    0.097389
  ],
  "NIL": [
    0.03912182,
    0.03973551
  ],
  "INIT": [
    0.090995,
    0.090858
  ],
  "NEWT": [
    0.074055,
    0.074154
  ],
  "BOB": [
    0.00553754,
    0.00547169
  ],
  "BANK": [
    0.034008,
    0.03414517
  ],
  "SONIC": [
    0.0379907,
    0.0381008
  ],
  "MUBARAK": [
    0.01350475,
    0.01348255
  ],
  "DSYNC": [
    0.01301853,
    0.01286691
  ],
  "TLM": [
    0.00183623,
    0.00182758
  ],
  "RESOLV": [
    0.02952703,
    0.02944921
  ],
  "PAAL": [
    0.01289177,
    0.01279156
  ],
  "HONEY": [
    0.00197651,
    0.0019453
  ],
  "IKA": [
    0.00341931,
    0.00341523
  ],
  "DAO": [
    0.04098333,
    0.04069821
  ],
  "HMSTR": [
    0.00015506,
    0.00015464
  ],
  "COQ": [
    1.34591e-7,
    1.35575e-7
  ],
  "LAT": [
    0.00131732,
    0.00131856
  ],
  "TAI": [
    0.01464617,
    0.01467362
  ],
  "RSS3": [
    0.00555871,
    0.00554187
  ],
  "AVL": [
    0.02567837,
    0.02585896
  ],
  "FUEL": [
    0.00091414,
    0.0009149
  ],
  "NAVX": [
    0.00871876,
    0.00873743
  ],
  "SOLV": [
    0.00470559,
    0.00459915
  ],
  "NKN": [
    0.00792841,
    0.00792595
  ],
  "PIXEL": [
    0.00811707,
    0.00814049
  ],
  "COS": [
    0.00113014,
    0.00112664
  ],
  "OBT": [
    0.00098382,
    0.00098841
  ],
  "FHE": [
    0.01828916,
    0.01807551
  ],
  "DMC": [
    0.00069103,
    0.00068948
  ],
  "FWOG": [
    0.00451955,
    0.00452244
  ],
  "ROAM": [
    0.01208105,
    0.01196631
  ],
  "LYXE": [
    0.249772,
    0.249772
  ],
  "DENT": [
    0.00003956,
    0.00003922
  ],
  "GEAR": [
    0.00033241,
    0.00033164
  ],
  "OAS": [
    0.0004852,
    0.0004825
  ],
  "FORTH": [
    0.239239,
    0.23934
  ],
  "HOOK": [
    0.0080517,
    0.00820382
  ],
  "RDNT": [
    0.00185131,
    0.00181036
  ],
  "SAMO": [
    0.00035901,
    0.00035892
  ],
  "CUDIS": [
    0.00785489,
    0.00783618
  ],
  "PERP": [
    0.02550627,
    0.02551883
  ],
  "FIS": [
    0.01037453,
    0.01078862
  ],
  "EPT": [
    0.00071348,
    0.00070613
  ],
  "PTB": [
    0.00075956,
    0.00076065
  ],
  "HIPPO": [
    0.00015936,
    0.00015784
  ],
  "FLM": [
    0.00261049,
    0.0026089
  ],
  "GORK": [
    0.00135273,
    0.0013525
  ],
  "SAROS": [
    0.00045911,
    0.00046018
  ],
  "DATA": [
    0.00070769,
    0.00070618
  ],
  "INSP": [
    0.00097428,
    0.00097202
  ],
  "ACA": [
    0.00061502,
    0.00062765
  ],
  "A2Z": [
    0.00008474,
    0.00008665
  ],
  "FOXY": [
    0.00011593,
    0.00011418
  ],
  "RFC": [
    0.00060751,
    0.00062249
  ],
  "DUCK": [
    0.00007178,
    0.00007183
  ],
  "SWTCH": [
    0.00336519,
    0.00322468
  ],
  "LOOKS": [
    0.00034846,
    0.00034641
  ],
  "BDXN": [
    0.00165207,
    0.00164682
  ],
  "MOONPIG": [
    0.00026377,
    0.00026382
  ],
  "ROOT": [
    0.00005896,
    0.00005816
  ],
  "CHILLGUY": [
    0.00010098,
    0.00010094
  ],
  "CHESS": [
    0.00020678,
    0.00020538
  ],
  "APU": [
    0.00003937,
    0.00003816
  ],
  "HOLO": [
    0.00001191,
    0.00001191
  ],
  "GMMT": [
    0.00244997,
    0.00244565
  ],
  "RATS": [
    0.00003779,
    0.00003903
  ],
  "ADB": [
    null,
    null
  ]
}