{
  "AERO": [
    0.34626,
    0.337751
  ],
  "JASMY": [
    0.00561059,
    0.00559847
  ],
  "MON": [
    0.02509529,
    0.0246179
  ],
  "LIT": [
    1,
    0.989156
  ],
  "BAT": [
    0.107879,
    0.110045
  ],
  "CVX": [
    1.81,
    1.77
  ],
  "ATH": [
    0.00769412,
    0.00782954
  ],
  "BANANAS31": [
    0.0138696,
    0.0141514
  ],
  "COW": [
    0.209582,
    0.209478
  ],
  "CHEEMS": [
    4.98189e-7,
    4.88838e-7
  ],
  "BEAT": [
    0.624544,
    0.611779
  ],
  "CKB": [
    0.00144986,
    0.00145718
  ],
  "MYX": [
    0.327022,
    0.316787
  ],
  "BAN": [
    0.059073,
    0.05815
  ],
  "CSPR": [
    0.00358515,
    0.00364048
  ],
  "IOTX": [
    0.00529218,
    0.00526716
  ],
  "ARC": [
    0.04347314,
    0.04387207
  ],
  "GUN": [
    0.02274037,
    0.02210023
  ],
  "MERL": [
    0.02844435,
    0.02806031
  ],
  "ISLM": [
    0.01341732,
    0.01319538
  ],
  "HUMA": [
    0.02010417,
    0.01897313
  ],
  "DEP": [
    0.00116274,
    0.00116349
  ],
  "LRC": [
    0.02469289,
    0.02447866
  ],
  "DEGEN": [
    0.00075039,
    0.00074629
  ],
  "ALLO": [
    0.121793,
    0.122308
  ],
  "MAGMA": [
    0.133034,
    0.134702
  ],
  "CORN": [
    0.0459258,
    0.04575477
  ],
  "CPOOL": [
    0.02332716,
    0.02346351
  ],
  "AURORA": [
    0.02884704,
    0.02886937
  ],
  "DENT": [
    0.00021039,
    0.00020388
  ],
  "DAO": [
    0.073497,
    0.076439
  ],
  "DSYNC": [
    0.01909882,
    0.01884509
  ],
  "BANK": [
    0.0390491,
    0.03873313
  ],
  "L3": [
    0.01213474,
    0.0119686
  ],
  "HONEY": [
    0.00254564,
    0.00271951
  ],
  "INIT": [
    0.083598,
    0.081596
  ],
  "MUBARAK": [
    0.0126992,
    0.01250095
  ],
  "BOB": [
    0.00548206,
    0.00543078
  ],
  "AIN": [
    0.06232,
    0.062269
  ],
  "GRIFFAIN": [
    0.010726,
    0.01096597
  ],
  "IKA": [
    0.00332099,
    0.00331447
  ],
  "HMSTR": [
    0.00014523,
    0.00014485
  ],
  "LAT": [
    0.00132618,
    0.00132581
  ],
  "FUEL": [
    0.00110526,
    0.00110489
  ],
  "COS": [
    0.00168007,
    0.0015553
  ],
  "DUCK": [
    0.00107485,
    0.00106218
  ],
  "AVL": [
    0.02701183,
    0.02692682
  ],
  "NAVX": [
    0.0087353,
    0.00876192
  ],
  "COQ": [
    1.01799e-7,
    9.8112e-8
  ],
  "HIPPO": [
    0.00064235,
    0.0006147
  ],
  "FWOG": [
    0.00558021,
    0.00547797
  ],
  "FORTH": [
    0.452393,
    0.451594
  ],
  "LYXE": [
    0.320446,
    0.31892
  ],
  "FHE": [
    0.01978514,
    0.01952123
  ],
  "DMC": [
    0.0007762,
    0.00076188
  ],
  "GEAR": [
    0.00032833,
    0.00034742
  ],
  "HOOK": [
    0.01161475,
    0.01159423
  ],
  "A2Z": [
    0.00033891,
    0.00035175
  ],
  "FIS": [
    0.01553132,
    0.01631714
  ],
  "CUDIS": [
    0.00766012,
    0.00756561
  ],
  "EPT": [
    0.00078511,
    0.00079787
  ],
  "FLM": [
    0.00286502,
    0.00290058
  ],
  "GORK": [
    0.0016926,
    0.00159768
  ],
  "DATA": [
    0.00111848,
    0.00110674
  ],
  "INSP": [
    0.00134034,
    0.00131384
  ],
  "ACA": [
    0.00080731,
    0.00080875
  ],
  "FOXY": [
    0.00016055,
    0.0001574
  ],
  "BDXN": [
    0.00267402,
    0.00266861
  ],
  "LOOKS": [
    0.00042429,
    0.00040829
  ],
  "CHESS": [
    0.00159035,
    0.00161189
  ],
  "MOONPIG": [
    0.00033126,
    0.00032886
  ],
  "CHILLGUY": [
    0.00006385,
    0.00006385
  ],
  "APU": [
    0.00003573,
    0.00003533
  ],
  "HOLO": [
    0.00001451,
    0.00001432
  ],
  "GMMT": [
    0.00358178,
    0.00356833
  ],
  "ADB": [
    null,
    null
  ]
}