{
  "PUMP": [
    0.00190598,
    0.00190451
  ],
  "STABLE": [
    0.02589826,
    0.02635671
  ],
  "SIREN": [
    0.635222,
    0.630547
  ],
  "MON": [
    0.03477422,
    0.03417004
  ],
  "AERO": [
    0.423165,
    0.424165
  ],
  "JASMY": [
    0.0057358,
    0.00575704
  ],
  "LIT": [
    0.918401,
    0.90703
  ],
  "SKYAI": [
    0.176485,
    0.17278
  ],
  "CVX": [
    1.86,
    1.86
  ],
  "BAT": [
    0.104882,
    0.104509
  ],
  "CHEEMS": [
    6.0075e-7,
    6.07521e-7
  ],
  "ATH": [
    0.00609831,
    0.00611532
  ],
  "COW": [
    0.190943,
    0.19075
  ],
  "BANANAS31": [
    0.00950312,
    0.00944799
  ],
  "BAN": [
    0.084061,
    0.082421
  ],
  "BEAT": [
    0.560451,
    0.561222
  ],
  "ONT": [
    0.077077,
    0.077163
  ],
  "CKB": [
    0.0015303,
    0.00153008
  ],
  "TAG": [
    0.00065632,
    0.00065908
  ],
  "NPC": [
    0.00855315,
    0.00870464
  ],
  "SAHARA": [
    0.02209755,
    0.02212572
  ],
  "ARC": [
    0.066607,
    0.066471
  ],
  "POLYX": [
    0.051704,
    0.051596
  ],
  "MERL": [
    0.03867089,
    0.03932444
  ],
  "CSPR": [
    0.00292914,
    0.00292551
  ],
  "MYX": [
    0.245403,
    0.240522
  ],
  "IOTX": [
    0.00479945,
    0.0048025
  ],
  "NEIRO": [
    0.00009612,
    0.00010163
  ],
  "SNEK": [
    0.00055911,
    0.0005586
  ],
  "NOT": [
    0.00041188,
    0.00041724
  ],
  "HUMA": [
    0.02276368,
    0.02282557
  ],
  "MAGMA": [
    0.156609,
    0.198471
  ],
  "SATS": [
    1.4996e-8,
    1.5255e-8
  ],
  "ISLM": [
    0.01231405,
    0.01214712
  ],
  "REZ": [
    0.00377733,
    0.00379905
  ],
  "DEP": [
    0.00111083,
    0.00111069
  ],
  "SPELL": [
    0.00016748,
    0.00016752
  ],
  "CPOOL": [
    0.02912884,
    0.02925066
  ],
  "DEGEN": [
    0.00076242,
    0.00076467
  ],
  "GUN": [
    0.0163595,
    0.01608485
  ],
  "ALLO": [
    0.121139,
    0.121323
  ],
  "NYM": [
    0.0311527,
    0.03043894
  ],
  "SLP": [
    0.00067654,
    0.00067777
  ],
  "LRC": [
    0.01745005,
    0.01741693
  ],
  "CORN": [
    0.04063889,
    0.04056269
  ],
  "AURORA": [
    0.02793928,
    0.02793334
  ],
  "BOB": [
    0.00682965,
    0.00685592
  ],
  "SWARMS": [
    0.01936082,
    0.01875675
  ],
  "NIL": [
    0.04114864,
    0.04241528
  ],
  "NEWT": [
    0.07941,
    0.079577
  ],
  "GRIFFAIN": [
    0.0170165,
    0.01704798
  ],
  "INIT": [
    0.089216,
    0.089883
  ],
  "BANK": [
    0.03778897,
    0.03820643
  ],
  "L3": [
    0.0104887,
    0.01052548
  ],
  "DSYNC": [
    0.01504447,
    0.01492739
  ],
  "MUBARAK": [
    0.01392525,
    0.01402271
  ],
  "SONIC": [
    0.03669115,
    0.03680468
  ],
  "RESOLV": [
    0.03199649,
    0.03213626
  ],
  "TLM": [
    0.00180425,
    0.0018126
  ],
  "PAAL": [
    0.01311965,
    0.01311237
  ],
  "HONEY": [
    0.00200603,
    0.00200513
  ],
  "DAO": [
    0.04546163,
    0.04578732
  ],
  "IKA": [
    0.00369522,
    0.00372922
  ],
  "AIN": [
    0.05761,
    0.058064
  ],
  "COQ": [
    1.50712e-7,
    1.5079e-7
  ],
  "HMSTR": [
    0.00015829,
    0.00015886
  ],
  "TAI": [
    0.01649411,
    0.0164534
  ],
  "LAT": [
    0.00134388,
    0.00134367
  ],
  "AVL": [
    0.02640788,
    0.02606027
  ],
  "FUEL": [
    0.00094324,
    0.00094707
  ],
  "DENT": [
    0.00007562,
    0.00007657
  ],
  "NAVX": [
    0.00862027,
    0.00864849
  ],
  "NKN": [
    0.00831049,
    0.00844359
  ],
  "ROAM": [
    0.01817796,
    0.01821445
  ],
  "COS": [
    0.00119202,
    0.00119787
  ],
  "PIXEL": [
    0.0076343,
    0.00761464
  ],
  "OBT": [
    0.00104112,
    0.00103925
  ],
  "SOLV": [
    0.00382694,
    0.00386857
  ],
  "RSS3": [
    0.00573008,
    0.00570274
  ],
  "OAS": [
    0.00067833,
    0.00068234
  ],
  "FHE": [
    0.01765886,
    0.01777713
  ],
  "FWOG": [
    0.00451117,
    0.00452558
  ],
  "DMC": [
    0.00070351,
    0.00071031
  ],
  "LYXE": [
    0.230811,
    0.231507
  ],
  "RDNT": [
    0.00199569,
    0.00201003
  ],
  "GEAR": [
    0.0002248,
    0.00025453
  ],
  "FORTH": [
    0.244198,
    0.23843
  ],
  "HOOK": [
    0.00837648,
    0.00839217
  ],
  "SAMO": [
    0.00040112,
    0.0004027
  ],
  "CUDIS": [
    0.00819722,
    0.0082366
  ],
  "PERP": [
    0.02634645,
    0.02619521
  ],
  "EPT": [
    0.00074463,
    0.00074764
  ],
  "GORK": [
    0.00167086,
    0.00172219
  ],
  "PTB": [
    0.00083659,
    0.00082756
  ],
  "SAROS": [
    0.00064733,
    0.00064798
  ],
  "FIS": [
    0.01054005,
    0.0106379
  ],
  "HIPPO": [
    0.00016495,
    0.00016392
  ],
  "FLM": [
    0.00271881,
    0.00272744
  ],
  "DATA": [
    0.00091703,
    0.00091607
  ],
  "INSP": [
    0.00119312,
    0.00119732
  ],
  "ACA": [
    0.00070636,
    0.00070654
  ],
  "FOXY": [
    0.00012094,
    0.00012094
  ],
  "A2Z": [
    0.0000763,
    0.00007623
  ],
  "RFC": [
    0.00058311,
    0.00059158
  ],
  "DUCK": [
    0.00007133,
    0.00007078
  ],
  "SWTCH": [
    0.00328105,
    0.00330689
  ],
  "LOOKS": [
    0.00039911,
    0.00037933
  ],
  "BDXN": [
    0.00189819,
    0.00191137
  ],
  "MOONPIG": [
    0.00030506,
    0.000307
  ],
  "ROOT": [
    0.00005804,
    0.00006159
  ],
  "CHILLGUY": [
    0.00017439,
    0.00017551
  ],
  "APU": [
    0.00006466,
    0.00006383
  ],
  "CHESS": [
    0.00013567,
    0.00013749
  ],
  "HOLO": [
    0.00001265,
    0.00001257
  ],
  "GMMT": [
    0.00297536,
    0.0028828
  ],
  "RATS": [
    0.00003667,
    0.00003621
  ],
  "ADB": [
    null,
    null
  ]
}