{
  "PUMP": [
    0.00176022,
    0.00176003
  ],
  "STABLE": [
    0.03387645,
    0.03357674
  ],
  "SIREN": [
    0.689176,
    0.68039
  ],
  "AERO": [
    0.464936,
    0.469971
  ],
  "MON": [
    0.03111431,
    0.03123893
  ],
  "JASMY": [
    0.00589188,
    0.00588218
  ],
  "LIT": [
    0.914308,
    0.915364
  ],
  "SKYAI": [
    0.188019,
    0.184964
  ],
  "CVX": [
    1.77,
    1.77
  ],
  "BAT": [
    0.105258,
    0.105203
  ],
  "CHEEMS": [
    5.89195e-7,
    5.86389e-7
  ],
  "ATH": [
    0.00605846,
    0.00606004
  ],
  "COW": [
    0.191426,
    0.191997
  ],
  "BANANAS31": [
    0.00971531,
    0.00971401
  ],
  "BAN": [
    0.084985,
    0.085772
  ],
  "CKB": [
    0.00163032,
    0.00163865
  ],
  "BEAT": [
    0.568704,
    0.565047
  ],
  "SAHARA": [
    0.02404916,
    0.0240369
  ],
  "TAG": [
    0.00067659,
    0.00067819
  ],
  "ONT": [
    0.072604,
    0.072155
  ],
  "NPC": [
    0.00848734,
    0.0084483
  ],
  "ARC": [
    0.06503,
    0.065127
  ],
  "POLYX": [
    0.051008,
    0.050915
  ],
  "MYX": [
    0.258762,
    0.258652
  ],
  "MERL": [
    0.03821821,
    0.03834515
  ],
  "CSPR": [
    0.0028991,
    0.0029002
  ],
  "IOTX": [
    0.0048406,
    0.00486637
  ],
  "NOT": [
    0.00042345,
    0.00042288
  ],
  "HUMA": [
    0.02429141,
    0.02425468
  ],
  "MAGMA": [
    0.205658,
    0.209192
  ],
  "SNEK": [
    0.00050549,
    0.00050605
  ],
  "NEIRO": [
    0.00008899,
    0.0000892
  ],
  "REZ": [
    0.00394189,
    0.00394752
  ],
  "SATS": [
    1.4616e-8,
    1.4592e-8
  ],
  "ISLM": [
    0.0118683,
    0.01186433
  ],
  "DEP": [
    0.00110991,
    0.00110901
  ],
  "SPELL": [
    0.0001668,
    0.0001661
  ],
  "CPOOL": [
    0.02698284,
    0.02694093
  ],
  "GUN": [
    0.01510402,
    0.01510383
  ],
  "ALLO": [
    0.115417,
    0.114983
  ],
  "SLP": [
    0.00071167,
    0.00071065
  ],
  "DEGEN": [
    0.0006678,
    0.00066733
  ],
  "NYM": [
    0.02942285,
    0.02943012
  ],
  "INIT": [
    0.08936,
    0.088801
  ],
  "LRC": [
    0.01718349,
    0.01719091
  ],
  "CORN": [
    0.04000379,
    0.04004463
  ],
  "NIL": [
    0.04449545,
    0.04498166
  ],
  "AURORA": [
    0.02773437,
    0.02773064
  ],
  "SWARMS": [
    0.01849125,
    0.01870943
  ],
  "NEWT": [
    0.081141,
    0.081024
  ],
  "GRIFFAIN": [
    0.01727345,
    0.01740707
  ],
  "L3": [
    0.01283349,
    0.01127958
  ],
  "BOB": [
    0.00589684,
    0.00583798
  ],
  "BANK": [
    0.03423943,
    0.03417896
  ],
  "AIN": [
    0.073239,
    0.076758
  ],
  "DSYNC": [
    0.01399199,
    0.01404533
  ],
  "SONIC": [
    0.03841099,
    0.03860369
  ],
  "MUBARAK": [
    0.01364233,
    0.01367359
  ],
  "TLM": [
    0.00189466,
    0.00189382
  ],
  "HONEY": [
    0.00206039,
    0.00206882
  ],
  "DAO": [
    0.04550079,
    0.04622547
  ],
  "IKA": [
    0.00374123,
    0.00374196
  ],
  "PAAL": [
    0.01241095,
    0.01241334
  ],
  "RESOLV": [
    0.02803589,
    0.02833618
  ],
  "HMSTR": [
    0.00015651,
    0.00015708
  ],
  "COQ": [
    1.44614e-7,
    1.43074e-7
  ],
  "TAI": [
    0.01653434,
    0.01650959
  ],
  "LAT": [
    0.00133695,
    0.00133002
  ],
  "AVL": [
    0.02686296,
    0.02662813
  ],
  "FUEL": [
    0.00093444,
    0.0009341
  ],
  "NAVX": [
    0.00869391,
    0.00870278
  ],
  "NKN": [
    0.00869743,
    0.00854885
  ],
  "PIXEL": [
    0.00818096,
    0.00815681
  ],
  "SOLV": [
    0.00410398,
    0.0040933
  ],
  "COS": [
    0.0011767,
    0.00116948
  ],
  "DENT": [
    0.00006184,
    0.00006141
  ],
  "OBT": [
    0.00103561,
    0.00103635
  ],
  "ROAM": [
    0.01576654,
    0.01567251
  ],
  "RSS3": [
    0.00584185,
    0.00581205
  ],
  "FWOG": [
    0.00478412,
    0.00476442
  ],
  "DMC": [
    0.00070922,
    0.00070923
  ],
  "FHE": [
    0.01797044,
    0.01801852
  ],
  "OAS": [
    0.0005866,
    0.00058758
  ],
  "LYXE": [
    0.242751,
    0.242784
  ],
  "FORTH": [
    0.245361,
    0.246723
  ],
  "HOOK": [
    0.00835491,
    0.00842208
  ],
  "RDNT": [
    0.00188762,
    0.00187872
  ],
  "GEAR": [
    0.0002291,
    0.00022912
  ],
  "SAMO": [
    0.00038487,
    0.00038398
  ],
  "CUDIS": [
    0.00803967,
    0.00802334
  ],
  "PERP": [
    0.02626853,
    0.02628503
  ],
  "EPT": [
    0.00074009,
    0.00073881
  ],
  "PTB": [
    0.0008174,
    0.00081103
  ],
  "FIS": [
    0.01061606,
    0.01071891
  ],
  "HIPPO": [
    0.00015719,
    0.0001596
  ],
  "FLM": [
    0.0027093,
    0.00270875
  ],
  "GORK": [
    0.00152309,
    0.00150626
  ],
  "SAROS": [
    0.00050452,
    0.00050138
  ],
  "DATA": [
    0.00075303,
    0.00075104
  ],
  "INSP": [
    0.00109396,
    0.00109265
  ],
  "ACA": [
    0.00068596,
    0.00068526
  ],
  "FOXY": [
    0.00011902,
    0.00011811
  ],
  "A2Z": [
    0.00006983,
    0.00006984
  ],
  "RFC": [
    0.00059224,
    0.00059018
  ],
  "DUCK": [
    0.00007111,
    0.00007131
  ],
  "SWTCH": [
    0.00338594,
    0.00339326
  ],
  "LOOKS": [
    0.00036193,
    0.00036206
  ],
  "MOONPIG": [
    0.00029407,
    0.00029501
  ],
  "BDXN": [
    0.00158856,
    0.00160589
  ],
  "ROOT": [
    0.00006041,
    0.00005862
  ],
  "CHILLGUY": [
    0.00014217,
    0.00014201
  ],
  "APU": [
    0.00004427,
    0.00004467
  ],
  "CHESS": [
    0.00017024,
    0.00017024
  ],
  "HOLO": [
    0.00001228,
    0.00001228
  ],
  "GMMT": [
    0.00254381,
    0.00253176
  ],
  "RATS": [
    0.00003786,
    0.00003785
  ],
  "ADB": [
    null,
    null
  ]
}