{
  "PUMP": [
    0.00176084,
    0.00176435
  ],
  "STABLE": [
    0.03365494,
    0.03360665
  ],
  "SIREN": [
    0.682401,
    0.682258
  ],
  "AERO": [
    0.460595,
    0.47068
  ],
  "MON": [
    0.03085122,
    0.0308936
  ],
  "JASMY": [
    0.00593522,
    0.00596521
  ],
  "LIT": [
    0.927035,
    0.926295
  ],
  "SKYAI": [
    0.187257,
    0.187752
  ],
  "CVX": [
    1.79,
    1.79
  ],
  "BAT": [
    0.105273,
    0.105881
  ],
  "CHEEMS": [
    5.78379e-7,
    5.8058e-7
  ],
  "ATH": [
    0.00609285,
    0.00611895
  ],
  "COW": [
    0.191456,
    0.191724
  ],
  "BANANAS31": [
    0.00950206,
    0.00951781
  ],
  "BAN": [
    0.087769,
    0.087432
  ],
  "CKB": [
    0.00164161,
    0.00167293
  ],
  "SAHARA": [
    0.0245004,
    0.02426562
  ],
  "BEAT": [
    0.56011,
    0.560449
  ],
  "TAG": [
    0.0006783,
    0.000687
  ],
  "ONT": [
    0.074097,
    0.073893
  ],
  "NPC": [
    0.00830376,
    0.00830105
  ],
  "POLYX": [
    0.051012,
    0.051137
  ],
  "ARC": [
    0.064992,
    0.064776
  ],
  "MYX": [
    0.256016,
    0.256115
  ],
  "MERL": [
    0.03704973,
    0.03749966
  ],
  "IOTX": [
    0.00483543,
    0.00486499
  ],
  "CSPR": [
    0.00288876,
    0.00288398
  ],
  "NOT": [
    0.00042406,
    0.00042562
  ],
  "HUMA": [
    0.02428567,
    0.02421298
  ],
  "NEIRO": [
    0.00009183,
    0.00009253
  ],
  "SNEK": [
    0.00050598,
    0.00050661
  ],
  "MAGMA": [
    0.192852,
    0.191143
  ],
  "REZ": [
    0.00395262,
    0.00396015
  ],
  "SATS": [
    1.4721e-8,
    1.4764e-8
  ],
  "ISLM": [
    0.01191907,
    0.0119015
  ],
  "DEP": [
    0.00111241,
    0.00110688
  ],
  "SPELL": [
    0.00016558,
    0.00016615
  ],
  "CPOOL": [
    0.026682,
    0.02649265
  ],
  "SLP": [
    0.00072137,
    0.00072741
  ],
  "GUN": [
    0.01516836,
    0.01513897
  ],
  "ALLO": [
    0.116553,
    0.116281
  ],
  "DEGEN": [
    0.00066859,
    0.00066758
  ],
  "NYM": [
    0.0295529,
    0.02957366
  ],
  "INIT": [
    0.090041,
    0.089624
  ],
  "LRC": [
    0.0170692,
    0.01716075
  ],
  "CORN": [
    0.04003207,
    0.04003153
  ],
  "NIL": [
    0.04397155,
    0.04410151
  ],
  "AURORA": [
    0.02775572,
    0.02775553
  ],
  "SWARMS": [
    0.0183893,
    0.01840981
  ],
  "NEWT": [
    0.081071,
    0.080865
  ],
  "GRIFFAIN": [
    0.01741389,
    0.01718906
  ],
  "BOB": [
    0.00609487,
    0.00604741
  ],
  "L3": [
    0.01074138,
    0.01101611
  ],
  "BANK": [
    0.03454706,
    0.03444728
  ],
  "DSYNC": [
    0.01441299,
    0.01438899
  ],
  "SONIC": [
    0.03831018,
    0.03803672
  ],
  "MUBARAK": [
    0.01360601,
    0.01363405
  ],
  "TLM": [
    0.00188526,
    0.0018977
  ],
  "HONEY": [
    0.00207365,
    0.00206739
  ],
  "AIN": [
    0.063133,
    0.063909
  ],
  "IKA": [
    0.00375991,
    0.00375557
  ],
  "PAAL": [
    0.01252582,
    0.01247615
  ],
  "DAO": [
    0.04420664,
    0.04413379
  ],
  "RESOLV": [
    0.02756649,
    0.02767139
  ],
  "HMSTR": [
    0.00015752,
    0.00015848
  ],
  "COQ": [
    1.44836e-7,
    1.4509e-7
  ],
  "TAI": [
    0.01675481,
    0.01672792
  ],
  "LAT": [
    0.00133226,
    0.0013333
  ],
  "AVL": [
    0.0265243,
    0.02644483
  ],
  "FUEL": [
    0.00093722,
    0.00093691
  ],
  "NAVX": [
    0.00876439,
    0.00871122
  ],
  "NKN": [
    0.00835696,
    0.00840952
  ],
  "PIXEL": [
    0.00800237,
    0.00804388
  ],
  "COS": [
    0.00117795,
    0.0011808
  ],
  "SOLV": [
    0.00409562,
    0.00407076
  ],
  "DENT": [
    0.00006043,
    0.00006354
  ],
  "OBT": [
    0.0010374,
    0.00103765
  ],
  "ROAM": [
    0.01609267,
    0.01677617
  ],
  "RSS3": [
    0.00577861,
    0.00584327
  ],
  "FWOG": [
    0.00473552,
    0.00474956
  ],
  "DMC": [
    0.00070915,
    0.0007092
  ],
  "FHE": [
    0.0181224,
    0.01802022
  ],
  "OAS": [
    0.00059258,
    0.00058936
  ],
  "LYXE": [
    0.236593,
    0.236748
  ],
  "FORTH": [
    0.246579,
    0.246514
  ],
  "HOOK": [
    0.00842552,
    0.00850997
  ],
  "RDNT": [
    0.00187014,
    0.00187496
  ],
  "GEAR": [
    0.00022662,
    0.00022784
  ],
  "SAMO": [
    0.00038369,
    0.00038319
  ],
  "CUDIS": [
    0.00797934,
    0.00799251
  ],
  "PERP": [
    0.02623198,
    0.02622176
  ],
  "EPT": [
    0.0007439,
    0.0007405
  ],
  "PTB": [
    0.00082388,
    0.00082443
  ],
  "FIS": [
    0.01055087,
    0.01056968
  ],
  "HIPPO": [
    0.00016098,
    0.00016036
  ],
  "GORK": [
    0.00153177,
    0.00154326
  ],
  "FLM": [
    0.00269496,
    0.00270271
  ],
  "SAROS": [
    0.00050171,
    0.00049893
  ],
  "DATA": [
    0.0007524,
    0.00075289
  ],
  "INSP": [
    0.00109524,
    0.00108558
  ],
  "ACA": [
    0.00068161,
    0.00068163
  ],
  "FOXY": [
    0.00011894,
    0.00011983
  ],
  "RFC": [
    0.00059021,
    0.00059276
  ],
  "A2Z": [
    0.00006872,
    0.0000684
  ],
  "DUCK": [
    0.00007136,
    0.00007161
  ],
  "SWTCH": [
    0.00341353,
    0.00340899
  ],
  "LOOKS": [
    0.00036918,
    0.00036478
  ],
  "MOONPIG": [
    0.00029387,
    0.00029415
  ],
  "BDXN": [
    0.00162436,
    0.00161721
  ],
  "ROOT": [
    0.00006021,
    0.00006061
  ],
  "CHILLGUY": [
    0.00014139,
    0.00014148
  ],
  "APU": [
    0.00004424,
    0.0000443
  ],
  "CHESS": [
    0.00016933,
    0.00016931
  ],
  "HOLO": [
    0.00001229,
    0.00001228
  ],
  "GMMT": [
    0.00254544,
    0.00254513
  ],
  "RATS": [
    0.00003802,
    0.00003791
  ],
  "ADB": [
    null,
    null
  ]
}