{
  "STABLE": [
    0.03350181,
    0.03332908
  ],
  "PUMP": [
    0.00184262,
    0.00182197
  ],
  "SKYAI": [
    0.58619,
    0.63143
  ],
  "SIREN": [
    0.846574,
    0.760816
  ],
  "AERO": [
    0.453699,
    0.446775
  ],
  "MON": [
    0.03082046,
    0.02996336
  ],
  "JASMY": [
    0.00563989,
    0.00557311
  ],
  "LIT": [
    0.949972,
    0.9444
  ],
  "TAG": [
    0.00191083,
    0.00194229
  ],
  "CVX": [
    1.77,
    1.76
  ],
  "BAT": [
    0.105731,
    0.104577
  ],
  "CHEEMS": [
    6.33323e-7,
    6.35704e-7
  ],
  "ATH": [
    0.00626011,
    0.00602155
  ],
  "BANANAS31": [
    0.01109402,
    0.01136633
  ],
  "COW": [
    0.189375,
    0.189826
  ],
  "SAHARA": [
    0.02530935,
    0.02512861
  ],
  "BEAT": [
    0.570529,
    0.566696
  ],
  "BAN": [
    0.075781,
    0.075329
  ],
  "CKB": [
    0.00150177,
    0.00148502
  ],
  "ONT": [
    0.071224,
    0.070897
  ],
  "ARC": [
    0.067336,
    0.066894
  ],
  "NPC": [
    0.00772385,
    0.00773961
  ],
  "POLYX": [
    0.0481409,
    0.04784019
  ],
  "MERL": [
    0.04007372,
    0.04011239
  ],
  "MYX": [
    0.241535,
    0.238462
  ],
  "REZ": [
    0.00542929,
    0.00539546
  ],
  "CSPR": [
    0.00281035,
    0.00280975
  ],
  "MAGMA": [
    0.226879,
    0.227177
  ],
  "IOTX": [
    0.00461428,
    0.00453991
  ],
  "ISLM": [
    0.01175695,
    0.01172261
  ],
  "NOT": [
    0.00041823,
    0.00040824
  ],
  "NEIRO": [
    0.00009437,
    0.00009166
  ],
  "HUMA": [
    0.02189565,
    0.02200607
  ],
  "SNEK": [
    0.00046077,
    0.00045707
  ],
  "SATS": [
    1.4998e-8,
    1.476e-8
  ],
  "DEP": [
    0.00111383,
    0.00111158
  ],
  "SWARMS": [
    0.0288078,
    0.02894219
  ],
  "SPELL": [
    0.0001684,
    0.00016802
  ],
  "CPOOL": [
    0.02852161,
    0.02844408
  ],
  "ALLO": [
    0.130915,
    0.120731
  ],
  "GUN": [
    0.01474074,
    0.01468662
  ],
  "SLP": [
    0.00071212,
    0.00070493
  ],
  "DEGEN": [
    0.00067824,
    0.00067103
  ],
  "CORN": [
    0.04023303,
    0.04022984
  ],
  "LRC": [
    0.0169978,
    0.01685821
  ],
  "AURORA": [
    0.02676888,
    0.02674988
  ],
  "NIL": [
    0.04240318,
    0.04143236
  ],
  "AIN": [
    0.093279,
    0.095312
  ],
  "INIT": [
    0.089782,
    0.089369
  ],
  "GRIFFAIN": [
    0.01756139,
    0.01727599
  ],
  "L3": [
    0.01159781,
    0.01166149
  ],
  "MUBARAK": [
    0.016362,
    0.01659955
  ],
  "NYM": [
    0.01978448,
    0.01979057
  ],
  "BOB": [
    0.00565421,
    0.00562881
  ],
  "NEWT": [
    0.074844,
    0.073692
  ],
  "BANK": [
    0.03362725,
    0.03343553
  ],
  "SONIC": [
    0.03736584,
    0.0368862
  ],
  "DSYNC": [
    0.01276258,
    0.01283229
  ],
  "TLM": [
    0.00186987,
    0.00185795
  ],
  "PAAL": [
    0.01311381,
    0.01299076
  ],
  "RESOLV": [
    0.02890686,
    0.02869181
  ],
  "HONEY": [
    0.00183114,
    0.0018303
  ],
  "DAO": [
    0.04214516,
    0.04174298
  ],
  "IKA": [
    0.00343076,
    0.00343253
  ],
  "HMSTR": [
    0.00015854,
    0.00015936
  ],
  "RSS3": [
    0.00644593,
    0.00636655
  ],
  "LAT": [
    0.00134441,
    0.00133457
  ],
  "TAI": [
    0.01516934,
    0.01495391
  ],
  "COQ": [
    1.26918e-7,
    1.26055e-7
  ],
  "AVL": [
    0.02768322,
    0.02776407
  ],
  "NAVX": [
    0.00881292,
    0.00883165
  ],
  "FUEL": [
    0.00089126,
    0.00089265
  ],
  "SOLV": [
    0.00447667,
    0.00449276
  ],
  "NKN": [
    0.00809231,
    0.0080351
  ],
  "FWOG": [
    0.00639935,
    0.00622087
  ],
  "PIXEL": [
    0.00790832,
    0.00784838
  ],
  "COS": [
    0.00116909,
    0.00116038
  ],
  "OBT": [
    0.00098807,
    0.00098357
  ],
  "FHE": [
    0.02199116,
    0.02111923
  ],
  "DMC": [
    0.00071182,
    0.00070696
  ],
  "LYXE": [
    0.278572,
    0.276272
  ],
  "ROAM": [
    0.01143929,
    0.01178265
  ],
  "DENT": [
    0.0000398,
    0.00003961
  ],
  "OAS": [
    0.00056268,
    0.00053202
  ],
  "GEAR": [
    0.0003231,
    0.00032041
  ],
  "FORTH": [
    0.233128,
    0.233128
  ],
  "RDNT": [
    0.00177945,
    0.00177915
  ],
  "HOOK": [
    0.00797934,
    0.00796614
  ],
  "CUDIS": [
    0.00798898,
    0.00795595
  ],
  "HIPPO": [
    0.00017522,
    0.00018877
  ],
  "SAMO": [
    0.00032218,
    0.00032518
  ],
  "PERP": [
    0.02519186,
    0.02514772
  ],
  "PTB": [
    0.00082947,
    0.0008262
  ],
  "EPT": [
    0.00071062,
    0.00071244
  ],
  "FIS": [
    0.00999879,
    0.01039748
  ],
  "GORK": [
    0.0015098,
    0.00151642
  ],
  "SAROS": [
    0.00056305,
    0.00056238
  ],
  "FLM": [
    0.00262427,
    0.00259007
  ],
  "DATA": [
    0.00074056,
    0.00073679
  ],
  "ACA": [
    0.00063869,
    0.00063774
  ],
  "INSP": [
    0.00094192,
    0.00090698
  ],
  "FOXY": [
    0.00011801,
    0.00011898
  ],
  "A2Z": [
    0.00008305,
    0.00008312
  ],
  "RFC": [
    0.00056854,
    0.00057117
  ],
  "DUCK": [
    0.00007041,
    0.00007035
  ],
  "SWTCH": [
    0.0030909,
    0.00309618
  ],
  "LOOKS": [
    0.00035793,
    0.00035985
  ],
  "MOONPIG": [
    0.00027888,
    0.0002759
  ],
  "BDXN": [
    0.00163032,
    0.00162799
  ],
  "ROOT": [
    0.00005588,
    0.00005519
  ],
  "CHILLGUY": [
    0.00010519,
    0.00010442
  ],
  "APU": [
    0.00004437,
    0.00004392
  ],
  "CHESS": [
    0.00019838,
    0.00019641
  ],
  "HOLO": [
    0.00001187,
    0.00001187
  ],
  "RATS": [
    0.00003867,
    0.00003755
  ],
  "GMMT": [
    0.00376204,
    0.00385735
  ],
  "ADB": [
    null,
    null
  ]
}