{
  "PUMP": [
    0.00179024,
    0.00177985
  ],
  "SIREN": [
    0.850676,
    0.810265
  ],
  "STABLE": [
    0.0266241,
    0.02654521
  ],
  "MON": [
    0.03355721,
    0.03359782
  ],
  "AERO": [
    0.368938,
    0.368029
  ],
  "LIT": [
    1.098,
    1.087
  ],
  "JASMY": [
    0.00524649,
    0.00523757
  ],
  "CVX": [
    1.75,
    1.75
  ],
  "BAT": [
    0.096038,
    0.096104
  ],
  "SKYAI": [
    0.124791,
    0.13587
  ],
  "COW": [
    0.215788,
    0.21457
  ],
  "ATH": [
    0.00575939,
    0.00574397
  ],
  "BANANAS31": [
    0.00963191,
    0.00989774
  ],
  "TAG": [
    0.00081075,
    0.00085632
  ],
  "CHEEMS": [
    4.29201e-7,
    4.29553e-7
  ],
  "ONT": [
    0.087259,
    0.0848
  ],
  "ARC": [
    0.078878,
    0.079327
  ],
  "CKB": [
    0.00145427,
    0.00144069
  ],
  "SAHARA": [
    0.02186935,
    0.02177469
  ],
  "BAN": [
    0.064561,
    0.067967
  ],
  "POLYX": [
    0.050391,
    0.04917671
  ],
  "NPC": [
    0.00762345,
    0.00746462
  ],
  "CSPR": [
    0.00302111,
    0.00302693
  ],
  "BEAT": [
    0.306034,
    0.313645
  ],
  "IOTX": [
    0.00456635,
    0.00452134
  ],
  "MYX": [
    0.223235,
    0.22235
  ],
  "MAGMA": [
    0.204842,
    0.200555
  ],
  "NOT": [
    0.00036268,
    0.00036084
  ],
  "ISLM": [
    0.01242123,
    0.01241725
  ],
  "SNEK": [
    0.00042325,
    0.00042041
  ],
  "DEP": [
    0.00112315,
    0.00112319
  ],
  "REZ": [
    0.00364877,
    0.0035817
  ],
  "NYM": [
    0.03487994,
    0.03482483
  ],
  "GUN": [
    0.01646723,
    0.01654073
  ],
  "MERL": [
    0.02393349,
    0.02383419
  ],
  "HUMA": [
    0.01655242,
    0.01627481
  ],
  "SPELL": [
    0.00015782,
    0.00015703
  ],
  "DEGEN": [
    0.00072744,
    0.00072585
  ],
  "ALLO": [
    0.106563,
    0.106783
  ],
  "NEIRO": [
    0.00005685,
    0.0000566
  ],
  "AIN": [
    0.100851,
    0.125749
  ],
  "SATS": [
    1.0831e-8,
    1.0739e-8
  ],
  "CPOOL": [
    0.02306618,
    0.02288681
  ],
  "SLP": [
    0.00059868,
    0.00059278
  ],
  "CORN": [
    0.04041729,
    0.04054102
  ],
  "BOB": [
    0.00696439,
    0.00729579
  ],
  "LRC": [
    0.01616378,
    0.0161996
  ],
  "AURORA": [
    0.02674346,
    0.02673976
  ],
  "SWARMS": [
    0.01762092,
    0.01758059
  ],
  "GRIFFAIN": [
    0.01634252,
    0.01656565
  ],
  "L3": [
    0.01162409,
    0.0115991
  ],
  "BANK": [
    0.03613917,
    0.03782511
  ],
  "DENT": [
    0.00016145,
    0.00016144
  ],
  "DSYNC": [
    0.01551607,
    0.01544263
  ],
  "RESOLV": [
    0.03983744,
    0.03962107
  ],
  "INIT": [
    0.080099,
    0.079165
  ],
  "NIL": [
    0.03351295,
    0.03351666
  ],
  "NEWT": [
    0.066902,
    0.066354
  ],
  "SONIC": [
    0.03521135,
    0.03496034
  ],
  "DAO": [
    0.04821607,
    0.04826273
  ],
  "PAAL": [
    0.01320024,
    0.01310368
  ],
  "MUBARAK": [
    0.01158858,
    0.01145418
  ],
  "IKA": [
    0.00380593,
    0.003809
  ],
  "TLM": [
    0.00162117,
    0.00161412
  ],
  "HONEY": [
    0.00181283,
    0.00181042
  ],
  "TAI": [
    0.01703869,
    0.0172806
  ],
  "LAT": [
    0.00133913,
    0.00133887
  ],
  "HMSTR": [
    0.0001423,
    0.00014131
  ],
  "AVL": [
    0.03064135,
    0.02929088
  ],
  "NKN": [
    0.01209846,
    0.01051329
  ],
  "COQ": [
    1.10643e-7,
    1.10966e-7
  ],
  "ROAM": [
    0.02309254,
    0.02198308
  ],
  "FUEL": [
    0.00096048,
    0.00095916
  ],
  "NAVX": [
    0.008665,
    0.00864225
  ],
  "SOLV": [
    0.00467768,
    0.00459972
  ],
  "COS": [
    0.00121453,
    0.00121817
  ],
  "PIXEL": [
    0.00734235,
    0.00725096
  ],
  "OBT": [
    0.00104064,
    0.00104727
  ],
  "RSS3": [
    0.00558282,
    0.00564947
  ],
  "FWOG": [
    0.00484393,
    0.00485696
  ],
  "DMC": [
    0.00069515,
    0.00069613
  ],
  "FHE": [
    0.01557792,
    0.0157727
  ],
  "LYXE": [
    0.246526,
    0.246526
  ],
  "FORTH": [
    0.292881,
    0.281356
  ],
  "RDNT": [
    0.00222692,
    0.00223127
  ],
  "GEAR": [
    0.00029977,
    0.00027229
  ],
  "HOOK": [
    0.00802752,
    0.00819209
  ],
  "SAMO": [
    0.00041684,
    0.0004144
  ],
  "OAS": [
    0.00036228,
    0.00036318
  ],
  "PTB": [
    0.00097676,
    0.00096765
  ],
  "CUDIS": [
    0.0078454,
    0.00793387
  ],
  "HIPPO": [
    0.00019772,
    0.00019253
  ],
  "PERP": [
    0.02679771,
    0.02625737
  ],
  "FIS": [
    0.01184304,
    0.01168386
  ],
  "EPT": [
    0.00075656,
    0.00076061
  ],
  "FLM": [
    0.00289932,
    0.00289608
  ],
  "GORK": [
    0.00147344,
    0.00146157
  ],
  "DATA": [
    0.00094662,
    0.00094815
  ],
  "SAROS": [
    0.00038176,
    0.00038251
  ],
  "INSP": [
    0.00106773,
    0.00105791
  ],
  "ACA": [
    0.00071819,
    0.00071487
  ],
  "DUCK": [
    0.00009605,
    0.00009852
  ],
  "A2Z": [
    0.00008544,
    0.00008601
  ],
  "FOXY": [
    0.00010392,
    0.00010469
  ],
  "SWTCH": [
    0.00370986,
    0.00365403
  ],
  "RFC": [
    0.00056333,
    0.0005621
  ],
  "LOOKS": [
    0.00037064,
    0.00037287
  ],
  "BDXN": [
    0.0018601,
    0.00184656
  ],
  "MOONPIG": [
    0.00029006,
    0.00029107
  ],
  "ROOT": [
    0.00006211,
    0.00005901
  ],
  "CHILLGUY": [
    0.0000735,
    0.0000735
  ],
  "APU": [
    0.00003543,
    0.00003534
  ],
  "CHESS": [
    0.00015887,
    0.00015964
  ],
  "HOLO": [
    0.0000126,
    0.0000126
  ],
  "GMMT": [
    0.0037996,
    0.00377645
  ],
  "RATS": [
    0.00003793,
    0.00003754
  ],
  "ADB": [
    null,
    null
  ]
}