{
  "PUMP": [
    0.00173571,
    0.00173549
  ],
  "STABLE": [
    0.03349897,
    0.03370283
  ],
  "SIREN": [
    0.754368,
    0.755254
  ],
  "AERO": [
    0.423224,
    0.422835
  ],
  "MON": [
    0.03091478,
    0.03095326
  ],
  "JASMY": [
    0.00567338,
    0.00566432
  ],
  "LIT": [
    0.906998,
    0.908472
  ],
  "SKYAI": [
    0.204527,
    0.202899
  ],
  "CVX": [
    1.79,
    1.79
  ],
  "BAT": [
    0.103808,
    0.10353
  ],
  "CHEEMS": [
    5.80355e-7,
    5.77566e-7
  ],
  "ATH": [
    0.00600553,
    0.00599894
  ],
  "COW": [
    0.18807,
    0.187557
  ],
  "BAN": [
    0.094666,
    0.096211
  ],
  "BANANAS31": [
    0.00930187,
    0.00931563
  ],
  "BEAT": [
    0.556952,
    0.554026
  ],
  "ONT": [
    0.075141,
    0.074557
  ],
  "CKB": [
    0.00151016,
    0.00150668
  ],
  "SAHARA": [
    0.02317221,
    0.02308708
  ],
  "TAG": [
    0.00065539,
    0.00065404
  ],
  "ARC": [
    0.067461,
    0.067553
  ],
  "NPC": [
    0.00824653,
    0.00826051
  ],
  "POLYX": [
    0.050923,
    0.050707
  ],
  "MYX": [
    0.243808,
    0.245423
  ],
  "CSPR": [
    0.00291375,
    0.00291021
  ],
  "IOTX": [
    0.00481826,
    0.00481285
  ],
  "MERL": [
    0.0363791,
    0.03630534
  ],
  "HUMA": [
    0.02531031,
    0.0250326
  ],
  "NOT": [
    0.0004099,
    0.00040774
  ],
  "SNEK": [
    0.00049291,
    0.00049217
  ],
  "NEIRO": [
    0.00008672,
    0.00008623
  ],
  "MAGMA": [
    0.192858,
    0.189937
  ],
  "REZ": [
    0.00390977,
    0.00390425
  ],
  "DEP": [
    0.00111676,
    0.00111606
  ],
  "SATS": [
    1.4433e-8,
    1.4455e-8
  ],
  "ISLM": [
    0.01176374,
    0.01176579
  ],
  "SPELL": [
    0.00016463,
    0.00016425
  ],
  "CPOOL": [
    0.027174,
    0.02715443
  ],
  "SLP": [
    0.0007375,
    0.00073947
  ],
  "GUN": [
    0.01536433,
    0.01533649
  ],
  "ALLO": [
    0.115636,
    0.114723
  ],
  "NYM": [
    0.03119813,
    0.03063867
  ],
  "INIT": [
    0.090409,
    0.08962
  ],
  "DEGEN": [
    0.00065158,
    0.00065306
  ],
  "CORN": [
    0.04006313,
    0.04005
  ],
  "LRC": [
    0.0167954,
    0.01678445
  ],
  "AURORA": [
    0.02775182,
    0.02776004
  ],
  "NIL": [
    0.04122926,
    0.04108547
  ],
  "SWARMS": [
    0.01836329,
    0.01831726
  ],
  "GRIFFAIN": [
    0.0179021,
    0.01778347
  ],
  "NEWT": [
    0.079976,
    0.080203
  ],
  "BOB": [
    0.00580106,
    0.00586085
  ],
  "L3": [
    0.01028415,
    0.0103083
  ],
  "DSYNC": [
    0.01425892,
    0.01431261
  ],
  "BANK": [
    0.03341231,
    0.03306069
  ],
  "MUBARAK": [
    0.01359756,
    0.01350663
  ],
  "SONIC": [
    0.03738405,
    0.03726872
  ],
  "TLM": [
    0.00190286,
    0.00189818
  ],
  "AIN": [
    0.063537,
    0.064274
  ],
  "HONEY": [
    0.00207955,
    0.0020669
  ],
  "IKA": [
    0.0038074,
    0.0037859
  ],
  "DAO": [
    0.04446061,
    0.04432716
  ],
  "PAAL": [
    0.01229217,
    0.01221185
  ],
  "RESOLV": [
    0.02773965,
    0.02730685
  ],
  "HMSTR": [
    0.00015568,
    0.00015644
  ],
  "COQ": [
    1.4234e-7,
    1.41616e-7
  ],
  "TAI": [
    0.01660532,
    0.0166277
  ],
  "LAT": [
    0.00133016,
    0.00133017
  ],
  "AVL": [
    0.02684747,
    0.02754194
  ],
  "FUEL": [
    0.00093612,
    0.00093667
  ],
  "NAVX": [
    0.00867449,
    0.00871098
  ],
  "NKN": [
    0.00846972,
    0.00847674
  ],
  "PIXEL": [
    0.00821928,
    0.00826243
  ],
  "DENT": [
    0.00006432,
    0.0000651
  ],
  "SOLV": [
    0.00410937,
    0.00414538
  ],
  "COS": [
    0.00116503,
    0.0011658
  ],
  "OBT": [
    0.00104293,
    0.00104042
  ],
  "ROAM": [
    0.01629044,
    0.01607995
  ],
  "RSS3": [
    0.00587071,
    0.00586942
  ],
  "FWOG": [
    0.00476203,
    0.00477585
  ],
  "DMC": [
    0.00070921,
    0.000711
  ],
  "FHE": [
    0.01779471,
    0.01778694
  ],
  "OAS": [
    0.00060695,
    0.00060761
  ],
  "LYXE": [
    0.234128,
    0.23389
  ],
  "FORTH": [
    0.261955,
    0.264655
  ],
  "RDNT": [
    0.00189695,
    0.00190908
  ],
  "HOOK": [
    0.00848329,
    0.00841257
  ],
  "GEAR": [
    0.0002248,
    0.00022429
  ],
  "SAMO": [
    0.00038226,
    0.00038289
  ],
  "CUDIS": [
    0.00799753,
    0.00801586
  ],
  "PERP": [
    0.02633225,
    0.02629182
  ],
  "EPT": [
    0.00074062,
    0.00073903
  ],
  "PTB": [
    0.00081223,
    0.0008151
  ],
  "FIS": [
    0.01062177,
    0.01065496
  ],
  "HIPPO": [
    0.00015823,
    0.00015824
  ],
  "GORK": [
    0.00150254,
    0.00155424
  ],
  "FLM": [
    0.00261986,
    0.00263489
  ],
  "SAROS": [
    0.0005002,
    0.00050216
  ],
  "DATA": [
    0.00075358,
    0.00075216
  ],
  "INSP": [
    0.00109813,
    0.00110499
  ],
  "ACA": [
    0.00065917,
    0.00066831
  ],
  "FOXY": [
    0.00011809,
    0.00011985
  ],
  "RFC": [
    0.00059925,
    0.00060527
  ],
  "A2Z": [
    0.00006837,
    0.00006929
  ],
  "SWTCH": [
    0.00348534,
    0.00341993
  ],
  "DUCK": [
    0.0000696,
    0.00006968
  ],
  "LOOKS": [
    0.00037164,
    0.00036285
  ],
  "MOONPIG": [
    0.00029108,
    0.00029009
  ],
  "BDXN": [
    0.00155863,
    0.00155878
  ],
  "ROOT": [
    0.00005892,
    0.0000615
  ],
  "CHILLGUY": [
    0.00013296,
    0.00013286
  ],
  "APU": [
    0.0000479,
    0.00004792
  ],
  "CHESS": [
    0.00015256,
    0.00015258
  ],
  "HOLO": [
    0.00001211,
    0.00001211
  ],
  "GMMT": [
    0.00261275,
    0.00261556
  ],
  "RATS": [
    0.00003731,
    0.00003723
  ],
  "ADB": [
    null,
    null
  ]
}