{
  "PUMP": [
    0.00180266,
    0.00179811
  ],
  "STABLE": [
    0.03402747,
    0.0330391
  ],
  "SIREN": [
    0.677858,
    0.677153
  ],
  "AERO": [
    0.435333,
    0.437667
  ],
  "MON": [
    0.03125214,
    0.03157657
  ],
  "JASMY": [
    0.00569517,
    0.0057211
  ],
  "LIT": [
    0.942933,
    0.948221
  ],
  "SKYAI": [
    0.197562,
    0.196984
  ],
  "CVX": [
    1.78,
    1.78
  ],
  "BAT": [
    0.10445,
    0.104499
  ],
  "CHEEMS": [
    6.23939e-7,
    6.20921e-7
  ],
  "ATH": [
    0.00607402,
    0.00614818
  ],
  "COW": [
    0.186743,
    0.19242
  ],
  "BANANAS31": [
    0.00925577,
    0.00924308
  ],
  "BEAT": [
    0.586888,
    0.584751
  ],
  "BAN": [
    0.07877,
    0.078768
  ],
  "ONT": [
    0.078788,
    0.078425
  ],
  "CKB": [
    0.00151042,
    0.00151651
  ],
  "TAG": [
    0.0006613,
    0.00067046
  ],
  "SAHARA": [
    0.02176441,
    0.02183984
  ],
  "NPC": [
    0.00839828,
    0.00841672
  ],
  "ARC": [
    0.06608,
    0.065595
  ],
  "POLYX": [
    0.0507,
    0.050803
  ],
  "MERL": [
    0.038738,
    0.03917932
  ],
  "CSPR": [
    0.00291973,
    0.00292713
  ],
  "HUMA": [
    0.02687387,
    0.02663327
  ],
  "MYX": [
    0.244069,
    0.241916
  ],
  "IOTX": [
    0.0048022,
    0.00479794
  ],
  "MAGMA": [
    0.224467,
    0.218217
  ],
  "NOT": [
    0.00041125,
    0.00041366
  ],
  "SNEK": [
    0.00053033,
    0.00052674
  ],
  "NEIRO": [
    0.00009315,
    0.00009272
  ],
  "REZ": [
    0.00391196,
    0.00391
  ],
  "SATS": [
    1.4904e-8,
    1.5054e-8
  ],
  "DEP": [
    0.00113207,
    0.00113187
  ],
  "ISLM": [
    0.01185384,
    0.0119734
  ],
  "SPELL": [
    0.0001648,
    0.00016478
  ],
  "CPOOL": [
    0.02803814,
    0.02817106
  ],
  "ALLO": [
    0.13087,
    0.123904
  ],
  "GUN": [
    0.01567677,
    0.01565182
  ],
  "DEGEN": [
    0.00070368,
    0.00070403
  ],
  "NYM": [
    0.03109531,
    0.03105837
  ],
  "SLP": [
    0.00067534,
    0.00067528
  ],
  "INIT": [
    0.084459,
    0.084665
  ],
  "LRC": [
    0.01724878,
    0.01734733
  ],
  "CORN": [
    0.04037438,
    0.04038092
  ],
  "GRIFFAIN": [
    0.02056612,
    0.02049216
  ],
  "AURORA": [
    0.02801883,
    0.02801126
  ],
  "NIL": [
    0.04126281,
    0.04107235
  ],
  "SWARMS": [
    0.01839809,
    0.0182773
  ],
  "BOB": [
    0.00604893,
    0.00617209
  ],
  "NEWT": [
    0.077548,
    0.078797
  ],
  "BANK": [
    0.0373674,
    0.03736824
  ],
  "L3": [
    0.010445,
    0.01054509
  ],
  "MUBARAK": [
    0.01399199,
    0.01390107
  ],
  "DSYNC": [
    0.01382806,
    0.01389489
  ],
  "SONIC": [
    0.03579585,
    0.03596726
  ],
  "HONEY": [
    0.00208344,
    0.00211951
  ],
  "TLM": [
    0.00182426,
    0.00182428
  ],
  "PAAL": [
    0.01281281,
    0.01280474
  ],
  "RESOLV": [
    0.02949198,
    0.02931737
  ],
  "IKA": [
    0.00375615,
    0.00376445
  ],
  "DAO": [
    0.04408442,
    0.04464012
  ],
  "AIN": [
    0.059698,
    0.060419
  ],
  "COQ": [
    1.47729e-7,
    1.50535e-7
  ],
  "HMSTR": [
    0.00015712,
    0.00015669
  ],
  "TAI": [
    0.01645238,
    0.01684871
  ],
  "LAT": [
    0.00133587,
    0.0013372
  ],
  "AVL": [
    0.02741799,
    0.0264969
  ],
  "FUEL": [
    0.00094256,
    0.00094186
  ],
  "DENT": [
    0.00007705,
    0.00007526
  ],
  "NAVX": [
    0.00860794,
    0.00862121
  ],
  "NKN": [
    0.00879865,
    0.00879514
  ],
  "COS": [
    0.00117615,
    0.00117204
  ],
  "SOLV": [
    0.00419073,
    0.00403876
  ],
  "PIXEL": [
    0.00764692,
    0.00767242
  ],
  "ROAM": [
    0.01700761,
    0.01688776
  ],
  "OBT": [
    0.00102572,
    0.0010194
  ],
  "RSS3": [
    0.00575776,
    0.00577039
  ],
  "FHE": [
    0.01969457,
    0.0203488
  ],
  "DMC": [
    0.00070687,
    0.00070797
  ],
  "FWOG": [
    0.00456302,
    0.00458371
  ],
  "OAS": [
    0.0006312,
    0.00063635
  ],
  "LYXE": [
    0.224656,
    0.224656
  ],
  "FORTH": [
    0.236665,
    0.240209
  ],
  "RDNT": [
    0.0019389,
    0.00194741
  ],
  "HOOK": [
    0.00856337,
    0.00849565
  ],
  "GEAR": [
    0.00022451,
    0.00022424
  ],
  "SAMO": [
    0.00038498,
    0.00038594
  ],
  "CUDIS": [
    0.00809657,
    0.00805095
  ],
  "PERP": [
    0.02580735,
    0.02588544
  ],
  "PTB": [
    0.00085603,
    0.00085589
  ],
  "EPT": [
    0.00075,
    0.00075011
  ],
  "FIS": [
    0.01070863,
    0.01072203
  ],
  "GORK": [
    0.00160787,
    0.001633
  ],
  "HIPPO": [
    0.00016361,
    0.0001627
  ],
  "FLM": [
    0.00269862,
    0.00266841
  ],
  "SAROS": [
    0.00053995,
    0.00053952
  ],
  "DATA": [
    0.00087783,
    0.00087601
  ],
  "INSP": [
    0.00114452,
    0.00117943
  ],
  "ACA": [
    0.00067723,
    0.00067184
  ],
  "FOXY": [
    0.00012001,
    0.00012002
  ],
  "A2Z": [
    0.00007304,
    0.00007168
  ],
  "DUCK": [
    0.00007259,
    0.00007215
  ],
  "RFC": [
    0.0005771,
    0.00058148
  ],
  "SWTCH": [
    0.00320018,
    0.00320325
  ],
  "LOOKS": [
    0.00039014,
    0.0003887
  ],
  "MOONPIG": [
    0.00029503,
    0.00029503
  ],
  "BDXN": [
    0.00175292,
    0.00175647
  ],
  "ROOT": [
    0.00006031,
    0.0000603
  ],
  "CHILLGUY": [
    0.00013965,
    0.00013949
  ],
  "APU": [
    0.00005614,
    0.00005707
  ],
  "CHESS": [
    0.00015445,
    0.00015445
  ],
  "HOLO": [
    0.00001236,
    0.00001247
  ],
  "GMMT": [
    0.00263492,
    0.00262885
  ],
  "RATS": [
    0.00003939,
    0.00003954
  ],
  "ADB": [
    null,
    null
  ]
}