{
  "PUMP": [
    0.00201494,
    0.00201598
  ],
  "STABLE": [
    0.02601166,
    0.02588352
  ],
  "SIREN": [
    0.704189,
    0.709592
  ],
  "MON": [
    0.03450599,
    0.03437419
  ],
  "AERO": [
    0.438538,
    0.440151
  ],
  "JASMY": [
    0.00586338,
    0.0059893
  ],
  "LIT": [
    1.041,
    1.047
  ],
  "SKYAI": [
    0.186201,
    0.18375
  ],
  "CVX": [
    1.9,
    1.91
  ],
  "BAT": [
    0.104504,
    0.104945
  ],
  "CHEEMS": [
    5.85363e-7,
    6.18189e-7
  ],
  "ATH": [
    0.00640607,
    0.0063996
  ],
  "COW": [
    0.191787,
    0.191196
  ],
  "BANANAS31": [
    0.01016899,
    0.00970899
  ],
  "ONT": [
    0.083643,
    0.083358
  ],
  "CKB": [
    0.00161873,
    0.00163639
  ],
  "TAG": [
    0.00071409,
    0.00071491
  ],
  "SAHARA": [
    0.02369062,
    0.02365789
  ],
  "BEAT": [
    0.493752,
    0.513798
  ],
  "BAN": [
    0.070208,
    0.070055
  ],
  "ARC": [
    0.06891,
    0.069782
  ],
  "POLYX": [
    0.05326,
    0.053399
  ],
  "NPC": [
    0.00811571,
    0.00806458
  ],
  "MYX": [
    0.27361,
    0.267641
  ],
  "CSPR": [
    0.00309518,
    0.00306689
  ],
  "IOTX": [
    0.00477048,
    0.00485093
  ],
  "MERL": [
    0.03680351,
    0.03641178
  ],
  "NOT": [
    0.00041477,
    0.00041428
  ],
  "NEIRO": [
    0.00009436,
    0.00009336
  ],
  "SNEK": [
    0.00052041,
    0.00052341
  ],
  "MAGMA": [
    0.20897,
    0.203379
  ],
  "SATS": [
    1.7289e-8,
    1.685e-8
  ],
  "REZ": [
    0.00417591,
    0.00411454
  ],
  "HUMA": [
    0.0189674,
    0.01931281
  ],
  "ISLM": [
    0.01239279,
    0.01218331
  ],
  "DEP": [
    0.00111255,
    0.00111273
  ],
  "SPELL": [
    0.000175,
    0.00017422
  ],
  "DEGEN": [
    0.00077764,
    0.00080873
  ],
  "NYM": [
    0.03336693,
    0.03311849
  ],
  "GUN": [
    0.01554787,
    0.01557463
  ],
  "SLP": [
    0.00066774,
    0.00071888
  ],
  "ALLO": [
    0.112426,
    0.113374
  ],
  "CPOOL": [
    0.0256688,
    0.02571887
  ],
  "LRC": [
    0.02091477,
    0.01885855
  ],
  "BOB": [
    0.00811768,
    0.00799579
  ],
  "CORN": [
    0.04143734,
    0.04153277
  ],
  "AURORA": [
    0.02757248,
    0.02773638
  ],
  "SWARMS": [
    0.01874675,
    0.01894132
  ],
  "NIL": [
    0.0427141,
    0.04219796
  ],
  "GRIFFAIN": [
    0.01714541,
    0.01741955
  ],
  "INIT": [
    0.090285,
    0.092303
  ],
  "NEWT": [
    0.078934,
    0.079639
  ],
  "DSYNC": [
    0.0169485,
    0.01684947
  ],
  "BANK": [
    0.03875935,
    0.03883491
  ],
  "MUBARAK": [
    0.01640319,
    0.01567699
  ],
  "L3": [
    0.01091986,
    0.01092651
  ],
  "RESOLV": [
    0.03604156,
    0.03661185
  ],
  "TLM": [
    0.00192973,
    0.00212001
  ],
  "SONIC": [
    0.03830855,
    0.03843649
  ],
  "AIN": [
    0.074016,
    0.074071
  ],
  "PAAL": [
    0.0144229,
    0.01462813
  ],
  "DAO": [
    0.04802862,
    0.04794998
  ],
  "DENT": [
    0.00010838,
    0.00011743
  ],
  "HONEY": [
    0.00195211,
    0.00195365
  ],
  "IKA": [
    0.00364617,
    0.00369534
  ],
  "HMSTR": [
    0.00016527,
    0.00017088
  ],
  "TAI": [
    0.01707868,
    0.01729859
  ],
  "COQ": [
    1.43494e-7,
    1.42503e-7
  ],
  "LAT": [
    0.00136747,
    0.00136342
  ],
  "AVL": [
    0.02816421,
    0.02805185
  ],
  "NAVX": [
    0.00930464,
    0.00932106
  ],
  "FUEL": [
    0.0009431,
    0.00094207
  ],
  "PIXEL": [
    0.00860418,
    0.0090453
  ],
  "NKN": [
    0.00877483,
    0.00877321
  ],
  "SOLV": [
    0.00526843,
    0.00470684
  ],
  "COS": [
    0.00127164,
    0.00127777
  ],
  "FHE": [
    0.02583751,
    0.02480652
  ],
  "OBT": [
    0.00107868,
    0.00108666
  ],
  "RSS3": [
    0.00609667,
    0.00617451
  ],
  "ROAM": [
    0.01572633,
    0.01639108
  ],
  "OAS": [
    0.00084089,
    0.00079464
  ],
  "FWOG": [
    0.00514954,
    0.00490218
  ],
  "DMC": [
    0.00072597,
    0.00072015
  ],
  "GEAR": [
    0.0003789,
    0.00038242
  ],
  "LYXE": [
    0.245466,
    0.245466
  ],
  "FORTH": [
    0.267917,
    0.269541
  ],
  "RDNT": [
    0.00213197,
    0.00213254
  ],
  "SAMO": [
    0.00042619,
    0.00042904
  ],
  "HOOK": [
    0.0083793,
    0.00822895
  ],
  "PTB": [
    0.00112833,
    0.00113942
  ],
  "CUDIS": [
    0.00817516,
    0.00834086
  ],
  "PERP": [
    0.02709327,
    0.02726534
  ],
  "HIPPO": [
    0.00017898,
    0.00018388
  ],
  "SAROS": [
    0.00071637,
    0.00069615
  ],
  "EPT": [
    0.00076699,
    0.00076331
  ],
  "FLM": [
    0.00302421,
    0.00302145
  ],
  "FIS": [
    0.01101401,
    0.01107535
  ],
  "GORK": [
    0.00151283,
    0.00152464
  ],
  "DATA": [
    0.0009803,
    0.0009814
  ],
  "INSP": [
    0.00102937,
    0.0010281
  ],
  "ACA": [
    0.0007105,
    0.00070079
  ],
  "A2Z": [
    0.00008669,
    0.00009345
  ],
  "FOXY": [
    0.00012692,
    0.00012711
  ],
  "DUCK": [
    0.00007338,
    0.00007236
  ],
  "SWTCH": [
    0.00347552,
    0.00346235
  ],
  "RFC": [
    0.00057603,
    0.00057372
  ],
  "LOOKS": [
    0.00041286,
    0.00040507
  ],
  "MOONPIG": [
    0.00031588,
    0.00031507
  ],
  "BDXN": [
    0.00186814,
    0.00186685
  ],
  "ROOT": [
    0.00005771,
    0.00005931
  ],
  "CHILLGUY": [
    0.00008387,
    0.00008867
  ],
  "APU": [
    0.00003597,
    0.00003598
  ],
  "CHESS": [
    0.00016779,
    0.00016779
  ],
  "HOLO": [
    0.00001298,
    0.00001304
  ],
  "RATS": [
    0.00003961,
    0.00003935
  ],
  "GMMT": [
    0.00337546,
    0.00328783
  ],
  "ADB": [
    null,
    null
  ]
}