{
  "STABLE": [
    0.0322791,
    0.03225052
  ],
  "PUMP": [
    0.00173896,
    0.00175106
  ],
  "SIREN": [
    0.696435,
    0.688674
  ],
  "AERO": [
    0.458729,
    0.459392
  ],
  "MON": [
    0.02635309,
    0.026325
  ],
  "SKYAI": [
    0.298126,
    0.291045
  ],
  "JASMY": [
    0.00568344,
    0.00570171
  ],
  "LIT": [
    0.923309,
    0.924929
  ],
  "CVX": [
    1.69,
    1.7
  ],
  "BAT": [
    0.096975,
    0.097136
  ],
  "CHEEMS": [
    5.91553e-7,
    5.94334e-7
  ],
  "ATH": [
    0.00575876,
    0.00581167
  ],
  "COW": [
    0.184478,
    0.18553
  ],
  "BANANAS31": [
    0.00972144,
    0.00969995
  ],
  "BEAT": [
    0.574344,
    0.570205
  ],
  "ARC": [
    0.081482,
    0.078013
  ],
  "BAN": [
    0.07401,
    0.074371
  ],
  "SAHARA": [
    0.02198209,
    0.02217168
  ],
  "ONT": [
    0.069763,
    0.072209
  ],
  "CKB": [
    0.00147719,
    0.00147707
  ],
  "NPC": [
    0.0078057,
    0.00776801
  ],
  "POLYX": [
    0.04702145,
    0.04729685
  ],
  "TAG": [
    0.00053049,
    0.00054807
  ],
  "MYX": [
    0.26288,
    0.26025
  ],
  "CSPR": [
    0.002892,
    0.00289451
  ],
  "IOTX": [
    0.00450485,
    0.00451635
  ],
  "ISLM": [
    0.01159944,
    0.0116133
  ],
  "MERL": [
    0.03251706,
    0.03282478
  ],
  "MAGMA": [
    0.209746,
    0.210015
  ],
  "NOT": [
    0.00038098,
    0.00038311
  ],
  "HUMA": [
    0.02117212,
    0.02178721
  ],
  "NEIRO": [
    0.0000875,
    0.00008825
  ],
  "REZ": [
    0.00422266,
    0.00421741
  ],
  "SNEK": [
    0.00045689,
    0.00046037
  ],
  "SATS": [
    1.3453e-8,
    1.3566e-8
  ],
  "SPELL": [
    0.00016538,
    0.00016573
  ],
  "DEP": [
    0.00098347,
    0.00099143
  ],
  "SWARMS": [
    0.02634296,
    0.0261877
  ],
  "GUN": [
    0.01431987,
    0.0146825
  ],
  "CPOOL": [
    0.02604755,
    0.02545898
  ],
  "SLP": [
    0.00069222,
    0.00069335
  ],
  "DEGEN": [
    0.00066753,
    0.00066533
  ],
  "ALLO": [
    0.107676,
    0.107298
  ],
  "GRIFFAIN": [
    0.01996839,
    0.02117133
  ],
  "NYM": [
    0.02571588,
    0.02539335
  ],
  "CORN": [
    0.04027904,
    0.04016594
  ],
  "LRC": [
    0.01681712,
    0.01694142
  ],
  "AURORA": [
    0.02658296,
    0.02658357
  ],
  "L3": [
    0.01324564,
    0.01257152
  ],
  "INIT": [
    0.093407,
    0.091695
  ],
  "AIN": [
    0.095552,
    0.094612
  ],
  "NIL": [
    0.03788178,
    0.03850045
  ],
  "NEWT": [
    0.073748,
    0.074152
  ],
  "BOB": [
    0.00559679,
    0.00550507
  ],
  "BANK": [
    0.03449998,
    0.03440652
  ],
  "SONIC": [
    0.03675249,
    0.0383248
  ],
  "MUBARAK": [
    0.01335172,
    0.01347668
  ],
  "DSYNC": [
    0.0129846,
    0.01300104
  ],
  "TLM": [
    0.00182646,
    0.00182117
  ],
  "RESOLV": [
    0.02950335,
    0.02994865
  ],
  "PAAL": [
    0.01271235,
    0.01283225
  ],
  "HONEY": [
    0.00190114,
    0.0019016
  ],
  "IKA": [
    0.00346752,
    0.00345964
  ],
  "DAO": [
    0.04087589,
    0.04084099
  ],
  "HMSTR": [
    0.00015522,
    0.00015609
  ],
  "COQ": [
    1.3509e-7,
    1.32838e-7
  ],
  "TAI": [
    0.01560323,
    0.01552174
  ],
  "LAT": [
    0.0013125,
    0.00131719
  ],
  "AVL": [
    0.02597914,
    0.02601778
  ],
  "SOLV": [
    0.00491705,
    0.0049552
  ],
  "FUEL": [
    0.00091156,
    0.00091043
  ],
  "NAVX": [
    0.0086717,
    0.00865694
  ],
  "NKN": [
    0.00774309,
    0.00885768
  ],
  "PIXEL": [
    0.00811058,
    0.00806083
  ],
  "COS": [
    0.00115614,
    0.00114448
  ],
  "OBT": [
    0.00099506,
    0.00099071
  ],
  "RSS3": [
    0.00553582,
    0.00556657
  ],
  "FHE": [
    0.01834628,
    0.01814289
  ],
  "DMC": [
    0.00068435,
    0.00068871
  ],
  "FWOG": [
    0.00450353,
    0.00453625
  ],
  "ROAM": [
    0.01290824,
    0.01264469
  ],
  "LYXE": [
    0.249772,
    0.249772
  ],
  "DENT": [
    0.00003859,
    0.00003867
  ],
  "OAS": [
    0.00050039,
    0.0005007
  ],
  "GEAR": [
    0.00031236,
    0.00031237
  ],
  "FORTH": [
    0.232493,
    0.234623
  ],
  "RDNT": [
    0.00178306,
    0.00181569
  ],
  "HOOK": [
    0.0079612,
    0.00790456
  ],
  "SAMO": [
    0.00035998,
    0.00036268
  ],
  "CUDIS": [
    0.00773792,
    0.00779175
  ],
  "PERP": [
    0.02495258,
    0.02498919
  ],
  "FIS": [
    0.0104689,
    0.01078991
  ],
  "EPT": [
    0.00070971,
    0.00070794
  ],
  "PTB": [
    0.00078506,
    0.00077971
  ],
  "HIPPO": [
    0.00015881,
    0.0001557
  ],
  "FLM": [
    0.00257123,
    0.00261014
  ],
  "GORK": [
    0.0013284,
    0.00134885
  ],
  "SAROS": [
    0.00045494,
    0.00045328
  ],
  "DATA": [
    0.00069623,
    0.00069686
  ],
  "INSP": [
    0.00099926,
    0.00100046
  ],
  "ACA": [
    0.00061272,
    0.00061054
  ],
  "FOXY": [
    0.00011498,
    0.00011493
  ],
  "RFC": [
    0.00060917,
    0.00060906
  ],
  "A2Z": [
    0.00006808,
    0.00006808
  ],
  "DUCK": [
    0.00007027,
    0.00006971
  ],
  "SWTCH": [
    0.00299194,
    0.00298208
  ],
  "LOOKS": [
    0.00037064,
    0.00036646
  ],
  "MOONPIG": [
    0.00025989,
    0.00025988
  ],
  "BDXN": [
    0.0015294,
    0.0015564
  ],
  "ROOT": [
    0.00005977,
    0.00006276
  ],
  "CHILLGUY": [
    0.00010001,
    0.00010053
  ],
  "CHESS": [
    0.00019834,
    0.00019844
  ],
  "APU": [
    0.00003655,
    0.00003814
  ],
  "HOLO": [
    0.00001191,
    0.00001191
  ],
  "GMMT": [
    0.00241817,
    0.00242813
  ],
  "RATS": [
    0.00003795,
    0.00003889
  ],
  "ADB": [
    null,
    null
  ]
}