{
  "PUMP": [
    0.00165331,
    0.0016575
  ],
  "STABLE": [
    0.02710305,
    0.02693504
  ],
  "MON": [
    0.02730982,
    0.02785119
  ],
  "AERO": [
    0.311452,
    0.313167
  ],
  "JASMY": [
    0.00528386,
    0.0052971
  ],
  "LIT": [
    0.961926,
    0.97071
  ],
  "SIREN": [
    0.222932,
    0.22669
  ],
  "CVX": [
    1.7,
    1.7
  ],
  "BAT": [
    0.094554,
    0.09489
  ],
  "BANANAS31": [
    0.01277519,
    0.01277925
  ],
  "ATH": [
    0.00658495,
    0.0066734
  ],
  "COW": [
    0.20384,
    0.203288
  ],
  "ONT": [
    0.101088,
    0.10089
  ],
  "CHEEMS": [
    4.12852e-7,
    4.03342e-7
  ],
  "TAG": [
    0.00073474,
    0.00071598
  ],
  "CKB": [
    0.00149324,
    0.00148934
  ],
  "SAHARA": [
    0.02247809,
    0.02260874
  ],
  "POLYX": [
    0.056042,
    0.053908
  ],
  "SKYAI": [
    0.085194,
    0.062839
  ],
  "NPC": [
    0.00719513,
    0.00719317
  ],
  "BAN": [
    0.05752,
    0.056405
  ],
  "ARC": [
    0.053132,
    0.053641
  ],
  "BEAT": [
    0.351063,
    0.361224
  ],
  "CSPR": [
    0.00292127,
    0.00293539
  ],
  "IOTX": [
    0.00451225,
    0.00452683
  ],
  "MYX": [
    0.2096,
    0.210216
  ],
  "NOT": [
    0.00035515,
    0.00035418
  ],
  "DEP": [
    0.00114223,
    0.00114079
  ],
  "SNEK": [
    0.00040924,
    0.00041282
  ],
  "ISLM": [
    0.01194477,
    0.01198135
  ],
  "REZ": [
    0.00343878,
    0.00346765
  ],
  "NYM": [
    0.03421276,
    0.03421749
  ],
  "MERL": [
    0.02283701,
    0.0231157
  ],
  "SPELL": [
    0.00015944,
    0.00015936
  ],
  "GUN": [
    0.01514243,
    0.01468251
  ],
  "DEGEN": [
    0.00066393,
    0.00066958
  ],
  "HUMA": [
    0.01416763,
    0.01392478
  ],
  "CORN": [
    0.04492107,
    0.04504548
  ],
  "ALLO": [
    0.105606,
    0.105272
  ],
  "NEIRO": [
    0.00005461,
    0.00005466
  ],
  "SATS": [
    1.0731e-8,
    1.0723e-8
  ],
  "CPOOL": [
    0.02264437,
    0.02289245
  ],
  "LRC": [
    0.01791925,
    0.01775181
  ],
  "MAGMA": [
    0.114282,
    0.115191
  ],
  "SLP": [
    0.00058265,
    0.00058184
  ],
  "AURORA": [
    0.02580937,
    0.02581666
  ],
  "DENT": [
    0.00017882,
    0.00017837
  ],
  "BOB": [
    0.00551842,
    0.0055816
  ],
  "INIT": [
    0.082887,
    0.081831
  ],
  "RESOLV": [
    0.03896365,
    0.03898776
  ],
  "NIL": [
    0.03375613,
    0.03373515
  ],
  "DAO": [
    0.056682,
    0.056629
  ],
  "DSYNC": [
    0.01424751,
    0.01422722
  ],
  "NEWT": [
    0.065504,
    0.065405
  ],
  "SONIC": [
    0.03680277,
    0.03693162
  ],
  "IKA": [
    0.00427246,
    0.00425775
  ],
  "L3": [
    0.00914383,
    0.00901922
  ],
  "BANK": [
    0.0282869,
    0.02830232
  ],
  "GRIFFAIN": [
    0.01197379,
    0.01198368
  ],
  "HONEY": [
    0.00205053,
    0.00207304
  ],
  "PAAL": [
    0.01297393,
    0.01290565
  ],
  "MUBARAK": [
    0.01107661,
    0.01108607
  ],
  "AIN": [
    0.058964,
    0.057981
  ],
  "ROAM": [
    0.03118266,
    0.03085352
  ],
  "TLM": [
    0.00160392,
    0.00159818
  ],
  "SWARMS": [
    0.00916334,
    0.00952827
  ],
  "TAI": [
    0.01652674,
    0.01615714
  ],
  "AVL": [
    0.03162964,
    0.03163375
  ],
  "LAT": [
    0.00130415,
    0.00130231
  ],
  "HMSTR": [
    0.00013877,
    0.00013811
  ],
  "NKN": [
    0.00977696,
    0.0096539
  ],
  "NAVX": [
    0.00880724,
    0.00875562
  ],
  "FUEL": [
    0.00091503,
    0.00091666
  ],
  "RSS3": [
    0.00716718,
    0.00734048
  ],
  "COQ": [
    9.3205e-8,
    9.3022e-8
  ],
  "SOLV": [
    0.00420717,
    0.00433741
  ],
  "COS": [
    0.00121074,
    0.00121491
  ],
  "OBT": [
    0.0010495,
    0.00103769
  ],
  "PIXEL": [
    0.00645529,
    0.0064787
  ],
  "FWOG": [
    0.00469476,
    0.00471414
  ],
  "HIPPO": [
    0.00042681,
    0.00044357
  ],
  "DMC": [
    0.00070855,
    0.0007181
  ],
  "FHE": [
    0.01745449,
    0.01742685
  ],
  "LYXE": [
    0.262017,
    0.262017
  ],
  "RDNT": [
    0.00256076,
    0.00253625
  ],
  "GEAR": [
    0.0002851,
    0.0002857
  ],
  "DUCK": [
    0.00036426,
    0.00036077
  ],
  "FORTH": [
    0.24467,
    0.243182
  ],
  "SAMO": [
    0.00044071,
    0.00043902
  ],
  "OAS": [
    0.00035213,
    0.00035372
  ],
  "HOOK": [
    0.00782735,
    0.00794922
  ],
  "FIS": [
    0.01276771,
    0.01279931
  ],
  "PERP": [
    0.02720303,
    0.0266688
  ],
  "CUDIS": [
    0.00769295,
    0.00770827
  ],
  "EPT": [
    0.00073491,
    0.00073865
  ],
  "FLM": [
    0.00285689,
    0.00283897
  ],
  "PTB": [
    0.00070859,
    0.00074297
  ],
  "GORK": [
    0.00130733,
    0.00130679
  ],
  "DATA": [
    0.0009724,
    0.00097755
  ],
  "SAROS": [
    0.00046884,
    0.00046759
  ],
  "ACA": [
    0.00077128,
    0.00080496
  ],
  "INSP": [
    0.00116793,
    0.00117092
  ],
  "A2Z": [
    0.00010991,
    0.00010457
  ],
  "SWTCH": [
    0.00367209,
    0.00369387
  ],
  "FOXY": [
    0.00008703,
    0.00008792
  ],
  "RFC": [
    0.00051348,
    0.00051147
  ],
  "LOOKS": [
    0.00039841,
    0.00039538
  ],
  "BDXN": [
    0.00197493,
    0.0019779
  ],
  "MOONPIG": [
    0.00028994,
    0.00028795
  ],
  "ROOT": [
    0.00006194,
    0.00006255
  ],
  "CHESS": [
    0.00039121,
    0.00039684
  ],
  "CHILLGUY": [
    0.00006718,
    0.00006718
  ],
  "APU": [
    0.00002986,
    0.00003003
  ],
  "HOLO": [
    0.00001445,
    0.00001458
  ],
  "RATS": [
    0.00003695,
    0.00003651
  ],
  "GMMT": [
    0.00403377,
    0.0040383
  ],
  "ADB": [
    null,
    null
  ]
}