{
  "PUMP": [
    0.00173472,
    0.00174034
  ],
  "STABLE": [
    0.03600704,
    0.03509915
  ],
  "SIREN": [
    0.66478,
    0.680286
  ],
  "AERO": [
    0.462484,
    0.46089
  ],
  "MON": [
    0.03057043,
    0.03035324
  ],
  "JASMY": [
    0.00589648,
    0.00584249
  ],
  "LIT": [
    0.854449,
    0.856613
  ],
  "SKYAI": [
    0.168486,
    0.165782
  ],
  "CVX": [
    1.72,
    1.72
  ],
  "BAT": [
    0.10213,
    0.101942
  ],
  "CHEEMS": [
    5.7274e-7,
    5.82588e-7
  ],
  "ATH": [
    0.00576759,
    0.00578734
  ],
  "COW": [
    0.186907,
    0.187106
  ],
  "BANANAS31": [
    0.00943185,
    0.00945778
  ],
  "ARC": [
    0.077906,
    0.079693
  ],
  "TAG": [
    0.00074621,
    0.00072569
  ],
  "BEAT": [
    0.532066,
    0.544072
  ],
  "SAHARA": [
    0.0227451,
    0.02254307
  ],
  "CKB": [
    0.00148673,
    0.00148075
  ],
  "ONT": [
    0.071245,
    0.071707
  ],
  "BAN": [
    0.071244,
    0.071667
  ],
  "NPC": [
    0.00796169,
    0.00804934
  ],
  "POLYX": [
    0.04880786,
    0.04879768
  ],
  "MYX": [
    0.253544,
    0.259828
  ],
  "MERL": [
    0.03930206,
    0.03919541
  ],
  "CSPR": [
    0.00289301,
    0.00289149
  ],
  "IOTX": [
    0.00468607,
    0.00468385
  ],
  "HUMA": [
    0.02302836,
    0.02293717
  ],
  "NOT": [
    0.00040052,
    0.00039942
  ],
  "NEIRO": [
    0.00008621,
    0.00008645
  ],
  "MAGMA": [
    0.190711,
    0.190147
  ],
  "SNEK": [
    0.00047534,
    0.00047632
  ],
  "REZ": [
    0.00389139,
    0.00389548
  ],
  "SPELL": [
    0.00017754,
    0.00018509
  ],
  "ISLM": [
    0.01188209,
    0.01178678
  ],
  "DEP": [
    0.00108007,
    0.00107892
  ],
  "SATS": [
    1.402e-8,
    1.4025e-8
  ],
  "SLP": [
    0.00069863,
    0.00070322
  ],
  "CPOOL": [
    0.02483252,
    0.02489291
  ],
  "DEGEN": [
    0.0006726,
    0.00067212
  ],
  "ALLO": [
    0.112008,
    0.109378
  ],
  "GUN": [
    0.01430634,
    0.01423742
  ],
  "NYM": [
    0.02869252,
    0.02855511
  ],
  "SWARMS": [
    0.02138697,
    0.02161513
  ],
  "CORN": [
    0.03998021,
    0.04016033
  ],
  "LRC": [
    0.01675833,
    0.01674458
  ],
  "AURORA": [
    0.02638962,
    0.02644755
  ],
  "NIL": [
    0.0408932,
    0.04073914
  ],
  "INIT": [
    0.089195,
    0.090088
  ],
  "GRIFFAIN": [
    0.01750361,
    0.01742083
  ],
  "BOB": [
    0.00584776,
    0.0058443
  ],
  "AIN": [
    0.091113,
    0.089432
  ],
  "NEWT": [
    0.076529,
    0.076668
  ],
  "L3": [
    0.01034302,
    0.01031044
  ],
  "SONIC": [
    0.0404748,
    0.04053024
  ],
  "BANK": [
    0.03333461,
    0.03341004
  ],
  "DSYNC": [
    0.01347034,
    0.01346398
  ],
  "MUBARAK": [
    0.01317721,
    0.01320545
  ],
  "TLM": [
    0.00183133,
    0.00183988
  ],
  "HONEY": [
    0.00207559,
    0.00207303
  ],
  "RESOLV": [
    0.02996555,
    0.02962721
  ],
  "PAAL": [
    0.01249823,
    0.01249677
  ],
  "DAO": [
    0.04173992,
    0.04148192
  ],
  "IKA": [
    0.003404,
    0.00334449
  ],
  "HMSTR": [
    0.00015298,
    0.00015384
  ],
  "TAI": [
    0.01670001,
    0.0165142
  ],
  "COQ": [
    1.37546e-7,
    1.36992e-7
  ],
  "LAT": [
    0.00131385,
    0.00131362
  ],
  "AVL": [
    0.02572411,
    0.02547975
  ],
  "FUEL": [
    0.00092242,
    0.00092151
  ],
  "NAVX": [
    0.00891615,
    0.00879755
  ],
  "NKN": [
    0.00822968,
    0.00818918
  ],
  "PIXEL": [
    0.00826065,
    0.00836069
  ],
  "COS": [
    0.00116665,
    0.00117082
  ],
  "SOLV": [
    0.00404311,
    0.0040176
  ],
  "OBT": [
    0.00101097,
    0.00101193
  ],
  "ROAM": [
    0.01514422,
    0.01512699
  ],
  "RSS3": [
    0.00573152,
    0.00563027
  ],
  "DENT": [
    0.00005195,
    0.00004951
  ],
  "DMC": [
    0.00070992,
    0.00071979
  ],
  "FHE": [
    0.01791349,
    0.01800234
  ],
  "FWOG": [
    0.00457772,
    0.00457699
  ],
  "LYXE": [
    0.246235,
    0.246527
  ],
  "OAS": [
    0.00055239,
    0.0005478
  ],
  "FORTH": [
    0.236141,
    0.238493
  ],
  "HOOK": [
    0.00829715,
    0.00829335
  ],
  "RDNT": [
    0.0018309,
    0.00183712
  ],
  "GEAR": [
    0.00022476,
    0.00022706
  ],
  "SAMO": [
    0.00037094,
    0.00037109
  ],
  "CUDIS": [
    0.00774375,
    0.00776783
  ],
  "PERP": [
    0.02574546,
    0.0257551
  ],
  "EPT": [
    0.00072833,
    0.00073649
  ],
  "PTB": [
    0.00079974,
    0.0007971
  ],
  "FIS": [
    0.01065321,
    0.01053678
  ],
  "HIPPO": [
    0.00016166,
    0.00015958
  ],
  "FLM": [
    0.00265115,
    0.00265291
  ],
  "GORK": [
    0.00146486,
    0.00143795
  ],
  "SAROS": [
    0.00050095,
    0.00050087
  ],
  "DATA": [
    0.00071739,
    0.00071854
  ],
  "INSP": [
    0.00098439,
    0.00098496
  ],
  "ACA": [
    0.00066196,
    0.00066142
  ],
  "FOXY": [
    0.00011594,
    0.00011501
  ],
  "A2Z": [
    0.00007409,
    0.00007498
  ],
  "RFC": [
    0.00057713,
    0.00057088
  ],
  "DUCK": [
    0.00006858,
    0.00006828
  ],
  "SWTCH": [
    0.00332603,
    0.0032841
  ],
  "LOOKS": [
    0.00036582,
    0.00035962
  ],
  "MOONPIG": [
    0.00027312,
    0.00027365
  ],
  "BDXN": [
    0.00159434,
    0.00159696
  ],
  "ROOT": [
    0.00006273,
    0.00006073
  ],
  "CHILLGUY": [
    0.00012345,
    0.00012388
  ],
  "APU": [
    0.00004002,
    0.00004586
  ],
  "CHESS": [
    0.00017179,
    0.00017179
  ],
  "HOLO": [
    0.00001195,
    0.00001184
  ],
  "GMMT": [
    0.0024962,
    0.00249395
  ],
  "RATS": [
    0.00003746,
    0.00003784
  ],
  "ADB": [
    null,
    null
  ]
}