{
  "PUMP": [
    0.00178444,
    0.00177381
  ],
  "STABLE": [
    0.0324962,
    0.03246088
  ],
  "SIREN": [
    0.657936,
    0.654659
  ],
  "AERO": [
    0.423581,
    0.422633
  ],
  "MON": [
    0.03073117,
    0.03069548
  ],
  "JASMY": [
    0.00578166,
    0.00577801
  ],
  "LIT": [
    0.946198,
    0.943858
  ],
  "SKYAI": [
    0.198655,
    0.194586
  ],
  "CVX": [
    1.79,
    1.78
  ],
  "BAT": [
    0.104376,
    0.103948
  ],
  "CHEEMS": [
    6.27365e-7,
    6.17364e-7
  ],
  "ATH": [
    0.00606044,
    0.00602661
  ],
  "COW": [
    0.191321,
    0.191187
  ],
  "BANANAS31": [
    0.009064,
    0.00909034
  ],
  "BEAT": [
    0.587089,
    0.586305
  ],
  "ONT": [
    0.078254,
    0.078046
  ],
  "BAN": [
    0.076797,
    0.076855
  ],
  "CKB": [
    0.00151959,
    0.00151538
  ],
  "TAG": [
    0.00067117,
    0.00066343
  ],
  "SAHARA": [
    0.02178604,
    0.021725
  ],
  "NPC": [
    0.00842918,
    0.00842885
  ],
  "POLYX": [
    0.050784,
    0.050552
  ],
  "ARC": [
    0.06307,
    0.064433
  ],
  "MAGMA": [
    0.267361,
    0.270756
  ],
  "MERL": [
    0.03936873,
    0.0392472
  ],
  "MYX": [
    0.246127,
    0.24666
  ],
  "CSPR": [
    0.00292997,
    0.00292616
  ],
  "HUMA": [
    0.02661081,
    0.02653341
  ],
  "IOTX": [
    0.00484736,
    0.00483793
  ],
  "NOT": [
    0.00043506,
    0.00042884
  ],
  "SNEK": [
    0.00050975,
    0.00050679
  ],
  "NEIRO": [
    0.00008795,
    0.00008724
  ],
  "REZ": [
    0.0038658,
    0.00384377
  ],
  "DEP": [
    0.00111721,
    0.00111802
  ],
  "SATS": [
    1.4628e-8,
    1.4496e-8
  ],
  "ISLM": [
    0.01184534,
    0.01176343
  ],
  "CPOOL": [
    0.02891748,
    0.02868155
  ],
  "SPELL": [
    0.00016518,
    0.0001646
  ],
  "ALLO": [
    0.121014,
    0.120919
  ],
  "GUN": [
    0.01553838,
    0.01542243
  ],
  "NYM": [
    0.03095643,
    0.03086915
  ],
  "INIT": [
    0.092916,
    0.092294
  ],
  "SLP": [
    0.00068232,
    0.0006818
  ],
  "DEGEN": [
    0.00066916,
    0.00066637
  ],
  "GRIFFAIN": [
    0.0224073,
    0.02132757
  ],
  "LRC": [
    0.01725065,
    0.01718797
  ],
  "CORN": [
    0.04042586,
    0.04034731
  ],
  "AURORA": [
    0.02795537,
    0.02795749
  ],
  "NIL": [
    0.04265886,
    0.04213507
  ],
  "SWARMS": [
    0.01813863,
    0.01790232
  ],
  "NEWT": [
    0.078817,
    0.079762
  ],
  "BOB": [
    0.00594822,
    0.00589413
  ],
  "BANK": [
    0.03647822,
    0.03646892
  ],
  "L3": [
    0.01038708,
    0.01035682
  ],
  "MUBARAK": [
    0.01410138,
    0.01403699
  ],
  "DSYNC": [
    0.01361739,
    0.01357126
  ],
  "SONIC": [
    0.03632565,
    0.03615266
  ],
  "TLM": [
    0.00188007,
    0.00187327
  ],
  "HONEY": [
    0.00216654,
    0.00212187
  ],
  "PAAL": [
    0.01270119,
    0.01261188
  ],
  "AIN": [
    0.060323,
    0.06011
  ],
  "DAO": [
    0.04414175,
    0.04433783
  ],
  "RESOLV": [
    0.02846226,
    0.02852205
  ],
  "IKA": [
    0.00362434,
    0.00362091
  ],
  "COQ": [
    1.48499e-7,
    1.50146e-7
  ],
  "HMSTR": [
    0.00015732,
    0.00015641
  ],
  "TAI": [
    0.01653768,
    0.01653295
  ],
  "LAT": [
    0.00133885,
    0.00133936
  ],
  "AVL": [
    0.02771661,
    0.02690468
  ],
  "FUEL": [
    0.00093895,
    0.00094296
  ],
  "NAVX": [
    0.00871826,
    0.00869682
  ],
  "NKN": [
    0.00867592,
    0.00864395
  ],
  "DENT": [
    0.00006868,
    0.00006934
  ],
  "PIXEL": [
    0.00792036,
    0.00786328
  ],
  "COS": [
    0.00116984,
    0.00116697
  ],
  "ROAM": [
    0.01682603,
    0.01686577
  ],
  "SOLV": [
    0.00396766,
    0.00392672
  ],
  "OBT": [
    0.0010126,
    0.00100575
  ],
  "RSS3": [
    0.00583882,
    0.00565931
  ],
  "FHE": [
    0.01901725,
    0.01885201
  ],
  "DMC": [
    0.00070797,
    0.00071102
  ],
  "FWOG": [
    0.00457497,
    0.004563
  ],
  "OAS": [
    0.00062508,
    0.00062082
  ],
  "LYXE": [
    0.234487,
    0.234221
  ],
  "FORTH": [
    0.278322,
    0.291957
  ],
  "HOOK": [
    0.0085086,
    0.00849996
  ],
  "RDNT": [
    0.00188486,
    0.00188411
  ],
  "GEAR": [
    0.00022335,
    0.00022136
  ],
  "SAMO": [
    0.00037605,
    0.00037633
  ],
  "CUDIS": [
    0.00817103,
    0.00806286
  ],
  "PERP": [
    0.02624769,
    0.02619707
  ],
  "PTB": [
    0.00086475,
    0.00086028
  ],
  "EPT": [
    0.00073736,
    0.00074402
  ],
  "FIS": [
    0.01078489,
    0.01077459
  ],
  "HIPPO": [
    0.00016122,
    0.00016012
  ],
  "GORK": [
    0.00159854,
    0.00158837
  ],
  "FLM": [
    0.00269248,
    0.00269048
  ],
  "SAROS": [
    0.00053064,
    0.00052856
  ],
  "DATA": [
    0.00072552,
    0.0007434
  ],
  "INSP": [
    0.0011002,
    0.00114746
  ],
  "ACA": [
    0.00064802,
    0.00065363
  ],
  "FOXY": [
    0.00012185,
    0.00012183
  ],
  "A2Z": [
    0.00007317,
    0.00007247
  ],
  "RFC": [
    0.00059319,
    0.00058742
  ],
  "DUCK": [
    0.00007069,
    0.00007125
  ],
  "SWTCH": [
    0.00331266,
    0.00337078
  ],
  "LOOKS": [
    0.00038594,
    0.00038314
  ],
  "MOONPIG": [
    0.00029805,
    0.00029805
  ],
  "BDXN": [
    0.00169039,
    0.00167077
  ],
  "ROOT": [
    0.00006041,
    0.00006024
  ],
  "CHILLGUY": [
    0.00013867,
    0.00013848
  ],
  "APU": [
    0.00006267,
    0.0000618
  ],
  "CHESS": [
    0.00015261,
    0.00015263
  ],
  "HOLO": [
    0.00001234,
    0.00001221
  ],
  "GMMT": [
    0.00262709,
    0.00262061
  ],
  "RATS": [
    0.00003643,
    0.0000368
  ],
  "ADB": [
    null,
    null
  ]
}