{
  "PUMP": [
    0.00171064,
    0.00170004
  ],
  "SIREN": [
    0.810077,
    0.844667
  ],
  "STABLE": [
    0.02638975,
    0.02623372
  ],
  "AERO": [
    0.318964,
    0.319546
  ],
  "JASMY": [
    0.00538843,
    0.00539085
  ],
  "MON": [
    0.02247301,
    0.02223032
  ],
  "LIT": [
    0.884,
    0.881462
  ],
  "CVX": [
    1.66,
    1.65
  ],
  "BAT": [
    0.095416,
    0.093624
  ],
  "BANANAS31": [
    0.01330706,
    0.01325927
  ],
  "ATH": [
    0.00714097,
    0.00692647
  ],
  "COW": [
    0.196721,
    0.196028
  ],
  "CHEEMS": [
    4.26558e-7,
    4.2446e-7
  ],
  "SAHARA": [
    0.02536835,
    0.02533076
  ],
  "BEAT": [
    0.516923,
    0.520229
  ],
  "CKB": [
    0.00137409,
    0.00136716
  ],
  "TAG": [
    0.00058127,
    0.00057978
  ],
  "SKYAI": [
    0.063974,
    0.063033
  ],
  "NPC": [
    0.00747201,
    0.00749141
  ],
  "BAN": [
    0.056975,
    0.05679
  ],
  "POLYX": [
    0.04429864,
    0.04418205
  ],
  "CSPR": [
    0.00319383,
    0.00324407
  ],
  "MYX": [
    0.251594,
    0.254238
  ],
  "ONT": [
    0.051182,
    0.051663
  ],
  "ARC": [
    0.0458465,
    0.0467889
  ],
  "IOTX": [
    0.00467781,
    0.00471856
  ],
  "NOT": [
    0.0003506,
    0.00035056
  ],
  "ISLM": [
    0.01302812,
    0.01307043
  ],
  "SNEK": [
    0.00043187,
    0.00043228
  ],
  "DEP": [
    0.00115413,
    0.00115153
  ],
  "GUN": [
    0.0181541,
    0.01811671
  ],
  "MERL": [
    0.02460068,
    0.02435297
  ],
  "LRC": [
    0.0229509,
    0.02278258
  ],
  "SPELL": [
    0.00016369,
    0.00016358
  ],
  "HUMA": [
    0.01578488,
    0.01552387
  ],
  "NYM": [
    0.03221398,
    0.03244212
  ],
  "REZ": [
    0.00333621,
    0.00331879
  ],
  "DEGEN": [
    0.00068552,
    0.00068645
  ],
  "CORN": [
    0.04682982,
    0.04679607
  ],
  "CPOOL": [
    0.02526587,
    0.02546603
  ],
  "ALLO": [
    0.108045,
    0.107587
  ],
  "NEIRO": [
    0.00005655,
    0.00005605
  ],
  "MAGMA": [
    0.122021,
    0.121921
  ],
  "SATS": [
    1.0658e-8,
    1.0597e-8
  ],
  "SLP": [
    0.0005835,
    0.00058286
  ],
  "AURORA": [
    0.02814789,
    0.02819371
  ],
  "DENT": [
    0.00020166,
    0.00020165
  ],
  "BANK": [
    0.04076951,
    0.04065357
  ],
  "DSYNC": [
    0.01679371,
    0.01721158
  ],
  "DAO": [
    0.06764,
    0.066488
  ],
  "BOB": [
    0.00584467,
    0.00583586
  ],
  "NEWT": [
    0.072716,
    0.073667
  ],
  "RESOLV": [
    0.04115299,
    0.04071222
  ],
  "ROAM": [
    0.04135902,
    0.04159668
  ],
  "INIT": [
    0.077514,
    0.077027
  ],
  "SONIC": [
    0.03896354,
    0.03875252
  ],
  "NIL": [
    0.03199063,
    0.03220219
  ],
  "HONEY": [
    0.00234885,
    0.00229683
  ],
  "L3": [
    0.00975541,
    0.00940491
  ],
  "PAAL": [
    0.01427005,
    0.01428954
  ],
  "MUBARAK": [
    0.01138836,
    0.01132749
  ],
  "GRIFFAIN": [
    0.01098314,
    0.01091821
  ],
  "AIN": [
    0.058314,
    0.058239
  ],
  "TLM": [
    0.00163799,
    0.00163032
  ],
  "NKN": [
    0.01200651,
    0.01313509
  ],
  "IKA": [
    0.00337603,
    0.00338515
  ],
  "SWARMS": [
    0.00930091,
    0.00942352
  ],
  "TAI": [
    0.01584296,
    0.01572844
  ],
  "LAT": [
    0.00130025,
    0.00129768
  ],
  "HMSTR": [
    0.00013499,
    0.00013511
  ],
  "FUEL": [
    0.00105907,
    0.00106013
  ],
  "COS": [
    0.00155768,
    0.00153984
  ],
  "DUCK": [
    0.00107805,
    0.001079
  ],
  "AVL": [
    0.02661353,
    0.02683693
  ],
  "NAVX": [
    0.00860227,
    0.00858974
  ],
  "PIXEL": [
    0.00916659,
    0.00897669
  ],
  "COQ": [
    9.3978e-8,
    9.4781e-8
  ],
  "OBT": [
    0.00111721,
    0.00110903
  ],
  "RDNT": [
    0.00420217,
    0.00419656
  ],
  "HIPPO": [
    0.00051597,
    0.00051489
  ],
  "RSS3": [
    0.00567876,
    0.00559525
  ],
  "FWOG": [
    0.00479057,
    0.00479493
  ],
  "SOLV": [
    0.00316545,
    0.00313939
  ],
  "LYXE": [
    0.282283,
    0.282283
  ],
  "DMC": [
    0.00074014,
    0.00071489
  ],
  "FHE": [
    0.01759802,
    0.01742169
  ],
  "FORTH": [
    0.358985,
    0.359883
  ],
  "PTB": [
    0.00179322,
    0.0017593
  ],
  "GEAR": [
    0.00030036,
    0.0002965
  ],
  "HOOK": [
    0.00940325,
    0.00947639
  ],
  "FIS": [
    0.01547102,
    0.01544412
  ],
  "SAMO": [
    0.00040469,
    0.00040389
  ],
  "CUDIS": [
    0.00780168,
    0.00894335
  ],
  "OAS": [
    0.00033366,
    0.00033767
  ],
  "PERP": [
    0.02844991,
    0.0292412
  ],
  "A2Z": [
    0.00024665,
    0.00023631
  ],
  "EPT": [
    0.00082846,
    0.00081705
  ],
  "FLM": [
    0.00274302,
    0.00265715
  ],
  "GORK": [
    0.00147792,
    0.00146524
  ],
  "SAROS": [
    0.00053987,
    0.00053829
  ],
  "DATA": [
    0.00103152,
    0.0010272
  ],
  "INSP": [
    0.00124322,
    0.00124957
  ],
  "ACA": [
    0.00078355,
    0.00080008
  ],
  "FOXY": [
    0.0001258,
    0.00012805
  ],
  "RFC": [
    0.00052561,
    0.00052521
  ],
  "SWTCH": [
    0.00319538,
    0.00303072
  ],
  "BDXN": [
    0.00245557,
    0.00249955
  ],
  "LOOKS": [
    0.00039481,
    0.00039303
  ],
  "CHESS": [
    0.00150389,
    0.00150313
  ],
  "MOONPIG": [
    0.00031068,
    0.00031261
  ],
  "ROOT": [
    0.00006992,
    0.00006993
  ],
  "CHILLGUY": [
    0.00006203,
    0.00006203
  ],
  "APU": [
    0.00003193,
    0.00003199
  ],
  "HOLO": [
    0.00001291,
    0.00001284
  ],
  "GMMT": [
    0.00331427,
    0.00332527
  ],
  "RATS": [
    0.00005836,
    0.00005764
  ],
  "ADB": [
    null,
    null
  ]
}