{
  "STABLE": [
    0.03327679,
    0.03334045
  ],
  "PUMP": [
    0.00176188,
    0.00177482
  ],
  "SIREN": [
    0.67406,
    0.690926
  ],
  "AERO": [
    0.442072,
    0.447324
  ],
  "SKYAI": [
    0.351977,
    0.352128
  ],
  "MON": [
    0.0270237,
    0.02715978
  ],
  "JASMY": [
    0.0056246,
    0.00562589
  ],
  "LIT": [
    0.887288,
    0.88641
  ],
  "CVX": [
    1.67,
    1.68
  ],
  "BAT": [
    0.0964,
    0.096538
  ],
  "CHEEMS": [
    6.15876e-7,
    6.19941e-7
  ],
  "ATH": [
    0.00579886,
    0.0058164
  ],
  "COW": [
    0.184301,
    0.185035
  ],
  "BANANAS31": [
    0.00972074,
    0.00969143
  ],
  "BEAT": [
    0.549511,
    0.544179
  ],
  "ARC": [
    0.074715,
    0.075052
  ],
  "BAN": [
    0.072177,
    0.071811
  ],
  "TAG": [
    0.0006636,
    0.00065887
  ],
  "SAHARA": [
    0.02196071,
    0.02184985
  ],
  "CKB": [
    0.00146911,
    0.00146867
  ],
  "ONT": [
    0.070766,
    0.070742
  ],
  "NPC": [
    0.007776,
    0.00777239
  ],
  "POLYX": [
    0.04712664,
    0.04712364
  ],
  "MYX": [
    0.259618,
    0.260465
  ],
  "CSPR": [
    0.00281256,
    0.00280318
  ],
  "MAGMA": [
    0.230775,
    0.230702
  ],
  "IOTX": [
    0.00449927,
    0.0045042
  ],
  "ISLM": [
    0.0117305,
    0.01185559
  ],
  "MERL": [
    0.03273355,
    0.03281262
  ],
  "REZ": [
    0.00461432,
    0.00459906
  ],
  "HUMA": [
    0.02204814,
    0.02218135
  ],
  "NOT": [
    0.00038126,
    0.00038104
  ],
  "NEIRO": [
    0.00008766,
    0.0000886
  ],
  "SNEK": [
    0.00047358,
    0.00047301
  ],
  "DEP": [
    0.00110801,
    0.0011141
  ],
  "SATS": [
    1.363e-8,
    1.3819e-8
  ],
  "SPELL": [
    0.00016587,
    0.00016578
  ],
  "ALLO": [
    0.118807,
    0.122073
  ],
  "SWARMS": [
    0.02659243,
    0.02650945
  ],
  "GUN": [
    0.01503753,
    0.01479285
  ],
  "CPOOL": [
    0.02571159,
    0.02587371
  ],
  "SLP": [
    0.00068648,
    0.00068751
  ],
  "DEGEN": [
    0.00067246,
    0.00067262
  ],
  "CORN": [
    0.04022498,
    0.04021575
  ],
  "LRC": [
    0.01655066,
    0.01657334
  ],
  "NYM": [
    0.02290018,
    0.02243833
  ],
  "AURORA": [
    0.02618672,
    0.02612559
  ],
  "GRIFFAIN": [
    0.01795802,
    0.01805574
  ],
  "L3": [
    0.01249884,
    0.01214074
  ],
  "INIT": [
    0.090662,
    0.090938
  ],
  "AIN": [
    0.093476,
    0.093317
  ],
  "NIL": [
    0.03843648,
    0.03857247
  ],
  "NEWT": [
    0.073423,
    0.073156
  ],
  "BOB": [
    0.0055082,
    0.00554054
  ],
  "BANK": [
    0.03386798,
    0.03395362
  ],
  "SONIC": [
    0.03749804,
    0.03777169
  ],
  "MUBARAK": [
    0.01337851,
    0.01334463
  ],
  "DSYNC": [
    0.01293941,
    0.01296652
  ],
  "TLM": [
    0.00181183,
    0.00180899
  ],
  "PAAL": [
    0.01265813,
    0.01267861
  ],
  "RESOLV": [
    0.02916637,
    0.02905156
  ],
  "HONEY": [
    0.00190147,
    0.00189796
  ],
  "DAO": [
    0.04078836,
    0.04100747
  ],
  "IKA": [
    0.00338268,
    0.00337771
  ],
  "HMSTR": [
    0.000152,
    0.00015193
  ],
  "COQ": [
    1.35107e-7,
    1.34244e-7
  ],
  "TAI": [
    0.01535821,
    0.01570732
  ],
  "LAT": [
    0.00131328,
    0.00131551
  ],
  "RSS3": [
    0.00550033,
    0.00551288
  ],
  "AVL": [
    0.02590919,
    0.02591398
  ],
  "FUEL": [
    0.00091432,
    0.00091425
  ],
  "NAVX": [
    0.00869179,
    0.00869055
  ],
  "SOLV": [
    0.00460511,
    0.00456537
  ],
  "NKN": [
    0.00794912,
    0.00790263
  ],
  "PIXEL": [
    0.00809429,
    0.00811916
  ],
  "COS": [
    0.00112187,
    0.00112417
  ],
  "OBT": [
    0.00100273,
    0.00100327
  ],
  "DMC": [
    0.00069126,
    0.0006896
  ],
  "FWOG": [
    0.00448287,
    0.00447591
  ],
  "FHE": [
    0.01764,
    0.01753187
  ],
  "ROAM": [
    0.01218257,
    0.01201351
  ],
  "LYXE": [
    0.249772,
    0.249772
  ],
  "DENT": [
    0.00003897,
    0.00003908
  ],
  "GEAR": [
    0.00032475,
    0.00032477
  ],
  "OAS": [
    0.00047984,
    0.00047324
  ],
  "FORTH": [
    0.239221,
    0.241059
  ],
  "HOOK": [
    0.00818985,
    0.00803086
  ],
  "RDNT": [
    0.00180444,
    0.00177907
  ],
  "SAMO": [
    0.00035559,
    0.00035698
  ],
  "CUDIS": [
    0.007785,
    0.00778503
  ],
  "PERP": [
    0.02533738,
    0.02532807
  ],
  "EPT": [
    0.00071603,
    0.00070977
  ],
  "FIS": [
    0.01037442,
    0.01039058
  ],
  "HIPPO": [
    0.00015812,
    0.00015857
  ],
  "PTB": [
    0.00076037,
    0.00076411
  ],
  "FLM": [
    0.00261681,
    0.00260107
  ],
  "GORK": [
    0.00136835,
    0.00136763
  ],
  "SAROS": [
    0.00046249,
    0.00046752
  ],
  "DATA": [
    0.00070634,
    0.00070629
  ],
  "A2Z": [
    0.00009781,
    0.00009733
  ],
  "INSP": [
    0.00097564,
    0.00097757
  ],
  "ACA": [
    0.00065042,
    0.00064924
  ],
  "FOXY": [
    0.00011678,
    0.00011418
  ],
  "RFC": [
    0.00061943,
    0.00061952
  ],
  "DUCK": [
    0.00007319,
    0.0000738
  ],
  "SWTCH": [
    0.00325152,
    0.00329747
  ],
  "LOOKS": [
    0.00035439,
    0.00035023
  ],
  "BDXN": [
    0.00160698,
    0.00159539
  ],
  "MOONPIG": [
    0.00026282,
    0.00025986
  ],
  "ROOT": [
    0.00005916,
    0.00006184
  ],
  "CHILLGUY": [
    0.00010082,
    0.00010086
  ],
  "CHESS": [
    0.0002054,
    0.00020637
  ],
  "APU": [
    0.00003823,
    0.00003831
  ],
  "HOLO": [
    0.00001191,
    0.00001191
  ],
  "GMMT": [
    0.00243493,
    0.00243293
  ],
  "RATS": [
    0.00003858,
    0.00003855
  ],
  "ADB": [
    null,
    null
  ]
}