{
  "PUMP": [
    0.00189097,
    0.00183171
  ],
  "STABLE": [
    0.03641418,
    0.03632828
  ],
  "SIREN": [
    0.677099,
    0.674612
  ],
  "AERO": [
    0.458554,
    0.459465
  ],
  "MON": [
    0.02916296,
    0.02905265
  ],
  "JASMY": [
    0.0059321,
    0.00591153
  ],
  "LIT": [
    0.895852,
    0.897853
  ],
  "SKYAI": [
    0.204472,
    0.217729
  ],
  "CVX": [
    1.73,
    1.73
  ],
  "BAT": [
    0.100871,
    0.100962
  ],
  "CHEEMS": [
    6.08868e-7,
    6.09605e-7
  ],
  "ATH": [
    0.00591908,
    0.00592105
  ],
  "COW": [
    0.186501,
    0.186483
  ],
  "BANANAS31": [
    0.00945369,
    0.00946477
  ],
  "BEAT": [
    0.580098,
    0.580045
  ],
  "SAHARA": [
    0.02266014,
    0.02283976
  ],
  "BAN": [
    0.075024,
    0.07415
  ],
  "CKB": [
    0.00150353,
    0.00150707
  ],
  "ONT": [
    0.072655,
    0.072889
  ],
  "ARC": [
    0.065416,
    0.067106
  ],
  "NPC": [
    0.00803915,
    0.00806012
  ],
  "POLYX": [
    0.04950045,
    0.04948347
  ],
  "TAG": [
    0.00056247,
    0.00056226
  ],
  "MYX": [
    0.277723,
    0.273851
  ],
  "CSPR": [
    0.00292641,
    0.0029247
  ],
  "MERL": [
    0.03696292,
    0.03685568
  ],
  "IOTX": [
    0.00474281,
    0.00473374
  ],
  "ISLM": [
    0.0119723,
    0.01193337
  ],
  "NOT": [
    0.00039932,
    0.00040136
  ],
  "NEIRO": [
    0.00008946,
    0.00008941
  ],
  "HUMA": [
    0.0209725,
    0.02101718
  ],
  "REZ": [
    0.00427364,
    0.00426091
  ],
  "MAGMA": [
    0.18444,
    0.184112
  ],
  "SNEK": [
    0.00046283,
    0.00046154
  ],
  "DEP": [
    0.00110885,
    0.00111122
  ],
  "SATS": [
    1.4201e-8,
    1.4242e-8
  ],
  "SPELL": [
    0.00017304,
    0.00017304
  ],
  "SLP": [
    0.00072042,
    0.00072053
  ],
  "GUN": [
    0.01500364,
    0.01476152
  ],
  "ALLO": [
    0.111474,
    0.111195
  ],
  "CPOOL": [
    0.02510943,
    0.02501351
  ],
  "DEGEN": [
    0.00067185,
    0.00067608
  ],
  "LRC": [
    0.01871538,
    0.01835819
  ],
  "SWARMS": [
    0.02231429,
    0.02240035
  ],
  "NYM": [
    0.02671761,
    0.02671269
  ],
  "CORN": [
    0.04036063,
    0.04038804
  ],
  "GRIFFAIN": [
    0.01908796,
    0.01951168
  ],
  "AURORA": [
    0.02686966,
    0.02672978
  ],
  "INIT": [
    0.092194,
    0.092623
  ],
  "NIL": [
    0.03988134,
    0.03943903
  ],
  "NEWT": [
    0.077728,
    0.077806
  ],
  "BOB": [
    0.00580897,
    0.00583485
  ],
  "AIN": [
    0.088652,
    0.087389
  ],
  "L3": [
    0.01048487,
    0.0106787
  ],
  "MUBARAK": [
    0.01451466,
    0.01466858
  ],
  "BANK": [
    0.03402179,
    0.03395596
  ],
  "SONIC": [
    0.03923898,
    0.03896331
  ],
  "DSYNC": [
    0.01323197,
    0.01318548
  ],
  "TLM": [
    0.00185786,
    0.00186343
  ],
  "RESOLV": [
    0.03026879,
    0.0302743
  ],
  "HONEY": [
    0.00201503,
    0.00201299
  ],
  "PAAL": [
    0.01241209,
    0.0124767
  ],
  "IKA": [
    0.00357639,
    0.00357951
  ],
  "DAO": [
    0.0426978,
    0.0423617
  ],
  "HMSTR": [
    0.00015349,
    0.00015378
  ],
  "COQ": [
    1.3677e-7,
    1.37413e-7
  ],
  "TAI": [
    0.01592002,
    0.0159645
  ],
  "LAT": [
    0.00132122,
    0.00132536
  ],
  "AVL": [
    0.02599654,
    0.02637341
  ],
  "FUEL": [
    0.00092169,
    0.00092249
  ],
  "NAVX": [
    0.0087759,
    0.00875149
  ],
  "PIXEL": [
    0.00840717,
    0.00845188
  ],
  "NKN": [
    0.00827212,
    0.00812434
  ],
  "COS": [
    0.00116805,
    0.00116964
  ],
  "SOLV": [
    0.00407919,
    0.00405903
  ],
  "OBT": [
    0.00099361,
    0.00099167
  ],
  "RSS3": [
    0.00559057,
    0.00558946
  ],
  "ROAM": [
    0.01449449,
    0.01449062
  ],
  "DMC": [
    0.00072579,
    0.00072333
  ],
  "FHE": [
    0.01868775,
    0.01882134
  ],
  "FWOG": [
    0.00476813,
    0.00475048
  ],
  "DENT": [
    0.00004333,
    0.00004327
  ],
  "LYXE": [
    0.246753,
    0.24631
  ],
  "OAS": [
    0.00051339,
    0.00051692
  ],
  "GEAR": [
    0.00026732,
    0.00026738
  ],
  "FORTH": [
    0.246361,
    0.248338
  ],
  "RDNT": [
    0.00185048,
    0.00185047
  ],
  "HOOK": [
    0.00809242,
    0.00802514
  ],
  "SAMO": [
    0.0003611,
    0.00036051
  ],
  "CUDIS": [
    0.00774494,
    0.00773446
  ],
  "PERP": [
    0.02536903,
    0.02553487
  ],
  "PTB": [
    0.00079152,
    0.00079971
  ],
  "EPT": [
    0.00071541,
    0.00071291
  ],
  "FIS": [
    0.01054066,
    0.01056852
  ],
  "HIPPO": [
    0.00016199,
    0.00016204
  ],
  "FLM": [
    0.00261742,
    0.00266205
  ],
  "GORK": [
    0.00151993,
    0.00150936
  ],
  "SAROS": [
    0.00046699,
    0.0004622
  ],
  "DATA": [
    0.00070458,
    0.00070741
  ],
  "INSP": [
    0.00100502,
    0.00100633
  ],
  "ACA": [
    0.0006129,
    0.00062555
  ],
  "FOXY": [
    0.00011693,
    0.00011697
  ],
  "DUCK": [
    0.00008051,
    0.00007688
  ],
  "A2Z": [
    0.00007175,
    0.0000711
  ],
  "RFC": [
    0.00058782,
    0.00059
  ],
  "SWTCH": [
    0.00327862,
    0.00325047
  ],
  "LOOKS": [
    0.00036719,
    0.00037078
  ],
  "MOONPIG": [
    0.00026073,
    0.00025717
  ],
  "BDXN": [
    0.0015404,
    0.00152345
  ],
  "ROOT": [
    0.00006268,
    0.0000623
  ],
  "CHILLGUY": [
    0.00011217,
    0.00011208
  ],
  "APU": [
    0.0000393,
    0.00003898
  ],
  "CHESS": [
    0.00016979,
    0.00016958
  ],
  "HOLO": [
    0.00001191,
    0.00001191
  ],
  "GMMT": [
    0.00242195,
    0.00243773
  ],
  "RATS": [
    0.0000399,
    0.00004014
  ],
  "ADB": [
    null,
    null
  ]
}