{
  "PUMP": [
    0.00175558,
    0.00173472
  ],
  "STABLE": [
    0.03565594,
    0.03600704
  ],
  "SIREN": [
    0.675827,
    0.66478
  ],
  "AERO": [
    0.460221,
    0.462484
  ],
  "MON": [
    0.03063484,
    0.03057043
  ],
  "JASMY": [
    0.00589437,
    0.00589648
  ],
  "LIT": [
    0.857309,
    0.854449
  ],
  "SKYAI": [
    0.171392,
    0.168486
  ],
  "CVX": [
    1.72,
    1.72
  ],
  "BAT": [
    0.102239,
    0.10213
  ],
  "CHEEMS": [
    5.72141e-7,
    5.7274e-7
  ],
  "ATH": [
    0.00575976,
    0.00576759
  ],
  "COW": [
    0.18698,
    0.186907
  ],
  "BANANAS31": [
    0.00961426,
    0.00943185
  ],
  "TAG": [
    0.00074347,
    0.00074621
  ],
  "ARC": [
    0.073722,
    0.077906
  ],
  "SAHARA": [
    0.02276453,
    0.0227451
  ],
  "BEAT": [
    0.545363,
    0.532066
  ],
  "CKB": [
    0.00149261,
    0.00148673
  ],
  "ONT": [
    0.071688,
    0.071245
  ],
  "BAN": [
    0.072656,
    0.071244
  ],
  "NPC": [
    0.00797376,
    0.00796169
  ],
  "POLYX": [
    0.04903313,
    0.04880786
  ],
  "MERL": [
    0.0391852,
    0.03930206
  ],
  "MYX": [
    0.252259,
    0.253544
  ],
  "CSPR": [
    0.00288961,
    0.00289301
  ],
  "IOTX": [
    0.00470625,
    0.00468607
  ],
  "HUMA": [
    0.02356615,
    0.02302836
  ],
  "NOT": [
    0.00039873,
    0.00040052
  ],
  "NEIRO": [
    0.00008619,
    0.00008621
  ],
  "MAGMA": [
    0.195036,
    0.190711
  ],
  "SNEK": [
    0.00047256,
    0.00047534
  ],
  "REZ": [
    0.00393026,
    0.00389139
  ],
  "SPELL": [
    0.00017714,
    0.00017754
  ],
  "ISLM": [
    0.0118002,
    0.01188209
  ],
  "DEP": [
    0.00107854,
    0.00108007
  ],
  "SATS": [
    1.4016e-8,
    1.402e-8
  ],
  "SLP": [
    0.00069918,
    0.00069863
  ],
  "ALLO": [
    0.110115,
    0.112008
  ],
  "DEGEN": [
    0.00067723,
    0.0006726
  ],
  "CPOOL": [
    0.02489457,
    0.02483252
  ],
  "GUN": [
    0.01419418,
    0.01430634
  ],
  "NYM": [
    0.02863587,
    0.02869252
  ],
  "SWARMS": [
    0.02425722,
    0.02138697
  ],
  "CORN": [
    0.03983939,
    0.03998021
  ],
  "LRC": [
    0.01679018,
    0.01675833
  ],
  "AURORA": [
    0.02593956,
    0.02638962
  ],
  "NIL": [
    0.04077713,
    0.0408932
  ],
  "GRIFFAIN": [
    0.01757851,
    0.01750361
  ],
  "INIT": [
    0.090002,
    0.089195
  ],
  "AIN": [
    0.09042,
    0.091113
  ],
  "BOB": [
    0.00591063,
    0.00584776
  ],
  "NEWT": [
    0.076717,
    0.076529
  ],
  "L3": [
    0.01025224,
    0.01034302
  ],
  "SONIC": [
    0.04063876,
    0.0404748
  ],
  "BANK": [
    0.03322247,
    0.03333461
  ],
  "DSYNC": [
    0.01343534,
    0.01347034
  ],
  "MUBARAK": [
    0.01315605,
    0.01317721
  ],
  "TLM": [
    0.00182729,
    0.00183133
  ],
  "HONEY": [
    0.00206388,
    0.00207559
  ],
  "RESOLV": [
    0.02967788,
    0.02996555
  ],
  "PAAL": [
    0.01250195,
    0.01249823
  ],
  "DAO": [
    0.04187804,
    0.04173992
  ],
  "IKA": [
    0.00344521,
    0.003404
  ],
  "HMSTR": [
    0.00015359,
    0.00015298
  ],
  "TAI": [
    0.01652462,
    0.01670001
  ],
  "COQ": [
    1.37171e-7,
    1.37546e-7
  ],
  "LAT": [
    0.00131243,
    0.00131385
  ],
  "AVL": [
    0.02558152,
    0.02572411
  ],
  "NAVX": [
    0.00903163,
    0.00891615
  ],
  "FUEL": [
    0.00092228,
    0.00092242
  ],
  "NKN": [
    0.00827869,
    0.00822968
  ],
  "PIXEL": [
    0.008476,
    0.00826065
  ],
  "COS": [
    0.00116564,
    0.00116665
  ],
  "SOLV": [
    0.00406539,
    0.00404311
  ],
  "OBT": [
    0.00101025,
    0.00101097
  ],
  "RSS3": [
    0.00573659,
    0.00573152
  ],
  "ROAM": [
    0.01531232,
    0.01514422
  ],
  "DENT": [
    0.00005072,
    0.00005195
  ],
  "DMC": [
    0.00070899,
    0.00070992
  ],
  "FWOG": [
    0.00456372,
    0.00457772
  ],
  "FHE": [
    0.01807784,
    0.01791349
  ],
  "LYXE": [
    0.246452,
    0.246235
  ],
  "OAS": [
    0.00055047,
    0.00055239
  ],
  "FORTH": [
    0.237627,
    0.236141
  ],
  "HOOK": [
    0.00833293,
    0.00829715
  ],
  "RDNT": [
    0.00182066,
    0.0018309
  ],
  "GEAR": [
    0.00022475,
    0.00022476
  ],
  "SAMO": [
    0.00037062,
    0.00037094
  ],
  "CUDIS": [
    0.00782447,
    0.00774375
  ],
  "PERP": [
    0.02590707,
    0.02574546
  ],
  "EPT": [
    0.00072638,
    0.00072833
  ],
  "PTB": [
    0.00079893,
    0.00079974
  ],
  "FIS": [
    0.0106116,
    0.01065321
  ],
  "HIPPO": [
    0.00015938,
    0.00016166
  ],
  "FLM": [
    0.00263789,
    0.00265115
  ],
  "GORK": [
    0.00148099,
    0.00146486
  ],
  "SAROS": [
    0.00049625,
    0.00050095
  ],
  "DATA": [
    0.00071811,
    0.00071739
  ],
  "INSP": [
    0.00098232,
    0.00098439
  ],
  "ACA": [
    0.00065967,
    0.00066196
  ],
  "FOXY": [
    0.00011602,
    0.00011594
  ],
  "A2Z": [
    0.00007558,
    0.00007409
  ],
  "RFC": [
    0.00059357,
    0.00057713
  ],
  "DUCK": [
    0.00006735,
    0.00006858
  ],
  "SWTCH": [
    0.00327467,
    0.00332603
  ],
  "LOOKS": [
    0.00036599,
    0.00036582
  ],
  "MOONPIG": [
    0.00027399,
    0.00027312
  ],
  "BDXN": [
    0.00158982,
    0.00159434
  ],
  "ROOT": [
    0.00006018,
    0.00006273
  ],
  "CHILLGUY": [
    0.00012344,
    0.00012345
  ],
  "APU": [
    0.00004008,
    0.00004002
  ],
  "CHESS": [
    0.00017179,
    0.00017179
  ],
  "HOLO": [
    0.00001195,
    0.00001195
  ],
  "GMMT": [
    0.00250078,
    0.0024962
  ],
  "RATS": [
    0.00003776,
    0.00003746
  ],
  "ADB": [
    null,
    null
  ]
}