{
  "PUMP": [
    0.0019728,
    0.00195383
  ],
  "SIREN": [
    0.839522,
    0.819118
  ],
  "STABLE": [
    0.02589359,
    0.02598166
  ],
  "MON": [
    0.03647438,
    0.03590896
  ],
  "AERO": [
    0.376443,
    0.377272
  ],
  "LIT": [
    1.08,
    1.07
  ],
  "JASMY": [
    0.00540768,
    0.00541529
  ],
  "CVX": [
    1.8,
    1.79
  ],
  "BAT": [
    0.099638,
    0.099856
  ],
  "SKYAI": [
    0.121857,
    0.119192
  ],
  "ATH": [
    0.0061923,
    0.00614925
  ],
  "COW": [
    0.211569,
    0.203978
  ],
  "CHEEMS": [
    5.26634e-7,
    5.29518e-7
  ],
  "BANANAS31": [
    0.00999655,
    0.01006731
  ],
  "BAN": [
    0.077542,
    0.075445
  ],
  "ONT": [
    0.074598,
    0.074679
  ],
  "TAG": [
    0.0007039,
    0.00068467
  ],
  "CKB": [
    0.00151804,
    0.00152096
  ],
  "SAHARA": [
    0.02264648,
    0.02283538
  ],
  "ARC": [
    0.06995,
    0.069985
  ],
  "POLYX": [
    0.053389,
    0.053341
  ],
  "NPC": [
    0.00794779,
    0.0079735
  ],
  "MYX": [
    0.323795,
    0.311636
  ],
  "BEAT": [
    0.419601,
    0.429112
  ],
  "CSPR": [
    0.00295064,
    0.00301979
  ],
  "IOTX": [
    0.00453077,
    0.00467445
  ],
  "MERL": [
    0.03511908,
    0.035757
  ],
  "NOT": [
    0.00040541,
    0.00040083
  ],
  "NEIRO": [
    0.00009339,
    0.00008658
  ],
  "MAGMA": [
    0.19084,
    0.188438
  ],
  "SATS": [
    1.6417e-8,
    1.7009e-8
  ],
  "SNEK": [
    0.00043506,
    0.00043929
  ],
  "REZ": [
    0.00391422,
    0.00391226
  ],
  "ISLM": [
    0.01198796,
    0.01224497
  ],
  "DEP": [
    0.00110986,
    0.00111286
  ],
  "HUMA": [
    0.01746958,
    0.01752756
  ],
  "SPELL": [
    0.00016357,
    0.00016264
  ],
  "NYM": [
    0.03317289,
    0.03313453
  ],
  "DEGEN": [
    0.00075165,
    0.00074374
  ],
  "GUN": [
    0.01577139,
    0.01566033
  ],
  "CPOOL": [
    0.02615703,
    0.025331
  ],
  "ALLO": [
    0.111922,
    0.108462
  ],
  "BOB": [
    0.00807836,
    0.008347
  ],
  "SLP": [
    0.0006258,
    0.00062384
  ],
  "CORN": [
    0.04104659,
    0.0410742
  ],
  "LRC": [
    0.01661893,
    0.01662731
  ],
  "AURORA": [
    0.02730493,
    0.02729558
  ],
  "SWARMS": [
    0.01386743,
    0.01736332
  ],
  "BANK": [
    0.03731466,
    0.0387618
  ],
  "DSYNC": [
    0.01639426,
    0.01634936
  ],
  "NIL": [
    0.03742983,
    0.0379619
  ],
  "NEWT": [
    0.07518,
    0.074507
  ],
  "INIT": [
    0.084189,
    0.084928
  ],
  "DENT": [
    0.00016162,
    0.00016291
  ],
  "L3": [
    0.01080988,
    0.01077718
  ],
  "MUBARAK": [
    0.01438066,
    0.01439489
  ],
  "GRIFFAIN": [
    0.01309068,
    0.01386338
  ],
  "RESOLV": [
    0.03471575,
    0.03510752
  ],
  "SONIC": [
    0.03671713,
    0.03690206
  ],
  "AIN": [
    0.069938,
    0.070327
  ],
  "PAAL": [
    0.01378667,
    0.0136646
  ],
  "DAO": [
    0.04886503,
    0.0482165
  ],
  "IKA": [
    0.00373216,
    0.00384425
  ],
  "TLM": [
    0.00170006,
    0.00171958
  ],
  "HONEY": [
    0.00187586,
    0.0018404
  ],
  "HMSTR": [
    0.00015214,
    0.00015096
  ],
  "TAI": [
    0.01661948,
    0.01644401
  ],
  "LAT": [
    0.00136594,
    0.00135812
  ],
  "COQ": [
    1.22655e-7,
    1.20482e-7
  ],
  "AVL": [
    0.02665004,
    0.02676306
  ],
  "FUEL": [
    0.00094209,
    0.000943
  ],
  "NAVX": [
    0.00889287,
    0.00891645
  ],
  "ROAM": [
    0.01970861,
    0.01926181
  ],
  "NKN": [
    0.00828117,
    0.00829477
  ],
  "COS": [
    0.00124746,
    0.00126873
  ],
  "PIXEL": [
    0.00846627,
    0.0083019
  ],
  "SOLV": [
    0.00421622,
    0.00423967
  ],
  "OBT": [
    0.0010455,
    0.00104372
  ],
  "RSS3": [
    0.00592874,
    0.00609243
  ],
  "FHE": [
    0.01868804,
    0.01893946
  ],
  "FWOG": [
    0.00492518,
    0.00479586
  ],
  "DMC": [
    0.00069212,
    0.00069049
  ],
  "LYXE": [
    0.244013,
    0.24141
  ],
  "GEAR": [
    0.00030091,
    0.00029967
  ],
  "FORTH": [
    0.269735,
    0.270307
  ],
  "RDNT": [
    0.00209411,
    0.00209162
  ],
  "OAS": [
    0.0004092,
    0.00041201
  ],
  "SAMO": [
    0.00043003,
    0.00042815
  ],
  "PTB": [
    0.00113916,
    0.00114454
  ],
  "HOOK": [
    0.00820488,
    0.00822426
  ],
  "PERP": [
    0.02684955,
    0.02745904
  ],
  "CUDIS": [
    0.0078072,
    0.00795945
  ],
  "EPT": [
    0.00075916,
    0.00075431
  ],
  "FLM": [
    0.00295754,
    0.00303682
  ],
  "FIS": [
    0.01077261,
    0.010595
  ],
  "HIPPO": [
    0.00017538,
    0.00016398
  ],
  "GORK": [
    0.00146236,
    0.00149135
  ],
  "DATA": [
    0.00095702,
    0.0009613
  ],
  "SAROS": [
    0.00042326,
    0.00042358
  ],
  "INSP": [
    0.00104015,
    0.00105765
  ],
  "ACA": [
    0.00068715,
    0.00068039
  ],
  "A2Z": [
    0.00007489,
    0.00008218
  ],
  "DUCK": [
    0.00008404,
    0.00008483
  ],
  "FOXY": [
    0.00011694,
    0.00011107
  ],
  "RFC": [
    0.000582,
    0.00057195
  ],
  "SWTCH": [
    0.00350266,
    0.00338548
  ],
  "LOOKS": [
    0.00039953,
    0.00039764
  ],
  "MOONPIG": [
    0.00029902,
    0.00029999
  ],
  "BDXN": [
    0.00184229,
    0.00183563
  ],
  "ROOT": [
    0.0000609,
    0.0000591
  ],
  "CHILLGUY": [
    0.00007866,
    0.00007946
  ],
  "APU": [
    0.00003948,
    0.00003567
  ],
  "CHESS": [
    0.00015824,
    0.0001589
  ],
  "HOLO": [
    0.00001248,
    0.00001248
  ],
  "GMMT": [
    0.00338175,
    0.0033683
  ],
  "RATS": [
    0.00004649,
    0.00005092
  ],
  "ADB": [
    null,
    null
  ]
}