{
  "PUMP": [
    0.00176253,
    0.00181777
  ],
  "STABLE": [
    0.025128,
    0.025743
  ],
  "SIREN": [
    0.609524,
    0.706218
  ],
  "MON": [
    0.03052612,
    0.03192568
  ],
  "AERO": [
    0.350011,
    0.356429
  ],
  "JASMY": [
    0.00521847,
    0.00532647
  ],
  "LIT": [
    1.006,
    1.022
  ],
  "CVX": [
    1.76,
    1.79
  ],
  "BAT": [
    0.099494,
    0.100072
  ],
  "COW": [
    0.214466,
    0.216023
  ],
  "ATH": [
    0.00606163,
    0.00602964
  ],
  "BANANAS31": [
    0.00963893,
    0.00976665
  ],
  "CHEEMS": [
    4.34903e-7,
    4.32734e-7
  ],
  "ONT": [
    0.080026,
    0.081807
  ],
  "CKB": [
    0.00145447,
    0.00146468
  ],
  "SKYAI": [
    0.074062,
    0.070999
  ],
  "SAHARA": [
    0.02246091,
    0.02251142
  ],
  "ARC": [
    0.063567,
    0.069973
  ],
  "TAG": [
    0.00059705,
    0.00059134
  ],
  "POLYX": [
    0.0491655,
    0.04942759
  ],
  "NPC": [
    0.00706971,
    0.00709441
  ],
  "BAN": [
    0.055891,
    0.05532
  ],
  "CSPR": [
    0.00307151,
    0.00316088
  ],
  "MYX": [
    0.235612,
    0.246224
  ],
  "IOTX": [
    0.00467206,
    0.00464051
  ],
  "BEAT": [
    0.286106,
    0.290561
  ],
  "NOT": [
    0.00034962,
    0.00035835
  ],
  "MAGMA": [
    0.151152,
    0.169691
  ],
  "SNEK": [
    0.00041857,
    0.00042316
  ],
  "DEP": [
    0.00112836,
    0.00112822
  ],
  "REZ": [
    0.00372008,
    0.00367715
  ],
  "ISLM": [
    0.01159851,
    0.01185546
  ],
  "NYM": [
    0.035053,
    0.03517897
  ],
  "GUN": [
    0.01686751,
    0.01649396
  ],
  "DEGEN": [
    0.00075167,
    0.00075987
  ],
  "SPELL": [
    0.00016119,
    0.00016082
  ],
  "MERL": [
    0.02228445,
    0.0229696
  ],
  "HUMA": [
    0.01435161,
    0.01500309
  ],
  "NEIRO": [
    0.00005767,
    0.00005899
  ],
  "ALLO": [
    0.108749,
    0.108096
  ],
  "CPOOL": [
    0.0237565,
    0.02435966
  ],
  "SATS": [
    1.0929e-8,
    1.1095e-8
  ],
  "BOB": [
    0.00688388,
    0.00811072
  ],
  "SLP": [
    0.00058641,
    0.00059623
  ],
  "LRC": [
    0.01700641,
    0.01704758
  ],
  "L3": [
    0.01400543,
    0.01444356
  ],
  "CORN": [
    0.03751698,
    0.03810688
  ],
  "AURORA": [
    0.02756351,
    0.02760808
  ],
  "SWARMS": [
    0.01612564,
    0.01725379
  ],
  "GRIFFAIN": [
    0.01822148,
    0.01690261
  ],
  "RESOLV": [
    0.04081842,
    0.04095268
  ],
  "DENT": [
    0.00016383,
    0.00016592
  ],
  "INIT": [
    0.081259,
    0.081873
  ],
  "DSYNC": [
    0.01518418,
    0.01521082
  ],
  "NIL": [
    0.03464179,
    0.03520375
  ],
  "NEWT": [
    0.067836,
    0.066685
  ],
  "BANK": [
    0.03331233,
    0.03368474
  ],
  "SONIC": [
    0.03554616,
    0.03589305
  ],
  "DAO": [
    0.050684,
    0.050931
  ],
  "PAAL": [
    0.01390779,
    0.01329529
  ],
  "MUBARAK": [
    0.01171824,
    0.01179089
  ],
  "IKA": [
    0.00406044,
    0.0039059
  ],
  "HONEY": [
    0.00189741,
    0.00190463
  ],
  "TLM": [
    0.00163379,
    0.00164168
  ],
  "AIN": [
    0.056655,
    0.056912
  ],
  "TAI": [
    0.01744442,
    0.01761001
  ],
  "LAT": [
    0.00136866,
    0.00134492
  ],
  "HMSTR": [
    0.00014315,
    0.00014187
  ],
  "AVL": [
    0.0297734,
    0.02950852
  ],
  "ROAM": [
    0.02621922,
    0.02457612
  ],
  "COQ": [
    1.01295e-7,
    1.05207e-7
  ],
  "SOLV": [
    0.0047163,
    0.00491982
  ],
  "FUEL": [
    0.00093937,
    0.00094084
  ],
  "NAVX": [
    0.00882262,
    0.00887739
  ],
  "COS": [
    0.00126693,
    0.00128177
  ],
  "NKN": [
    0.00804839,
    0.0078935
  ],
  "PIXEL": [
    0.00741216,
    0.00755621
  ],
  "OBT": [
    0.00103792,
    0.00103367
  ],
  "RSS3": [
    0.00566567,
    0.00576458
  ],
  "FWOG": [
    0.00489803,
    0.00499608
  ],
  "FHE": [
    0.01944814,
    0.01957038
  ],
  "DMC": [
    0.00072076,
    0.00071659
  ],
  "LYXE": [
    0.250814,
    0.243025
  ],
  "RDNT": [
    0.0023691,
    0.0023512
  ],
  "FORTH": [
    0.292829,
    0.274061
  ],
  "GEAR": [
    0.00029187,
    0.00028772
  ],
  "HOOK": [
    0.00834939,
    0.00842896
  ],
  "SAMO": [
    0.00042397,
    0.00042655
  ],
  "PTB": [
    0.00109807,
    0.00115991
  ],
  "OAS": [
    0.00035994,
    0.00035355
  ],
  "HIPPO": [
    0.00020468,
    0.00021501
  ],
  "PERP": [
    0.02906871,
    0.02909136
  ],
  "CUDIS": [
    0.0078734,
    0.00794271
  ],
  "FIS": [
    0.01205664,
    0.01165502
  ],
  "EPT": [
    0.0007514,
    0.00075895
  ],
  "GORK": [
    0.00169527,
    0.00169047
  ],
  "FLM": [
    0.00290619,
    0.00289013
  ],
  "DATA": [
    0.00097898,
    0.00099262
  ],
  "SAROS": [
    0.00037568,
    0.00037812
  ],
  "DUCK": [
    0.00014168,
    0.00011897
  ],
  "INSP": [
    0.00106783,
    0.00111048
  ],
  "ACA": [
    0.00073007,
    0.00074877
  ],
  "A2Z": [
    0.00009502,
    0.00009106
  ],
  "SWTCH": [
    0.00342904,
    0.00366006
  ],
  "FOXY": [
    0.00009508,
    0.00009223
  ],
  "RFC": [
    0.00055816,
    0.00055826
  ],
  "LOOKS": [
    0.00034431,
    0.00036726
  ],
  "BDXN": [
    0.00183577,
    0.00184759
  ],
  "MOONPIG": [
    0.00029595,
    0.00030102
  ],
  "ROOT": [
    0.00006319,
    0.0000577
  ],
  "CHILLGUY": [
    0.00006822,
    0.00006822
  ],
  "APU": [
    0.00003411,
    0.00003443
  ],
  "CHESS": [
    0.00012214,
    0.00013521
  ],
  "HOLO": [
    0.0000125,
    0.00001254
  ],
  "GMMT": [
    0.00378773,
    0.00394018
  ],
  "RATS": [
    0.00003629,
    0.00003627
  ],
  "ADB": [
    null,
    null
  ]
}