{
  "PUMP": [
    0.00175602,
    0.00175931
  ],
  "STABLE": [
    0.0356773,
    0.0359266
  ],
  "SIREN": [
    0.621774,
    0.6218
  ],
  "AERO": [
    0.455572,
    0.457267
  ],
  "MON": [
    0.03188801,
    0.03145646
  ],
  "JASMY": [
    0.00597169,
    0.00588854
  ],
  "LIT": [
    0.874593,
    0.870047
  ],
  "SKYAI": [
    0.175311,
    0.17532
  ],
  "CVX": [
    1.75,
    1.75
  ],
  "BAT": [
    0.103489,
    0.103438
  ],
  "CHEEMS": [
    5.83092e-7,
    5.78896e-7
  ],
  "ATH": [
    0.0058549,
    0.00586187
  ],
  "COW": [
    0.188126,
    0.188657
  ],
  "BANANAS31": [
    0.0098266,
    0.0098165
  ],
  "BAN": [
    0.077216,
    0.076758
  ],
  "TAG": [
    0.00067292,
    0.00070969
  ],
  "BEAT": [
    0.524677,
    0.53715
  ],
  "SAHARA": [
    0.02307447,
    0.02270713
  ],
  "CKB": [
    0.00151785,
    0.00151597
  ],
  "ONT": [
    0.070436,
    0.069822
  ],
  "ARC": [
    0.067686,
    0.069077
  ],
  "NPC": [
    0.00832222,
    0.00834333
  ],
  "POLYX": [
    0.04976312,
    0.04947792
  ],
  "MERL": [
    0.0404055,
    0.04028688
  ],
  "MYX": [
    0.245838,
    0.245923
  ],
  "CSPR": [
    0.00291438,
    0.00291284
  ],
  "IOTX": [
    0.00476427,
    0.00472668
  ],
  "HUMA": [
    0.0237018,
    0.02307329
  ],
  "NOT": [
    0.00039667,
    0.00039328
  ],
  "MAGMA": [
    0.197452,
    0.197274
  ],
  "NEIRO": [
    0.00008618,
    0.00008626
  ],
  "SNEK": [
    0.00048231,
    0.00048051
  ],
  "REZ": [
    0.00395803,
    0.00395008
  ],
  "SPELL": [
    0.00018826,
    0.0001832
  ],
  "ISLM": [
    0.01192097,
    0.0119033
  ],
  "DEP": [
    0.00109283,
    0.00109474
  ],
  "SATS": [
    1.4215e-8,
    1.412e-8
  ],
  "DEGEN": [
    0.00067895,
    0.00070145
  ],
  "SLP": [
    0.0007005,
    0.00069863
  ],
  "CPOOL": [
    0.02539386,
    0.0251245
  ],
  "SWARMS": [
    0.02428568,
    0.02455342
  ],
  "GUN": [
    0.01424354,
    0.01399903
  ],
  "NYM": [
    0.02897629,
    0.02906087
  ],
  "ALLO": [
    0.110184,
    0.10633
  ],
  "LRC": [
    0.01695704,
    0.01693418
  ],
  "CORN": [
    0.03993649,
    0.03996434
  ],
  "NIL": [
    0.04214681,
    0.0422747
  ],
  "AURORA": [
    0.02647672,
    0.02612043
  ],
  "GRIFFAIN": [
    0.01793172,
    0.01807336
  ],
  "BOB": [
    0.00576367,
    0.00616739
  ],
  "AIN": [
    0.086924,
    0.088965
  ],
  "INIT": [
    0.0874,
    0.087099
  ],
  "NEWT": [
    0.076604,
    0.076646
  ],
  "L3": [
    0.01030104,
    0.01021175
  ],
  "BANK": [
    0.03365921,
    0.03361579
  ],
  "SONIC": [
    0.04166512,
    0.03980511
  ],
  "DSYNC": [
    0.01377004,
    0.01381872
  ],
  "MUBARAK": [
    0.01332218,
    0.01335245
  ],
  "TLM": [
    0.0018299,
    0.00182876
  ],
  "HONEY": [
    0.00202392,
    0.00204006
  ],
  "RESOLV": [
    0.02861314,
    0.02963329
  ],
  "PAAL": [
    0.01260508,
    0.01261042
  ],
  "DAO": [
    0.04236711,
    0.04255883
  ],
  "IKA": [
    0.00353933,
    0.00353142
  ],
  "HMSTR": [
    0.00015452,
    0.00015443
  ],
  "TAI": [
    0.01657266,
    0.0165585
  ],
  "COQ": [
    1.40568e-7,
    1.3903e-7
  ],
  "LAT": [
    0.00131944,
    0.00131732
  ],
  "AVL": [
    0.02618532,
    0.02611455
  ],
  "NAVX": [
    0.00887343,
    0.00896503
  ],
  "FUEL": [
    0.0009261,
    0.00092558
  ],
  "NKN": [
    0.00841661,
    0.0084086
  ],
  "PIXEL": [
    0.00822389,
    0.00832294
  ],
  "COS": [
    0.00118709,
    0.00121043
  ],
  "SOLV": [
    0.00402582,
    0.00397329
  ],
  "OBT": [
    0.00100814,
    0.00100309
  ],
  "ROAM": [
    0.01522157,
    0.01522863
  ],
  "RSS3": [
    0.00566738,
    0.00567477
  ],
  "DENT": [
    0.0000564,
    0.00005476
  ],
  "DMC": [
    0.0007098,
    0.00070882
  ],
  "FWOG": [
    0.00471205,
    0.00469731
  ],
  "FHE": [
    0.01797858,
    0.01779313
  ],
  "LYXE": [
    0.252755,
    0.249136
  ],
  "OAS": [
    0.00056479,
    0.00055659
  ],
  "FORTH": [
    0.237819,
    0.239659
  ],
  "HOOK": [
    0.0083319,
    0.00837398
  ],
  "RDNT": [
    0.00182473,
    0.00181875
  ],
  "GEAR": [
    0.00022687,
    0.0002267
  ],
  "SAMO": [
    0.0003734,
    0.00037334
  ],
  "CUDIS": [
    0.00785386,
    0.00785281
  ],
  "PERP": [
    0.02595226,
    0.02597032
  ],
  "PTB": [
    0.00087833,
    0.00086384
  ],
  "EPT": [
    0.00073492,
    0.00073413
  ],
  "FIS": [
    0.01058168,
    0.01051481
  ],
  "HIPPO": [
    0.00015929,
    0.00016214
  ],
  "FLM": [
    0.0026739,
    0.00267065
  ],
  "GORK": [
    0.00149142,
    0.00151119
  ],
  "SAROS": [
    0.00049954,
    0.00050184
  ],
  "DATA": [
    0.00072414,
    0.00072475
  ],
  "INSP": [
    0.00107838,
    0.00106635
  ],
  "ACA": [
    0.00067755,
    0.00067831
  ],
  "FOXY": [
    0.00011617,
    0.00011529
  ],
  "A2Z": [
    0.00007583,
    0.00007324
  ],
  "RFC": [
    0.00058671,
    0.0005866
  ],
  "SWTCH": [
    0.00338946,
    0.0033746
  ],
  "DUCK": [
    0.00006793,
    0.00006809
  ],
  "LOOKS": [
    0.00036905,
    0.00037
  ],
  "MOONPIG": [
    0.00027201,
    0.00027225
  ],
  "BDXN": [
    0.00160705,
    0.00155809
  ],
  "ROOT": [
    0.00006217,
    0.00006093
  ],
  "CHILLGUY": [
    0.0001284,
    0.00012829
  ],
  "APU": [
    0.00003903,
    0.0000387
  ],
  "CHESS": [
    0.00017068,
    0.00017069
  ],
  "HOLO": [
    0.00001228,
    0.00001228
  ],
  "GMMT": [
    0.00252657,
    0.00252393
  ],
  "RATS": [
    0.00003757,
    0.00003774
  ],
  "ADB": [
    null,
    null
  ]
}