{
  "PUMP": [
    0.00161543,
    0.00158881
  ],
  "STABLE": [
    0.03166918,
    0.03507538
  ],
  "AERO": [
    0.315223,
    0.313044
  ],
  "JASMY": [
    0.00533663,
    0.00534437
  ],
  "MON": [
    0.02331917,
    0.02298396
  ],
  "LIT": [
    0.857994,
    0.861261
  ],
  "CVX": [
    1.7,
    1.69
  ],
  "SIREN": [
    0.196393,
    0.198658
  ],
  "BAT": [
    0.094167,
    0.093874
  ],
  "BANANAS31": [
    0.01346825,
    0.0134358
  ],
  "ATH": [
    0.00672527,
    0.00656805
  ],
  "COW": [
    0.199171,
    0.19863
  ],
  "ONT": [
    0.120179,
    0.115573
  ],
  "CHEEMS": [
    4.64263e-7,
    4.56129e-7
  ],
  "TAG": [
    0.00069498,
    0.00072927
  ],
  "CKB": [
    0.00139543,
    0.00138971
  ],
  "SAHARA": [
    0.02092168,
    0.02125844
  ],
  "SKYAI": [
    0.061083,
    0.063337
  ],
  "BAN": [
    0.059967,
    0.061327
  ],
  "ARC": [
    0.058592,
    0.057893
  ],
  "NPC": [
    0.0071634,
    0.00717964
  ],
  "POLYX": [
    0.04432921,
    0.04426524
  ],
  "BEAT": [
    0.40828,
    0.40503
  ],
  "CSPR": [
    0.00307288,
    0.00304566
  ],
  "IOTX": [
    0.00450428,
    0.00444715
  ],
  "MYX": [
    0.196537,
    0.201794
  ],
  "NOT": [
    0.00035032,
    0.0003479
  ],
  "SNEK": [
    0.00043827,
    0.00043574
  ],
  "DEP": [
    0.00114715,
    0.00114471
  ],
  "ISLM": [
    0.01202171,
    0.01206363
  ],
  "NYM": [
    0.03393874,
    0.03394507
  ],
  "GUN": [
    0.01592327,
    0.01586898
  ],
  "MERL": [
    0.0224243,
    0.02250274
  ],
  "REZ": [
    0.00334468,
    0.00331176
  ],
  "SPELL": [
    0.00015847,
    0.00015636
  ],
  "DEGEN": [
    0.0006717,
    0.00066742
  ],
  "CORN": [
    0.04407177,
    0.0447702
  ],
  "ALLO": [
    0.106913,
    0.106265
  ],
  "HUMA": [
    0.01379244,
    0.01346255
  ],
  "LRC": [
    0.01871027,
    0.01859512
  ],
  "NEIRO": [
    0.00005498,
    0.00005447
  ],
  "SATS": [
    1.0754e-8,
    1.0592e-8
  ],
  "SLP": [
    0.00057643,
    0.00057683
  ],
  "CPOOL": [
    0.0213294,
    0.02111616
  ],
  "MAGMA": [
    0.102515,
    0.102818
  ],
  "AURORA": [
    0.0264698,
    0.02618245
  ],
  "BANK": [
    0.04423023,
    0.03860865
  ],
  "RESOLV": [
    0.04144806,
    0.04202929
  ],
  "DENT": [
    0.00017035,
    0.00016927
  ],
  "BOB": [
    0.00527157,
    0.00528713
  ],
  "INIT": [
    0.081235,
    0.07987
  ],
  "NIL": [
    0.03385282,
    0.03358213
  ],
  "NEWT": [
    0.066861,
    0.066638
  ],
  "DAO": [
    0.057356,
    0.05693
  ],
  "DSYNC": [
    0.01440004,
    0.01390474
  ],
  "SONIC": [
    0.03709198,
    0.03708901
  ],
  "ROAM": [
    0.03679802,
    0.03703527
  ],
  "L3": [
    0.00869094,
    0.00845146
  ],
  "GRIFFAIN": [
    0.01139382,
    0.01143207
  ],
  "PAAL": [
    0.01341757,
    0.01272437
  ],
  "HONEY": [
    0.00197446,
    0.00197489
  ],
  "IKA": [
    0.00387141,
    0.00374225
  ],
  "MUBARAK": [
    0.01102287,
    0.01097447
  ],
  "AIN": [
    0.057849,
    0.058046
  ],
  "TLM": [
    0.00159161,
    0.00158972
  ],
  "SWARMS": [
    0.0109615,
    0.01034531
  ],
  "NKN": [
    0.01103368,
    0.0113257
  ],
  "TAI": [
    0.01537551,
    0.0153797
  ],
  "LAT": [
    0.00130697,
    0.00130836
  ],
  "HMSTR": [
    0.00013725,
    0.00013515
  ],
  "SOLV": [
    0.00502285,
    0.00580857
  ],
  "AVL": [
    0.0262083,
    0.02645688
  ],
  "FUEL": [
    0.00092183,
    0.00092008
  ],
  "NAVX": [
    0.00826714,
    0.00863854
  ],
  "COS": [
    0.00135655,
    0.00134208
  ],
  "COQ": [
    9.2577e-8,
    9.2795e-8
  ],
  "PIXEL": [
    0.00746384,
    0.00728023
  ],
  "OBT": [
    0.00100462,
    0.00100431
  ],
  "HIPPO": [
    0.0005258,
    0.00052807
  ],
  "RSS3": [
    0.00520129,
    0.00526689
  ],
  "FWOG": [
    0.00480954,
    0.00477293
  ],
  "DMC": [
    0.00071678,
    0.00071265
  ],
  "FHE": [
    0.01709375,
    0.01718441
  ],
  "LYXE": [
    0.264356,
    0.263011
  ],
  "RDNT": [
    0.00300867,
    0.00301183
  ],
  "DUCK": [
    0.0004286,
    0.00044738
  ],
  "GEAR": [
    0.00029901,
    0.00029927
  ],
  "FORTH": [
    0.250222,
    0.257772
  ],
  "HOOK": [
    0.0080716,
    0.00813739
  ],
  "SAMO": [
    0.00041165,
    0.00040396
  ],
  "OAS": [
    0.00032905,
    0.0003258
  ],
  "FIS": [
    0.01355386,
    0.01334743
  ],
  "PERP": [
    0.02868119,
    0.02766601
  ],
  "CUDIS": [
    0.00757586,
    0.00755908
  ],
  "EPT": [
    0.00073572,
    0.00073314
  ],
  "FLM": [
    0.00277638,
    0.00273651
  ],
  "PTB": [
    0.00069552,
    0.00070347
  ],
  "GORK": [
    0.00141174,
    0.00129122
  ],
  "DATA": [
    0.00096842,
    0.00096517
  ],
  "SAROS": [
    0.00049389,
    0.00045178
  ],
  "INSP": [
    0.0014152,
    0.0013801
  ],
  "SWTCH": [
    0.00507538,
    0.00526225
  ],
  "ACA": [
    0.0007018,
    0.00067652
  ],
  "A2Z": [
    0.00007738,
    0.00007659
  ],
  "FOXY": [
    0.00009417,
    0.00009092
  ],
  "RFC": [
    0.00054147,
    0.00053908
  ],
  "LOOKS": [
    0.00041204,
    0.00041072
  ],
  "BDXN": [
    0.00189089,
    0.00202043
  ],
  "MOONPIG": [
    0.00027876,
    0.00027876
  ],
  "CHESS": [
    0.00110173,
    0.00109691
  ],
  "ROOT": [
    0.00005899,
    0.00005898
  ],
  "CHILLGUY": [
    0.00006699,
    0.00006699
  ],
  "APU": [
    0.00003096,
    0.00003095
  ],
  "HOLO": [
    0.00001438,
    0.00001414
  ],
  "RATS": [
    0.00004072,
    0.00004126
  ],
  "GMMT": [
    0.00454549,
    0.0041788
  ],
  "ADB": [
    null,
    null
  ]
}