{
  "SIREN": [
    1.7,
    1.69
  ],
  "PUMP": [
    0.00172598,
    0.00170567
  ],
  "STABLE": [
    0.02589912,
    0.0257382
  ],
  "AERO": [
    0.32649,
    0.32454
  ],
  "JASMY": [
    0.00528208,
    0.00528305
  ],
  "MON": [
    0.02370078,
    0.02328596
  ],
  "LIT": [
    0.86216,
    0.8577
  ],
  "CVX": [
    1.65,
    1.64
  ],
  "BAT": [
    0.095293,
    0.093982
  ],
  "BANANAS31": [
    0.01312508,
    0.01311999
  ],
  "ATH": [
    0.0069734,
    0.00683587
  ],
  "COW": [
    0.198105,
    0.196389
  ],
  "CHEEMS": [
    4.18943e-7,
    4.12705e-7
  ],
  "SAHARA": [
    0.02579205,
    0.02561302
  ],
  "BEAT": [
    0.468559,
    0.498184
  ],
  "CKB": [
    0.00137416,
    0.00138217
  ],
  "SKYAI": [
    0.063871,
    0.063757
  ],
  "TAG": [
    0.0005739,
    0.00057175
  ],
  "NPC": [
    0.00765932,
    0.00759459
  ],
  "ONT": [
    0.062089,
    0.063941
  ],
  "BAN": [
    0.056661,
    0.056486
  ],
  "POLYX": [
    0.04466379,
    0.04472357
  ],
  "CSPR": [
    0.00330308,
    0.00334941
  ],
  "ARC": [
    0.05143,
    0.051783
  ],
  "MYX": [
    0.249796,
    0.24706
  ],
  "IOTX": [
    0.00469121,
    0.00467893
  ],
  "NOT": [
    0.00035268,
    0.00034676
  ],
  "ISLM": [
    0.01286632,
    0.01277324
  ],
  "DEP": [
    0.00116141,
    0.0011627
  ],
  "SNEK": [
    0.00042967,
    0.00042806
  ],
  "MERL": [
    0.02487085,
    0.02457139
  ],
  "LRC": [
    0.02298202,
    0.02301356
  ],
  "SPELL": [
    0.00016419,
    0.00016278
  ],
  "HUMA": [
    0.01576625,
    0.01573376
  ],
  "NYM": [
    0.03253885,
    0.03252981
  ],
  "GUN": [
    0.0163114,
    0.01611568
  ],
  "REZ": [
    0.0033334,
    0.00324056
  ],
  "DEGEN": [
    0.00068496,
    0.00068032
  ],
  "CORN": [
    0.04657219,
    0.04654844
  ],
  "MAGMA": [
    0.123636,
    0.125916
  ],
  "NEIRO": [
    0.00005573,
    0.00005515
  ],
  "ALLO": [
    0.104995,
    0.104977
  ],
  "CPOOL": [
    0.02407647,
    0.02355549
  ],
  "SATS": [
    1.0555e-8,
    1.0481e-8
  ],
  "SLP": [
    0.00058395,
    0.00058197
  ],
  "AURORA": [
    0.02736257,
    0.02734867
  ],
  "DENT": [
    0.00018599,
    0.00018524
  ],
  "BANK": [
    0.04098286,
    0.04109695
  ],
  "DAO": [
    0.068237,
    0.068263
  ],
  "DSYNC": [
    0.01661452,
    0.01643748
  ],
  "BOB": [
    0.00573721,
    0.00559267
  ],
  "NEWT": [
    0.070922,
    0.070957
  ],
  "RESOLV": [
    0.03895321,
    0.03823849
  ],
  "INIT": [
    0.079063,
    0.07869
  ],
  "SONIC": [
    0.0387627,
    0.03841156
  ],
  "NIL": [
    0.03233277,
    0.03184284
  ],
  "ROAM": [
    0.0396086,
    0.03939804
  ],
  "PAAL": [
    0.0150101,
    0.01490224
  ],
  "L3": [
    0.0095846,
    0.00956187
  ],
  "HONEY": [
    0.00213712,
    0.0021508
  ],
  "MUBARAK": [
    0.01121681,
    0.01113077
  ],
  "GRIFFAIN": [
    0.01098651,
    0.01099802
  ],
  "AIN": [
    0.05879,
    0.058476
  ],
  "TLM": [
    0.00163989,
    0.00163306
  ],
  "IKA": [
    0.00337146,
    0.00330871
  ],
  "TAI": [
    0.01654901,
    0.0162905
  ],
  "LAT": [
    0.00131386,
    0.00130732
  ],
  "SWARMS": [
    0.00884603,
    0.00888991
  ],
  "NKN": [
    0.01064455,
    0.01071281
  ],
  "HMSTR": [
    0.000134,
    0.00013252
  ],
  "DUCK": [
    0.0011179,
    0.00111717
  ],
  "FUEL": [
    0.00103961,
    0.00103989
  ],
  "COS": [
    0.00147435,
    0.00146624
  ],
  "NAVX": [
    0.00876935,
    0.00862198
  ],
  "AVL": [
    0.02491605,
    0.02478991
  ],
  "COQ": [
    9.7715e-8,
    9.6879e-8
  ],
  "PIXEL": [
    0.00828064,
    0.00826207
  ],
  "OBT": [
    0.00103086,
    0.00102917
  ],
  "RDNT": [
    0.00429437,
    0.00420404
  ],
  "HIPPO": [
    0.00052562,
    0.00051796
  ],
  "RSS3": [
    0.00543914,
    0.00542855
  ],
  "FWOG": [
    0.00483447,
    0.00481738
  ],
  "SOLV": [
    0.00305689,
    0.00305944
  ],
  "LYXE": [
    0.291117,
    0.288869
  ],
  "DMC": [
    0.00073112,
    0.00072695
  ],
  "FHE": [
    0.01751004,
    0.01740031
  ],
  "FORTH": [
    0.371942,
    0.368405
  ],
  "GEAR": [
    0.00029271,
    0.00029295
  ],
  "HOOK": [
    0.00919717,
    0.00908342
  ],
  "PTB": [
    0.00126762,
    0.00122364
  ],
  "PERP": [
    0.03439263,
    0.0344293
  ],
  "FIS": [
    0.01506095,
    0.01498447
  ],
  "SAMO": [
    0.00040951,
    0.00040489
  ],
  "OAS": [
    0.00035839,
    0.00035583
  ],
  "CUDIS": [
    0.00784509,
    0.00781013
  ],
  "A2Z": [
    0.00022488,
    0.00022517
  ],
  "EPT": [
    0.00076434,
    0.00075349
  ],
  "FLM": [
    0.00278879,
    0.0027821
  ],
  "GORK": [
    0.00159431,
    0.00157444
  ],
  "SAROS": [
    0.00053195,
    0.00053021
  ],
  "DATA": [
    0.00101599,
    0.0010031
  ],
  "ACA": [
    0.00086214,
    0.00085685
  ],
  "SWTCH": [
    0.00646381,
    0.00608733
  ],
  "INSP": [
    0.00122001,
    0.00121737
  ],
  "FOXY": [
    0.00012997,
    0.00013146
  ],
  "RFC": [
    0.00059156,
    0.00057958
  ],
  "BDXN": [
    0.00263238,
    0.00261046
  ],
  "LOOKS": [
    0.00039817,
    0.00039901
  ],
  "MOONPIG": [
    0.00031264,
    0.00031065
  ],
  "CHESS": [
    0.00147228,
    0.00142174
  ],
  "ROOT": [
    0.00007515,
    0.00007515
  ],
  "CHILLGUY": [
    0.0000626,
    0.00006209
  ],
  "APU": [
    0.00003166,
    0.00003122
  ],
  "HOLO": [
    0.00001286,
    0.00001269
  ],
  "GMMT": [
    0.00334207,
    0.00333355
  ],
  "RATS": [
    0.00004817,
    0.00004835
  ],
  "ADB": [
    null,
    null
  ]
}