{
  "PUMP": [
    0.00181357,
    0.00182702
  ],
  "STABLE": [
    0.02562128,
    0.02546467
  ],
  "SIREN": [
    0.724189,
    0.703772
  ],
  "MON": [
    0.03205839,
    0.03425043
  ],
  "AERO": [
    0.351533,
    0.35705
  ],
  "JASMY": [
    0.00531803,
    0.00535657
  ],
  "LIT": [
    1.04,
    1.038
  ],
  "CVX": [
    1.79,
    1.79
  ],
  "BAT": [
    0.099944,
    0.100077
  ],
  "COW": [
    0.216192,
    0.216242
  ],
  "ATH": [
    0.00606868,
    0.00614355
  ],
  "BANANAS31": [
    0.00976928,
    0.00971336
  ],
  "CHEEMS": [
    4.43335e-7,
    4.47468e-7
  ],
  "ONT": [
    0.082188,
    0.082246
  ],
  "CKB": [
    0.0014587,
    0.0014649
  ],
  "SAHARA": [
    0.02253266,
    0.02247609
  ],
  "SKYAI": [
    0.068922,
    0.069122
  ],
  "ARC": [
    0.071773,
    0.068543
  ],
  "TAG": [
    0.00058073,
    0.00057772
  ],
  "POLYX": [
    0.04969528,
    0.04956616
  ],
  "NPC": [
    0.00705385,
    0.00706157
  ],
  "BAN": [
    0.054783,
    0.05451
  ],
  "CSPR": [
    0.00324978,
    0.00309163
  ],
  "MYX": [
    0.242265,
    0.241683
  ],
  "IOTX": [
    0.00463968,
    0.004641
  ],
  "BEAT": [
    0.286271,
    0.285187
  ],
  "MAGMA": [
    0.176944,
    0.208167
  ],
  "NOT": [
    0.00036006,
    0.00035992
  ],
  "SNEK": [
    0.00043223,
    0.00043899
  ],
  "DEP": [
    0.00112905,
    0.00112835
  ],
  "ISLM": [
    0.01182469,
    0.01184482
  ],
  "REZ": [
    0.00366085,
    0.00365209
  ],
  "MERL": [
    0.02549387,
    0.02492153
  ],
  "GUN": [
    0.01689112,
    0.01708357
  ],
  "NYM": [
    0.03555412,
    0.03525893
  ],
  "DEGEN": [
    0.00075776,
    0.00075782
  ],
  "SPELL": [
    0.00016083,
    0.00016063
  ],
  "HUMA": [
    0.01555702,
    0.01526004
  ],
  "NEIRO": [
    0.00005913,
    0.00005971
  ],
  "CPOOL": [
    0.02460628,
    0.02463788
  ],
  "ALLO": [
    0.108217,
    0.106412
  ],
  "SATS": [
    1.1235e-8,
    1.1222e-8
  ],
  "BOB": [
    0.00782733,
    0.00765445
  ],
  "LRC": [
    0.01725942,
    0.01721556
  ],
  "SLP": [
    0.00059541,
    0.00059046
  ],
  "CORN": [
    0.04019735,
    0.04015895
  ],
  "AURORA": [
    0.02752354,
    0.02756806
  ],
  "L3": [
    0.01333344,
    0.01333048
  ],
  "SWARMS": [
    0.01716263,
    0.01692901
  ],
  "GRIFFAIN": [
    0.01638498,
    0.01638033
  ],
  "DENT": [
    0.00016499,
    0.00016452
  ],
  "RESOLV": [
    0.04078251,
    0.04015934
  ],
  "DSYNC": [
    0.01513118,
    0.0152977
  ],
  "NIL": [
    0.03497909,
    0.03532937
  ],
  "INIT": [
    0.080722,
    0.080269
  ],
  "NEWT": [
    0.066957,
    0.067568
  ],
  "BANK": [
    0.03332001,
    0.03385349
  ],
  "SONIC": [
    0.03601618,
    0.03603338
  ],
  "DAO": [
    0.050617,
    0.051106
  ],
  "PAAL": [
    0.01349465,
    0.01380732
  ],
  "IKA": [
    0.00398083,
    0.00399032
  ],
  "MUBARAK": [
    0.01172987,
    0.01165017
  ],
  "HONEY": [
    0.00190185,
    0.00191022
  ],
  "AIN": [
    0.057963,
    0.057884
  ],
  "TLM": [
    0.00165297,
    0.00164007
  ],
  "TAI": [
    0.01731413,
    0.01733518
  ],
  "LAT": [
    0.00135341,
    0.00135572
  ],
  "HMSTR": [
    0.00014122,
    0.00014052
  ],
  "AVL": [
    0.02962081,
    0.02940573
  ],
  "ROAM": [
    0.02486366,
    0.02462962
  ],
  "COQ": [
    1.1033e-7,
    1.10404e-7
  ],
  "FUEL": [
    0.00094489,
    0.00094856
  ],
  "NAVX": [
    0.00889503,
    0.00889304
  ],
  "SOLV": [
    0.00474478,
    0.00463762
  ],
  "COS": [
    0.00125647,
    0.00123957
  ],
  "NKN": [
    0.00797834,
    0.00772863
  ],
  "PIXEL": [
    0.00769481,
    0.00776186
  ],
  "OBT": [
    0.001069,
    0.00104838
  ],
  "RSS3": [
    0.00578019,
    0.0057648
  ],
  "FWOG": [
    0.00527504,
    0.00530239
  ],
  "FHE": [
    0.0178176,
    0.01771431
  ],
  "DMC": [
    0.00071068,
    0.00071549
  ],
  "LYXE": [
    0.243454,
    0.242618
  ],
  "RDNT": [
    0.00230931,
    0.00232552
  ],
  "FORTH": [
    0.271666,
    0.271458
  ],
  "GEAR": [
    0.00028182,
    0.00028656
  ],
  "SAMO": [
    0.00042245,
    0.00042104
  ],
  "HOOK": [
    0.00839283,
    0.00840589
  ],
  "PTB": [
    0.00116079,
    0.00113436
  ],
  "OAS": [
    0.00035838,
    0.0003592
  ],
  "HIPPO": [
    0.00020754,
    0.00021223
  ],
  "PERP": [
    0.02795555,
    0.02792092
  ],
  "CUDIS": [
    0.00796199,
    0.00796826
  ],
  "FIS": [
    0.01201486,
    0.01202606
  ],
  "EPT": [
    0.00074822,
    0.00075176
  ],
  "GORK": [
    0.00164559,
    0.00166249
  ],
  "FLM": [
    0.00288976,
    0.00288137
  ],
  "DATA": [
    0.0009879,
    0.00098907
  ],
  "SAROS": [
    0.00038266,
    0.00038147
  ],
  "DUCK": [
    0.00012194,
    0.00012382
  ],
  "ACA": [
    0.00075523,
    0.00080263
  ],
  "INSP": [
    0.00116613,
    0.00115694
  ],
  "A2Z": [
    0.00009119,
    0.0000891
  ],
  "FOXY": [
    0.00009384,
    0.00009405
  ],
  "SWTCH": [
    0.00348046,
    0.00346013
  ],
  "RFC": [
    0.00057965,
    0.00057459
  ],
  "LOOKS": [
    0.00036624,
    0.00036442
  ],
  "MOONPIG": [
    0.0003,
    0.00030299
  ],
  "BDXN": [
    0.00185415,
    0.00184884
  ],
  "ROOT": [
    0.0000612,
    0.0000605
  ],
  "CHILLGUY": [
    0.00007296,
    0.00007288
  ],
  "APU": [
    0.00003383,
    0.00003375
  ],
  "CHESS": [
    0.00013657,
    0.00013603
  ],
  "HOLO": [
    0.00001254,
    0.00001254
  ],
  "GMMT": [
    0.00391476,
    0.00389525
  ],
  "RATS": [
    0.0000368,
    0.00003674
  ],
  "ADB": [
    null,
    null
  ]
}