{
  "PUMP": [
    0.0017656,
    0.00176305
  ],
  "STABLE": [
    0.034356,
    0.03392403
  ],
  "SIREN": [
    0.671127,
    0.674614
  ],
  "AERO": [
    0.469384,
    0.467151
  ],
  "MON": [
    0.03124758,
    0.03182678
  ],
  "JASMY": [
    0.00585557,
    0.00586013
  ],
  "LIT": [
    0.911141,
    0.910544
  ],
  "SKYAI": [
    0.186833,
    0.186945
  ],
  "CVX": [
    1.79,
    1.79
  ],
  "BAT": [
    0.105001,
    0.105448
  ],
  "CHEEMS": [
    5.99393e-7,
    5.96985e-7
  ],
  "ATH": [
    0.00601275,
    0.00601995
  ],
  "COW": [
    0.191399,
    0.191706
  ],
  "BANANAS31": [
    0.00955596,
    0.00960975
  ],
  "BAN": [
    0.084167,
    0.083921
  ],
  "BEAT": [
    0.568962,
    0.572548
  ],
  "CKB": [
    0.00162911,
    0.00163188
  ],
  "SAHARA": [
    0.02386647,
    0.02400439
  ],
  "TAG": [
    0.00068816,
    0.00068629
  ],
  "ONT": [
    0.072154,
    0.072289
  ],
  "ARC": [
    0.069573,
    0.069732
  ],
  "NPC": [
    0.00856133,
    0.00852553
  ],
  "POLYX": [
    0.050997,
    0.050907
  ],
  "MERL": [
    0.04060582,
    0.04065498
  ],
  "MYX": [
    0.259622,
    0.262317
  ],
  "CSPR": [
    0.00288741,
    0.0028975
  ],
  "IOTX": [
    0.00482035,
    0.00482703
  ],
  "HUMA": [
    0.02424469,
    0.02430389
  ],
  "NOT": [
    0.00042317,
    0.00042353
  ],
  "MAGMA": [
    0.207061,
    0.207516
  ],
  "NEIRO": [
    0.00008848,
    0.00008833
  ],
  "SNEK": [
    0.00048243,
    0.00048319
  ],
  "REZ": [
    0.0039907,
    0.00399942
  ],
  "ISLM": [
    0.01194047,
    0.01200979
  ],
  "SATS": [
    1.4768e-8,
    1.4707e-8
  ],
  "DEP": [
    0.00110904,
    0.00110955
  ],
  "SPELL": [
    0.00016601,
    0.00016573
  ],
  "CPOOL": [
    0.02719915,
    0.02719884
  ],
  "SLP": [
    0.00072922,
    0.00072364
  ],
  "GUN": [
    0.0153143,
    0.01517184
  ],
  "ALLO": [
    0.115522,
    0.114997
  ],
  "DEGEN": [
    0.00068513,
    0.0006834
  ],
  "NYM": [
    0.02957113,
    0.02949068
  ],
  "INIT": [
    0.089833,
    0.089645
  ],
  "LRC": [
    0.01712879,
    0.01713281
  ],
  "CORN": [
    0.04001807,
    0.04009991
  ],
  "NIL": [
    0.04395123,
    0.04444497
  ],
  "AURORA": [
    0.02774778,
    0.02774481
  ],
  "SWARMS": [
    0.01863975,
    0.0186947
  ],
  "GRIFFAIN": [
    0.0176815,
    0.01749782
  ],
  "NEWT": [
    0.080887,
    0.080592
  ],
  "BOB": [
    0.00581275,
    0.00580716
  ],
  "L3": [
    0.01102094,
    0.01112065
  ],
  "BANK": [
    0.03407584,
    0.03397787
  ],
  "AIN": [
    0.079185,
    0.077552
  ],
  "DSYNC": [
    0.01408915,
    0.01427394
  ],
  "SONIC": [
    0.03876286,
    0.03872012
  ],
  "MUBARAK": [
    0.01366208,
    0.01365685
  ],
  "TLM": [
    0.00188329,
    0.00188056
  ],
  "HONEY": [
    0.00207786,
    0.00207124
  ],
  "DAO": [
    0.04632562,
    0.04642603
  ],
  "PAAL": [
    0.01262263,
    0.01263735
  ],
  "RESOLV": [
    0.02915387,
    0.02905738
  ],
  "IKA": [
    0.00372597,
    0.00372855
  ],
  "HMSTR": [
    0.00015703,
    0.00015744
  ],
  "COQ": [
    1.4289e-7,
    1.43304e-7
  ],
  "TAI": [
    0.01652014,
    0.016552
  ],
  "LAT": [
    0.00133113,
    0.00132955
  ],
  "AVL": [
    0.02664319,
    0.0267834
  ],
  "FUEL": [
    0.00093639,
    0.00093271
  ],
  "NAVX": [
    0.00880923,
    0.00882465
  ],
  "NKN": [
    0.00843257,
    0.0084476
  ],
  "PIXEL": [
    0.00833737,
    0.00847074
  ],
  "COS": [
    0.00117738,
    0.00117443
  ],
  "SOLV": [
    0.00410384,
    0.00408263
  ],
  "DENT": [
    0.00006072,
    0.00006059
  ],
  "OBT": [
    0.00102832,
    0.0010333
  ],
  "RSS3": [
    0.00580994,
    0.00582358
  ],
  "ROAM": [
    0.01558677,
    0.01568289
  ],
  "FWOG": [
    0.00485251,
    0.00482864
  ],
  "DMC": [
    0.00071177,
    0.00071072
  ],
  "FHE": [
    0.01787204,
    0.01787097
  ],
  "LYXE": [
    0.244728,
    0.24467
  ],
  "OAS": [
    0.00057716,
    0.00057993
  ],
  "FORTH": [
    0.244007,
    0.243299
  ],
  "RDNT": [
    0.00189395,
    0.00189451
  ],
  "HOOK": [
    0.00848445,
    0.00833834
  ],
  "GEAR": [
    0.0002299,
    0.00022975
  ],
  "SAMO": [
    0.00038261,
    0.00038353
  ],
  "CUDIS": [
    0.00801111,
    0.0079891
  ],
  "PERP": [
    0.02639875,
    0.02655632
  ],
  "EPT": [
    0.00073527,
    0.00073425
  ],
  "PTB": [
    0.0008103,
    0.00081245
  ],
  "FIS": [
    0.010667,
    0.01073535
  ],
  "HIPPO": [
    0.00016092,
    0.00016286
  ],
  "FLM": [
    0.0027372,
    0.00272476
  ],
  "GORK": [
    0.00150929,
    0.00152485
  ],
  "SAROS": [
    0.00050352,
    0.0005041
  ],
  "DATA": [
    0.0007534,
    0.00075198
  ],
  "INSP": [
    0.00106986,
    0.00107614
  ],
  "ACA": [
    0.00068015,
    0.00067851
  ],
  "FOXY": [
    0.00012002,
    0.00012091
  ],
  "A2Z": [
    0.00007067,
    0.00006927
  ],
  "RFC": [
    0.00058393,
    0.00058448
  ],
  "SWTCH": [
    0.00341369,
    0.00338082
  ],
  "DUCK": [
    0.00007006,
    0.00007002
  ],
  "LOOKS": [
    0.00036605,
    0.00036575
  ],
  "MOONPIG": [
    0.00029605,
    0.00029604
  ],
  "BDXN": [
    0.00153205,
    0.00150097
  ],
  "ROOT": [
    0.00006111,
    0.00005902
  ],
  "CHILLGUY": [
    0.00013929,
    0.0001392
  ],
  "APU": [
    0.00004447,
    0.00004428
  ],
  "CHESS": [
    0.00016952,
    0.00016954
  ],
  "HOLO": [
    0.00001228,
    0.00001228
  ],
  "GMMT": [
    0.00264033,
    0.00265293
  ],
  "RATS": [
    0.00003647,
    0.00003663
  ],
  "ADB": [
    null,
    null
  ]
}