{
  "PUMP": [
    0.00186814,
    0.00185813
  ],
  "STABLE": [
    0.02673498,
    0.02630167
  ],
  "SIREN": [
    0.63302,
    0.652118
  ],
  "MON": [
    0.0340745,
    0.03378413
  ],
  "AERO": [
    0.419612,
    0.42511
  ],
  "JASMY": [
    0.00574476,
    0.00575486
  ],
  "LIT": [
    0.89892,
    0.891296
  ],
  "SKYAI": [
    0.171444,
    0.168918
  ],
  "CVX": [
    1.84,
    1.84
  ],
  "BAT": [
    0.103378,
    0.102867
  ],
  "CHEEMS": [
    6.0051e-7,
    5.98636e-7
  ],
  "ATH": [
    0.00605333,
    0.00602481
  ],
  "COW": [
    0.189666,
    0.188587
  ],
  "BANANAS31": [
    0.00940357,
    0.00920964
  ],
  "BAN": [
    0.082759,
    0.084123
  ],
  "BEAT": [
    0.562315,
    0.571523
  ],
  "ONT": [
    0.077384,
    0.077138
  ],
  "CKB": [
    0.00152036,
    0.00150967
  ],
  "TAG": [
    0.00065933,
    0.00065449
  ],
  "SAHARA": [
    0.02192045,
    0.02181868
  ],
  "NPC": [
    0.00854051,
    0.00848105
  ],
  "ARC": [
    0.06563,
    0.065784
  ],
  "POLYX": [
    0.051322,
    0.051048
  ],
  "MERL": [
    0.03981062,
    0.0393517
  ],
  "CSPR": [
    0.00296051,
    0.00292644
  ],
  "MYX": [
    0.240913,
    0.239705
  ],
  "IOTX": [
    0.00475387,
    0.00475003
  ],
  "NEIRO": [
    0.00009963,
    0.0000981
  ],
  "SNEK": [
    0.00054988,
    0.00054433
  ],
  "NOT": [
    0.00040828,
    0.00040668
  ],
  "HUMA": [
    0.02278767,
    0.02269289
  ],
  "MAGMA": [
    0.192836,
    0.193933
  ],
  "ISLM": [
    0.01217033,
    0.0122297
  ],
  "SATS": [
    1.4994e-8,
    1.4741e-8
  ],
  "REZ": [
    0.00375352,
    0.00375316
  ],
  "DEP": [
    0.00111151,
    0.00111164
  ],
  "CPOOL": [
    0.02934873,
    0.02911139
  ],
  "SPELL": [
    0.00016626,
    0.00016522
  ],
  "DEGEN": [
    0.00076038,
    0.00076637
  ],
  "ALLO": [
    0.12073,
    0.122132
  ],
  "GUN": [
    0.01556762,
    0.01529955
  ],
  "NYM": [
    0.03092232,
    0.03131585
  ],
  "SLP": [
    0.0006742,
    0.00067561
  ],
  "LRC": [
    0.01730393,
    0.0172671
  ],
  "CORN": [
    0.04057502,
    0.04061355
  ],
  "AURORA": [
    0.02791587,
    0.02792384
  ],
  "BOB": [
    0.00682848,
    0.00683367
  ],
  "SWARMS": [
    0.01867572,
    0.01859108
  ],
  "NIL": [
    0.04264366,
    0.0404788
  ],
  "NEWT": [
    0.079096,
    0.079051
  ],
  "GRIFFAIN": [
    0.01690841,
    0.01688795
  ],
  "INIT": [
    0.090698,
    0.090061
  ],
  "BANK": [
    0.03785093,
    0.03734281
  ],
  "L3": [
    0.01046692,
    0.01043846
  ],
  "DSYNC": [
    0.01492496,
    0.01485197
  ],
  "MUBARAK": [
    0.0138868,
    0.01377038
  ],
  "SONIC": [
    0.03643257,
    0.03625186
  ],
  "RESOLV": [
    0.03185654,
    0.03189418
  ],
  "HONEY": [
    0.00203534,
    0.00207179
  ],
  "TLM": [
    0.00180147,
    0.00179066
  ],
  "PAAL": [
    0.01302238,
    0.01303573
  ],
  "DAO": [
    0.04534821,
    0.04539487
  ],
  "IKA": [
    0.00365229,
    0.00366384
  ],
  "AIN": [
    0.058706,
    0.05851
  ],
  "COQ": [
    1.53108e-7,
    1.5251e-7
  ],
  "HMSTR": [
    0.00015735,
    0.00015662
  ],
  "TAI": [
    0.01629488,
    0.01647286
  ],
  "LAT": [
    0.00133945,
    0.00133618
  ],
  "DENT": [
    0.00008262,
    0.00008144
  ],
  "AVL": [
    0.02585526,
    0.02613894
  ],
  "FUEL": [
    0.00094269,
    0.00094478
  ],
  "NAVX": [
    0.00862578,
    0.00863083
  ],
  "NKN": [
    0.00846907,
    0.00841356
  ],
  "COS": [
    0.00119051,
    0.00118669
  ],
  "ROAM": [
    0.01768691,
    0.01774616
  ],
  "OBT": [
    0.00103449,
    0.00103291
  ],
  "PIXEL": [
    0.00761008,
    0.00751058
  ],
  "SOLV": [
    0.00380966,
    0.00381248
  ],
  "RSS3": [
    0.00570997,
    0.00578525
  ],
  "OAS": [
    0.00068204,
    0.0006829
  ],
  "FHE": [
    0.01809869,
    0.01792356
  ],
  "FWOG": [
    0.00450121,
    0.00457378
  ],
  "DMC": [
    0.00071023,
    0.00071656
  ],
  "LYXE": [
    0.231137,
    0.231043
  ],
  "FORTH": [
    0.249099,
    0.249629
  ],
  "RDNT": [
    0.00201269,
    0.00200742
  ],
  "GEAR": [
    0.00025119,
    0.00025119
  ],
  "HOOK": [
    0.00836693,
    0.00833001
  ],
  "SAMO": [
    0.00040054,
    0.00039893
  ],
  "CUDIS": [
    0.00823823,
    0.00821043
  ],
  "PERP": [
    0.02604759,
    0.02608955
  ],
  "EPT": [
    0.00074654,
    0.00074429
  ],
  "GORK": [
    0.00171276,
    0.00170736
  ],
  "PTB": [
    0.00080873,
    0.0008173
  ],
  "SAROS": [
    0.00064286,
    0.00064121
  ],
  "FIS": [
    0.01061183,
    0.01075674
  ],
  "HIPPO": [
    0.00016296,
    0.00016211
  ],
  "FLM": [
    0.00271589,
    0.00267198
  ],
  "INSP": [
    0.00153458,
    0.00159869
  ],
  "DATA": [
    0.0009148,
    0.00090568
  ],
  "ACA": [
    0.00071363,
    0.00069382
  ],
  "FOXY": [
    0.00012086,
    0.00011999
  ],
  "A2Z": [
    0.00007625,
    0.00007625
  ],
  "RFC": [
    0.00057985,
    0.00058031
  ],
  "DUCK": [
    0.00007091,
    0.00007169
  ],
  "SWTCH": [
    0.00331736,
    0.00336269
  ],
  "LOOKS": [
    0.00037692,
    0.00037986
  ],
  "BDXN": [
    0.00193979,
    0.00192715
  ],
  "MOONPIG": [
    0.00029896,
    0.00029887
  ],
  "CHILLGUY": [
    0.00019888,
    0.00020053
  ],
  "ROOT": [
    0.00005741,
    0.00005741
  ],
  "APU": [
    0.00006315,
    0.00005911
  ],
  "CHESS": [
    0.00013748,
    0.00013693
  ],
  "HOLO": [
    0.00001265,
    0.00001257
  ],
  "GMMT": [
    0.00287854,
    0.00282947
  ],
  "RATS": [
    0.0000371,
    0.00003628
  ],
  "ADB": [
    null,
    null
  ]
}