{
  "PUMP": [
    0.00179624,
    0.00180927
  ],
  "SIREN": [
    0.788912,
    0.797913
  ],
  "STABLE": [
    0.02973772,
    0.02654931
  ],
  "MON": [
    0.03334902,
    0.03375216
  ],
  "AERO": [
    0.354933,
    0.367304
  ],
  "LIT": [
    1.1,
    1.081
  ],
  "JASMY": [
    0.00524581,
    0.00531318
  ],
  "CVX": [
    1.72,
    1.74
  ],
  "BAT": [
    0.093962,
    0.094794
  ],
  "ATH": [
    0.00636029,
    0.0064849
  ],
  "COW": [
    0.211076,
    0.215592
  ],
  "SKYAI": [
    0.115409,
    0.111609
  ],
  "BANANAS31": [
    0.0100465,
    0.01053791
  ],
  "CHEEMS": [
    4.5366e-7,
    4.95253e-7
  ],
  "TAG": [
    0.00077219,
    0.00080899
  ],
  "BAN": [
    0.086284,
    0.086209
  ],
  "ONT": [
    0.082317,
    0.081707
  ],
  "ARC": [
    0.07165,
    0.073031
  ],
  "CKB": [
    0.00146898,
    0.00147661
  ],
  "SAHARA": [
    0.02232133,
    0.02211992
  ],
  "POLYX": [
    0.04812756,
    0.04891074
  ],
  "NPC": [
    0.00748714,
    0.00750441
  ],
  "BEAT": [
    0.388964,
    0.385018
  ],
  "CSPR": [
    0.00294833,
    0.00301475
  ],
  "IOTX": [
    0.0044926,
    0.00447297
  ],
  "MYX": [
    0.21205,
    0.212146
  ],
  "NOT": [
    0.00035393,
    0.00035997
  ],
  "MAGMA": [
    0.181721,
    0.188357
  ],
  "SNEK": [
    0.00041819,
    0.00042654
  ],
  "DEP": [
    0.00111836,
    0.00111838
  ],
  "HUMA": [
    0.01719164,
    0.01764863
  ],
  "ISLM": [
    0.01189829,
    0.01165397
  ],
  "REZ": [
    0.00360582,
    0.00357235
  ],
  "NYM": [
    0.03437835,
    0.03431469
  ],
  "MERL": [
    0.02305829,
    0.02284486
  ],
  "GUN": [
    0.01590583,
    0.01573467
  ],
  "SPELL": [
    0.00015799,
    0.00015798
  ],
  "DEGEN": [
    0.00071866,
    0.0007185
  ],
  "ALLO": [
    0.113346,
    0.108091
  ],
  "NEIRO": [
    0.00005638,
    0.00005736
  ],
  "BOB": [
    0.00757202,
    0.00835829
  ],
  "CPOOL": [
    0.0238831,
    0.02372157
  ],
  "SATS": [
    1.0625e-8,
    1.0995e-8
  ],
  "SLP": [
    0.00059472,
    0.00060159
  ],
  "CORN": [
    0.0404488,
    0.04044975
  ],
  "LRC": [
    0.0161434,
    0.01598318
  ],
  "AURORA": [
    0.02675933,
    0.02677125
  ],
  "SWARMS": [
    0.01837138,
    0.0169379
  ],
  "GRIFFAIN": [
    0.01612006,
    0.01602896
  ],
  "L3": [
    0.01120365,
    0.01121751
  ],
  "DSYNC": [
    0.01497555,
    0.01547703
  ],
  "BANK": [
    0.03684694,
    0.0361732
  ],
  "RESOLV": [
    0.03819055,
    0.03956327
  ],
  "NEWT": [
    0.069643,
    0.069883
  ],
  "DENT": [
    0.0001547,
    0.00015547
  ],
  "INIT": [
    0.078693,
    0.07946
  ],
  "NIL": [
    0.03357552,
    0.03345704
  ],
  "AIN": [
    0.076202,
    0.071786
  ],
  "MUBARAK": [
    0.01216613,
    0.01291248
  ],
  "SONIC": [
    0.03494075,
    0.03491112
  ],
  "DAO": [
    0.04768471,
    0.04794999
  ],
  "PAAL": [
    0.01326492,
    0.01323009
  ],
  "TLM": [
    0.00162076,
    0.0016443
  ],
  "IKA": [
    0.00348303,
    0.0035575
  ],
  "HONEY": [
    0.00179323,
    0.00179962
  ],
  "TAI": [
    0.01626938,
    0.01640371
  ],
  "LAT": [
    0.00135691,
    0.00136146
  ],
  "HMSTR": [
    0.00013878,
    0.00013888
  ],
  "COQ": [
    1.10323e-7,
    1.12119e-7
  ],
  "AVL": [
    0.02657873,
    0.02609375
  ],
  "FUEL": [
    0.00095912,
    0.00095734
  ],
  "NKN": [
    0.00908963,
    0.00903721
  ],
  "NAVX": [
    0.00855122,
    0.00851829
  ],
  "ROAM": [
    0.01955431,
    0.01946815
  ],
  "SOLV": [
    0.00430205,
    0.00424478
  ],
  "COS": [
    0.00121384,
    0.00120963
  ],
  "PIXEL": [
    0.00725594,
    0.00757105
  ],
  "OBT": [
    0.00103424,
    0.00104287
  ],
  "RSS3": [
    0.00565761,
    0.0056344
  ],
  "FWOG": [
    0.00478131,
    0.0048327
  ],
  "DMC": [
    0.00070296,
    0.00070243
  ],
  "FHE": [
    0.01686075,
    0.0161578
  ],
  "LYXE": [
    0.239392,
    0.242426
  ],
  "FORTH": [
    0.264993,
    0.265427
  ],
  "RDNT": [
    0.00208721,
    0.00209604
  ],
  "GEAR": [
    0.00026556,
    0.00026435
  ],
  "SAMO": [
    0.00041399,
    0.00041477
  ],
  "HOOK": [
    0.00828489,
    0.00818088
  ],
  "OAS": [
    0.00035748,
    0.00035653
  ],
  "CUDIS": [
    0.00781405,
    0.0079891
  ],
  "PERP": [
    0.02612084,
    0.02659079
  ],
  "HIPPO": [
    0.00019257,
    0.00019091
  ],
  "PTB": [
    0.00090176,
    0.00089891
  ],
  "FLM": [
    0.00346588,
    0.0030676
  ],
  "EPT": [
    0.00075075,
    0.00074934
  ],
  "FIS": [
    0.01140518,
    0.01078748
  ],
  "GORK": [
    0.00144894,
    0.00138993
  ],
  "DATA": [
    0.00096071,
    0.00094156
  ],
  "SAROS": [
    0.00037939,
    0.00037929
  ],
  "INSP": [
    0.00104536,
    0.00103693
  ],
  "ACA": [
    0.00069056,
    0.00070595
  ],
  "DUCK": [
    0.00009232,
    0.00009384
  ],
  "A2Z": [
    0.00008101,
    0.00007693
  ],
  "FOXY": [
    0.00010689,
    0.00010793
  ],
  "SWTCH": [
    0.00338799,
    0.00336766
  ],
  "RFC": [
    0.0005539,
    0.00055815
  ],
  "LOOKS": [
    0.00035201,
    0.00035039
  ],
  "BDXN": [
    0.00184702,
    0.00185881
  ],
  "MOONPIG": [
    0.0002925,
    0.00029497
  ],
  "ROOT": [
    0.00005963,
    0.00006282
  ],
  "CHILLGUY": [
    0.00007119,
    0.00007241
  ],
  "APU": [
    0.00003446,
    0.00003516
  ],
  "CHESS": [
    0.00016065,
    0.00016
  ],
  "HOLO": [
    0.0000122,
    0.00001248
  ],
  "RATS": [
    0.00003691,
    0.00003675
  ],
  "GMMT": [
    0.00369473,
    0.00380256
  ],
  "ADB": [
    null,
    null
  ]
}