{
  "STABLE": [
    0.03327799,
    0.0336692
  ],
  "PUMP": [
    0.00180576,
    0.00180954
  ],
  "SIREN": [
    0.666461,
    0.661402
  ],
  "AERO": [
    0.459367,
    0.459987
  ],
  "SKYAI": [
    0.379334,
    0.382668
  ],
  "MON": [
    0.02884283,
    0.02954649
  ],
  "JASMY": [
    0.00571576,
    0.00566878
  ],
  "LIT": [
    0.888971,
    0.905777
  ],
  "CVX": [
    1.72,
    1.72
  ],
  "BAT": [
    0.097761,
    0.097068
  ],
  "CHEEMS": [
    6.4209e-7,
    6.20248e-7
  ],
  "ATH": [
    0.00585398,
    0.00582068
  ],
  "COW": [
    0.187858,
    0.186117
  ],
  "BANANAS31": [
    0.00980251,
    0.00974276
  ],
  "TAG": [
    0.00068342,
    0.00069229
  ],
  "BEAT": [
    0.535372,
    0.536617
  ],
  "ARC": [
    0.074767,
    0.073602
  ],
  "SAHARA": [
    0.02206958,
    0.02220154
  ],
  "CKB": [
    0.00149062,
    0.00148949
  ],
  "ONT": [
    0.07116,
    0.071337
  ],
  "BAN": [
    0.071591,
    0.071299
  ],
  "NPC": [
    0.00779244,
    0.00776724
  ],
  "POLYX": [
    0.04753014,
    0.04735871
  ],
  "MYX": [
    0.26249,
    0.259076
  ],
  "CSPR": [
    0.00280463,
    0.00280928
  ],
  "MAGMA": [
    0.231406,
    0.234777
  ],
  "IOTX": [
    0.00450829,
    0.00447887
  ],
  "ISLM": [
    0.01179349,
    0.01157123
  ],
  "MERL": [
    0.03251136,
    0.03228846
  ],
  "NEIRO": [
    0.00009204,
    0.00009184
  ],
  "HUMA": [
    0.02249616,
    0.02212402
  ],
  "NOT": [
    0.00038789,
    0.00038557
  ],
  "REZ": [
    0.00454924,
    0.00453997
  ],
  "SNEK": [
    0.00047449,
    0.00046859
  ],
  "DEP": [
    0.00108864,
    0.00111064
  ],
  "SATS": [
    1.3971e-8,
    1.3867e-8
  ],
  "SPELL": [
    0.00016795,
    0.00016735
  ],
  "ALLO": [
    0.121993,
    0.12162
  ],
  "SWARMS": [
    0.02658607,
    0.02659515
  ],
  "GUN": [
    0.0150658,
    0.01442282
  ],
  "CPOOL": [
    0.02574089,
    0.02558898
  ],
  "SLP": [
    0.00070194,
    0.00069478
  ],
  "DEGEN": [
    0.0006777,
    0.00067481
  ],
  "CORN": [
    0.04027736,
    0.04027096
  ],
  "LRC": [
    0.0166436,
    0.0166445
  ],
  "NYM": [
    0.02257075,
    0.02232626
  ],
  "AURORA": [
    0.02618058,
    0.02639286
  ],
  "L3": [
    0.01242319,
    0.01244094
  ],
  "GRIFFAIN": [
    0.017948,
    0.01809972
  ],
  "INIT": [
    0.092358,
    0.091206
  ],
  "NIL": [
    0.03916913,
    0.03950791
  ],
  "AIN": [
    0.093844,
    0.093926
  ],
  "NEWT": [
    0.073334,
    0.073528
  ],
  "BOB": [
    0.00543943,
    0.0053818
  ],
  "BANK": [
    0.03372402,
    0.03384383
  ],
  "MUBARAK": [
    0.01353454,
    0.01370318
  ],
  "SONIC": [
    0.03782762,
    0.03743689
  ],
  "DSYNC": [
    0.0131409,
    0.01320847
  ],
  "TLM": [
    0.00183071,
    0.00181829
  ],
  "PAAL": [
    0.01288625,
    0.01303519
  ],
  "RESOLV": [
    0.02938848,
    0.02992133
  ],
  "HONEY": [
    0.00180821,
    0.00180955
  ],
  "DAO": [
    0.04064502,
    0.04061766
  ],
  "IKA": [
    0.00336123,
    0.00337877
  ],
  "HMSTR": [
    0.00015404,
    0.00015229
  ],
  "TAI": [
    0.0157177,
    0.01577348
  ],
  "COQ": [
    1.32488e-7,
    1.32384e-7
  ],
  "LAT": [
    0.00132514,
    0.00132439
  ],
  "RSS3": [
    0.00549042,
    0.00548091
  ],
  "AVL": [
    0.02603753,
    0.02634673
  ],
  "FUEL": [
    0.00091419,
    0.00091288
  ],
  "NAVX": [
    0.0087185,
    0.00865884
  ],
  "SOLV": [
    0.00458435,
    0.00464128
  ],
  "NKN": [
    0.00791126,
    0.00799019
  ],
  "PIXEL": [
    0.00815943,
    0.00811037
  ],
  "COS": [
    0.00113989,
    0.00114484
  ],
  "OBT": [
    0.00101936,
    0.00099707
  ],
  "DENT": [
    0.00003933,
    0.00004885
  ],
  "DMC": [
    0.00069588,
    0.00068871
  ],
  "FHE": [
    0.01779504,
    0.01782557
  ],
  "FWOG": [
    0.00449858,
    0.0045394
  ],
  "ROAM": [
    0.01214078,
    0.01194539
  ],
  "LYXE": [
    0.249772,
    0.249772
  ],
  "GEAR": [
    0.00032796,
    0.00032809
  ],
  "OAS": [
    0.00046635,
    0.00046734
  ],
  "FORTH": [
    0.240118,
    0.241051
  ],
  "HOOK": [
    0.00798272,
    0.00809975
  ],
  "RDNT": [
    0.00180311,
    0.00179771
  ],
  "SAMO": [
    0.00035952,
    0.00035906
  ],
  "CUDIS": [
    0.00774446,
    0.00779419
  ],
  "PERP": [
    0.02578753,
    0.02538296
  ],
  "EPT": [
    0.0007192,
    0.00071015
  ],
  "FIS": [
    0.01047617,
    0.01050518
  ],
  "HIPPO": [
    0.00015996,
    0.00016213
  ],
  "PTB": [
    0.00076275,
    0.00076302
  ],
  "FLM": [
    0.00260608,
    0.00260733
  ],
  "SAROS": [
    0.00047995,
    0.00057026
  ],
  "GORK": [
    0.00137023,
    0.0014412
  ],
  "DATA": [
    0.00071521,
    0.00070623
  ],
  "A2Z": [
    0.00010427,
    0.00009744
  ],
  "INSP": [
    0.00097725,
    0.00097461
  ],
  "ACA": [
    0.00064823,
    0.00062991
  ],
  "FOXY": [
    0.00011516,
    0.00011596
  ],
  "RFC": [
    0.00062314,
    0.00062664
  ],
  "SWTCH": [
    0.00323606,
    0.00355811
  ],
  "DUCK": [
    0.00007169,
    0.00007058
  ],
  "LOOKS": [
    0.00035061,
    0.00035376
  ],
  "BDXN": [
    0.00165039,
    0.0016719
  ],
  "MOONPIG": [
    0.00026487,
    0.00026584
  ],
  "ROOT": [
    0.00005977,
    0.00006057
  ],
  "CHILLGUY": [
    0.00010102,
    0.00010102
  ],
  "CHESS": [
    0.00020636,
    0.00020636
  ],
  "APU": [
    0.00003926,
    0.00003935
  ],
  "HOLO": [
    0.00001191,
    0.00001191
  ],
  "GMMT": [
    0.00246878,
    0.00246068
  ],
  "RATS": [
    0.00003849,
    0.00003793
  ],
  "ADB": [
    null,
    null
  ]
}