{
  "SIREN": [
    1.7,
    1.67
  ],
  "PUMP": [
    0.00166869,
    0.00162758
  ],
  "STABLE": [
    0.02406095,
    0.02374192
  ],
  "AERO": [
    0.315322,
    0.309362
  ],
  "JASMY": [
    0.00526677,
    0.00522853
  ],
  "MON": [
    0.02250734,
    0.02258132
  ],
  "LIT": [
    0.80324,
    0.78684
  ],
  "CVX": [
    1.78,
    1.73
  ],
  "BAT": [
    0.095018,
    0.093947
  ],
  "BANANAS31": [
    0.01324027,
    0.0134905
  ],
  "ATH": [
    0.00682293,
    0.00664134
  ],
  "COW": [
    0.198903,
    0.196824
  ],
  "CHEEMS": [
    4.24829e-7,
    4.20968e-7
  ],
  "ONT": [
    0.079514,
    0.077583
  ],
  "SAHARA": [
    0.02384558,
    0.02297648
  ],
  "BEAT": [
    0.511382,
    0.508975
  ],
  "BAN": [
    0.065149,
    0.065688
  ],
  "CKB": [
    0.0013586,
    0.00134712
  ],
  "TAG": [
    0.00057577,
    0.00057923
  ],
  "SKYAI": [
    0.063417,
    0.061486
  ],
  "NPC": [
    0.00735712,
    0.00714777
  ],
  "POLYX": [
    0.04623734,
    0.04544238
  ],
  "ARC": [
    0.052599,
    0.053552
  ],
  "CSPR": [
    0.0031228,
    0.00309285
  ],
  "MYX": [
    0.241525,
    0.239337
  ],
  "IOTX": [
    0.0046294,
    0.00458386
  ],
  "ISLM": [
    0.01205489,
    0.01379157
  ],
  "NOT": [
    0.00035934,
    0.00035261
  ],
  "DEP": [
    0.0011607,
    0.00116253
  ],
  "SNEK": [
    0.00040184,
    0.00040616
  ],
  "MERL": [
    0.02334315,
    0.02390273
  ],
  "SPELL": [
    0.00016441,
    0.00016275
  ],
  "NYM": [
    0.03302478,
    0.03344058
  ],
  "GUN": [
    0.01670497,
    0.01658408
  ],
  "REZ": [
    0.00332034,
    0.00329528
  ],
  "HUMA": [
    0.01438486,
    0.01458342
  ],
  "DEGEN": [
    0.00067861,
    0.00067023
  ],
  "LRC": [
    0.02009972,
    0.01962258
  ],
  "CORN": [
    0.04609695,
    0.04602243
  ],
  "MAGMA": [
    0.117727,
    0.125171
  ],
  "NEIRO": [
    0.00005685,
    0.00005601
  ],
  "ALLO": [
    0.107604,
    0.105524
  ],
  "SATS": [
    1.0632e-8,
    1.054e-8
  ],
  "SLP": [
    0.00058104,
    0.00057515
  ],
  "CPOOL": [
    0.02123591,
    0.02125746
  ],
  "AURORA": [
    0.02691794,
    0.02680187
  ],
  "BANK": [
    0.04063448,
    0.03971603
  ],
  "DENT": [
    0.0001783,
    0.00017486
  ],
  "RESOLV": [
    0.04244993,
    0.042527
  ],
  "DSYNC": [
    0.01600685,
    0.01575924
  ],
  "BOB": [
    0.00540252,
    0.00557667
  ],
  "NIL": [
    0.03441585,
    0.03442424
  ],
  "NEWT": [
    0.066401,
    0.066805
  ],
  "INIT": [
    0.078332,
    0.075976
  ],
  "ROAM": [
    0.03937252,
    0.03928623
  ],
  "SONIC": [
    0.03782639,
    0.03747148
  ],
  "L3": [
    0.00951282,
    0.00940599
  ],
  "PAAL": [
    0.0143956,
    0.01430218
  ],
  "HONEY": [
    0.00209661,
    0.00209032
  ],
  "DAO": [
    0.04744297,
    0.04676911
  ],
  "MUBARAK": [
    0.01125296,
    0.01125548
  ],
  "GRIFFAIN": [
    0.01134503,
    0.0112016
  ],
  "AIN": [
    0.055452,
    0.057245
  ],
  "TLM": [
    0.0016023,
    0.00158737
  ],
  "NKN": [
    0.01268415,
    0.01282843
  ],
  "SWARMS": [
    0.01028696,
    0.00953318
  ],
  "IKA": [
    0.00321722,
    0.00318545
  ],
  "TAI": [
    0.01586335,
    0.01548551
  ],
  "LAT": [
    0.0013101,
    0.00130673
  ],
  "HMSTR": [
    0.00013386,
    0.00013191
  ],
  "FUEL": [
    0.00099233,
    0.00096475
  ],
  "COS": [
    0.0013993,
    0.00137302
  ],
  "AVL": [
    0.02545981,
    0.02602133
  ],
  "NAVX": [
    0.00857687,
    0.00872371
  ],
  "COQ": [
    9.4795e-8,
    9.4051e-8
  ],
  "PIXEL": [
    0.00851501,
    0.00803314
  ],
  "DUCK": [
    0.00097807,
    0.00085783
  ],
  "OBT": [
    0.00101746,
    0.00102073
  ],
  "HIPPO": [
    0.00054979,
    0.00054271
  ],
  "RDNT": [
    0.00404408,
    0.00400446
  ],
  "RSS3": [
    0.00558287,
    0.00549262
  ],
  "FHE": [
    0.01953672,
    0.01923525
  ],
  "FWOG": [
    0.00501324,
    0.00491365
  ],
  "DMC": [
    0.00077471,
    0.00077976
  ],
  "SOLV": [
    0.00314916,
    0.00313802
  ],
  "LYXE": [
    0.283768,
    0.28024
  ],
  "FORTH": [
    0.353868,
    0.345075
  ],
  "GEAR": [
    0.00029768,
    0.00029078
  ],
  "HOOK": [
    0.00936798,
    0.00875042
  ],
  "OAS": [
    0.00037617,
    0.00037357
  ],
  "SAMO": [
    0.00040297,
    0.00040591
  ],
  "FIS": [
    0.01403721,
    0.01427919
  ],
  "PERP": [
    0.03081565,
    0.02976593
  ],
  "PTB": [
    0.00103682,
    0.00103727
  ],
  "CUDIS": [
    0.00803445,
    0.00819934
  ],
  "EPT": [
    0.00072518,
    0.00072948
  ],
  "FLM": [
    0.00280758,
    0.00276317
  ],
  "GORK": [
    0.00154999,
    0.00151545
  ],
  "A2Z": [
    0.00019212,
    0.00017993
  ],
  "SAROS": [
    0.00056405,
    0.00055847
  ],
  "DATA": [
    0.00099949,
    0.00098908
  ],
  "INSP": [
    0.00129474,
    0.00130841
  ],
  "ACA": [
    0.00081156,
    0.00080702
  ],
  "SWTCH": [
    0.0049111,
    0.00505346
  ],
  "FOXY": [
    0.00012122,
    0.00012091
  ],
  "RFC": [
    0.00056131,
    0.00054002
  ],
  "LOOKS": [
    0.00040315,
    0.00040913
  ],
  "BDXN": [
    0.00247847,
    0.00217864
  ],
  "CHESS": [
    0.00141877,
    0.00141199
  ],
  "MOONPIG": [
    0.00029614,
    0.00029576
  ],
  "ROOT": [
    0.00006193,
    0.00005696
  ],
  "CHILLGUY": [
    0.00006789,
    0.00006675
  ],
  "APU": [
    0.00003163,
    0.00003129
  ],
  "HOLO": [
    0.00001312,
    0.00001312
  ],
  "RATS": [
    0.00004346,
    0.00004293
  ],
  "GMMT": [
    0.00380203,
    0.00377357
  ],
  "ADB": [
    null,
    null
  ]
}