{
  "PUMP": [
    0.00179325,
    0.00180387
  ],
  "STABLE": [
    0.02981069,
    0.02962191
  ],
  "SIREN": [
    0.690976,
    0.680829
  ],
  "AERO": [
    0.407501,
    0.419436
  ],
  "MON": [
    0.03238888,
    0.03268747
  ],
  "JASMY": [
    0.00563264,
    0.00564051
  ],
  "LIT": [
    0.898491,
    0.896061
  ],
  "SKYAI": [
    0.182185,
    0.188909
  ],
  "CVX": [
    1.76,
    1.78
  ],
  "BAT": [
    0.100918,
    0.101703
  ],
  "CHEEMS": [
    5.68081e-7,
    5.69141e-7
  ],
  "ATH": [
    0.00583912,
    0.00587895
  ],
  "COW": [
    0.18266,
    0.183635
  ],
  "BANANAS31": [
    0.0094558,
    0.00943852
  ],
  "BEAT": [
    0.569462,
    0.579283
  ],
  "BAN": [
    0.079012,
    0.079554
  ],
  "ONT": [
    0.075987,
    0.076638
  ],
  "CKB": [
    0.00147993,
    0.00148788
  ],
  "TAG": [
    0.00064907,
    0.00065399
  ],
  "SAHARA": [
    0.02125418,
    0.02138255
  ],
  "ARC": [
    0.066338,
    0.066827
  ],
  "NPC": [
    0.00820685,
    0.00818509
  ],
  "POLYX": [
    0.04979852,
    0.0499869
  ],
  "CSPR": [
    0.00294225,
    0.00295787
  ],
  "MERL": [
    0.03669259,
    0.03698759
  ],
  "MYX": [
    0.233899,
    0.236859
  ],
  "HUMA": [
    0.02536669,
    0.02537547
  ],
  "IOTX": [
    0.00467371,
    0.00468317
  ],
  "NOT": [
    0.00039255,
    0.00039618
  ],
  "MAGMA": [
    0.200159,
    0.199843
  ],
  "SNEK": [
    0.00050638,
    0.0005076
  ],
  "NEIRO": [
    0.00008825,
    0.00008904
  ],
  "DEP": [
    0.00111223,
    0.00111385
  ],
  "ISLM": [
    0.01182279,
    0.01166896
  ],
  "REZ": [
    0.00367261,
    0.00368859
  ],
  "SATS": [
    1.3897e-8,
    1.3924e-8
  ],
  "CPOOL": [
    0.02796536,
    0.02829613
  ],
  "DEGEN": [
    0.00076371,
    0.00076566
  ],
  "SPELL": [
    0.00016259,
    0.00016399
  ],
  "GUN": [
    0.01567022,
    0.01552032
  ],
  "NYM": [
    0.03142791,
    0.0315781
  ],
  "ALLO": [
    0.11329,
    0.114573
  ],
  "SLP": [
    0.00065598,
    0.00065827
  ],
  "CORN": [
    0.04049638,
    0.04057758
  ],
  "LRC": [
    0.01694801,
    0.01702934
  ],
  "AURORA": [
    0.02780843,
    0.0278204
  ],
  "BOB": [
    0.00657491,
    0.00662553
  ],
  "SWARMS": [
    0.01838538,
    0.01844746
  ],
  "NIL": [
    0.03922564,
    0.0394615
  ],
  "NEWT": [
    0.076138,
    0.076232
  ],
  "GRIFFAIN": [
    0.01631016,
    0.01629587
  ],
  "INIT": [
    0.084854,
    0.085224
  ],
  "BANK": [
    0.0373041,
    0.03724937
  ],
  "L3": [
    0.01028363,
    0.01041612
  ],
  "DSYNC": [
    0.0139072,
    0.01410899
  ],
  "MUBARAK": [
    0.01337848,
    0.01351201
  ],
  "SONIC": [
    0.03522811,
    0.0354145
  ],
  "HONEY": [
    0.00214803,
    0.00216427
  ],
  "PAAL": [
    0.01279908,
    0.01280183
  ],
  "TLM": [
    0.00175594,
    0.00176042
  ],
  "RESOLV": [
    0.02919655,
    0.02951902
  ],
  "DAO": [
    0.04484506,
    0.04503083
  ],
  "AIN": [
    0.058005,
    0.058459
  ],
  "IKA": [
    0.00357154,
    0.00357259
  ],
  "COQ": [
    1.47748e-7,
    1.47256e-7
  ],
  "HMSTR": [
    0.00015284,
    0.00015358
  ],
  "TAI": [
    0.01633033,
    0.01625531
  ],
  "LAT": [
    0.00133171,
    0.00133251
  ],
  "AVL": [
    0.02642541,
    0.02581937
  ],
  "DENT": [
    0.00008043,
    0.00007757
  ],
  "FUEL": [
    0.00093684,
    0.00093689
  ],
  "NAVX": [
    0.00867313,
    0.00868384
  ],
  "NKN": [
    0.00968651,
    0.00869163
  ],
  "ROAM": [
    0.01850386,
    0.01844531
  ],
  "COS": [
    0.00116035,
    0.00116339
  ],
  "PIXEL": [
    0.00744372,
    0.00745945
  ],
  "OBT": [
    0.00101497,
    0.00101466
  ],
  "SOLV": [
    0.00376797,
    0.00381077
  ],
  "RSS3": [
    0.00565886,
    0.00565968
  ],
  "FWOG": [
    0.00452405,
    0.00454377
  ],
  "OAS": [
    0.00065954,
    0.0006641
  ],
  "DMC": [
    0.00070988,
    0.00071179
  ],
  "FHE": [
    0.01726789,
    0.01738567
  ],
  "LYXE": [
    0.223523,
    0.22494
  ],
  "RDNT": [
    0.00195023,
    0.0019391
  ],
  "GEAR": [
    0.00024969,
    0.0002503
  ],
  "FORTH": [
    0.233799,
    0.233784
  ],
  "HOOK": [
    0.00833687,
    0.00839663
  ],
  "SAMO": [
    0.00039331,
    0.0003902
  ],
  "CUDIS": [
    0.0080045,
    0.00798878
  ],
  "PERP": [
    0.02547028,
    0.02543455
  ],
  "EPT": [
    0.00073555,
    0.00073771
  ],
  "PTB": [
    0.00081741,
    0.00081952
  ],
  "FIS": [
    0.01043127,
    0.01050734
  ],
  "HIPPO": [
    0.00016084,
    0.00016158
  ],
  "GORK": [
    0.00160782,
    0.00159458
  ],
  "FLM": [
    0.00269454,
    0.00267551
  ],
  "SAROS": [
    0.00056884,
    0.00057442
  ],
  "DATA": [
    0.00086743,
    0.0008727
  ],
  "INSP": [
    0.00143721,
    0.00143128
  ],
  "ACA": [
    0.0006836,
    0.00068361
  ],
  "FOXY": [
    0.00012,
    0.00012003
  ],
  "A2Z": [
    0.00007399,
    0.00007425
  ],
  "DUCK": [
    0.00007474,
    0.00007559
  ],
  "RFC": [
    0.00056963,
    0.00056058
  ],
  "SWTCH": [
    0.00327234,
    0.00331601
  ],
  "LOOKS": [
    0.00037196,
    0.00040071
  ],
  "BDXN": [
    0.00188409,
    0.00189519
  ],
  "MOONPIG": [
    0.0002968,
    0.00029979
  ],
  "ROOT": [
    0.00006031,
    0.00005882
  ],
  "CHILLGUY": [
    0.00015743,
    0.00015839
  ],
  "APU": [
    0.00004936,
    0.00004936
  ],
  "CHESS": [
    0.00013597,
    0.00013657
  ],
  "HOLO": [
    0.00001231,
    0.0000124
  ],
  "GMMT": [
    0.00277412,
    0.00277866
  ],
  "RATS": [
    0.0000369,
    0.00003733
  ],
  "ADB": [
    null,
    null
  ]
}