{
  "STABLE": [
    0.03449846,
    0.03326467
  ],
  "PUMP": [
    0.00177277,
    0.00174934
  ],
  "SIREN": [
    0.672513,
    0.678041
  ],
  "AERO": [
    0.466944,
    0.458166
  ],
  "MON": [
    0.0277678,
    0.02753651
  ],
  "JASMY": [
    0.00575721,
    0.00570265
  ],
  "SKYAI": [
    0.260877,
    0.249716
  ],
  "LIT": [
    0.896119,
    0.898778
  ],
  "CVX": [
    1.72,
    1.7
  ],
  "BAT": [
    0.099705,
    0.099285
  ],
  "CHEEMS": [
    5.99709e-7,
    5.96795e-7
  ],
  "ATH": [
    0.00579753,
    0.00577448
  ],
  "COW": [
    0.187316,
    0.185871
  ],
  "BANANAS31": [
    0.00976875,
    0.00967145
  ],
  "BEAT": [
    0.572876,
    0.566285
  ],
  "ARC": [
    0.075454,
    0.075051
  ],
  "BAN": [
    0.074164,
    0.072955
  ],
  "CKB": [
    0.001485,
    0.00149021
  ],
  "SAHARA": [
    0.0220634,
    0.02197755
  ],
  "ONT": [
    0.070617,
    0.070141
  ],
  "NPC": [
    0.00789077,
    0.0078224
  ],
  "TAG": [
    0.00057188,
    0.00055845
  ],
  "POLYX": [
    0.0479928,
    0.04779967
  ],
  "MYX": [
    0.248451,
    0.249592
  ],
  "CSPR": [
    0.00290583,
    0.00289916
  ],
  "IOTX": [
    0.0046528,
    0.00457228
  ],
  "ISLM": [
    0.01179451,
    0.01172499
  ],
  "MERL": [
    0.03382506,
    0.03311637
  ],
  "NOT": [
    0.00039131,
    0.00038509
  ],
  "NEIRO": [
    0.00008884,
    0.0000885
  ],
  "MAGMA": [
    0.194633,
    0.194099
  ],
  "HUMA": [
    0.02096973,
    0.02088053
  ],
  "REZ": [
    0.00417545,
    0.0041654
  ],
  "SNEK": [
    0.00045898,
    0.00045618
  ],
  "DEP": [
    0.00106792,
    0.00106754
  ],
  "SPELL": [
    0.00017092,
    0.00016915
  ],
  "SATS": [
    1.3825e-8,
    1.369e-8
  ],
  "CPOOL": [
    0.02561365,
    0.02550788
  ],
  "SLP": [
    0.00069781,
    0.00069421
  ],
  "DEGEN": [
    0.00067671,
    0.00067558
  ],
  "GUN": [
    0.01434389,
    0.01414887
  ],
  "ALLO": [
    0.111838,
    0.110226
  ],
  "SWARMS": [
    0.02612657,
    0.0246288
  ],
  "NYM": [
    0.02603264,
    0.02599446
  ],
  "CORN": [
    0.04015769,
    0.04019889
  ],
  "LRC": [
    0.01713619,
    0.01671875
  ],
  "GRIFFAIN": [
    0.01794529,
    0.01925357
  ],
  "L3": [
    0.01239748,
    0.01309837
  ],
  "AURORA": [
    0.02648267,
    0.02642422
  ],
  "INIT": [
    0.092369,
    0.09235
  ],
  "AIN": [
    0.096487,
    0.095166
  ],
  "NIL": [
    0.03892678,
    0.03855743
  ],
  "NEWT": [
    0.076317,
    0.075518
  ],
  "BOB": [
    0.00575201,
    0.00570929
  ],
  "BANK": [
    0.03413683,
    0.03408836
  ],
  "MUBARAK": [
    0.01367116,
    0.01363774
  ],
  "SONIC": [
    0.03685694,
    0.03687584
  ],
  "DSYNC": [
    0.01311113,
    0.01282978
  ],
  "TLM": [
    0.00185023,
    0.00182363
  ],
  "PAAL": [
    0.01297487,
    0.01299669
  ],
  "RESOLV": [
    0.02893747,
    0.0287192
  ],
  "HONEY": [
    0.00190411,
    0.00188875
  ],
  "IKA": [
    0.00352215,
    0.00350968
  ],
  "DAO": [
    0.04150444,
    0.04134878
  ],
  "HMSTR": [
    0.00015253,
    0.00015017
  ],
  "COQ": [
    1.38052e-7,
    1.35461e-7
  ],
  "TAI": [
    0.01577078,
    0.0156383
  ],
  "LAT": [
    0.00132521,
    0.00132001
  ],
  "AVL": [
    0.02648205,
    0.02587552
  ],
  "FUEL": [
    0.00091561,
    0.00091433
  ],
  "SOLV": [
    0.00485242,
    0.0048505
  ],
  "NAVX": [
    0.00869669,
    0.00869805
  ],
  "PIXEL": [
    0.00841823,
    0.00820625
  ],
  "NKN": [
    0.00807683,
    0.00792057
  ],
  "COS": [
    0.00116514,
    0.00115369
  ],
  "OBT": [
    0.00100286,
    0.00099949
  ],
  "RSS3": [
    0.00589415,
    0.00581656
  ],
  "ROAM": [
    0.01348943,
    0.01335798
  ],
  "FHE": [
    0.01919345,
    0.01803477
  ],
  "DMC": [
    0.00069777,
    0.00068887
  ],
  "FWOG": [
    0.00453692,
    0.00449939
  ],
  "LYXE": [
    0.249772,
    0.249772
  ],
  "DENT": [
    0.00003914,
    0.0000399
  ],
  "OAS": [
    0.0005134,
    0.00051478
  ],
  "GEAR": [
    0.00030005,
    0.00028307
  ],
  "FORTH": [
    0.242978,
    0.233424
  ],
  "HOOK": [
    0.0081708,
    0.00806362
  ],
  "RDNT": [
    0.00180241,
    0.00177469
  ],
  "SAMO": [
    0.00035857,
    0.00035958
  ],
  "CUDIS": [
    0.00797363,
    0.00775368
  ],
  "PERP": [
    0.02521219,
    0.02517979
  ],
  "EPT": [
    0.00070722,
    0.00070993
  ],
  "FIS": [
    0.01053305,
    0.01040257
  ],
  "PTB": [
    0.00078985,
    0.00077707
  ],
  "HIPPO": [
    0.00015807,
    0.00015944
  ],
  "FLM": [
    0.00259275,
    0.00258746
  ],
  "GORK": [
    0.00145743,
    0.00143656
  ],
  "SAROS": [
    0.00046481,
    0.00046107
  ],
  "DATA": [
    0.00070238,
    0.00069892
  ],
  "INSP": [
    0.00100173,
    0.00098599
  ],
  "RFC": [
    0.00063838,
    0.00079089
  ],
  "ACA": [
    0.00061542,
    0.0005981
  ],
  "FOXY": [
    0.0001168,
    0.00011594
  ],
  "A2Z": [
    0.00007002,
    0.00007006
  ],
  "DUCK": [
    0.00007363,
    0.00006938
  ],
  "SWTCH": [
    0.0031278,
    0.00311259
  ],
  "LOOKS": [
    0.00035488,
    0.0003529
  ],
  "MOONPIG": [
    0.00026076,
    0.00026192
  ],
  "BDXN": [
    0.00153007,
    0.00149888
  ],
  "ROOT": [
    0.00006257,
    0.00006017
  ],
  "CHILLGUY": [
    0.00010541,
    0.00010451
  ],
  "CHESS": [
    0.00016999,
    0.00019672
  ],
  "APU": [
    0.00003847,
    0.00003826
  ],
  "HOLO": [
    0.00001191,
    0.00001191
  ],
  "GMMT": [
    0.00247402,
    0.00246569
  ],
  "RATS": [
    0.00003774,
    0.00003666
  ],
  "ADB": [
    null,
    null
  ]
}