{
  "PUMP": [
    0.0018007,
    0.00182654
  ],
  "STABLE": [
    0.02536662,
    0.02588836
  ],
  "SIREN": [
    0.64679,
    0.718729
  ],
  "MON": [
    0.03290646,
    0.03672207
  ],
  "AERO": [
    0.360188,
    0.368236
  ],
  "LIT": [
    1.019,
    1.11
  ],
  "JASMY": [
    0.00529673,
    0.00532494
  ],
  "CVX": [
    1.76,
    1.78
  ],
  "BAT": [
    0.099448,
    0.099994
  ],
  "COW": [
    0.215289,
    0.217377
  ],
  "ATH": [
    0.00604876,
    0.00617146
  ],
  "BANANAS31": [
    0.00965579,
    0.00949776
  ],
  "CHEEMS": [
    4.44806e-7,
    4.63863e-7
  ],
  "SKYAI": [
    0.069971,
    0.074375
  ],
  "ONT": [
    0.0816,
    0.078421
  ],
  "ARC": [
    0.070941,
    0.071138
  ],
  "CKB": [
    0.00144919,
    0.00146146
  ],
  "SAHARA": [
    0.02241164,
    0.02259292
  ],
  "POLYX": [
    0.04940868,
    0.050442
  ],
  "TAG": [
    0.00058453,
    0.0005784
  ],
  "BAN": [
    0.056677,
    0.056973
  ],
  "NPC": [
    0.00697602,
    0.00684137
  ],
  "CSPR": [
    0.00315335,
    0.00303023
  ],
  "MYX": [
    0.235519,
    0.240135
  ],
  "IOTX": [
    0.00458827,
    0.00464319
  ],
  "MAGMA": [
    0.237159,
    0.224579
  ],
  "BEAT": [
    0.276825,
    0.272449
  ],
  "NOT": [
    0.00035684,
    0.00035832
  ],
  "SNEK": [
    0.00043349,
    0.00042807
  ],
  "MERL": [
    0.02504162,
    0.02594835
  ],
  "DEP": [
    0.00112284,
    0.00112746
  ],
  "REZ": [
    0.00367011,
    0.0037156
  ],
  "ISLM": [
    0.01181854,
    0.01167619
  ],
  "GUN": [
    0.01715073,
    0.01694277
  ],
  "NYM": [
    0.03521712,
    0.03511736
  ],
  "HUMA": [
    0.0151744,
    0.01653673
  ],
  "DEGEN": [
    0.00075315,
    0.00075586
  ],
  "SPELL": [
    0.00015959,
    0.00015951
  ],
  "NEIRO": [
    0.00005865,
    0.00005921
  ],
  "ALLO": [
    0.105894,
    0.104643
  ],
  "CPOOL": [
    0.02450205,
    0.02418262
  ],
  "SATS": [
    1.0995e-8,
    1.1009e-8
  ],
  "SLP": [
    0.00058895,
    0.00059975
  ],
  "CORN": [
    0.04038791,
    0.04054791
  ],
  "LRC": [
    0.01709572,
    0.01707282
  ],
  "BOB": [
    0.00768305,
    0.00722923
  ],
  "AURORA": [
    0.02749329,
    0.02825446
  ],
  "L3": [
    0.01317339,
    0.01268983
  ],
  "SWARMS": [
    0.01736985,
    0.01674754
  ],
  "GRIFFAIN": [
    0.01649591,
    0.01672158
  ],
  "RESOLV": [
    0.04024708,
    0.0409999
  ],
  "DENT": [
    0.00016344,
    0.00016239
  ],
  "DSYNC": [
    0.01556182,
    0.01543577
  ],
  "INIT": [
    0.080298,
    0.081326
  ],
  "NIL": [
    0.03498163,
    0.03415886
  ],
  "NEWT": [
    0.067301,
    0.067284
  ],
  "BANK": [
    0.03441317,
    0.03333715
  ],
  "SONIC": [
    0.03560759,
    0.03548913
  ],
  "DAO": [
    0.050822,
    0.05021
  ],
  "PAAL": [
    0.01368495,
    0.01328438
  ],
  "MUBARAK": [
    0.01156554,
    0.01165563
  ],
  "IKA": [
    0.00389276,
    0.00381398
  ],
  "HONEY": [
    0.00188492,
    0.00191041
  ],
  "TLM": [
    0.00163673,
    0.00163653
  ],
  "AIN": [
    0.059045,
    0.056446
  ],
  "TAI": [
    0.01709578,
    0.01699256
  ],
  "LAT": [
    0.00135584,
    0.00133892
  ],
  "HMSTR": [
    0.0001397,
    0.00013827
  ],
  "AVL": [
    0.02957776,
    0.02837314
  ],
  "ROAM": [
    0.02385835,
    0.02372332
  ],
  "COQ": [
    1.1902e-7,
    1.17612e-7
  ],
  "FUEL": [
    0.00094947,
    0.00095775
  ],
  "NAVX": [
    0.0088318,
    0.00878927
  ],
  "SOLV": [
    0.00452841,
    0.00475391
  ],
  "COS": [
    0.00124177,
    0.00123527
  ],
  "NKN": [
    0.00761174,
    0.00770706
  ],
  "PIXEL": [
    0.00804641,
    0.00758851
  ],
  "OBT": [
    0.00104512,
    0.00103874
  ],
  "RSS3": [
    0.00575036,
    0.00563257
  ],
  "FWOG": [
    0.00521222,
    0.00514905
  ],
  "DMC": [
    0.00072219,
    0.00069043
  ],
  "FHE": [
    0.01670578,
    0.01619172
  ],
  "LYXE": [
    0.240151,
    0.240874
  ],
  "RDNT": [
    0.00232599,
    0.00233927
  ],
  "FORTH": [
    0.269512,
    0.271503
  ],
  "GEAR": [
    0.00029503,
    0.0002904
  ],
  "SAMO": [
    0.00042148,
    0.00042408
  ],
  "OAS": [
    0.00035894,
    0.00035477
  ],
  "HOOK": [
    0.00815068,
    0.00807847
  ],
  "HIPPO": [
    0.00021191,
    0.00022185
  ],
  "PERP": [
    0.02835904,
    0.02798693
  ],
  "PTB": [
    0.00097271,
    0.00095511
  ],
  "CUDIS": [
    0.00780928,
    0.00781714
  ],
  "FIS": [
    0.01183522,
    0.01226464
  ],
  "EPT": [
    0.00076806,
    0.00075194
  ],
  "GORK": [
    0.00166495,
    0.00166162
  ],
  "FLM": [
    0.00288798,
    0.00288855
  ],
  "DATA": [
    0.00098366,
    0.00099311
  ],
  "SAROS": [
    0.0003795,
    0.00038512
  ],
  "INSP": [
    0.00113042,
    0.00115365
  ],
  "ACA": [
    0.00075847,
    0.00073647
  ],
  "DUCK": [
    0.00011994,
    0.00009673
  ],
  "A2Z": [
    0.00009027,
    0.00008908
  ],
  "FOXY": [
    0.00009583,
    0.00009513
  ],
  "RFC": [
    0.00057307,
    0.0005697
  ],
  "SWTCH": [
    0.00329234,
    0.00341741
  ],
  "LOOKS": [
    0.00036622,
    0.00036273
  ],
  "BDXN": [
    0.00184928,
    0.00184241
  ],
  "MOONPIG": [
    0.00030097,
    0.00029997
  ],
  "ROOT": [
    0.0000603,
    0.00006111
  ],
  "CHILLGUY": [
    0.00007203,
    0.00007238
  ],
  "APU": [
    0.00003353,
    0.00003336
  ],
  "CHESS": [
    0.00013695,
    0.000138
  ],
  "HOLO": [
    0.00001254,
    0.00001254
  ],
  "GMMT": [
    0.00387009,
    0.00388197
  ],
  "RATS": [
    0.00003673,
    0.00003649
  ],
  "ADB": [
    null,
    null
  ]
}