{
  "PUMP": [
    0.00165454,
    0.00166193
  ],
  "STABLE": [
    0.0264108,
    0.02656301
  ],
  "SIREN": [
    0.551774,
    0.517451
  ],
  "MON": [
    0.02735479,
    0.02747886
  ],
  "AERO": [
    0.31328,
    0.31251
  ],
  "JASMY": [
    0.00521029,
    0.00521815
  ],
  "LIT": [
    0.958954,
    0.982979
  ],
  "CVX": [
    1.69,
    1.7
  ],
  "BAT": [
    0.094166,
    0.094118
  ],
  "ATH": [
    0.00660082,
    0.00662611
  ],
  "COW": [
    0.199144,
    0.200438
  ],
  "BANANAS31": [
    0.0106467,
    0.0105485
  ],
  "ONT": [
    0.089859,
    0.090447
  ],
  "CHEEMS": [
    4.07394e-7,
    4.08304e-7
  ],
  "SKYAI": [
    0.075066,
    0.075384
  ],
  "TAG": [
    0.00064355,
    0.00064571
  ],
  "SAHARA": [
    0.02223023,
    0.02222487
  ],
  "CKB": [
    0.00140671,
    0.001408
  ],
  "POLYX": [
    0.04870735,
    0.04871355
  ],
  "BAN": [
    0.059482,
    0.059198
  ],
  "NPC": [
    0.0069242,
    0.00686751
  ],
  "ARC": [
    0.053849,
    0.053885
  ],
  "BEAT": [
    0.321443,
    0.349844
  ],
  "CSPR": [
    0.00289547,
    0.0028817
  ],
  "MYX": [
    0.228733,
    0.229015
  ],
  "IOTX": [
    0.00440623,
    0.00440176
  ],
  "NOT": [
    0.00033747,
    0.00033797
  ],
  "ISLM": [
    0.01246459,
    0.01237046
  ],
  "DEP": [
    0.00114188,
    0.00114269
  ],
  "SNEK": [
    0.00041282,
    0.00041322
  ],
  "REZ": [
    0.00363939,
    0.00361458
  ],
  "NYM": [
    0.03439711,
    0.03445415
  ],
  "MERL": [
    0.02355417,
    0.02327736
  ],
  "SPELL": [
    0.00015607,
    0.00015626
  ],
  "L3": [
    0.01897753,
    0.01852142
  ],
  "HUMA": [
    0.01424604,
    0.0143515
  ],
  "DEGEN": [
    0.00065645,
    0.00065632
  ],
  "CORN": [
    0.04504406,
    0.04506184
  ],
  "GUN": [
    0.01363824,
    0.01368925
  ],
  "ALLO": [
    0.106163,
    0.106798
  ],
  "NEIRO": [
    0.00005307,
    0.00005307
  ],
  "CPOOL": [
    0.02226076,
    0.02243308
  ],
  "SATS": [
    1.0294e-8,
    1.0292e-8
  ],
  "LRC": [
    0.01710549,
    0.01716111
  ],
  "SLP": [
    0.00057552,
    0.00057615
  ],
  "MAGMA": [
    0.108208,
    0.106952
  ],
  "AURORA": [
    0.02576739,
    0.02578188
  ],
  "DENT": [
    0.00017424,
    0.00017911
  ],
  "BOB": [
    0.00588199,
    0.00595616
  ],
  "INIT": [
    0.08012,
    0.080327
  ],
  "RESOLV": [
    0.03686037,
    0.03698806
  ],
  "DSYNC": [
    0.01410316,
    0.01407395
  ],
  "NIL": [
    0.03208233,
    0.03227869
  ],
  "NEWT": [
    0.063495,
    0.063486
  ],
  "DAO": [
    0.05154,
    0.052005
  ],
  "SONIC": [
    0.03560961,
    0.03560326
  ],
  "IKA": [
    0.00407724,
    0.0040728
  ],
  "HONEY": [
    0.00207084,
    0.00209683
  ],
  "BANK": [
    0.02798246,
    0.0278884
  ],
  "PAAL": [
    0.01292898,
    0.01302176
  ],
  "GRIFFAIN": [
    0.01142579,
    0.0114466
  ],
  "MUBARAK": [
    0.01111747,
    0.01110111
  ],
  "TLM": [
    0.00160108,
    0.00159504
  ],
  "ROAM": [
    0.02981176,
    0.02958468
  ],
  "AIN": [
    0.055331,
    0.054897
  ],
  "SWARMS": [
    0.0098814,
    0.00992971
  ],
  "AVL": [
    0.03193546,
    0.03157346
  ],
  "TAI": [
    0.01567437,
    0.01572353
  ],
  "LAT": [
    0.00132008,
    0.00131688
  ],
  "HMSTR": [
    0.00013437,
    0.00013468
  ],
  "NKN": [
    0.0093953,
    0.00921148
  ],
  "NAVX": [
    0.00891841,
    0.00885706
  ],
  "FUEL": [
    0.00093117,
    0.00093219
  ],
  "COS": [
    0.00127371,
    0.00128261
  ],
  "COQ": [
    9.2674e-8,
    9.2776e-8
  ],
  "SOLV": [
    0.00432001,
    0.00430402
  ],
  "OBT": [
    0.00103721,
    0.00107437
  ],
  "RSS3": [
    0.00584322,
    0.00584731
  ],
  "FHE": [
    0.02005503,
    0.02031002
  ],
  "PIXEL": [
    0.00649278,
    0.00639817
  ],
  "FWOG": [
    0.00470276,
    0.00471475
  ],
  "HIPPO": [
    0.00043894,
    0.00044448
  ],
  "DMC": [
    0.00072088,
    0.00072106
  ],
  "LYXE": [
    0.258139,
    0.259297
  ],
  "RDNT": [
    0.00248593,
    0.00250609
  ],
  "FORTH": [
    0.290584,
    0.295198
  ],
  "GEAR": [
    0.00028682,
    0.00028722
  ],
  "HOOK": [
    0.00886633,
    0.00903856
  ],
  "DUCK": [
    0.00032454,
    0.00032303
  ],
  "SAMO": [
    0.00043181,
    0.00042947
  ],
  "OAS": [
    0.00036584,
    0.00036739
  ],
  "PTB": [
    0.00102358,
    0.00101869
  ],
  "FIS": [
    0.01304835,
    0.01292368
  ],
  "CUDIS": [
    0.00762942,
    0.00761449
  ],
  "PERP": [
    0.02541748,
    0.0256506
  ],
  "EPT": [
    0.00075336,
    0.0007544
  ],
  "FLM": [
    0.00292014,
    0.00292944
  ],
  "DATA": [
    0.00098236,
    0.0009825
  ],
  "GORK": [
    0.00123886,
    0.00124209
  ],
  "SAROS": [
    0.00046137,
    0.0004618
  ],
  "INSP": [
    0.00118041,
    0.00117911
  ],
  "ACA": [
    0.00075643,
    0.00075922
  ],
  "A2Z": [
    0.00009619,
    0.00010122
  ],
  "FOXY": [
    0.00011449,
    0.00011645
  ],
  "SWTCH": [
    0.00409582,
    0.0040037
  ],
  "RFC": [
    0.00052136,
    0.00052417
  ],
  "LOOKS": [
    0.00036174,
    0.00036034
  ],
  "BDXN": [
    0.00188112,
    0.00188294
  ],
  "MOONPIG": [
    0.0002869,
    0.00028883
  ],
  "ROOT": [
    0.00006258,
    0.00005968
  ],
  "CHESS": [
    0.00037315,
    0.00038754
  ],
  "CHILLGUY": [
    0.00006723,
    0.00006723
  ],
  "APU": [
    0.00003198,
    0.00003253
  ],
  "HOLO": [
    0.00001213,
    0.0000122
  ],
  "RATS": [
    0.00003866,
    0.00003885
  ],
  "GMMT": [
    0.00375502,
    0.00375712
  ],
  "ADB": [
    null,
    null
  ]
}