{
  "PUMP": [
    0.0016387,
    0.00166836
  ],
  "SIREN": [
    0.984814,
    0.819803
  ],
  "STABLE": [
    0.02261277,
    0.02618616
  ],
  "AERO": [
    0.313799,
    0.32845
  ],
  "JASMY": [
    0.00527374,
    0.00537839
  ],
  "MON": [
    0.02331316,
    0.02413914
  ],
  "LIT": [
    0.82455,
    0.849653
  ],
  "CVX": [
    1.73,
    1.76
  ],
  "BAT": [
    0.094681,
    0.09534
  ],
  "ATH": [
    0.00674721,
    0.00719157
  ],
  "BANANAS31": [
    0.01321543,
    0.01301317
  ],
  "COW": [
    0.200481,
    0.205686
  ],
  "CHEEMS": [
    4.24075e-7,
    4.30123e-7
  ],
  "SAHARA": [
    0.02310567,
    0.02311666
  ],
  "ONT": [
    0.074533,
    0.0754
  ],
  "CKB": [
    0.00136534,
    0.001382
  ],
  "BEAT": [
    0.496182,
    0.471338
  ],
  "TAG": [
    0.00057377,
    0.00057299
  ],
  "NPC": [
    0.0074369,
    0.00766282
  ],
  "BAN": [
    0.060458,
    0.0596
  ],
  "POLYX": [
    0.0464035,
    0.04659619
  ],
  "SKYAI": [
    0.061071,
    0.057935
  ],
  "ARC": [
    0.050903,
    0.05172
  ],
  "CSPR": [
    0.00313755,
    0.0031578
  ],
  "IOTX": [
    0.00465477,
    0.00467124
  ],
  "MYX": [
    0.229408,
    0.229145
  ],
  "NOT": [
    0.00035363,
    0.0003607
  ],
  "ISLM": [
    0.01376893,
    0.01379482
  ],
  "DEP": [
    0.00115802,
    0.00115907
  ],
  "SNEK": [
    0.00040675,
    0.00042219
  ],
  "MERL": [
    0.02391296,
    0.02419287
  ],
  "SPELL": [
    0.00016308,
    0.00016443
  ],
  "NYM": [
    0.03331856,
    0.03361962
  ],
  "GUN": [
    0.01696626,
    0.01701852
  ],
  "REZ": [
    0.00330516,
    0.00329632
  ],
  "HUMA": [
    0.01462856,
    0.01479338
  ],
  "LRC": [
    0.01944068,
    0.02045493
  ],
  "DEGEN": [
    0.00067569,
    0.00068112
  ],
  "CORN": [
    0.0460246,
    0.04579827
  ],
  "NEIRO": [
    0.00005619,
    0.00005687
  ],
  "SATS": [
    1.0716e-8,
    1.1142e-8
  ],
  "MAGMA": [
    0.122311,
    0.122091
  ],
  "ALLO": [
    0.104178,
    0.104637
  ],
  "SLP": [
    0.00057899,
    0.00059149
  ],
  "CPOOL": [
    0.02168911,
    0.02171367
  ],
  "AURORA": [
    0.02646341,
    0.0266646
  ],
  "DENT": [
    0.00017724,
    0.0001783
  ],
  "BANK": [
    0.038309,
    0.03841288
  ],
  "DSYNC": [
    0.01570966,
    0.01631415
  ],
  "RESOLV": [
    0.04104435,
    0.04044102
  ],
  "NEWT": [
    0.068033,
    0.069216
  ],
  "NIL": [
    0.03287264,
    0.03403862
  ],
  "BOB": [
    0.00533499,
    0.00533823
  ],
  "INIT": [
    0.075803,
    0.075523
  ],
  "SONIC": [
    0.03806545,
    0.0384342
  ],
  "ROAM": [
    0.03911563,
    0.03931176
  ],
  "L3": [
    0.0093454,
    0.00942161
  ],
  "PAAL": [
    0.01459055,
    0.01408938
  ],
  "DAO": [
    0.0474793,
    0.04846669
  ],
  "HONEY": [
    0.00206563,
    0.00205425
  ],
  "MUBARAK": [
    0.01130105,
    0.01138835
  ],
  "GRIFFAIN": [
    0.01090034,
    0.01069843
  ],
  "IKA": [
    0.00335562,
    0.0035529
  ],
  "TLM": [
    0.00157594,
    0.00159628
  ],
  "AIN": [
    0.056471,
    0.055456
  ],
  "NKN": [
    0.01268079,
    0.01216742
  ],
  "TAI": [
    0.01613577,
    0.01592015
  ],
  "SWARMS": [
    0.00930504,
    0.00933132
  ],
  "LAT": [
    0.00131088,
    0.0013275
  ],
  "HMSTR": [
    0.00013207,
    0.00013354
  ],
  "NAVX": [
    0.00897159,
    0.00912752
  ],
  "FUEL": [
    0.00093949,
    0.00094033
  ],
  "AVL": [
    0.02582412,
    0.02604905
  ],
  "COS": [
    0.00131886,
    0.00131323
  ],
  "COQ": [
    9.4974e-8,
    9.4603e-8
  ],
  "PIXEL": [
    0.00804188,
    0.00817843
  ],
  "HIPPO": [
    0.00053174,
    0.00053948
  ],
  "OBT": [
    0.00093936,
    0.0009944
  ],
  "DUCK": [
    0.0008321,
    0.00071034
  ],
  "SOLV": [
    0.0031457,
    0.00343638
  ],
  "RDNT": [
    0.003978,
    0.00391639
  ],
  "RSS3": [
    0.00549213,
    0.00554649
  ],
  "FWOG": [
    0.00489123,
    0.00493911
  ],
  "FHE": [
    0.01872538,
    0.01890205
  ],
  "DMC": [
    0.00074548,
    0.00073591
  ],
  "LYXE": [
    0.28024,
    0.28024
  ],
  "FORTH": [
    0.333912,
    0.329656
  ],
  "GEAR": [
    0.00029154,
    0.00029655
  ],
  "OAS": [
    0.00037132,
    0.00036428
  ],
  "SAMO": [
    0.00039683,
    0.00040772
  ],
  "HOOK": [
    0.00721815,
    0.00769524
  ],
  "PERP": [
    0.02947155,
    0.03032073
  ],
  "FIS": [
    0.01411807,
    0.01395341
  ],
  "CUDIS": [
    0.00810748,
    0.00808059
  ],
  "PTB": [
    0.00100202,
    0.00094351
  ],
  "EPT": [
    0.0007204,
    0.00072635
  ],
  "FLM": [
    0.00274581,
    0.00273926
  ],
  "GORK": [
    0.0014771,
    0.00150927
  ],
  "SAROS": [
    0.00056357,
    0.00056273
  ],
  "DATA": [
    0.00099515,
    0.00100465
  ],
  "INSP": [
    0.00138522,
    0.00139377
  ],
  "A2Z": [
    0.00015582,
    0.0001314
  ],
  "ACA": [
    0.0007524,
    0.000805
  ],
  "FOXY": [
    0.00012092,
    0.00012068
  ],
  "SWTCH": [
    0.00465308,
    0.00434918
  ],
  "RFC": [
    0.00053618,
    0.00054887
  ],
  "LOOKS": [
    0.00041602,
    0.0004088
  ],
  "BDXN": [
    0.00220319,
    0.00216945
  ],
  "MOONPIG": [
    0.00030446,
    0.00031157
  ],
  "CHESS": [
    0.00138423,
    0.0013833
  ],
  "ROOT": [
    0.00005895,
    0.00006094
  ],
  "CHILLGUY": [
    0.00006699,
    0.00006699
  ],
  "APU": [
    0.00003069,
    0.00003123
  ],
  "HOLO": [
    0.00001242,
    0.00001272
  ],
  "RATS": [
    0.00004169,
    0.00004214
  ],
  "GMMT": [
    0.00374748,
    0.00380586
  ],
  "ADB": [
    null,
    null
  ]
}