{
  "PUMP": [
    0.00177322,
    0.0018216
  ],
  "STABLE": [
    0.02563525,
    0.02556891
  ],
  "SIREN": [
    0.66243,
    0.703352
  ],
  "MON": [
    0.0301586,
    0.03083142
  ],
  "AERO": [
    0.371415,
    0.382964
  ],
  "JASMY": [
    0.00562425,
    0.00571204
  ],
  "LIT": [
    0.892686,
    0.91253
  ],
  "SKYAI": [
    0.181098,
    0.173571
  ],
  "CVX": [
    1.73,
    1.78
  ],
  "BAT": [
    0.097327,
    0.099687
  ],
  "ATH": [
    0.0057804,
    0.0058677
  ],
  "CHEEMS": [
    5.11801e-7,
    5.22912e-7
  ],
  "COW": [
    0.180333,
    0.184092
  ],
  "BANANAS31": [
    0.00937697,
    0.00946525
  ],
  "TAG": [
    0.00068865,
    0.00071157
  ],
  "ONT": [
    0.07584,
    0.07547
  ],
  "CKB": [
    0.00149407,
    0.00151829
  ],
  "ARC": [
    0.065748,
    0.07081
  ],
  "SAHARA": [
    0.02118491,
    0.021315
  ],
  "BAN": [
    0.067178,
    0.066539
  ],
  "BEAT": [
    0.496411,
    0.463032
  ],
  "POLYX": [
    0.04955803,
    0.05041
  ],
  "NPC": [
    0.00740844,
    0.00764573
  ],
  "MERL": [
    0.03810103,
    0.04317909
  ],
  "CSPR": [
    0.00295895,
    0.00298303
  ],
  "IOTX": [
    0.00448758,
    0.00461313
  ],
  "MYX": [
    0.214423,
    0.221865
  ],
  "NOT": [
    0.00037598,
    0.00038418
  ],
  "NEIRO": [
    0.00008901,
    0.00008738
  ],
  "SNEK": [
    0.00047987,
    0.00048233
  ],
  "GUN": [
    0.02026542,
    0.02042056
  ],
  "HUMA": [
    0.01949191,
    0.01987561
  ],
  "MAGMA": [
    0.186007,
    0.168483
  ],
  "ISLM": [
    0.01194689,
    0.01219124
  ],
  "DEP": [
    0.00111046,
    0.00111139
  ],
  "SATS": [
    1.405e-8,
    1.4398e-8
  ],
  "REZ": [
    0.00362752,
    0.00368105
  ],
  "SPELL": [
    0.00016083,
    0.00016439
  ],
  "NYM": [
    0.03393095,
    0.03379634
  ],
  "CPOOL": [
    0.02781467,
    0.02737029
  ],
  "DEGEN": [
    0.00071664,
    0.00071377
  ],
  "ALLO": [
    0.099005,
    0.107834
  ],
  "SLP": [
    0.0006226,
    0.00063943
  ],
  "CORN": [
    0.04107889,
    0.04109798
  ],
  "LRC": [
    0.01695234,
    0.01707746
  ],
  "AURORA": [
    0.02904729,
    0.02904551
  ],
  "BOB": [
    0.00680479,
    0.00673816
  ],
  "SWARMS": [
    0.01905916,
    0.01901884
  ],
  "INIT": [
    0.089287,
    0.090946
  ],
  "GRIFFAIN": [
    0.01660722,
    0.01662172
  ],
  "NIL": [
    0.03791301,
    0.03823739
  ],
  "NEWT": [
    0.070779,
    0.074952
  ],
  "DSYNC": [
    0.01507587,
    0.01571744
  ],
  "L3": [
    0.01071215,
    0.01057925
  ],
  "BANK": [
    0.033777,
    0.03524529
  ],
  "MUBARAK": [
    0.0133561,
    0.01347952
  ],
  "SONIC": [
    0.03474333,
    0.03562789
  ],
  "RESOLV": [
    0.03167007,
    0.03226287
  ],
  "PAAL": [
    0.01290017,
    0.01328675
  ],
  "TLM": [
    0.00174263,
    0.00178488
  ],
  "DAO": [
    0.04619801,
    0.04569257
  ],
  "HONEY": [
    0.00200052,
    0.00198457
  ],
  "AIN": [
    0.054395,
    0.055652
  ],
  "IKA": [
    0.00325785,
    0.00333906
  ],
  "TAI": [
    0.01682808,
    0.01696713
  ],
  "HMSTR": [
    0.00014824,
    0.00015157
  ],
  "LAT": [
    0.00134616,
    0.00134745
  ],
  "COQ": [
    1.2951e-7,
    1.30723e-7
  ],
  "AVL": [
    0.0268889,
    0.02682214
  ],
  "DENT": [
    0.0000817,
    0.00007697
  ],
  "FUEL": [
    0.00093971,
    0.0009407
  ],
  "NAVX": [
    0.00872794,
    0.0087829
  ],
  "NKN": [
    0.00803217,
    0.00810386
  ],
  "COS": [
    0.00116376,
    0.00118512
  ],
  "OBT": [
    0.00103449,
    0.00103457
  ],
  "PIXEL": [
    0.00712622,
    0.00717981
  ],
  "ROAM": [
    0.01581477,
    0.01584735
  ],
  "SOLV": [
    0.00348308,
    0.00355947
  ],
  "RSS3": [
    0.00568834,
    0.00568758
  ],
  "OAS": [
    0.00065314,
    0.00076738
  ],
  "FWOG": [
    0.0046539,
    0.00469902
  ],
  "DMC": [
    0.00069511,
    0.0007128
  ],
  "FHE": [
    0.01713228,
    0.01736595
  ],
  "LYXE": [
    0.242227,
    0.231892
  ],
  "GEAR": [
    0.00025079,
    0.00025946
  ],
  "RDNT": [
    0.00195523,
    0.00196764
  ],
  "FORTH": [
    0.246507,
    0.233529
  ],
  "HOOK": [
    0.00822051,
    0.00826905
  ],
  "SAMO": [
    0.00042646,
    0.00040672
  ],
  "SAROS": [
    0.00080028,
    0.0007973
  ],
  "PTB": [
    0.00096252,
    0.00094943
  ],
  "CUDIS": [
    0.00782631,
    0.00787698
  ],
  "PERP": [
    0.0260373,
    0.02596509
  ],
  "EPT": [
    0.00074757,
    0.00075671
  ],
  "GORK": [
    0.00150047,
    0.00168934
  ],
  "FIS": [
    0.01068442,
    0.01076377
  ],
  "FLM": [
    0.00292053,
    0.00287561
  ],
  "HIPPO": [
    0.00016616,
    0.00016161
  ],
  "DATA": [
    0.00094612,
    0.00095654
  ],
  "INSP": [
    0.00103246,
    0.00102871
  ],
  "ACA": [
    0.00074445,
    0.00070179
  ],
  "A2Z": [
    0.0000933,
    0.00008856
  ],
  "FOXY": [
    0.00012101,
    0.00011787
  ],
  "DUCK": [
    0.00006921,
    0.00006698
  ],
  "RFC": [
    0.00053838,
    0.00053447
  ],
  "SWTCH": [
    0.00294834,
    0.00302514
  ],
  "LOOKS": [
    0.000384,
    0.00038202
  ],
  "MOONPIG": [
    0.00030302,
    0.00030382
  ],
  "BDXN": [
    0.00182386,
    0.00181774
  ],
  "ROOT": [
    0.00005857,
    0.00005691
  ],
  "CHILLGUY": [
    0.00009279,
    0.00008937
  ],
  "CHESS": [
    0.00016704,
    0.00016542
  ],
  "APU": [
    0.00003186,
    0.0000323
  ],
  "HOLO": [
    0.00001257,
    0.00001257
  ],
  "GMMT": [
    0.00326832,
    0.00313931
  ],
  "RATS": [
    0.0000326,
    0.00003409
  ],
  "ADB": [
    null,
    null
  ]
}