{
  "PUMP": [
    0.00174588,
    0.00174537
  ],
  "STABLE": [
    0.0268011,
    0.02636062
  ],
  "SIREN": [
    0.581655,
    0.608629
  ],
  "MON": [
    0.02925768,
    0.02867665
  ],
  "AERO": [
    0.321592,
    0.317993
  ],
  "JASMY": [
    0.00541639,
    0.005341
  ],
  "LIT": [
    1.04,
    1.045
  ],
  "CVX": [
    1.77,
    1.75
  ],
  "BAT": [
    0.099283,
    0.099332
  ],
  "ATH": [
    0.00684783,
    0.0068798
  ],
  "COW": [
    0.217116,
    0.216446
  ],
  "BANANAS31": [
    0.01062045,
    0.01003703
  ],
  "CHEEMS": [
    4.31999e-7,
    4.29015e-7
  ],
  "ONT": [
    0.091261,
    0.088028
  ],
  "CKB": [
    0.00147001,
    0.00149955
  ],
  "TAG": [
    0.00063289,
    0.00063254
  ],
  "SAHARA": [
    0.02178089,
    0.02161363
  ],
  "SKYAI": [
    0.064628,
    0.062419
  ],
  "POLYX": [
    0.04858026,
    0.04769369
  ],
  "BAN": [
    0.057302,
    0.057692
  ],
  "NPC": [
    0.00726252,
    0.00713282
  ],
  "ARC": [
    0.053129,
    0.055502
  ],
  "CSPR": [
    0.00292192,
    0.00291143
  ],
  "BEAT": [
    0.333612,
    0.31807
  ],
  "IOTX": [
    0.00460868,
    0.00456507
  ],
  "MYX": [
    0.223769,
    0.224936
  ],
  "NOT": [
    0.00036051,
    0.00035764
  ],
  "DEP": [
    0.00114432,
    0.00114235
  ],
  "ISLM": [
    0.01202832,
    0.01220228
  ],
  "SNEK": [
    0.00042997,
    0.00041611
  ],
  "NYM": [
    0.03498519,
    0.03499841
  ],
  "MERL": [
    0.02419281,
    0.02375432
  ],
  "REZ": [
    0.00351428,
    0.0034684
  ],
  "SPELL": [
    0.00016017,
    0.00015977
  ],
  "DEGEN": [
    0.00068602,
    0.00068395
  ],
  "HUMA": [
    0.01386164,
    0.01410145
  ],
  "GUN": [
    0.01379789,
    0.01403915
  ],
  "NEIRO": [
    0.00005804,
    0.000057
  ],
  "CORN": [
    0.04486945,
    0.04484233
  ],
  "ALLO": [
    0.106697,
    0.106404
  ],
  "SATS": [
    1.1117e-8,
    1.1051e-8
  ],
  "L3": [
    0.01716949,
    0.01614583
  ],
  "CPOOL": [
    0.02250971,
    0.0228186
  ],
  "LRC": [
    0.01775589,
    0.01756819
  ],
  "SLP": [
    0.00059601,
    0.00058876
  ],
  "MAGMA": [
    0.103933,
    0.102899
  ],
  "AURORA": [
    0.02609293,
    0.02612383
  ],
  "BOB": [
    0.00578643,
    0.00571717
  ],
  "DENT": [
    0.00016465,
    0.00016417
  ],
  "INIT": [
    0.082247,
    0.08235
  ],
  "DSYNC": [
    0.01541308,
    0.01482462
  ],
  "RESOLV": [
    0.03740229,
    0.03694572
  ],
  "NEWT": [
    0.065721,
    0.06654
  ],
  "NIL": [
    0.03337439,
    0.033121
  ],
  "SONIC": [
    0.03699579,
    0.03740138
  ],
  "DAO": [
    0.050923,
    0.051213
  ],
  "PAAL": [
    0.0142285,
    0.0141634
  ],
  "IKA": [
    0.00413421,
    0.00418049
  ],
  "BANK": [
    0.02813927,
    0.02918929
  ],
  "HONEY": [
    0.00211114,
    0.0021569
  ],
  "GRIFFAIN": [
    0.01161177,
    0.01198587
  ],
  "MUBARAK": [
    0.01157464,
    0.01156175
  ],
  "TLM": [
    0.00164443,
    0.00163901
  ],
  "ROAM": [
    0.0303617,
    0.03063787
  ],
  "AIN": [
    0.052592,
    0.051405
  ],
  "SWARMS": [
    0.00965184,
    0.00965033
  ],
  "TAI": [
    0.01683345,
    0.0163164
  ],
  "HMSTR": [
    0.00014106,
    0.00014102
  ],
  "AVL": [
    0.03141287,
    0.03096648
  ],
  "LAT": [
    0.0013183,
    0.00130641
  ],
  "NAVX": [
    0.00905232,
    0.00907084
  ],
  "FUEL": [
    0.00092966,
    0.0009271
  ],
  "NKN": [
    0.00883728,
    0.00855115
  ],
  "COQ": [
    9.6778e-8,
    9.561e-8
  ],
  "COS": [
    0.00123159,
    0.00122492
  ],
  "SOLV": [
    0.00417437,
    0.00392723
  ],
  "OBT": [
    0.00101922,
    0.00102051
  ],
  "RSS3": [
    0.00591877,
    0.00591671
  ],
  "PIXEL": [
    0.00645161,
    0.00659102
  ],
  "FHE": [
    0.02019244,
    0.01949216
  ],
  "FWOG": [
    0.00485023,
    0.00482384
  ],
  "DMC": [
    0.00073584,
    0.00072687
  ],
  "LYXE": [
    0.264417,
    0.241217
  ],
  "HIPPO": [
    0.00036921,
    0.00035214
  ],
  "RDNT": [
    0.0025528,
    0.00250417
  ],
  "GEAR": [
    0.00028584,
    0.00029722
  ],
  "FORTH": [
    0.274628,
    0.258634
  ],
  "HOOK": [
    0.0095695,
    0.00913271
  ],
  "DUCK": [
    0.0003236,
    0.00031915
  ],
  "SAMO": [
    0.00043791,
    0.00042835
  ],
  "OAS": [
    0.00037481,
    0.00037536
  ],
  "PTB": [
    0.00088883,
    0.00100268
  ],
  "FIS": [
    0.01317556,
    0.01325085
  ],
  "CUDIS": [
    0.00788947,
    0.0077883
  ],
  "PERP": [
    0.02534273,
    0.02586574
  ],
  "EPT": [
    0.00074561,
    0.00075808
  ],
  "FLM": [
    0.00306857,
    0.00301221
  ],
  "DATA": [
    0.00099268,
    0.00098664
  ],
  "GORK": [
    0.00129318,
    0.00121514
  ],
  "SAROS": [
    0.00045714,
    0.00044973
  ],
  "INSP": [
    0.00115199,
    0.0011221
  ],
  "ACA": [
    0.00076108,
    0.00075077
  ],
  "A2Z": [
    0.00010162,
    0.00010252
  ],
  "SWTCH": [
    0.00439512,
    0.00471687
  ],
  "FOXY": [
    0.00009577,
    0.00009694
  ],
  "RFC": [
    0.00053159,
    0.00054184
  ],
  "LOOKS": [
    0.00036141,
    0.00036602
  ],
  "BDXN": [
    0.00187908,
    0.00186237
  ],
  "MOONPIG": [
    0.00030277,
    0.00030012
  ],
  "ROOT": [
    0.00006489,
    0.00006248
  ],
  "CHESS": [
    0.00033582,
    0.00036842
  ],
  "CHILLGUY": [
    0.00006723,
    0.00006988
  ],
  "APU": [
    0.00003361,
    0.00003336
  ],
  "HOLO": [
    0.00001248,
    0.00001248
  ],
  "RATS": [
    0.00003862,
    0.00003772
  ],
  "GMMT": [
    0.00388284,
    0.00387109
  ],
  "ADB": [
    null,
    null
  ]
}