{
  "STABLE": [
    0.03299813,
    0.03278954
  ],
  "PUMP": [
    0.00183077,
    0.0018337
  ],
  "SIREN": [
    0.704537,
    0.718709
  ],
  "AERO": [
    0.465949,
    0.464798
  ],
  "MON": [
    0.02964687,
    0.02944635
  ],
  "SKYAI": [
    0.381401,
    0.353893
  ],
  "JASMY": [
    0.00567299,
    0.00564318
  ],
  "LIT": [
    0.921959,
    0.913011
  ],
  "CVX": [
    1.74,
    1.74
  ],
  "BAT": [
    0.097253,
    0.096754
  ],
  "CHEEMS": [
    6.21721e-7,
    6.1537e-7
  ],
  "ATH": [
    0.0059013,
    0.00587172
  ],
  "COW": [
    0.187753,
    0.18676
  ],
  "BANANAS31": [
    0.00978597,
    0.00970503
  ],
  "TAG": [
    0.00076555,
    0.00083041
  ],
  "BEAT": [
    0.559906,
    0.563758
  ],
  "CKB": [
    0.00150043,
    0.00150182
  ],
  "BAN": [
    0.072982,
    0.072952
  ],
  "SAHARA": [
    0.02231604,
    0.02224229
  ],
  "ONT": [
    0.071064,
    0.070943
  ],
  "ARC": [
    0.071201,
    0.070745
  ],
  "NPC": [
    0.00780916,
    0.00788842
  ],
  "POLYX": [
    0.04802336,
    0.04800881
  ],
  "MYX": [
    0.263436,
    0.264899
  ],
  "CSPR": [
    0.00282187,
    0.00281141
  ],
  "IOTX": [
    0.00455655,
    0.00456953
  ],
  "MAGMA": [
    0.228254,
    0.226182
  ],
  "ISLM": [
    0.01179089,
    0.01177124
  ],
  "MERL": [
    0.03275668,
    0.03227721
  ],
  "NEIRO": [
    0.00009147,
    0.00009169
  ],
  "HUMA": [
    0.02205883,
    0.02219555
  ],
  "NOT": [
    0.00038694,
    0.00038512
  ],
  "REZ": [
    0.00439397,
    0.00436213
  ],
  "SNEK": [
    0.00046016,
    0.00046255
  ],
  "DEP": [
    0.00111154,
    0.00111135
  ],
  "SATS": [
    1.3867e-8,
    1.3832e-8
  ],
  "SPELL": [
    0.00016955,
    0.00016863
  ],
  "ALLO": [
    0.120369,
    0.121459
  ],
  "CPOOL": [
    0.02551082,
    0.0257163
  ],
  "GUN": [
    0.01437389,
    0.01442535
  ],
  "SLP": [
    0.00070424,
    0.00070452
  ],
  "SWARMS": [
    0.0254083,
    0.02561786
  ],
  "DEGEN": [
    0.00067639,
    0.00067897
  ],
  "CORN": [
    0.04021564,
    0.04032512
  ],
  "LRC": [
    0.0169343,
    0.01683795
  ],
  "AURORA": [
    0.02642031,
    0.02635255
  ],
  "NYM": [
    0.02200039,
    0.02215315
  ],
  "L3": [
    0.01277574,
    0.01238639
  ],
  "NIL": [
    0.04145649,
    0.04067953
  ],
  "INIT": [
    0.091563,
    0.092374
  ],
  "GRIFFAIN": [
    0.01757578,
    0.01792293
  ],
  "BOB": [
    0.00540117,
    0.00592898
  ],
  "AIN": [
    0.091068,
    0.091673
  ],
  "NEWT": [
    0.074192,
    0.074114
  ],
  "BANK": [
    0.03375898,
    0.03355693
  ],
  "MUBARAK": [
    0.01370409,
    0.01362268
  ],
  "SONIC": [
    0.03791842,
    0.03768434
  ],
  "DSYNC": [
    0.0133452,
    0.01324329
  ],
  "TLM": [
    0.0018579,
    0.0018512
  ],
  "PAAL": [
    0.01323434,
    0.01321161
  ],
  "RESOLV": [
    0.02936776,
    0.02916985
  ],
  "DAO": [
    0.04193849,
    0.04163934
  ],
  "HONEY": [
    0.00182906,
    0.0018101
  ],
  "IKA": [
    0.00339854,
    0.00337368
  ],
  "HMSTR": [
    0.0001558,
    0.00015504
  ],
  "COQ": [
    1.35337e-7,
    1.37278e-7
  ],
  "LAT": [
    0.0013375,
    0.00133615
  ],
  "RSS3": [
    0.00548899,
    0.00591938
  ],
  "TAI": [
    0.015274,
    0.01502257
  ],
  "AVL": [
    0.02669165,
    0.02639991
  ],
  "FUEL": [
    0.00091215,
    0.00091255
  ],
  "NAVX": [
    0.00876002,
    0.00876654
  ],
  "SOLV": [
    0.00470331,
    0.00476179
  ],
  "NKN": [
    0.00808195,
    0.00800106
  ],
  "PIXEL": [
    0.00818511,
    0.00808117
  ],
  "COS": [
    0.00116208,
    0.00115709
  ],
  "OBT": [
    0.00100871,
    0.00100888
  ],
  "FHE": [
    0.01818982,
    0.01809187
  ],
  "DMC": [
    0.0006908,
    0.00069479
  ],
  "FWOG": [
    0.00451176,
    0.00452784
  ],
  "ROAM": [
    0.01178066,
    0.01141028
  ],
  "LYXE": [
    0.249772,
    0.249772
  ],
  "DENT": [
    0.00003989,
    0.00003993
  ],
  "GEAR": [
    0.00033208,
    0.00033161
  ],
  "OAS": [
    0.00048403,
    0.00048134
  ],
  "FORTH": [
    0.240314,
    0.240925
  ],
  "RDNT": [
    0.00181566,
    0.00178659
  ],
  "HOOK": [
    0.00804658,
    0.00797486
  ],
  "SAMO": [
    0.00036046,
    0.00036203
  ],
  "CUDIS": [
    0.00784483,
    0.00778255
  ],
  "PERP": [
    0.02560844,
    0.02558394
  ],
  "SAROS": [
    0.00073482,
    0.00065907
  ],
  "EPT": [
    0.0007297,
    0.00071963
  ],
  "FIS": [
    0.01050549,
    0.0106182
  ],
  "HIPPO": [
    0.00016477,
    0.00016465
  ],
  "PTB": [
    0.00079496,
    0.0007914
  ],
  "FLM": [
    0.00258643,
    0.0025898
  ],
  "GORK": [
    0.0014258,
    0.00141913
  ],
  "A2Z": [
    0.00010526,
    0.00011449
  ],
  "DATA": [
    0.00071973,
    0.00071744
  ],
  "INSP": [
    0.00093744,
    0.00094313
  ],
  "ACA": [
    0.0006365,
    0.00063643
  ],
  "FOXY": [
    0.00011688,
    0.00011599
  ],
  "RFC": [
    0.00057575,
    0.00058609
  ],
  "DUCK": [
    0.00007255,
    0.00007232
  ],
  "SWTCH": [
    0.0034216,
    0.00339695
  ],
  "LOOKS": [
    0.000358,
    0.00035794
  ],
  "BDXN": [
    0.00170999,
    0.00159414
  ],
  "MOONPIG": [
    0.00026692,
    0.0002669
  ],
  "ROOT": [
    0.00006128,
    0.00006088
  ],
  "CHILLGUY": [
    0.00009143,
    0.00009104
  ],
  "CHESS": [
    0.00019869,
    0.00019869
  ],
  "APU": [
    0.00003962,
    0.00003975
  ],
  "HOLO": [
    0.00001193,
    0.00001187
  ],
  "GMMT": [
    0.00249829,
    0.00248739
  ],
  "RATS": [
    0.00003881,
    0.0000385
  ],
  "ADB": [
    null,
    null
  ]
}