{
  "PUMP": [
    0.00177744,
    0.00177773
  ],
  "STABLE": [
    0.03253323,
    0.03208654
  ],
  "SIREN": [
    0.659125,
    0.663406
  ],
  "AERO": [
    0.423208,
    0.432179
  ],
  "MON": [
    0.03072848,
    0.03058614
  ],
  "JASMY": [
    0.00577785,
    0.00578687
  ],
  "LIT": [
    0.945336,
    0.933749
  ],
  "SKYAI": [
    0.19383,
    0.194973
  ],
  "CVX": [
    1.78,
    1.79
  ],
  "BAT": [
    0.104162,
    0.105317
  ],
  "CHEEMS": [
    6.17381e-7,
    6.12471e-7
  ],
  "ATH": [
    0.00604,
    0.00606608
  ],
  "COW": [
    0.191381,
    0.189854
  ],
  "BANANAS31": [
    0.00907793,
    0.00915329
  ],
  "BAN": [
    0.077458,
    0.079592
  ],
  "ONT": [
    0.077929,
    0.079584
  ],
  "BEAT": [
    0.582705,
    0.571473
  ],
  "CKB": [
    0.00151753,
    0.00153866
  ],
  "TAG": [
    0.0006645,
    0.00067141
  ],
  "SAHARA": [
    0.02178813,
    0.02182311
  ],
  "NPC": [
    0.00842684,
    0.00843327
  ],
  "ARC": [
    0.064879,
    0.065357
  ],
  "POLYX": [
    0.050551,
    0.050911
  ],
  "HUMA": [
    0.02684175,
    0.02742046
  ],
  "MYX": [
    0.25075,
    0.247651
  ],
  "MERL": [
    0.03951341,
    0.03781748
  ],
  "CSPR": [
    0.00292406,
    0.0029353
  ],
  "IOTX": [
    0.0048415,
    0.00481851
  ],
  "NOT": [
    0.00043193,
    0.00043138
  ],
  "MAGMA": [
    0.273498,
    0.225093
  ],
  "SNEK": [
    0.00050758,
    0.00050804
  ],
  "NEIRO": [
    0.0000872,
    0.00008856
  ],
  "REZ": [
    0.00385522,
    0.00395642
  ],
  "SATS": [
    1.4541e-8,
    1.4817e-8
  ],
  "DEP": [
    0.00111985,
    0.0011178
  ],
  "ISLM": [
    0.01184964,
    0.01185149
  ],
  "SPELL": [
    0.00016466,
    0.0001662
  ],
  "ALLO": [
    0.121103,
    0.124426
  ],
  "CPOOL": [
    0.02857148,
    0.02757271
  ],
  "GUN": [
    0.01515418,
    0.01545278
  ],
  "NYM": [
    0.03078679,
    0.03090706
  ],
  "INIT": [
    0.092637,
    0.094209
  ],
  "SLP": [
    0.00068307,
    0.00069659
  ],
  "DEGEN": [
    0.00066899,
    0.00066578
  ],
  "LRC": [
    0.01719409,
    0.01722255
  ],
  "CORN": [
    0.04037517,
    0.04031437
  ],
  "GRIFFAIN": [
    0.0210075,
    0.01972656
  ],
  "AURORA": [
    0.02795483,
    0.02795835
  ],
  "NIL": [
    0.04226131,
    0.04357132
  ],
  "SWARMS": [
    0.01802857,
    0.01800814
  ],
  "BOB": [
    0.00591635,
    0.00603828
  ],
  "NEWT": [
    0.079181,
    0.07906
  ],
  "BANK": [
    0.03655252,
    0.03674104
  ],
  "L3": [
    0.01036585,
    0.01040867
  ],
  "MUBARAK": [
    0.01397638,
    0.01401938
  ],
  "DSYNC": [
    0.01357629,
    0.01367788
  ],
  "SONIC": [
    0.03620067,
    0.03638774
  ],
  "TLM": [
    0.00187479,
    0.00197061
  ],
  "HONEY": [
    0.00219261,
    0.00212117
  ],
  "IKA": [
    0.00364178,
    0.00394838
  ],
  "PAAL": [
    0.01261314,
    0.01280137
  ],
  "AIN": [
    0.060669,
    0.061097
  ],
  "DAO": [
    0.04460773,
    0.04500981
  ],
  "RESOLV": [
    0.02866971,
    0.02891975
  ],
  "COQ": [
    1.48655e-7,
    1.46849e-7
  ],
  "HMSTR": [
    0.00015665,
    0.0001585
  ],
  "TAI": [
    0.01653647,
    0.01664938
  ],
  "LAT": [
    0.00133948,
    0.00134033
  ],
  "AVL": [
    0.0274115,
    0.02765308
  ],
  "FUEL": [
    0.00093936,
    0.00093984
  ],
  "NAVX": [
    0.00870446,
    0.00868567
  ],
  "NKN": [
    0.00880102,
    0.00868585
  ],
  "PIXEL": [
    0.00792834,
    0.00811829
  ],
  "COS": [
    0.00116856,
    0.00118535
  ],
  "SOLV": [
    0.00394507,
    0.00404996
  ],
  "DENT": [
    0.00006826,
    0.00006125
  ],
  "OBT": [
    0.00100899,
    0.00100745
  ],
  "ROAM": [
    0.0167869,
    0.01630719
  ],
  "RSS3": [
    0.00568723,
    0.00592552
  ],
  "FHE": [
    0.01894292,
    0.01878188
  ],
  "DMC": [
    0.00070906,
    0.00070701
  ],
  "FWOG": [
    0.00455283,
    0.0045625
  ],
  "OAS": [
    0.00060495,
    0.00060072
  ],
  "LYXE": [
    0.234562,
    0.234617
  ],
  "FORTH": [
    0.271917,
    0.24889
  ],
  "HOOK": [
    0.00850442,
    0.0087974
  ],
  "RDNT": [
    0.00188574,
    0.00192035
  ],
  "GEAR": [
    0.00022194,
    0.0002222
  ],
  "SAMO": [
    0.0003768,
    0.00036133
  ],
  "CUDIS": [
    0.00815297,
    0.00815249
  ],
  "PERP": [
    0.02622669,
    0.02634933
  ],
  "PTB": [
    0.00086114,
    0.00082624
  ],
  "EPT": [
    0.00074458,
    0.00073561
  ],
  "FIS": [
    0.01074239,
    0.01073473
  ],
  "HIPPO": [
    0.00015909,
    0.00016456
  ],
  "GORK": [
    0.00159849,
    0.00158831
  ],
  "FLM": [
    0.00268599,
    0.00266497
  ],
  "SAROS": [
    0.00052942,
    0.00052735
  ],
  "DATA": [
    0.00074827,
    0.00075854
  ],
  "INSP": [
    0.00115058,
    0.0011087
  ],
  "ACA": [
    0.00065403,
    0.00065717
  ],
  "FOXY": [
    0.00012183,
    0.00012098
  ],
  "A2Z": [
    0.00007126,
    0.00007303
  ],
  "RFC": [
    0.00058699,
    0.00059338
  ],
  "DUCK": [
    0.0000708,
    0.00007078
  ],
  "SWTCH": [
    0.00335621,
    0.00338013
  ],
  "LOOKS": [
    0.00038314,
    0.00037205
  ],
  "MOONPIG": [
    0.00030004,
    0.00030105
  ],
  "BDXN": [
    0.00165348,
    0.00161438
  ],
  "ROOT": [
    0.00006053,
    0.00006054
  ],
  "CHILLGUY": [
    0.00013865,
    0.00013403
  ],
  "APU": [
    0.00006176,
    0.00005952
  ],
  "CHESS": [
    0.00015263,
    0.00015263
  ],
  "HOLO": [
    0.00001221,
    0.00001221
  ],
  "GMMT": [
    0.002619,
    0.00261982
  ],
  "RATS": [
    0.00003651,
    0.00003783
  ],
  "ADB": [
    null,
    null
  ]
}