{
  "PUMP": [
    0.00177803,
    0.00180346
  ],
  "STABLE": [
    0.03447601,
    0.03393797
  ],
  "SIREN": [
    0.650756,
    0.677371
  ],
  "AERO": [
    0.427703,
    0.433696
  ],
  "MON": [
    0.03069414,
    0.03089602
  ],
  "JASMY": [
    0.0056021,
    0.00562785
  ],
  "LIT": [
    0.928711,
    0.942719
  ],
  "SKYAI": [
    0.206357,
    0.205651
  ],
  "CVX": [
    1.76,
    1.76
  ],
  "BAT": [
    0.103085,
    0.103216
  ],
  "CHEEMS": [
    5.89536e-7,
    5.93192e-7
  ],
  "ATH": [
    0.00599492,
    0.006024
  ],
  "COW": [
    0.183849,
    0.184168
  ],
  "BANANAS31": [
    0.00919011,
    0.00934048
  ],
  "BEAT": [
    0.567167,
    0.587726
  ],
  "BAN": [
    0.079915,
    0.080037
  ],
  "ONT": [
    0.078232,
    0.079083
  ],
  "CKB": [
    0.00149769,
    0.00149652
  ],
  "TAG": [
    0.00065164,
    0.00067268
  ],
  "SAHARA": [
    0.02159156,
    0.02192857
  ],
  "NPC": [
    0.00837952,
    0.00831453
  ],
  "ARC": [
    0.067134,
    0.066883
  ],
  "POLYX": [
    0.050059,
    0.050301
  ],
  "MERL": [
    0.03909813,
    0.03963341
  ],
  "MYX": [
    0.250338,
    0.249246
  ],
  "HUMA": [
    0.0274657,
    0.02718094
  ],
  "CSPR": [
    0.0029124,
    0.00292708
  ],
  "IOTX": [
    0.00473102,
    0.00474723
  ],
  "MAGMA": [
    0.19835,
    0.223729
  ],
  "NOT": [
    0.00040073,
    0.00040442
  ],
  "SNEK": [
    0.00052604,
    0.00052516
  ],
  "NEIRO": [
    0.00009282,
    0.00009273
  ],
  "REZ": [
    0.0040234,
    0.00400972
  ],
  "SATS": [
    1.488e-8,
    1.4811e-8
  ],
  "DEP": [
    0.00112852,
    0.00113042
  ],
  "ISLM": [
    0.01180052,
    0.01187422
  ],
  "ALLO": [
    0.128834,
    0.132726
  ],
  "CPOOL": [
    0.02799593,
    0.02832796
  ],
  "SPELL": [
    0.00016508,
    0.00016489
  ],
  "GUN": [
    0.01582963,
    0.01615111
  ],
  "NYM": [
    0.03116131,
    0.03087279
  ],
  "DEGEN": [
    0.00067716,
    0.0006924
  ],
  "SLP": [
    0.00067894,
    0.00067923
  ],
  "INIT": [
    0.083466,
    0.08345
  ],
  "LRC": [
    0.01724905,
    0.01721804
  ],
  "CORN": [
    0.04033875,
    0.04039663
  ],
  "AURORA": [
    0.02804779,
    0.02803677
  ],
  "GRIFFAIN": [
    0.01749465,
    0.01949815
  ],
  "SWARMS": [
    0.01853286,
    0.01878457
  ],
  "NIL": [
    0.04052538,
    0.04042078
  ],
  "BOB": [
    0.00592244,
    0.006003
  ],
  "NEWT": [
    0.078047,
    0.077419
  ],
  "BANK": [
    0.03732324,
    0.03812169
  ],
  "L3": [
    0.0104022,
    0.01042687
  ],
  "MUBARAK": [
    0.01380229,
    0.01380725
  ],
  "DSYNC": [
    0.01371317,
    0.01379282
  ],
  "SONIC": [
    0.03552826,
    0.03568348
  ],
  "RESOLV": [
    0.03010769,
    0.03137343
  ],
  "HONEY": [
    0.00216902,
    0.00210264
  ],
  "TLM": [
    0.00181091,
    0.00180811
  ],
  "PAAL": [
    0.0129182,
    0.01290141
  ],
  "AIN": [
    0.060868,
    0.060958
  ],
  "IKA": [
    0.00376907,
    0.0037617
  ],
  "DAO": [
    0.04415,
    0.04474753
  ],
  "COQ": [
    1.47217e-7,
    1.47549e-7
  ],
  "HMSTR": [
    0.00015569,
    0.00015584
  ],
  "TAI": [
    0.01650888,
    0.01648693
  ],
  "LAT": [
    0.00133892,
    0.00133744
  ],
  "AVL": [
    0.0264341,
    0.02606755
  ],
  "FUEL": [
    0.00094404,
    0.00094553
  ],
  "DENT": [
    0.00007672,
    0.00007717
  ],
  "NKN": [
    0.00861536,
    0.00900788
  ],
  "NAVX": [
    0.0086168,
    0.00861256
  ],
  "ROAM": [
    0.01697908,
    0.01760706
  ],
  "COS": [
    0.0011671,
    0.00117676
  ],
  "SOLV": [
    0.00420128,
    0.00403022
  ],
  "PIXEL": [
    0.00756161,
    0.00757762
  ],
  "OBT": [
    0.00101659,
    0.00101955
  ],
  "RSS3": [
    0.00578062,
    0.00577468
  ],
  "FHE": [
    0.01822579,
    0.01935652
  ],
  "DMC": [
    0.00071067,
    0.00070312
  ],
  "FWOG": [
    0.00456235,
    0.00452256
  ],
  "OAS": [
    0.00064815,
    0.00064188
  ],
  "LYXE": [
    0.224656,
    0.224656
  ],
  "RDNT": [
    0.00196169,
    0.00194933
  ],
  "FORTH": [
    0.233716,
    0.235153
  ],
  "HOOK": [
    0.00828686,
    0.0082983
  ],
  "GEAR": [
    0.00023311,
    0.000223
  ],
  "SAMO": [
    0.00039486,
    0.00038826
  ],
  "CUDIS": [
    0.00803765,
    0.00800228
  ],
  "PERP": [
    0.02586119,
    0.02563884
  ],
  "PTB": [
    0.00083162,
    0.00083931
  ],
  "EPT": [
    0.00074096,
    0.00074469
  ],
  "FIS": [
    0.01067977,
    0.0105921
  ],
  "GORK": [
    0.00160295,
    0.00162262
  ],
  "HIPPO": [
    0.00015836,
    0.00015925
  ],
  "FLM": [
    0.00276325,
    0.00276149
  ],
  "SAROS": [
    0.00052315,
    0.00053094
  ],
  "DATA": [
    0.00087291,
    0.00087626
  ],
  "INSP": [
    0.00123447,
    0.0012229
  ],
  "ACA": [
    0.0006818,
    0.0006608
  ],
  "FOXY": [
    0.00011906,
    0.00011909
  ],
  "A2Z": [
    0.00007244,
    0.00007267
  ],
  "DUCK": [
    0.00007252,
    0.00007164
  ],
  "RFC": [
    0.00057134,
    0.00056632
  ],
  "SWTCH": [
    0.00343629,
    0.00339187
  ],
  "LOOKS": [
    0.00041136,
    0.00041137
  ],
  "MOONPIG": [
    0.00029604,
    0.00029604
  ],
  "BDXN": [
    0.00178786,
    0.0017471
  ],
  "ROOT": [
    0.00006121,
    0.00006081
  ],
  "CHILLGUY": [
    0.00015356,
    0.00015337
  ],
  "APU": [
    0.00005808,
    0.00005494
  ],
  "CHESS": [
    0.0001552,
    0.00015549
  ],
  "HOLO": [
    0.00001219,
    0.00001239
  ],
  "GMMT": [
    0.00266922,
    0.00262962
  ],
  "RATS": [
    0.00004257,
    0.00004114
  ],
  "ADB": [
    null,
    null
  ]
}