{
  "STABLE": [
    0.03371218,
    0.03349988
  ],
  "PUMP": [
    0.00182958,
    0.00183809
  ],
  "SIREN": [
    0.703267,
    0.703329
  ],
  "SKYAI": [
    0.476282,
    0.471081
  ],
  "AERO": [
    0.451297,
    0.451859
  ],
  "MON": [
    0.03079147,
    0.0307879
  ],
  "JASMY": [
    0.00569774,
    0.00570301
  ],
  "LIT": [
    0.903455,
    0.902148
  ],
  "CVX": [
    1.74,
    1.74
  ],
  "BAT": [
    0.097149,
    0.097219
  ],
  "TAG": [
    0.00138235,
    0.00124187
  ],
  "CHEEMS": [
    6.26953e-7,
    6.2845e-7
  ],
  "ATH": [
    0.00585734,
    0.00587203
  ],
  "COW": [
    0.185661,
    0.185434
  ],
  "BANANAS31": [
    0.01002485,
    0.00998434
  ],
  "BEAT": [
    0.597972,
    0.610216
  ],
  "SAHARA": [
    0.0238045,
    0.02391124
  ],
  "CKB": [
    0.00149938,
    0.00150405
  ],
  "BAN": [
    0.072147,
    0.072571
  ],
  "ARC": [
    0.0708,
    0.070997
  ],
  "ONT": [
    0.070726,
    0.070847
  ],
  "NPC": [
    0.00778583,
    0.00776939
  ],
  "POLYX": [
    0.04774705,
    0.04783162
  ],
  "MYX": [
    0.252645,
    0.252745
  ],
  "CSPR": [
    0.00280084,
    0.00280467
  ],
  "MERL": [
    0.03443421,
    0.03525667
  ],
  "MAGMA": [
    0.226628,
    0.227048
  ],
  "IOTX": [
    0.00453803,
    0.00453146
  ],
  "REZ": [
    0.00478337,
    0.00498462
  ],
  "ISLM": [
    0.01176776,
    0.01174994
  ],
  "NEIRO": [
    0.00009835,
    0.00009735
  ],
  "NOT": [
    0.00040258,
    0.00040257
  ],
  "HUMA": [
    0.02184885,
    0.02213001
  ],
  "SNEK": [
    0.00046105,
    0.00046188
  ],
  "SATS": [
    1.5984e-8,
    1.5716e-8
  ],
  "DEP": [
    0.00111915,
    0.00111681
  ],
  "SPELL": [
    0.00016683,
    0.00016679
  ],
  "ALLO": [
    0.124727,
    0.121701
  ],
  "SWARMS": [
    0.02596404,
    0.02579901
  ],
  "CPOOL": [
    0.02585881,
    0.02590512
  ],
  "GUN": [
    0.01431877,
    0.01435823
  ],
  "SLP": [
    0.00070376,
    0.0007038
  ],
  "DEGEN": [
    0.00066204,
    0.00066372
  ],
  "CORN": [
    0.04025843,
    0.0402281
  ],
  "LRC": [
    0.01691271,
    0.01693451
  ],
  "NIL": [
    0.04235446,
    0.0422652
  ],
  "AURORA": [
    0.02645307,
    0.02640667
  ],
  "L3": [
    0.0122735,
    0.01217859
  ],
  "GRIFFAIN": [
    0.01782818,
    0.01755967
  ],
  "AIN": [
    0.095267,
    0.095081
  ],
  "NYM": [
    0.0197101,
    0.02089985
  ],
  "INIT": [
    0.087736,
    0.088107
  ],
  "BOB": [
    0.00560132,
    0.00571597
  ],
  "NEWT": [
    0.07565,
    0.075987
  ],
  "BANK": [
    0.03343685,
    0.03354186
  ],
  "MUBARAK": [
    0.01393209,
    0.01386308
  ],
  "SONIC": [
    0.03810118,
    0.03821559
  ],
  "DSYNC": [
    0.01319906,
    0.01318374
  ],
  "TLM": [
    0.00186605,
    0.00186162
  ],
  "PAAL": [
    0.0128242,
    0.01291198
  ],
  "RESOLV": [
    0.02928228,
    0.02952263
  ],
  "RSS3": [
    0.00706161,
    0.0073752
  ],
  "HONEY": [
    0.00179987,
    0.00179822
  ],
  "DAO": [
    0.04117605,
    0.04116238
  ],
  "IKA": [
    0.00338143,
    0.00337757
  ],
  "HMSTR": [
    0.00015675,
    0.00015642
  ],
  "COQ": [
    1.32952e-7,
    1.32403e-7
  ],
  "LAT": [
    0.00133331,
    0.00133184
  ],
  "TAI": [
    0.01525677,
    0.01528652
  ],
  "AVL": [
    0.02690884,
    0.02684544
  ],
  "NAVX": [
    0.00881264,
    0.00880494
  ],
  "FUEL": [
    0.00090206,
    0.0009011
  ],
  "SOLV": [
    0.00448749,
    0.00447119
  ],
  "NKN": [
    0.00801123,
    0.00793435
  ],
  "PIXEL": [
    0.00790573,
    0.00795036
  ],
  "COS": [
    0.00116065,
    0.00115895
  ],
  "OBT": [
    0.0010049,
    0.00100373
  ],
  "FHE": [
    0.02124403,
    0.02123605
  ],
  "DMC": [
    0.0006919,
    0.0006904
  ],
  "FWOG": [
    0.00452046,
    0.00452969
  ],
  "LYXE": [
    0.256066,
    0.256066
  ],
  "DENT": [
    0.00004019,
    0.00004115
  ],
  "ROAM": [
    0.01087979,
    0.01084355
  ],
  "OAS": [
    0.00053271,
    0.00053111
  ],
  "GEAR": [
    0.00032499,
    0.00032495
  ],
  "FORTH": [
    0.237786,
    0.241576
  ],
  "RDNT": [
    0.00179945,
    0.0017903
  ],
  "HOOK": [
    0.00805623,
    0.00804092
  ],
  "SAMO": [
    0.00035553,
    0.00034833
  ],
  "CUDIS": [
    0.0079316,
    0.00792027
  ],
  "PERP": [
    0.02554866,
    0.02549982
  ],
  "EPT": [
    0.00072148,
    0.00071614
  ],
  "PTB": [
    0.00078054,
    0.00078984
  ],
  "HIPPO": [
    0.00016353,
    0.00016402
  ],
  "SAROS": [
    0.00059125,
    0.00060375
  ],
  "FIS": [
    0.01012377,
    0.01011264
  ],
  "FLM": [
    0.00260133,
    0.00259884
  ],
  "GORK": [
    0.00140305,
    0.00139799
  ],
  "DATA": [
    0.0007095,
    0.00071125
  ],
  "ACA": [
    0.00067884,
    0.00068028
  ],
  "A2Z": [
    0.00009439,
    0.00009494
  ],
  "INSP": [
    0.00095018,
    0.00095196
  ],
  "FOXY": [
    0.00011599,
    0.00011492
  ],
  "SWTCH": [
    0.00352493,
    0.00346617
  ],
  "DUCK": [
    0.00007067,
    0.00007082
  ],
  "RFC": [
    0.00055457,
    0.00055091
  ],
  "LOOKS": [
    0.00036175,
    0.00035798
  ],
  "BDXN": [
    0.0017996,
    0.00175541
  ],
  "MOONPIG": [
    0.000267,
    0.00026545
  ],
  "ROOT": [
    0.00005718,
    0.00005976
  ],
  "CHILLGUY": [
    0.00009448,
    0.00009814
  ],
  "APU": [
    0.00004387,
    0.00004285
  ],
  "CHESS": [
    0.00019217,
    0.00019217
  ],
  "HOLO": [
    0.00001187,
    0.00001187
  ],
  "GMMT": [
    0.00249464,
    0.0024934
  ],
  "RATS": [
    0.00003937,
    0.00003963
  ],
  "ADB": [
    null,
    null
  ]
}