{
  "STABLE": [
    0.0336692,
    0.0334781
  ],
  "PUMP": [
    0.00180954,
    0.00180622
  ],
  "SIREN": [
    0.661402,
    0.663423
  ],
  "AERO": [
    0.459987,
    0.458358
  ],
  "SKYAI": [
    0.382668,
    0.375323
  ],
  "MON": [
    0.02954649,
    0.02934761
  ],
  "JASMY": [
    0.00566878,
    0.00565432
  ],
  "LIT": [
    0.905777,
    0.898836
  ],
  "CVX": [
    1.72,
    1.72
  ],
  "BAT": [
    0.097068,
    0.09668
  ],
  "CHEEMS": [
    6.20248e-7,
    6.15741e-7
  ],
  "ATH": [
    0.00582068,
    0.00582505
  ],
  "COW": [
    0.186117,
    0.185797
  ],
  "BANANAS31": [
    0.00974276,
    0.00971764
  ],
  "TAG": [
    0.00069229,
    0.00072663
  ],
  "BEAT": [
    0.536617,
    0.536124
  ],
  "ARC": [
    0.073602,
    0.074063
  ],
  "SAHARA": [
    0.02220154,
    0.02219802
  ],
  "CKB": [
    0.00148949,
    0.00148413
  ],
  "BAN": [
    0.071299,
    0.072724
  ],
  "ONT": [
    0.071337,
    0.070963
  ],
  "NPC": [
    0.00776724,
    0.00775605
  ],
  "POLYX": [
    0.04735871,
    0.0476075
  ],
  "MAGMA": [
    0.234777,
    0.260532
  ],
  "MYX": [
    0.259076,
    0.25817
  ],
  "CSPR": [
    0.00280928,
    0.00281732
  ],
  "IOTX": [
    0.00447887,
    0.00446357
  ],
  "ISLM": [
    0.01157123,
    0.01164435
  ],
  "MERL": [
    0.03228846,
    0.03227008
  ],
  "NOT": [
    0.00038557,
    0.00038145
  ],
  "NEIRO": [
    0.00009184,
    0.0000904
  ],
  "HUMA": [
    0.02212402,
    0.02193086
  ],
  "REZ": [
    0.00453997,
    0.00431275
  ],
  "SNEK": [
    0.00046859,
    0.00046662
  ],
  "DEP": [
    0.00111064,
    0.00111116
  ],
  "SATS": [
    1.3867e-8,
    1.3812e-8
  ],
  "SPELL": [
    0.00016735,
    0.00016779
  ],
  "ALLO": [
    0.12162,
    0.123749
  ],
  "SWARMS": [
    0.02659515,
    0.02716104
  ],
  "CPOOL": [
    0.02558898,
    0.02556436
  ],
  "GUN": [
    0.01442282,
    0.01436344
  ],
  "SLP": [
    0.00069478,
    0.000695
  ],
  "DEGEN": [
    0.00067481,
    0.00067269
  ],
  "CORN": [
    0.04027096,
    0.04034878
  ],
  "LRC": [
    0.0166445,
    0.01666394
  ],
  "NYM": [
    0.02232626,
    0.02207643
  ],
  "AURORA": [
    0.02639286,
    0.02619338
  ],
  "L3": [
    0.01244094,
    0.01242801
  ],
  "GRIFFAIN": [
    0.01809972,
    0.0180832
  ],
  "INIT": [
    0.091206,
    0.090574
  ],
  "NIL": [
    0.03950791,
    0.03889195
  ],
  "AIN": [
    0.093926,
    0.092813
  ],
  "NEWT": [
    0.073528,
    0.073434
  ],
  "BOB": [
    0.0053818,
    0.00536018
  ],
  "BANK": [
    0.03384383,
    0.03365044
  ],
  "MUBARAK": [
    0.01370318,
    0.01363392
  ],
  "SONIC": [
    0.03743689,
    0.03743455
  ],
  "DSYNC": [
    0.01320847,
    0.01329024
  ],
  "TLM": [
    0.00181829,
    0.00181917
  ],
  "PAAL": [
    0.01303519,
    0.01322569
  ],
  "RESOLV": [
    0.02992133,
    0.02952835
  ],
  "HONEY": [
    0.00180955,
    0.00181635
  ],
  "DAO": [
    0.04061766,
    0.04137186
  ],
  "IKA": [
    0.00337877,
    0.00338308
  ],
  "HMSTR": [
    0.00015229,
    0.00015216
  ],
  "TAI": [
    0.01577348,
    0.01612976
  ],
  "COQ": [
    1.32384e-7,
    1.35049e-7
  ],
  "LAT": [
    0.00132439,
    0.00132724
  ],
  "RSS3": [
    0.00548091,
    0.00547526
  ],
  "AVL": [
    0.02634673,
    0.02611699
  ],
  "FUEL": [
    0.00091288,
    0.00091341
  ],
  "NAVX": [
    0.00865884,
    0.00869381
  ],
  "SOLV": [
    0.00464128,
    0.00457143
  ],
  "NKN": [
    0.00799019,
    0.00818795
  ],
  "PIXEL": [
    0.00811037,
    0.00802611
  ],
  "COS": [
    0.00114484,
    0.0011389
  ],
  "OBT": [
    0.00099707,
    0.00100127
  ],
  "DMC": [
    0.00068871,
    0.00068963
  ],
  "FWOG": [
    0.0045394,
    0.00453457
  ],
  "FHE": [
    0.01782557,
    0.01758423
  ],
  "ROAM": [
    0.01194539,
    0.01192369
  ],
  "DENT": [
    0.00004885,
    0.00004249
  ],
  "LYXE": [
    0.249772,
    0.249772
  ],
  "GEAR": [
    0.00032809,
    0.00032619
  ],
  "OAS": [
    0.00046734,
    0.00047741
  ],
  "FORTH": [
    0.241051,
    0.236608
  ],
  "HOOK": [
    0.00809975,
    0.00805258
  ],
  "RDNT": [
    0.00179771,
    0.00178572
  ],
  "SAMO": [
    0.00035906,
    0.00036074
  ],
  "CUDIS": [
    0.00779419,
    0.00784687
  ],
  "PERP": [
    0.02538296,
    0.02546412
  ],
  "EPT": [
    0.00071015,
    0.00072026
  ],
  "FIS": [
    0.01050518,
    0.01052023
  ],
  "HIPPO": [
    0.00016213,
    0.0001625
  ],
  "PTB": [
    0.00076302,
    0.00077443
  ],
  "SAROS": [
    0.00057026,
    0.00056171
  ],
  "FLM": [
    0.00260733,
    0.00257362
  ],
  "GORK": [
    0.0014412,
    0.00142655
  ],
  "DATA": [
    0.00070623,
    0.00070479
  ],
  "INSP": [
    0.00097461,
    0.00096541
  ],
  "A2Z": [
    0.00009744,
    0.00009088
  ],
  "ACA": [
    0.00062991,
    0.00063276
  ],
  "FOXY": [
    0.00011596,
    0.00011598
  ],
  "RFC": [
    0.00062664,
    0.00062125
  ],
  "SWTCH": [
    0.00355811,
    0.00352353
  ],
  "DUCK": [
    0.00007058,
    0.00007135
  ],
  "LOOKS": [
    0.00035376,
    0.00035503
  ],
  "BDXN": [
    0.0016719,
    0.00167471
  ],
  "MOONPIG": [
    0.00026584,
    0.00026588
  ],
  "ROOT": [
    0.00006057,
    0.00006047
  ],
  "CHILLGUY": [
    0.00010102,
    0.00009015
  ],
  "CHESS": [
    0.00020636,
    0.00020637
  ],
  "APU": [
    0.00003935,
    0.00003966
  ],
  "HOLO": [
    0.00001191,
    0.00001191
  ],
  "GMMT": [
    0.00246068,
    0.00245392
  ],
  "RATS": [
    0.00003793,
    0.00003925
  ],
  "ADB": [
    null,
    null
  ]
}