{
  "SIREN": [
    1.52,
    1.62
  ],
  "PUMP": [
    0.00169073,
    0.00172254
  ],
  "STABLE": [
    0.02592583,
    0.02585558
  ],
  "AERO": [
    0.319045,
    0.32127
  ],
  "JASMY": [
    0.00526233,
    0.00531628
  ],
  "MON": [
    0.02206989,
    0.02206197
  ],
  "LIT": [
    0.84891,
    0.855107
  ],
  "CVX": [
    1.67,
    1.64
  ],
  "BAT": [
    0.093446,
    0.093935
  ],
  "ATH": [
    0.00723657,
    0.00707711
  ],
  "BANANAS31": [
    0.01310228,
    0.01259928
  ],
  "COW": [
    0.192424,
    0.199674
  ],
  "CHEEMS": [
    4.11075e-7,
    4.11289e-7
  ],
  "SAHARA": [
    0.02473841,
    0.02518489
  ],
  "BEAT": [
    0.508373,
    0.506893
  ],
  "CKB": [
    0.00135708,
    0.00137898
  ],
  "SKYAI": [
    0.063588,
    0.06269
  ],
  "TAG": [
    0.00058116,
    0.00057484
  ],
  "ONT": [
    0.057236,
    0.06643
  ],
  "NPC": [
    0.00740787,
    0.00740299
  ],
  "BAN": [
    0.057293,
    0.056544
  ],
  "POLYX": [
    0.04412478,
    0.04439605
  ],
  "CSPR": [
    0.00354584,
    0.00347831
  ],
  "MYX": [
    0.246572,
    0.256281
  ],
  "ARC": [
    0.0471283,
    0.04850022
  ],
  "IOTX": [
    0.00474524,
    0.00480173
  ],
  "NOT": [
    0.00034382,
    0.00034926
  ],
  "SNEK": [
    0.00043274,
    0.00044163
  ],
  "ISLM": [
    0.0126584,
    0.0128223
  ],
  "DEP": [
    0.00115058,
    0.0011447
  ],
  "MERL": [
    0.02464256,
    0.02470824
  ],
  "LRC": [
    0.02262615,
    0.02291421
  ],
  "SPELL": [
    0.00016156,
    0.00016297
  ],
  "GUN": [
    0.01686597,
    0.01670344
  ],
  "NYM": [
    0.03245956,
    0.03266472
  ],
  "REZ": [
    0.00332567,
    0.00331258
  ],
  "HUMA": [
    0.01535899,
    0.01473602
  ],
  "DEGEN": [
    0.00068398,
    0.00068351
  ],
  "CORN": [
    0.04677802,
    0.04685304
  ],
  "MAGMA": [
    0.127728,
    0.126732
  ],
  "NEIRO": [
    0.00005457,
    0.00005546
  ],
  "ALLO": [
    0.106006,
    0.105785
  ],
  "CPOOL": [
    0.02347468,
    0.02365684
  ],
  "SATS": [
    1.0303e-8,
    1.0405e-8
  ],
  "SLP": [
    0.00057859,
    0.0005821
  ],
  "AURORA": [
    0.02825619,
    0.02817057
  ],
  "DENT": [
    0.00019836,
    0.00019814
  ],
  "DAO": [
    0.071345,
    0.069557
  ],
  "BANK": [
    0.0420957,
    0.04081165
  ],
  "DSYNC": [
    0.01706179,
    0.01720421
  ],
  "RESOLV": [
    0.0405221,
    0.04187087
  ],
  "BOB": [
    0.00585784,
    0.00573702
  ],
  "NEWT": [
    0.070141,
    0.071336
  ],
  "INIT": [
    0.078437,
    0.077446
  ],
  "SONIC": [
    0.03813669,
    0.03867002
  ],
  "NIL": [
    0.03055597,
    0.03141374
  ],
  "PAAL": [
    0.01439892,
    0.01480892
  ],
  "ROAM": [
    0.04035194,
    0.03799512
  ],
  "L3": [
    0.00951514,
    0.00945658
  ],
  "HONEY": [
    0.00224704,
    0.00224053
  ],
  "MUBARAK": [
    0.01129922,
    0.01130846
  ],
  "AIN": [
    0.059526,
    0.058951
  ],
  "GRIFFAIN": [
    0.01052491,
    0.01059395
  ],
  "TLM": [
    0.00160166,
    0.00161441
  ],
  "IKA": [
    0.00335659,
    0.0033696
  ],
  "TAI": [
    0.01623843,
    0.01711561
  ],
  "NKN": [
    0.01194188,
    0.01191255
  ],
  "LAT": [
    0.00132137,
    0.00131611
  ],
  "SWARMS": [
    0.00896509,
    0.0087753
  ],
  "HMSTR": [
    0.00013361,
    0.00013414
  ],
  "FUEL": [
    0.00106076,
    0.00106067
  ],
  "COS": [
    0.0015165,
    0.00152153
  ],
  "DUCK": [
    0.00107784,
    0.00109168
  ],
  "AVL": [
    0.0254789,
    0.02564925
  ],
  "NAVX": [
    0.00843875,
    0.00846283
  ],
  "COQ": [
    9.7314e-8,
    9.7754e-8
  ],
  "PIXEL": [
    0.00878379,
    0.00853827
  ],
  "OBT": [
    0.00109077,
    0.00108397
  ],
  "RDNT": [
    0.00415765,
    0.00432126
  ],
  "HIPPO": [
    0.00051279,
    0.00051582
  ],
  "RSS3": [
    0.00532084,
    0.00552079
  ],
  "FORTH": [
    0.358852,
    0.455445
  ],
  "FWOG": [
    0.00482116,
    0.00484056
  ],
  "SOLV": [
    0.00302702,
    0.00303325
  ],
  "DMC": [
    0.00070854,
    0.00072773
  ],
  "FHE": [
    0.01795412,
    0.01779242
  ],
  "LYXE": [
    0.283035,
    0.283035
  ],
  "PTB": [
    0.00167338,
    0.00171658
  ],
  "GEAR": [
    0.00031341,
    0.0003011
  ],
  "HOOK": [
    0.00938592,
    0.00989009
  ],
  "FIS": [
    0.01530033,
    0.01520736
  ],
  "OAS": [
    0.00034714,
    0.00035079
  ],
  "SAMO": [
    0.00039886,
    0.00039519
  ],
  "PERP": [
    0.02849489,
    0.02804125
  ],
  "CUDIS": [
    0.00790136,
    0.00787556
  ],
  "A2Z": [
    0.00022165,
    0.00022976
  ],
  "EPT": [
    0.00079719,
    0.00079744
  ],
  "GORK": [
    0.00151838,
    0.0016501
  ],
  "FLM": [
    0.00267586,
    0.00268031
  ],
  "SAROS": [
    0.00052405,
    0.00052596
  ],
  "DATA": [
    0.00103344,
    0.00103288
  ],
  "INSP": [
    0.00125056,
    0.00124899
  ],
  "ACA": [
    0.00081412,
    0.00079114
  ],
  "SWTCH": [
    0.00394443,
    0.00528287
  ],
  "FOXY": [
    0.00012824,
    0.00012689
  ],
  "RFC": [
    0.00051707,
    0.00053029
  ],
  "BDXN": [
    0.00246634,
    0.00251516
  ],
  "LOOKS": [
    0.00039414,
    0.00039224
  ],
  "CHESS": [
    0.00153189,
    0.00151642
  ],
  "MOONPIG": [
    0.00030772,
    0.00031474
  ],
  "ROOT": [
    0.00006994,
    0.00007093
  ],
  "CHILLGUY": [
    0.0000623,
    0.00006276
  ],
  "APU": [
    0.00003173,
    0.00003181
  ],
  "HOLO": [
    0.00001281,
    0.00001296
  ],
  "GMMT": [
    0.0032938,
    0.00330305
  ],
  "RATS": [
    0.00005867,
    0.00005631
  ],
  "ADB": [
    null,
    null
  ]
}