{
  "STABLE": [
    0.03397723,
    0.03415301
  ],
  "PUMP": [
    0.00184019,
    0.00184054
  ],
  "SIREN": [
    0.763417,
    0.76411
  ],
  "SKYAI": [
    0.567099,
    0.54946
  ],
  "AERO": [
    0.450962,
    0.452023
  ],
  "MON": [
    0.03047264,
    0.03040501
  ],
  "JASMY": [
    0.00556627,
    0.00560558
  ],
  "LIT": [
    0.906756,
    0.920901
  ],
  "BAT": [
    0.106318,
    0.10995
  ],
  "CVX": [
    1.78,
    1.79
  ],
  "TAG": [
    0.00126274,
    0.00137964
  ],
  "CHEEMS": [
    6.40161e-7,
    6.32725e-7
  ],
  "BANANAS31": [
    0.0123529,
    0.01241796
  ],
  "ATH": [
    0.00634093,
    0.00624112
  ],
  "COW": [
    0.192064,
    0.192596
  ],
  "SAHARA": [
    0.0242202,
    0.02417678
  ],
  "BEAT": [
    0.551727,
    0.550363
  ],
  "BAN": [
    0.074273,
    0.074868
  ],
  "CKB": [
    0.00151739,
    0.00152648
  ],
  "ONT": [
    0.072444,
    0.072233
  ],
  "ARC": [
    0.067299,
    0.067566
  ],
  "POLYX": [
    0.04863823,
    0.04944714
  ],
  "NPC": [
    0.00742503,
    0.00741962
  ],
  "NOT": [
    0.00050532,
    0.0004901
  ],
  "MAGMA": [
    0.247348,
    0.252342
  ],
  "MERL": [
    0.03854579,
    0.03806898
  ],
  "REZ": [
    0.00554719,
    0.00545673
  ],
  "MYX": [
    0.2402,
    0.239753
  ],
  "CSPR": [
    0.00278559,
    0.00278959
  ],
  "IOTX": [
    0.00453734,
    0.00457076
  ],
  "NEIRO": [
    0.00009706,
    0.00009612
  ],
  "ISLM": [
    0.01163885,
    0.01150024
  ],
  "HUMA": [
    0.02189405,
    0.02168098
  ],
  "SNEK": [
    0.00046538,
    0.00046693
  ],
  "SATS": [
    1.4967e-8,
    1.4887e-8
  ],
  "DEP": [
    0.00111259,
    0.00111362
  ],
  "SPELL": [
    0.00016874,
    0.00017017
  ],
  "SWARMS": [
    0.0356197,
    0.02845818
  ],
  "CPOOL": [
    0.02751076,
    0.0272236
  ],
  "GUN": [
    0.01492828,
    0.01492425
  ],
  "ALLO": [
    0.117163,
    0.117393
  ],
  "SLP": [
    0.00072175,
    0.00072407
  ],
  "DEGEN": [
    0.00068703,
    0.00068266
  ],
  "CORN": [
    0.04032648,
    0.04026995
  ],
  "LRC": [
    0.01691116,
    0.01694026
  ],
  "AURORA": [
    0.02693669,
    0.02737049
  ],
  "NIL": [
    0.03964926,
    0.04029008
  ],
  "INIT": [
    0.090612,
    0.091072
  ],
  "AIN": [
    0.094171,
    0.095472
  ],
  "GRIFFAIN": [
    0.01796492,
    0.01762163
  ],
  "L3": [
    0.01123092,
    0.0114766
  ],
  "NYM": [
    0.0196944,
    0.0209936
  ],
  "MUBARAK": [
    0.01680302,
    0.01672473
  ],
  "BOB": [
    0.00567457,
    0.00568767
  ],
  "NEWT": [
    0.075557,
    0.075473
  ],
  "BANK": [
    0.03350258,
    0.03355582
  ],
  "SONIC": [
    0.03757755,
    0.03780927
  ],
  "DSYNC": [
    0.01295989,
    0.01293841
  ],
  "TLM": [
    0.00185811,
    0.00187314
  ],
  "RESOLV": [
    0.0305369,
    0.03026835
  ],
  "PAAL": [
    0.01311183,
    0.01302227
  ],
  "RSS3": [
    0.0078838,
    0.00761893
  ],
  "HONEY": [
    0.00190668,
    0.00189727
  ],
  "HMSTR": [
    0.00017419,
    0.00017177
  ],
  "IKA": [
    0.00344727,
    0.00344187
  ],
  "DAO": [
    0.04137088,
    0.04107693
  ],
  "LAT": [
    0.00133812,
    0.00132936
  ],
  "COQ": [
    1.27389e-7,
    1.30658e-7
  ],
  "TAI": [
    0.01534962,
    0.01523121
  ],
  "AVL": [
    0.0275114,
    0.02757636
  ],
  "NAVX": [
    0.00888137,
    0.00885675
  ],
  "FUEL": [
    0.00089296,
    0.00089236
  ],
  "FHE": [
    0.0270466,
    0.027553
  ],
  "FWOG": [
    0.00664384,
    0.00659453
  ],
  "SOLV": [
    0.00434599,
    0.00434701
  ],
  "NKN": [
    0.00785054,
    0.00788419
  ],
  "PIXEL": [
    0.00788708,
    0.00795075
  ],
  "COS": [
    0.00115913,
    0.00116505
  ],
  "DMC": [
    0.00086318,
    0.00086422
  ],
  "OBT": [
    0.00097795,
    0.00098697
  ],
  "ROAM": [
    0.01216906,
    0.01248717
  ],
  "LYXE": [
    0.277955,
    0.277955
  ],
  "OAS": [
    0.00059001,
    0.00058317
  ],
  "DENT": [
    0.00004009,
    0.00003978
  ],
  "GEAR": [
    0.00032042,
    0.00031807
  ],
  "FORTH": [
    0.237499,
    0.240711
  ],
  "RDNT": [
    0.0017804,
    0.00177708
  ],
  "HOOK": [
    0.007959,
    0.00800665
  ],
  "HIPPO": [
    0.00019395,
    0.00021822
  ],
  "SAMO": [
    0.00034567,
    0.00034502
  ],
  "CUDIS": [
    0.00791941,
    0.00789487
  ],
  "PERP": [
    0.02478848,
    0.02480351
  ],
  "PTB": [
    0.00082873,
    0.00082813
  ],
  "FIS": [
    0.01068274,
    0.01088142
  ],
  "EPT": [
    0.00069843,
    0.00070523
  ],
  "FLM": [
    0.00266477,
    0.00275973
  ],
  "SAROS": [
    0.00059323,
    0.0005948
  ],
  "GORK": [
    0.00150054,
    0.00149883
  ],
  "DUCK": [
    0.00014589,
    0.00015325
  ],
  "DATA": [
    0.00075086,
    0.00075096
  ],
  "INSP": [
    0.00093024,
    0.00097587
  ],
  "ACA": [
    0.00064117,
    0.0006422
  ],
  "A2Z": [
    0.00008685,
    0.00008667
  ],
  "FOXY": [
    0.00011985,
    0.00011901
  ],
  "SWTCH": [
    0.00440705,
    0.00412555
  ],
  "RFC": [
    0.00056731,
    0.00057205
  ],
  "LOOKS": [
    0.00035576,
    0.00035803
  ],
  "MOONPIG": [
    0.00027692,
    0.00028687
  ],
  "BDXN": [
    0.00172139,
    0.00171574
  ],
  "ROOT": [
    0.00005579,
    0.00005468
  ],
  "CHILLGUY": [
    0.00009861,
    0.0000991
  ],
  "APU": [
    0.00004293,
    0.00004216
  ],
  "CHESS": [
    0.0001924,
    0.00019288
  ],
  "HOLO": [
    0.00001187,
    0.00001187
  ],
  "GMMT": [
    0.00345193,
    0.00348901
  ],
  "RATS": [
    0.00003853,
    0.0000384
  ],
  "ADB": [
    null,
    null
  ]
}