{
  "PUMP": [
    0.00166443,
    0.00166586
  ],
  "STABLE": [
    0.02752213,
    0.02751452
  ],
  "SIREN": [
    0.539985,
    0.565501
  ],
  "MON": [
    0.0279402,
    0.02741331
  ],
  "AERO": [
    0.314252,
    0.313116
  ],
  "JASMY": [
    0.00527862,
    0.00526075
  ],
  "LIT": [
    1.015,
    0.999739
  ],
  "CVX": [
    1.7,
    1.7
  ],
  "BAT": [
    0.095117,
    0.094982
  ],
  "ATH": [
    0.00674023,
    0.00674693
  ],
  "BANANAS31": [
    0.01186701,
    0.01205604
  ],
  "COW": [
    0.203053,
    0.203398
  ],
  "ONT": [
    0.098883,
    0.0985
  ],
  "CHEEMS": [
    4.09483e-7,
    4.14139e-7
  ],
  "SKYAI": [
    0.075201,
    0.07687
  ],
  "SAHARA": [
    0.02385415,
    0.02370237
  ],
  "TAG": [
    0.00066146,
    0.00065914
  ],
  "CKB": [
    0.00146482,
    0.00146739
  ],
  "POLYX": [
    0.052855,
    0.05332
  ],
  "NPC": [
    0.00711875,
    0.00709892
  ],
  "BAN": [
    0.055924,
    0.056132
  ],
  "ARC": [
    0.055301,
    0.054713
  ],
  "BEAT": [
    0.339354,
    0.335578
  ],
  "CSPR": [
    0.00295453,
    0.00292527
  ],
  "MYX": [
    0.236914,
    0.23364
  ],
  "IOTX": [
    0.00449929,
    0.00446973
  ],
  "NOT": [
    0.00035566,
    0.00035609
  ],
  "DEP": [
    0.00114266,
    0.00114213
  ],
  "SNEK": [
    0.00041443,
    0.00041485
  ],
  "ISLM": [
    0.01201507,
    0.01193576
  ],
  "NYM": [
    0.0344149,
    0.03432085
  ],
  "MERL": [
    0.02339974,
    0.02351527
  ],
  "REZ": [
    0.00340005,
    0.00341359
  ],
  "SPELL": [
    0.00015864,
    0.00015862
  ],
  "GUN": [
    0.0145826,
    0.01438841
  ],
  "DEGEN": [
    0.00067101,
    0.00066902
  ],
  "HUMA": [
    0.01367627,
    0.0137251
  ],
  "CORN": [
    0.04499865,
    0.04498137
  ],
  "NEIRO": [
    0.00005529,
    0.00005508
  ],
  "ALLO": [
    0.103361,
    0.103372
  ],
  "SATS": [
    1.0796e-8,
    1.0725e-8
  ],
  "CPOOL": [
    0.02256473,
    0.02264464
  ],
  "LRC": [
    0.01747666,
    0.01766274
  ],
  "SLP": [
    0.0005898,
    0.00059345
  ],
  "MAGMA": [
    0.108472,
    0.108266
  ],
  "AURORA": [
    0.02593674,
    0.02598614
  ],
  "DENT": [
    0.00017627,
    0.00017658
  ],
  "BOB": [
    0.00560478,
    0.00567242
  ],
  "RESOLV": [
    0.03938989,
    0.03952801
  ],
  "INIT": [
    0.080613,
    0.082371
  ],
  "DSYNC": [
    0.01449666,
    0.01468598
  ],
  "NIL": [
    0.03340687,
    0.0332979
  ],
  "L3": [
    0.00881239,
    0.01004094
  ],
  "NEWT": [
    0.064877,
    0.065003
  ],
  "DAO": [
    0.052836,
    0.053428
  ],
  "SONIC": [
    0.0369509,
    0.0366671
  ],
  "IKA": [
    0.00464407,
    0.00424191
  ],
  "GRIFFAIN": [
    0.01213168,
    0.01222474
  ],
  "HONEY": [
    0.00211023,
    0.00210754
  ],
  "BANK": [
    0.03004473,
    0.02835171
  ],
  "PAAL": [
    0.01277124,
    0.01271521
  ],
  "MUBARAK": [
    0.01110611,
    0.01108795
  ],
  "AIN": [
    0.058932,
    0.059168
  ],
  "SWARMS": [
    0.01038815,
    0.01055909
  ],
  "ROAM": [
    0.03060597,
    0.03063278
  ],
  "TLM": [
    0.00160223,
    0.00160928
  ],
  "AVL": [
    0.03225302,
    0.03374475
  ],
  "TAI": [
    0.01624923,
    0.01623844
  ],
  "LAT": [
    0.0013093,
    0.00130421
  ],
  "HMSTR": [
    0.00013808,
    0.00013854
  ],
  "NKN": [
    0.0096783,
    0.00968575
  ],
  "SOLV": [
    0.00528019,
    0.00500158
  ],
  "FUEL": [
    0.00093851,
    0.00093963
  ],
  "NAVX": [
    0.00875471,
    0.0087227
  ],
  "COQ": [
    9.3678e-8,
    9.3376e-8
  ],
  "COS": [
    0.00123098,
    0.0012309
  ],
  "RSS3": [
    0.00646044,
    0.00646222
  ],
  "OBT": [
    0.00100887,
    0.00101191
  ],
  "PIXEL": [
    0.00638604,
    0.00637475
  ],
  "FWOG": [
    0.00475607,
    0.00477891
  ],
  "FHE": [
    0.01790185,
    0.01788661
  ],
  "DMC": [
    0.00072957,
    0.00071817
  ],
  "HIPPO": [
    0.0004388,
    0.00043088
  ],
  "LYXE": [
    0.261587,
    0.260691
  ],
  "RDNT": [
    0.00252923,
    0.00254976
  ],
  "GEAR": [
    0.0002905,
    0.00030331
  ],
  "FORTH": [
    0.242981,
    0.243484
  ],
  "SAMO": [
    0.00043335,
    0.00042805
  ],
  "DUCK": [
    0.00031792,
    0.00031726
  ],
  "OAS": [
    0.00035823,
    0.00035841
  ],
  "HOOK": [
    0.00792902,
    0.00789397
  ],
  "PTB": [
    0.00084303,
    0.00099386
  ],
  "FIS": [
    0.01299012,
    0.01291361
  ],
  "PERP": [
    0.02618681,
    0.02635715
  ],
  "CUDIS": [
    0.00771679,
    0.00770082
  ],
  "EPT": [
    0.00073736,
    0.0007401
  ],
  "FLM": [
    0.00287129,
    0.00284627
  ],
  "DATA": [
    0.00097941,
    0.00098213
  ],
  "GORK": [
    0.00129717,
    0.00129046
  ],
  "SAROS": [
    0.0004709,
    0.00046742
  ],
  "INSP": [
    0.0012038,
    0.00120352
  ],
  "ACA": [
    0.00080349,
    0.0008164
  ],
  "A2Z": [
    0.00010593,
    0.00010544
  ],
  "SWTCH": [
    0.00358553,
    0.00360685
  ],
  "FOXY": [
    0.00009227,
    0.00009195
  ],
  "RFC": [
    0.00052417,
    0.00052064
  ],
  "LOOKS": [
    0.00039141,
    0.00039829
  ],
  "BDXN": [
    0.00195063,
    0.00195357
  ],
  "MOONPIG": [
    0.00028994,
    0.00028998
  ],
  "ROOT": [
    0.0000613,
    0.00006149
  ],
  "CHESS": [
    0.00041097,
    0.00040651
  ],
  "CHILLGUY": [
    0.00006751,
    0.00006745
  ],
  "APU": [
    0.00003153,
    0.0000316
  ],
  "HOLO": [
    0.00001474,
    0.00001344
  ],
  "RATS": [
    0.0000365,
    0.0000367
  ],
  "GMMT": [
    0.00386384,
    0.00384506
  ],
  "ADB": [
    null,
    null
  ]
}