{
  "STABLE": [
    0.03307404,
    0.03298369
  ],
  "PUMP": [
    0.00181723,
    0.00181369
  ],
  "SIREN": [
    0.747441,
    0.764213
  ],
  "SKYAI": [
    0.465449,
    0.462637
  ],
  "AERO": [
    0.451927,
    0.450737
  ],
  "MON": [
    0.02944385,
    0.02963542
  ],
  "JASMY": [
    0.00561023,
    0.00558793
  ],
  "LIT": [
    0.932923,
    0.934026
  ],
  "TAG": [
    0.00149463,
    0.00150077
  ],
  "BAT": [
    0.106649,
    0.108137
  ],
  "CVX": [
    1.75,
    1.75
  ],
  "CHEEMS": [
    6.16515e-7,
    6.13359e-7
  ],
  "ATH": [
    0.00595132,
    0.00599497
  ],
  "BANANAS31": [
    0.01097587,
    0.01121164
  ],
  "COW": [
    0.187892,
    0.18801
  ],
  "BEAT": [
    0.585278,
    0.585432
  ],
  "SAHARA": [
    0.02481784,
    0.02489518
  ],
  "BAN": [
    0.075055,
    0.075305
  ],
  "CKB": [
    0.00149238,
    0.00148913
  ],
  "ONT": [
    0.070176,
    0.070285
  ],
  "ARC": [
    0.068575,
    0.068536
  ],
  "NPC": [
    0.00776456,
    0.00771759
  ],
  "POLYX": [
    0.04776197,
    0.04767517
  ],
  "MERL": [
    0.03831972,
    0.03938639
  ],
  "MYX": [
    0.248547,
    0.249414
  ],
  "CSPR": [
    0.00281674,
    0.00280604
  ],
  "REZ": [
    0.00519854,
    0.0052101
  ],
  "MAGMA": [
    0.23113,
    0.230346
  ],
  "IOTX": [
    0.00453874,
    0.0045262
  ],
  "ISLM": [
    0.01173982,
    0.01165363
  ],
  "NOT": [
    0.00040718,
    0.00040557
  ],
  "NEIRO": [
    0.00009451,
    0.00009417
  ],
  "HUMA": [
    0.02181711,
    0.02182435
  ],
  "SNEK": [
    0.00046012,
    0.00046092
  ],
  "CPOOL": [
    0.03188739,
    0.03233817
  ],
  "SATS": [
    1.4842e-8,
    1.4771e-8
  ],
  "DEP": [
    0.00111431,
    0.0011119
  ],
  "SPELL": [
    0.00016915,
    0.00016828
  ],
  "ALLO": [
    0.120115,
    0.120395
  ],
  "GUN": [
    0.01457137,
    0.01458502
  ],
  "SWARMS": [
    0.02615989,
    0.02621545
  ],
  "SLP": [
    0.00070612,
    0.00070355
  ],
  "DEGEN": [
    0.00067628,
    0.00067987
  ],
  "CORN": [
    0.0402851,
    0.04028175
  ],
  "LRC": [
    0.01679881,
    0.01677201
  ],
  "AURORA": [
    0.02670997,
    0.02672735
  ],
  "NIL": [
    0.04179153,
    0.04161127
  ],
  "AIN": [
    0.100078,
    0.099828
  ],
  "GRIFFAIN": [
    0.01767983,
    0.01776087
  ],
  "L3": [
    0.01183729,
    0.01183176
  ],
  "INIT": [
    0.088622,
    0.088889
  ],
  "NYM": [
    0.01986782,
    0.01972969
  ],
  "BOB": [
    0.00549716,
    0.0055788
  ],
  "NEWT": [
    0.074947,
    0.07467
  ],
  "MUBARAK": [
    0.01529337,
    0.01528377
  ],
  "BANK": [
    0.03326888,
    0.03335199
  ],
  "SONIC": [
    0.03760003,
    0.03756647
  ],
  "DSYNC": [
    0.01300037,
    0.01291929
  ],
  "TLM": [
    0.0018529,
    0.00185188
  ],
  "PAAL": [
    0.01283931,
    0.01301819
  ],
  "RESOLV": [
    0.02843349,
    0.02826256
  ],
  "HONEY": [
    0.00182495,
    0.00180822
  ],
  "DAO": [
    0.04162162,
    0.04150134
  ],
  "HMSTR": [
    0.00015735,
    0.00015711
  ],
  "IKA": [
    0.00333297,
    0.00333635
  ],
  "RSS3": [
    0.00631913,
    0.00628307
  ],
  "LAT": [
    0.00132747,
    0.00132861
  ],
  "TAI": [
    0.01538537,
    0.01535732
  ],
  "COQ": [
    1.27098e-7,
    1.25902e-7
  ],
  "AVL": [
    0.02718027,
    0.02689786
  ],
  "NAVX": [
    0.00876565,
    0.00876105
  ],
  "FUEL": [
    0.00090022,
    0.00089967
  ],
  "SOLV": [
    0.00450934,
    0.00451047
  ],
  "NKN": [
    0.00777066,
    0.00782226
  ],
  "PIXEL": [
    0.00788049,
    0.00788526
  ],
  "COS": [
    0.00115578,
    0.00115554
  ],
  "OBT": [
    0.0009717,
    0.00097576
  ],
  "FHE": [
    0.02156709,
    0.02181794
  ],
  "FWOG": [
    0.0049467,
    0.00495046
  ],
  "DMC": [
    0.00070811,
    0.00071001
  ],
  "LYXE": [
    0.275205,
    0.274204
  ],
  "DENT": [
    0.00004028,
    0.00003946
  ],
  "ROAM": [
    0.01084437,
    0.01089553
  ],
  "OAS": [
    0.00051416,
    0.00052569
  ],
  "GEAR": [
    0.00031932,
    0.00032234
  ],
  "FORTH": [
    0.234702,
    0.240089
  ],
  "HOOK": [
    0.0081459,
    0.00814282
  ],
  "RDNT": [
    0.00177611,
    0.00179727
  ],
  "CUDIS": [
    0.00791932,
    0.0078559
  ],
  "SAMO": [
    0.00033599,
    0.00033566
  ],
  "PERP": [
    0.02534856,
    0.02536927
  ],
  "PTB": [
    0.00081403,
    0.00081071
  ],
  "EPT": [
    0.00069886,
    0.00071354
  ],
  "HIPPO": [
    0.00016077,
    0.00016347
  ],
  "FIS": [
    0.01015626,
    0.01015501
  ],
  "FLM": [
    0.00268769,
    0.0026868
  ],
  "SAROS": [
    0.00056849,
    0.00056808
  ],
  "GORK": [
    0.00149662,
    0.00149132
  ],
  "DATA": [
    0.00074056,
    0.00073541
  ],
  "ACA": [
    0.00065357,
    0.00065403
  ],
  "INSP": [
    0.00094076,
    0.00095365
  ],
  "A2Z": [
    0.00008702,
    0.00008705
  ],
  "FOXY": [
    0.000117,
    0.00011605
  ],
  "RFC": [
    0.00056831,
    0.00057039
  ],
  "DUCK": [
    0.00006937,
    0.00006929
  ],
  "SWTCH": [
    0.00325683,
    0.00311728
  ],
  "LOOKS": [
    0.00035394,
    0.00035492
  ],
  "MOONPIG": [
    0.00027672,
    0.00027678
  ],
  "BDXN": [
    0.00167609,
    0.00167788
  ],
  "ROOT": [
    0.00005758,
    0.00005689
  ],
  "CHILLGUY": [
    0.00010392,
    0.00010412
  ],
  "APU": [
    0.00004371,
    0.00004399
  ],
  "CHESS": [
    0.00019883,
    0.00019996
  ],
  "HOLO": [
    0.00001187,
    0.00001187
  ],
  "GMMT": [
    0.00364941,
    0.00373238
  ],
  "RATS": [
    0.00003842,
    0.0000385
  ],
  "ADB": [
    null,
    null
  ]
}