{
  "PC0000085": [
    1,
    1
  ],
  "STLS": [
    0.00261996,
    0.00261996
  ],
  "HYGT": [
    0.00022496,
    0.00022496
  ],
  "HODL": [
    0.00047054,
    0.00047171
  ],
  "SPADE": [
    0.00529781,
    0.00529781
  ],
  "WORK": [
    0.00008139,
    0.00008139
  ],
  "THE": [
    0.00008631,
    0.00008631
  ],
  "BLUE": [
    0.00003671,
    0.00003671
  ],
  "NMC": [
    0.910206,
    0.910207
  ],
  "A1X": [
    0.00032788,
    0.00032788
  ],
  "TIMMI": [
    0.00001159,
    0.00001159
  ],
  "PC0000015": [
    1,
    1
  ],
  "CBTM": [
    0.00000343,
    0.00000343
  ],
  "ARTL": [
    0.00850008,
    0.00850008
  ],
  "LLAMA": [
    0.00681711,
    0.00681711
  ],
  "YVUSDC": [
    1.17,
    1.17
  ],
  "KINGY": [
    0.02430145,
    0.02431654
  ],
  "PENGU": [
    0.00006889,
    0.00006889
  ],
  "LICK": [
    0.00000402,
    0.00000402
  ],
  "BTCPAY": [
    0.00331574,
    0.00331574
  ],
  "BLERF": [
    0.00000146,
    0.00000146
  ],
  "MAAL": [
    0.161906,
    0.161906
  ],
  "BAC": [
    0.00261764,
    0.00261764
  ],
  "ABBC": [
    0.00525535,
    0.00525518
  ],
  "DEFAI": [
    0.00001393,
    0.00001393
  ],
  "$SWING": [
    0.00010056,
    0.00010056
  ],
  "CKC": [
    0.00011746,
    0.00011746
  ],
  "TXT": [
    0.00049598,
    0.00049598
  ],
  "CSTAR": [
    0.00000305,
    0.00000305
  ],
  "YVHEGIC": [
    0.01458668,
    0.01458668
  ],
  "COLS": [
    0.01393853,
    0.01393996
  ],
  "CAT": [
    8.5838e-11,
    8.5838e-11
  ],
  "SGT": [
    0.095279,
    0.095379
  ],
  "FLEX": [
    0.00101419,
    0.00101419
  ],
  "LRST": [
    0.00006622,
    0.00006622
  ],
  "TROY": [
    0.00000112,
    0.00000112
  ],
  "LOBO": [
    0.00001813,
    0.00001813
  ],
  "CRAB": [
    0.00108544,
    0.00108544
  ],
  "DRGX": [
    0.01479635,
    0.01479621
  ],
  "YND": [
    0.00072678,
    0.00072907
  ],
  "BURGER": [
    0.00070271,
    0.00070271
  ],
  "LIGO": [
    2.24999e-7,
    2.25451e-7
  ],
  "GARY": [
    0.01992053,
    0.01978444
  ],
  "PIG": [
    1.4039e-8,
    1.4098e-8
  ],
  "PC0000081": [
    1,
    1
  ],
  "CRM": [
    1.1,
    1.1
  ],
  "GBTC": [
    0.02424693,
    0.02435158
  ],
  "GRAPE": [
    0.00006199,
    0.00006199
  ],
  "PC0000033": [
    1,
    1
  ],
  "SDG": [
    0.00072996,
    0.00072995
  ],
  "ZET": [
    0.00135892,
    0.00136548
  ],
  "ORT": [
    0.00031936,
    0.00031934
  ],
  "TOWELI": [
    0.0000441,
    0.0000441
  ],
  "FERRET": [
    0.00001837,
    0.00001837
  ],
  "STORY": [
    0.00000872,
    0.00000872
  ],
  "MILK": [
    0.04750069,
    0.04750069
  ],
  "GEM": [
    0.00059936,
    0.00059936
  ],
  "SOLC": [
    0.01576722,
    0.01582147
  ],
  "KNET": [
    0.00024345,
    0.00024409
  ],
  "HBT": [
    9.8791e-8,
    9.8791e-8
  ],
  "USEU": [
    0.926551,
    0.926551
  ],
  "BEANS": [
    0.00289339,
    0.00289339
  ],
  "YFX": [
    0.00432117,
    0.00432117
  ],
  "CARAT": [
    0.237831,
    0.237831
  ],
  "NUTS": [
    0.00352952,
    0.00352952
  ],
  "XRPAYNET": [
    0.00000457,
    0.00000457
  ],
  "$MEMEME": [
    0.00000106,
    0.00000106
  ],
  "KRRX": [
    0.054492,
    0.05529
  ],
  "SPY.D": [
    6.7882e-10,
    6.7882e-10
  ],
  "AGUSTO": [
    0.00000417,
    0.00000417
  ],
  "NXL": [
    0.00001975,
    0.00001975
  ],
  "KPK": [
    1.07,
    1.07
  ],
  "IDLEDAISAFE": [
    1.23,
    1.23
  ],
  "RIZZ": [
    2.6175e-11,
    2.6175e-11
  ],
  "$BILLY": [
    0.00011538,
    0.00011538
  ],
  "ACP": [
    0.00027506,
    0.00027505
  ],
  "REWARD": [
    0.00018752,
    0.00018752
  ],
  "FAH": [
    1.35,
    1.35
  ],
  "BTC20": [
    0.00721469,
    0.00721469
  ],
  "HPL": [
    0.01516516,
    0.01516516
  ],
  "KLTR": [
    0.01393489,
    0.01396954
  ],
  "EMRLD": [
    0.00010399,
    0.00010399
  ],
  "BTAF": [
    0.02847351,
    0.02847281
  ],
  "FNZ": [
    0.0000194,
    0.0000194
  ],
  "ZIOW": [
    0.599816,
    0.599816
  ],
  "ROLL": [
    0.00004515,
    0.00004526
  ],
  "AI": [
    0.00000814,
    0.00000814
  ],
  "LEE": [
    0.984922,
    0.984895
  ],
  "CRAZYTIGER": [
    0,
    0
  ],
  "BANANA": [
    3.0003e-8,
    3.0003e-8
  ],
  "SHAN": [
    0.00011789,
    0.00011789
  ],
  "SINGLE": [
    0.00003567,
    0.00003567
  ],
  "RGAME": [
    0.00001791,
    0.00001791
  ],
  "HANEP": [
    0.01785858,
    0.01785858
  ],
  "ION": [
    0.00184256,
    0.00184537
  ],
  "USD1": [
    1.02,
    1.02
  ],
  "DAPP": [
    0.00003453
  ],
  "PRINCE": [
    1.5488e-8
  ],
  "HTD": [
    0.00194315
  ],
  "SHREDN": [
    0.00000549,
    0.00000549
  ],
  "DRC": [
    0.28946,
    0.28946
  ],
  "HMKR": [
    0.00005532
  ],
  "ELIX": [
    0.00029299
  ],
  "PUNK": [
    0.00013577,
    0.00013577
  ],
  "BITCOIN": [
    4.96131e-7
  ],
  "RFRM": [
    0.00240897
  ],
  "PPI": [
    0.00146708
  ],
  "SCALES": [
    1.82216e-10
  ],
  "NXRA": [
    0.00177106,
    0.00179553
  ],
  "YV1INCH": [
    0.097058,
    0.097058
  ],
  "DUCKER": [
    2.8826e-7
  ],
  "LOCUS": [
    0.00758706
  ],
  "NBLA": [
    0.00001474
  ],
  "PORY": [
    0.00000654
  ],
  "XMT": [
    0.01014524
  ],
  "MUZKI": [
    0.00001276
  ],
  "MDUS": [
    0.00049971
  ],
  "SSE": [
    0.00020497,
    0.00020496
  ],
  "ROGER": [
    0.00000936
  ],
  "HADES": [
    0.00326571,
    0.00326571
  ],
  "HAI": [
    0.00032046
  ],
  "DEX": [
    0.00005421
  ],
  "UCIT": [
    1.0886e-8
  ],
  "TEAR": [
    0.00032959,
    0.00032959
  ],
  "SAC": [
    0.098853
  ],
  "KREES": [
    2.26238e-10
  ],
  "TIP": [
    0.00000386
  ],
  "LYK": [
    0.128037
  ],
  "IDLESUSDYIELD": [
    1.21
  ],
  "REDDIT": [
    0.00039741
  ],
  "EXIT": [
    1.17
  ],
  "$TIVA": [
    0.090656
  ],
  "$FORGE": [
    0.01593969,
    0.01594452
  ],
  "AMT": [
    0.073694
  ],
  "DMCC": [
    0.00189959
  ],
  "EMIT": [
    0.00002756
  ],
  "MECO": [
    0.00001889
  ],
  "MIRAI": [
    0.00053167
  ],
  "BRISH": [
    0.00001094,
    0.00001094
  ],
  "NYAN": [
    0.00031486
  ],
  "DOJO": [
    5.348e-9
  ],
  "COCO": [
    0.200815,
    0.200846
  ],
  "ZIK": [
    0.00010824
  ],
  "WE": [
    0.01843458
  ]
}