{
  "STABLE": [
    0.0339186,
    0.03366939
  ],
  "SKYAI": [
    0.745832,
    0.729245
  ],
  "PUMP": [
    0.00185581,
    0.00185245
  ],
  "SIREN": [
    0.74442,
    0.746654
  ],
  "AERO": [
    0.466742,
    0.471284
  ],
  "MON": [
    0.03186275,
    0.03127811
  ],
  "JASMY": [
    0.00573865,
    0.00574228
  ],
  "LIT": [
    0.97875,
    0.964159
  ],
  "CVX": [
    1.81,
    1.8
  ],
  "BAT": [
    0.10469,
    0.10452
  ],
  "TAG": [
    0.00132412,
    0.00132345
  ],
  "CHEEMS": [
    6.34828e-7,
    6.32907e-7
  ],
  "ATH": [
    0.00619353,
    0.00617669
  ],
  "BANANAS31": [
    0.01132916,
    0.01128143
  ],
  "COW": [
    0.183534,
    0.178847
  ],
  "SAHARA": [
    0.02485974,
    0.0247855
  ],
  "BAN": [
    0.077081,
    0.076416
  ],
  "BEAT": [
    0.550289,
    0.543557
  ],
  "CKB": [
    0.00153642,
    0.00153988
  ],
  "ONT": [
    0.071735,
    0.071661
  ],
  "ARC": [
    0.069564,
    0.070269
  ],
  "NPC": [
    0.00808285,
    0.00809121
  ],
  "POLYX": [
    0.04987976,
    0.04975349
  ],
  "NOT": [
    0.00051989,
    0.00052506
  ],
  "MERL": [
    0.03915928,
    0.03905984
  ],
  "MYX": [
    0.24672,
    0.247843
  ],
  "MAGMA": [
    0.241157,
    0.241399
  ],
  "CSPR": [
    0.00282723,
    0.00285225
  ],
  "REZ": [
    0.00530665,
    0.00531165
  ],
  "IOTX": [
    0.00471393,
    0.00471669
  ],
  "NEIRO": [
    0.00009975,
    0.00009794
  ],
  "ISLM": [
    0.01160821,
    0.01160809
  ],
  "SNEK": [
    0.00052491,
    0.00051945
  ],
  "HUMA": [
    0.02190408,
    0.02176277
  ],
  "SATS": [
    1.5282e-8,
    1.5159e-8
  ],
  "DEP": [
    0.0011139,
    0.00111186
  ],
  "SWARMS": [
    0.03066453,
    0.03025943
  ],
  "SPELL": [
    0.00017081,
    0.0001705
  ],
  "CPOOL": [
    0.02831153,
    0.02812911
  ],
  "GUN": [
    0.01468869,
    0.01474229
  ],
  "DEGEN": [
    0.00071292,
    0.00071271
  ],
  "SLP": [
    0.00072056,
    0.00071948
  ],
  "ALLO": [
    0.114993,
    0.114294
  ],
  "LRC": [
    0.0170024,
    0.01699419
  ],
  "CORN": [
    0.03866917,
    0.03859844
  ],
  "AURORA": [
    0.02702078,
    0.02695457
  ],
  "AIN": [
    0.098828,
    0.098012
  ],
  "NIL": [
    0.04074518,
    0.04049948
  ],
  "NYM": [
    0.021797,
    0.02171991
  ],
  "INIT": [
    0.090919,
    0.090723
  ],
  "GRIFFAIN": [
    0.01725623,
    0.01722816
  ],
  "BOB": [
    0.00569195,
    0.00568092
  ],
  "L3": [
    0.01126158,
    0.01118102
  ],
  "HONEY": [
    0.00202743,
    0.00279676
  ],
  "MUBARAK": [
    0.01616851,
    0.01627529
  ],
  "NEWT": [
    0.075876,
    0.07564
  ],
  "BANK": [
    0.03308026,
    0.03310368
  ],
  "SONIC": [
    0.03775365,
    0.03766726
  ],
  "DSYNC": [
    0.01293653,
    0.01294598
  ],
  "RESOLV": [
    0.03107468,
    0.03138051
  ],
  "TLM": [
    0.00188621,
    0.00188399
  ],
  "PAAL": [
    0.01308923,
    0.01297967
  ],
  "HMSTR": [
    0.00017532,
    0.00017562
  ],
  "RSS3": [
    0.00714612,
    0.00741854
  ],
  "IKA": [
    0.00360638,
    0.00359633
  ],
  "COQ": [
    1.50285e-7,
    1.51753e-7
  ],
  "DAO": [
    0.04145581,
    0.04145087
  ],
  "FHE": [
    0.03746268,
    0.03760632
  ],
  "LAT": [
    0.0013338,
    0.00133774
  ],
  "TAI": [
    0.01537033,
    0.01530307
  ],
  "AVL": [
    0.02760086,
    0.02727101
  ],
  "NAVX": [
    0.00899173,
    0.00897663
  ],
  "FUEL": [
    0.00091653,
    0.00092024
  ],
  "SOLV": [
    0.00435653,
    0.00436308
  ],
  "NKN": [
    0.00779716,
    0.00786377
  ],
  "PIXEL": [
    0.00804694,
    0.00803473
  ],
  "FWOG": [
    0.00606229,
    0.00605198
  ],
  "COS": [
    0.00113093,
    0.00113146
  ],
  "OBT": [
    0.00097399,
    0.00096412
  ],
  "DMC": [
    0.00076988,
    0.00079367
  ],
  "LYXE": [
    0.279271,
    0.277927
  ],
  "ROAM": [
    0.01224555,
    0.011981
  ],
  "DENT": [
    0.00004795,
    0.00004295
  ],
  "OAS": [
    0.00063704,
    0.00062233
  ],
  "GEAR": [
    0.00030512,
    0.00030389
  ],
  "FORTH": [
    0.23934,
    0.235822
  ],
  "RDNT": [
    0.00180711,
    0.0018135
  ],
  "HOOK": [
    0.0081559,
    0.00801893
  ],
  "HIPPO": [
    0.00021451,
    0.00020986
  ],
  "SAMO": [
    0.00034859,
    0.00035845
  ],
  "CUDIS": [
    0.00794922,
    0.00789571
  ],
  "SAROS": [
    0.00072822,
    0.00071369
  ],
  "PERP": [
    0.02555464,
    0.02575411
  ],
  "FIS": [
    0.0108503,
    0.01079604
  ],
  "PTB": [
    0.00080369,
    0.00080496
  ],
  "EPT": [
    0.00071158,
    0.00071679
  ],
  "FLM": [
    0.00275074,
    0.00274984
  ],
  "GORK": [
    0.00152039,
    0.00151228
  ],
  "DATA": [
    0.00074948,
    0.00072794
  ],
  "DUCK": [
    0.00010019,
    0.00011846
  ],
  "ACA": [
    0.00063912,
    0.0006384
  ],
  "INSP": [
    0.00092899,
    0.00092363
  ],
  "A2Z": [
    0.00008849,
    0.00008525
  ],
  "FOXY": [
    0.0001171,
    0.00011705
  ],
  "SWTCH": [
    0.00396653,
    0.00407319
  ],
  "RFC": [
    0.00059227,
    0.0005772
  ],
  "LOOKS": [
    0.00035098,
    0.00035289
  ],
  "MOONPIG": [
    0.00030868,
    0.00031126
  ],
  "BDXN": [
    0.00179994,
    0.00179724
  ],
  "ROOT": [
    0.000055,
    0.00005478
  ],
  "CHILLGUY": [
    0.00009766,
    0.00009724
  ],
  "APU": [
    0.00004308,
    0.00004294
  ],
  "CHESS": [
    0.00019367,
    0.00019363
  ],
  "HOLO": [
    0.00001218,
    0.00001216
  ],
  "GMMT": [
    0.00337354,
    0.00336154
  ],
  "RATS": [
    0.00003873,
    0.00003891
  ],
  "ADB": [
    null,
    null
  ]
}