{
  "AERO": [
    0.324829,
    0.327163
  ],
  "JASMY": [
    0.00556209,
    0.00555973
  ],
  "MON": [
    0.02338462,
    0.02349855
  ],
  "LIT": [
    0.990592,
    0.997115
  ],
  "BAT": [
    0.11067,
    0.110159
  ],
  "CVX": [
    1.77,
    1.78
  ],
  "BANANAS31": [
    0.01372049,
    0.01360787
  ],
  "ATH": [
    0.00682322,
    0.0067699
  ],
  "COW": [
    0.204,
    0.203375
  ],
  "CHEEMS": [
    4.78955e-7,
    4.80519e-7
  ],
  "BEAT": [
    0.569565,
    0.560076
  ],
  "CKB": [
    0.00145175,
    0.00145152
  ],
  "MYX": [
    0.327542,
    0.324808
  ],
  "BAN": [
    0.057554,
    0.057206
  ],
  "CSPR": [
    0.00365125,
    0.00359704
  ],
  "IOTX": [
    0.00549785,
    0.00548018
  ],
  "ARC": [
    0.04617035,
    0.0470629
  ],
  "GUN": [
    0.02181243,
    0.02182842
  ],
  "ISLM": [
    0.01397934,
    0.01393422
  ],
  "HUMA": [
    0.02039024,
    0.02018764
  ],
  "MERL": [
    0.02714474,
    0.02760089
  ],
  "DEP": [
    0.00116468,
    0.00116072
  ],
  "LRC": [
    0.02465589,
    0.02479421
  ],
  "ALLO": [
    0.118981,
    0.121534
  ],
  "DEGEN": [
    0.00071523,
    0.00071871
  ],
  "MAGMA": [
    0.141788,
    0.137339
  ],
  "CORN": [
    0.04395425,
    0.04423968
  ],
  "CPOOL": [
    0.02278518,
    0.02288199
  ],
  "AURORA": [
    0.02897558,
    0.02896213
  ],
  "DENT": [
    0.00020003,
    0.00020245
  ],
  "DSYNC": [
    0.01817073,
    0.01820304
  ],
  "BANK": [
    0.03813,
    0.03837262
  ],
  "INIT": [
    0.084539,
    0.085665
  ],
  "HONEY": [
    0.0025444,
    0.0025406
  ],
  "L3": [
    0.00951443,
    0.00951626
  ],
  "MUBARAK": [
    0.01258772,
    0.01264843
  ],
  "DAO": [
    0.05058,
    0.050104
  ],
  "BOB": [
    0.0056313,
    0.00562429
  ],
  "AIN": [
    0.064373,
    0.063043
  ],
  "IKA": [
    0.00348599,
    0.00349633
  ],
  "GRIFFAIN": [
    0.01007913,
    0.01000932
  ],
  "HMSTR": [
    0.00014577,
    0.00014522
  ],
  "LAT": [
    0.00132636,
    0.00132884
  ],
  "FUEL": [
    0.00109683,
    0.00109984
  ],
  "COS": [
    0.00145852,
    0.00144982
  ],
  "DUCK": [
    0.00102536,
    0.00102776
  ],
  "AVL": [
    0.02589349,
    0.02570833
  ],
  "NAVX": [
    0.00860277,
    0.00863169
  ],
  "COQ": [
    9.7534e-8,
    9.8129e-8
  ],
  "HIPPO": [
    0.00053985,
    0.00053732
  ],
  "FWOG": [
    0.00547184,
    0.00547849
  ],
  "FHE": [
    0.02020303,
    0.02050984
  ],
  "LYXE": [
    0.324919,
    0.324871
  ],
  "FORTH": [
    0.389095,
    0.389778
  ],
  "DMC": [
    0.0007621,
    0.00076244
  ],
  "GEAR": [
    0.00033277,
    0.00033199
  ],
  "HOOK": [
    0.01126635,
    0.01115787
  ],
  "A2Z": [
    0.00033113,
    0.0003532
  ],
  "FIS": [
    0.01496384,
    0.01489234
  ],
  "CUDIS": [
    0.00765656,
    0.00776568
  ],
  "EPT": [
    0.00078198,
    0.00077999
  ],
  "GORK": [
    0.00166372,
    0.00166532
  ],
  "FLM": [
    0.00284145,
    0.00284189
  ],
  "DATA": [
    0.00091811,
    0.00092051
  ],
  "INSP": [
    0.00131196,
    0.00131635
  ],
  "FOXY": [
    0.00016888,
    0.00016911
  ],
  "ACA": [
    0.00081035,
    0.00082265
  ],
  "BDXN": [
    0.00268249,
    0.00261644
  ],
  "LOOKS": [
    0.00041744,
    0.00042213
  ],
  "MOONPIG": [
    0.00034605,
    0.00034976
  ],
  "CHESS": [
    0.0015468,
    0.00155255
  ],
  "CHILLGUY": [
    0.00006385,
    0.00006385
  ],
  "APU": [
    0.00003726,
    0.0000374
  ],
  "HOLO": [
    0.00001419,
    0.00001419
  ],
  "GMMT": [
    0.00357585,
    0.00356259
  ],
  "ADB": [
    null,
    null
  ]
}