{
  "PUMP": [
    0.0017015,
    0.00168385
  ],
  "STABLE": [
    0.02737523,
    0.02776514
  ],
  "AERO": [
    0.328851,
    0.325584
  ],
  "JASMY": [
    0.00540143,
    0.00540916
  ],
  "MON": [
    0.02385761,
    0.023852
  ],
  "LIT": [
    0.894497,
    0.889562
  ],
  "SIREN": [
    0.261528,
    0.255004
  ],
  "CVX": [
    1.8,
    1.76
  ],
  "BAT": [
    0.100288,
    0.099252
  ],
  "BANANAS31": [
    0.01332678,
    0.0133072
  ],
  "ATH": [
    0.00708219,
    0.00710782
  ],
  "COW": [
    0.207571,
    0.208654
  ],
  "ONT": [
    0.125293,
    0.112114
  ],
  "CHEEMS": [
    4.9463e-7,
    4.96351e-7
  ],
  "TAG": [
    0.00073228,
    0.00075134
  ],
  "SAHARA": [
    0.02272398,
    0.02263781
  ],
  "CKB": [
    0.00145339,
    0.0014624
  ],
  "SKYAI": [
    0.060848,
    0.061143
  ],
  "NPC": [
    0.00759095,
    0.00756607
  ],
  "BEAT": [
    0.419841,
    0.416976
  ],
  "POLYX": [
    0.04619207,
    0.04581174
  ],
  "ARC": [
    0.055466,
    0.054777
  ],
  "BAN": [
    0.054958,
    0.054005
  ],
  "CSPR": [
    0.00318279,
    0.0031664
  ],
  "IOTX": [
    0.00453579,
    0.00454165
  ],
  "MYX": [
    0.220544,
    0.221414
  ],
  "NOT": [
    0.00036336,
    0.00036252
  ],
  "SNEK": [
    0.00045663,
    0.00046014
  ],
  "DEP": [
    0.00116215,
    0.00117945
  ],
  "ISLM": [
    0.01218892,
    0.01215988
  ],
  "GUN": [
    0.01700415,
    0.01683834
  ],
  "NYM": [
    0.03400333,
    0.03411701
  ],
  "MERL": [
    0.02396006,
    0.02361706
  ],
  "SPELL": [
    0.000164,
    0.00016298
  ],
  "REZ": [
    0.00339344,
    0.00337534
  ],
  "DEGEN": [
    0.00069428,
    0.00068389
  ],
  "HUMA": [
    0.01417124,
    0.01420758
  ],
  "NEIRO": [
    0.00005812,
    0.00005738
  ],
  "BANK": [
    0.056275,
    0.056538
  ],
  "LRC": [
    0.01925016,
    0.0192195
  ],
  "ALLO": [
    0.108774,
    0.107218
  ],
  "CORN": [
    0.04496205,
    0.04494083
  ],
  "SATS": [
    1.098e-8,
    1.0912e-8
  ],
  "SLP": [
    0.00060263,
    0.00060296
  ],
  "CPOOL": [
    0.02222889,
    0.02224802
  ],
  "MAGMA": [
    0.103871,
    0.10333
  ],
  "AURORA": [
    0.02680158,
    0.02684328
  ],
  "DENT": [
    0.00018354,
    0.00018248
  ],
  "RESOLV": [
    0.03896029,
    0.03886191
  ],
  "DAO": [
    0.06048,
    0.059293
  ],
  "DSYNC": [
    0.01515397,
    0.01479969
  ],
  "BOB": [
    0.00527076,
    0.00522425
  ],
  "NEWT": [
    0.068908,
    0.068472
  ],
  "INIT": [
    0.079168,
    0.078501
  ],
  "NIL": [
    0.03361911,
    0.03325627
  ],
  "SONIC": [
    0.03840559,
    0.0384508
  ],
  "L3": [
    0.00958639,
    0.00945295
  ],
  "ROAM": [
    0.03667381,
    0.03642158
  ],
  "PAAL": [
    0.0137485,
    0.01372784
  ],
  "IKA": [
    0.00393636,
    0.00394782
  ],
  "MUBARAK": [
    0.01161247,
    0.01159686
  ],
  "HONEY": [
    0.00198181,
    0.0020004
  ],
  "GRIFFAIN": [
    0.01129129,
    0.01127739
  ],
  "TLM": [
    0.00164863,
    0.00165693
  ],
  "SWARMS": [
    0.01025854,
    0.01030249
  ],
  "AIN": [
    0.054595,
    0.054184
  ],
  "TAI": [
    0.01587628,
    0.01567759
  ],
  "NKN": [
    0.01146082,
    0.01141496
  ],
  "LAT": [
    0.00130292,
    0.00130352
  ],
  "HMSTR": [
    0.00013561,
    0.00013659
  ],
  "AVL": [
    0.02779808,
    0.02713267
  ],
  "NAVX": [
    0.00926009,
    0.00920209
  ],
  "COS": [
    0.00134013,
    0.00141085
  ],
  "FUEL": [
    0.00092254,
    0.00092077
  ],
  "COQ": [
    9.6501e-8,
    9.6773e-8
  ],
  "PIXEL": [
    0.00805722,
    0.00796572
  ],
  "SOLV": [
    0.00384226,
    0.00389682
  ],
  "OBT": [
    0.00102808,
    0.00101244
  ],
  "HIPPO": [
    0.00054205,
    0.00053716
  ],
  "RSS3": [
    0.00563062,
    0.00557831
  ],
  "FWOG": [
    0.0050478,
    0.00499401
  ],
  "DMC": [
    0.00072582,
    0.00074706
  ],
  "FHE": [
    0.01820791,
    0.01809223
  ],
  "RDNT": [
    0.00345046,
    0.00338037
  ],
  "LYXE": [
    0.278954,
    0.277197
  ],
  "DUCK": [
    0.00048884,
    0.0004757
  ],
  "FORTH": [
    0.285263,
    0.274458
  ],
  "GEAR": [
    0.00030061,
    0.00029634
  ],
  "HOOK": [
    0.00859971,
    0.00851392
  ],
  "SAMO": [
    0.00042286,
    0.00042228
  ],
  "OAS": [
    0.0003393,
    0.00033983
  ],
  "FIS": [
    0.01374282,
    0.01372967
  ],
  "PERP": [
    0.02927256,
    0.02929477
  ],
  "CUDIS": [
    0.00799143,
    0.00800833
  ],
  "EPT": [
    0.00073773,
    0.00074822
  ],
  "FLM": [
    0.00282981,
    0.00284544
  ],
  "PTB": [
    0.00077302,
    0.00077253
  ],
  "GORK": [
    0.00139626,
    0.0013974
  ],
  "SAROS": [
    0.00054283,
    0.00053038
  ],
  "DATA": [
    0.00099434,
    0.00099328
  ],
  "INSP": [
    0.00146636,
    0.00145033
  ],
  "ACA": [
    0.00076294,
    0.00075031
  ],
  "SWTCH": [
    0.00462689,
    0.00482945
  ],
  "A2Z": [
    0.00008311,
    0.00008482
  ],
  "FOXY": [
    0.00009717,
    0.00009577
  ],
  "RFC": [
    0.00054888,
    0.0005465
  ],
  "LOOKS": [
    0.00042568,
    0.00041489
  ],
  "BDXN": [
    0.00191064,
    0.00191127
  ],
  "MOONPIG": [
    0.00029686,
    0.00029378
  ],
  "CHESS": [
    0.00117237,
    0.00128319
  ],
  "ROOT": [
    0.00006098,
    0.00006099
  ],
  "CHILLGUY": [
    0.00006699,
    0.00006699
  ],
  "APU": [
    0.00003321,
    0.00003471
  ],
  "HOLO": [
    0.00001343,
    0.00001342
  ],
  "RATS": [
    0.00003785,
    0.00003755
  ],
  "GMMT": [
    0.00375055,
    0.00387635
  ],
  "ADB": [
    null,
    null
  ]
}