{
  "SKYAI": [
    0.775767,
    0.821765
  ],
  "STABLE": [
    0.03382228,
    0.03390675
  ],
  "PUMP": [
    0.00186131,
    0.00187368
  ],
  "SIREN": [
    0.754022,
    0.752326
  ],
  "AERO": [
    0.464782,
    0.468198
  ],
  "MON": [
    0.0311624,
    0.0310449
  ],
  "JASMY": [
    0.00574582,
    0.00580551
  ],
  "LIT": [
    0.964239,
    0.963814
  ],
  "CVX": [
    1.82,
    1.82
  ],
  "BAT": [
    0.104805,
    0.106659
  ],
  "TAG": [
    0.00133471,
    0.00127588
  ],
  "CHEEMS": [
    6.37741e-7,
    6.36158e-7
  ],
  "ATH": [
    0.00622394,
    0.00647988
  ],
  "BANANAS31": [
    0.0116022,
    0.01154817
  ],
  "COW": [
    0.177528,
    0.17875
  ],
  "SAHARA": [
    0.02461713,
    0.02477738
  ],
  "BAN": [
    0.076509,
    0.077544
  ],
  "CKB": [
    0.0015358,
    0.00156057
  ],
  "BEAT": [
    0.54401,
    0.536058
  ],
  "ARC": [
    0.069546,
    0.069387
  ],
  "NPC": [
    0.00811014,
    0.00825882
  ],
  "POLYX": [
    0.04982415,
    0.051626
  ],
  "ONT": [
    0.071718,
    0.064742
  ],
  "NOT": [
    0.00054981,
    0.00058403
  ],
  "MERL": [
    0.04097974,
    0.03918132
  ],
  "MAGMA": [
    0.245169,
    0.248253
  ],
  "MYX": [
    0.247988,
    0.246238
  ],
  "CSPR": [
    0.00287906,
    0.00285642
  ],
  "REZ": [
    0.00536573,
    0.00531796
  ],
  "IOTX": [
    0.00472296,
    0.00472085
  ],
  "NEIRO": [
    0.00009834,
    0.00009821
  ],
  "ISLM": [
    0.01150737,
    0.01151781
  ],
  "SNEK": [
    0.00051584,
    0.00051617
  ],
  "HUMA": [
    0.02159639,
    0.02153608
  ],
  "SATS": [
    1.5229e-8,
    1.5135e-8
  ],
  "DEP": [
    0.00111097,
    0.00110072
  ],
  "SPELL": [
    0.00017099,
    0.00017175
  ],
  "SWARMS": [
    0.03044677,
    0.02881501
  ],
  "CPOOL": [
    0.02837105,
    0.02779649
  ],
  "DEGEN": [
    0.00071337,
    0.00072684
  ],
  "GUN": [
    0.01464137,
    0.01464327
  ],
  "SLP": [
    0.00072243,
    0.00072634
  ],
  "ALLO": [
    0.114393,
    0.112886
  ],
  "LRC": [
    0.01700786,
    0.01712928
  ],
  "CORN": [
    0.03689489,
    0.03677906
  ],
  "AURORA": [
    0.02687877,
    0.02691192
  ],
  "NYM": [
    0.02188465,
    0.02186797
  ],
  "NIL": [
    0.04017507,
    0.04001457
  ],
  "INIT": [
    0.091111,
    0.090603
  ],
  "AIN": [
    0.097838,
    0.094738
  ],
  "L3": [
    0.0112875,
    0.01127309
  ],
  "BOB": [
    0.00569173,
    0.00571266
  ],
  "MUBARAK": [
    0.01654617,
    0.01653079
  ],
  "NEWT": [
    0.076097,
    0.076845
  ],
  "GRIFFAIN": [
    0.01726003,
    0.0155391
  ],
  "BANK": [
    0.03334974,
    0.03315932
  ],
  "SONIC": [
    0.03791572,
    0.03853096
  ],
  "HONEY": [
    0.00255304,
    0.00230585
  ],
  "DSYNC": [
    0.01292003,
    0.01296288
  ],
  "TLM": [
    0.00189945,
    0.00192451
  ],
  "RESOLV": [
    0.03112064,
    0.03096895
  ],
  "HMSTR": [
    0.00017614,
    0.00018963
  ],
  "PAAL": [
    0.01300947,
    0.01298786
  ],
  "COQ": [
    1.53523e-7,
    1.57409e-7
  ],
  "RSS3": [
    0.00714785,
    0.00716801
  ],
  "IKA": [
    0.00359526,
    0.00357905
  ],
  "DAO": [
    0.04156924,
    0.04170641
  ],
  "LAT": [
    0.00133032,
    0.0013386
  ],
  "FHE": [
    0.03946637,
    0.03574075
  ],
  "TAI": [
    0.01532951,
    0.01480548
  ],
  "AVL": [
    0.02722804,
    0.02716224
  ],
  "FUEL": [
    0.00091542,
    0.00092673
  ],
  "NAVX": [
    0.00898205,
    0.00898307
  ],
  "SOLV": [
    0.00439494,
    0.00437581
  ],
  "NKN": [
    0.00781358,
    0.00784515
  ],
  "PIXEL": [
    0.00817326,
    0.00816767
  ],
  "FWOG": [
    0.00601535,
    0.0060674
  ],
  "COS": [
    0.00113456,
    0.00114363
  ],
  "OBT": [
    0.00098046,
    0.00097096
  ],
  "DMC": [
    0.00075203,
    0.00076919
  ],
  "LYXE": [
    0.278394,
    0.279412
  ],
  "ROAM": [
    0.01203539,
    0.01220941
  ],
  "OAS": [
    0.00061571,
    0.00062355
  ],
  "DENT": [
    0.00004268,
    0.00004152
  ],
  "GEAR": [
    0.00030506,
    0.00030541
  ],
  "FORTH": [
    0.23876,
    0.240202
  ],
  "RDNT": [
    0.0018085,
    0.00181673
  ],
  "HOOK": [
    0.0080974,
    0.00800163
  ],
  "SAMO": [
    0.00036017,
    0.00035837
  ],
  "CUDIS": [
    0.00787677,
    0.00790358
  ],
  "HIPPO": [
    0.0002099,
    0.00019282
  ],
  "PERP": [
    0.02567329,
    0.02574808
  ],
  "SAROS": [
    0.00070297,
    0.00067476
  ],
  "FIS": [
    0.01092081,
    0.01112791
  ],
  "EPT": [
    0.00070776,
    0.00071413
  ],
  "PTB": [
    0.00077892,
    0.00077729
  ],
  "FLM": [
    0.00274899,
    0.00272885
  ],
  "GORK": [
    0.00148511,
    0.00148368
  ],
  "DATA": [
    0.00072401,
    0.00072503
  ],
  "DUCK": [
    0.00011763,
    0.00010759
  ],
  "INSP": [
    0.00091842,
    0.00092887
  ],
  "ACA": [
    0.00064451,
    0.0006338
  ],
  "A2Z": [
    0.00008527,
    0.00008617
  ],
  "FOXY": [
    0.00011705,
    0.00011796
  ],
  "RFC": [
    0.00057955,
    0.00058388
  ],
  "SWTCH": [
    0.00361367,
    0.00356883
  ],
  "LOOKS": [
    0.00035496,
    0.00035691
  ],
  "MOONPIG": [
    0.00031048,
    0.00029909
  ],
  "BDXN": [
    0.00178959,
    0.00178432
  ],
  "ROOT": [
    0.00005488,
    0.00005287
  ],
  "CHILLGUY": [
    0.00009756,
    0.00009769
  ],
  "APU": [
    0.00004296,
    0.00004576
  ],
  "CHESS": [
    0.00019367,
    0.00020954
  ],
  "HOLO": [
    0.0000122,
    0.00001232
  ],
  "GMMT": [
    0.00337221,
    0.00336319
  ],
  "RATS": [
    0.00003896,
    0.00003855
  ],
  "ADB": [
    null,
    null
  ]
}