{
  "PUMP": [
    0.0018291,
    0.00182171
  ],
  "STABLE": [
    0.02584155,
    0.02607262
  ],
  "SIREN": [
    0.68105,
    0.683708
  ],
  "MON": [
    0.03423432,
    0.03426548
  ],
  "AERO": [
    0.366995,
    0.363818
  ],
  "JASMY": [
    0.00529626,
    0.00529045
  ],
  "LIT": [
    1.046,
    1.013
  ],
  "CVX": [
    1.75,
    1.76
  ],
  "BAT": [
    0.095506,
    0.095609
  ],
  "COW": [
    0.219293,
    0.220099
  ],
  "SKYAI": [
    0.127251,
    0.121868
  ],
  "ATH": [
    0.00611194,
    0.00602245
  ],
  "BANANAS31": [
    0.01054365,
    0.01036099
  ],
  "CHEEMS": [
    5.03225e-7,
    4.97841e-7
  ],
  "BAN": [
    0.080287,
    0.082574
  ],
  "ONT": [
    0.077053,
    0.077314
  ],
  "TAG": [
    0.00071192,
    0.00070991
  ],
  "CKB": [
    0.00147326,
    0.00147238
  ],
  "SAHARA": [
    0.0223071,
    0.02246684
  ],
  "ARC": [
    0.069678,
    0.070696
  ],
  "POLYX": [
    0.052073,
    0.051672
  ],
  "NPC": [
    0.00773693,
    0.00782784
  ],
  "MYX": [
    0.289736,
    0.300705
  ],
  "BEAT": [
    0.361841,
    0.363634
  ],
  "CSPR": [
    0.0029348,
    0.0029427
  ],
  "IOTX": [
    0.00445463,
    0.00442239
  ],
  "NOT": [
    0.00036195,
    0.00036103
  ],
  "MAGMA": [
    0.187784,
    0.180652
  ],
  "MERL": [
    0.02840043,
    0.02819189
  ],
  "ISLM": [
    0.01205847,
    0.01211279
  ],
  "SNEK": [
    0.00041849,
    0.00041629
  ],
  "DEP": [
    0.00112218,
    0.00112153
  ],
  "REZ": [
    0.00361747,
    0.00361698
  ],
  "HUMA": [
    0.01711337,
    0.01704518
  ],
  "NYM": [
    0.03401313,
    0.03401157
  ],
  "SPELL": [
    0.00015741,
    0.00015791
  ],
  "NEIRO": [
    0.00006382,
    0.0000643
  ],
  "GUN": [
    0.0154146,
    0.01542016
  ],
  "DEGEN": [
    0.00072008,
    0.00071682
  ],
  "ALLO": [
    0.109556,
    0.109863
  ],
  "CPOOL": [
    0.02476421,
    0.02464275
  ],
  "SATS": [
    1.1186e-8,
    1.1269e-8
  ],
  "BOB": [
    0.00774595,
    0.00793261
  ],
  "SLP": [
    0.00061055,
    0.00060984
  ],
  "CORN": [
    0.04047672,
    0.04051187
  ],
  "LRC": [
    0.01598842,
    0.01598697
  ],
  "AURORA": [
    0.02707492,
    0.02704793
  ],
  "SWARMS": [
    0.0164864,
    0.01646966
  ],
  "BANK": [
    0.03795747,
    0.03831128
  ],
  "DSYNC": [
    0.0159788,
    0.01599088
  ],
  "L3": [
    0.01111401,
    0.01121621
  ],
  "NEWT": [
    0.070348,
    0.070701
  ],
  "NIL": [
    0.03514261,
    0.03482703
  ],
  "INIT": [
    0.079961,
    0.080132
  ],
  "DENT": [
    0.00015459,
    0.00015456
  ],
  "GRIFFAIN": [
    0.01390662,
    0.01431083
  ],
  "MUBARAK": [
    0.01351612,
    0.01328864
  ],
  "RESOLV": [
    0.03478868,
    0.03382986
  ],
  "AIN": [
    0.07037,
    0.069658
  ],
  "SONIC": [
    0.03518092,
    0.03537182
  ],
  "PAAL": [
    0.01350663,
    0.01360942
  ],
  "DAO": [
    0.04761893,
    0.04776203
  ],
  "TLM": [
    0.00163228,
    0.00164775
  ],
  "IKA": [
    0.00361928,
    0.00348719
  ],
  "HONEY": [
    0.00177453,
    0.00174987
  ],
  "TAI": [
    0.01674024,
    0.01646875
  ],
  "HMSTR": [
    0.00014665,
    0.00014638
  ],
  "LAT": [
    0.00134131,
    0.00134332
  ],
  "COQ": [
    1.13096e-7,
    1.13368e-7
  ],
  "AVL": [
    0.02622849,
    0.02619578
  ],
  "FUEL": [
    0.00095671,
    0.00095376
  ],
  "NAVX": [
    0.00862617,
    0.00861777
  ],
  "NKN": [
    0.00862386,
    0.00872061
  ],
  "ROAM": [
    0.01879578,
    0.0189011
  ],
  "COS": [
    0.00123669,
    0.00125544
  ],
  "PIXEL": [
    0.00823465,
    0.00819701
  ],
  "SOLV": [
    0.0042395,
    0.00409571
  ],
  "OBT": [
    0.00102344,
    0.00102807
  ],
  "RSS3": [
    0.00574574,
    0.00579372
  ],
  "FWOG": [
    0.00486885,
    0.00489117
  ],
  "FHE": [
    0.01836713,
    0.01823037
  ],
  "DMC": [
    0.00069256,
    0.00069709
  ],
  "GEAR": [
    0.00041118,
    0.00038509
  ],
  "LYXE": [
    0.237228,
    0.23556
  ],
  "FORTH": [
    0.265331,
    0.267183
  ],
  "RDNT": [
    0.00203999,
    0.00203556
  ],
  "OAS": [
    0.0003702,
    0.00037061
  ],
  "SAMO": [
    0.00041642,
    0.00041906
  ],
  "HOOK": [
    0.00821234,
    0.00822433
  ],
  "PTB": [
    0.00111031,
    0.00113514
  ],
  "CUDIS": [
    0.00784059,
    0.0078164
  ],
  "PERP": [
    0.02672519,
    0.02661602
  ],
  "EPT": [
    0.00076086,
    0.00075787
  ],
  "FIS": [
    0.01346981,
    0.01089042
  ],
  "FLM": [
    0.00299853,
    0.00291188
  ],
  "HIPPO": [
    0.00016621,
    0.00016279
  ],
  "GORK": [
    0.00138319,
    0.0014034
  ],
  "DATA": [
    0.0009416,
    0.00094005
  ],
  "SAROS": [
    0.00038752,
    0.00038816
  ],
  "INSP": [
    0.00101825,
    0.00104064
  ],
  "ACA": [
    0.00069449,
    0.00069967
  ],
  "DUCK": [
    0.00008408,
    0.00008265
  ],
  "FOXY": [
    0.00011103,
    0.00010687
  ],
  "A2Z": [
    0.00007381,
    0.00007313
  ],
  "SWTCH": [
    0.00345178,
    0.0033944
  ],
  "RFC": [
    0.00055329,
    0.00055551
  ],
  "LOOKS": [
    0.00035888,
    0.00035983
  ],
  "BDXN": [
    0.00186985,
    0.00191327
  ],
  "MOONPIG": [
    0.00029508,
    0.0002931
  ],
  "ROOT": [
    0.0000597,
    0.0000601
  ],
  "CHILLGUY": [
    0.00007731,
    0.00007731
  ],
  "APU": [
    0.00003683,
    0.000036
  ],
  "CHESS": [
    0.00015213,
    0.00015133
  ],
  "HOLO": [
    0.00001253,
    0.00001253
  ],
  "GMMT": [
    0.00374483,
    0.0037373
  ],
  "RATS": [
    0.00003585,
    0.00003621
  ],
  "ADB": [
    null,
    null
  ]
}