{
  "PC0000085": [
    1
  ],
  "STLS": [
    0.00261996
  ],
  "HYGT": [
    0.00022363
  ],
  "HODL": [
    0.00001097,
    0.00049413
  ],
  "EURSPKCC": [
    1.16
  ],
  "SPADE": [
    0.00537268
  ],
  "WORK": [
    0.00008139
  ],
  "THE": [
    0.00008631
  ],
  "NMC": [
    0.926684
  ],
  "STT": [
    0.057344
  ],
  "A1X": [
    0.00032905
  ],
  "CBTM": [
    0.00000364
  ],
  "ARTL": [
    0.00850008,
    0.00850008
  ],
  "LLAMA": [
    0.00681711
  ],
  "KINGY": [
    0.02520338
  ],
  "PENGU": [
    0.00006889
  ],
  "LICK": [
    0.00000402
  ],
  "BTCPAY": [
    0.00328714
  ],
  "ACRDX": [
    1.014
  ],
  "BLERF": [
    0.00000146
  ],
  "MAAL": [
    0.161502
  ],
  "BAC": [
    0.00234334
  ],
  "ABBC": [
    0.00589633
  ],
  "MORK": [
    0.00010703
  ],
  "DEFAI": [
    0.00001393
  ],
  "$SWING": [
    0.00010219
  ],
  "CKC": [
    0.0001209
  ],
  "TXT": [
    0.00049598
  ],
  "CSTAR": [
    0.00000305
  ],
  "COLS": [
    0.01416447
  ],
  "CFG": [
    0.136106
  ],
  "CAT": [
    8.5838e-11
  ],
  "SGT": [
    0.095866,
    0.094757
  ],
  "FLEX": [
    0.0010234
  ],
  "LRST": [
    0.00006949
  ],
  "LOBO": [
    0.00001813
  ],
  "DRGX": [
    0.02958781
  ],
  "CRAB": [
    0.00108544
  ],
  "YND": [
    0.00076448
  ],
  "BURGER": [
    0.0007065
  ],
  "GARY": [
    0.02121559
  ],
  "PIG": [
    1.3976e-8
  ],
  "PC0000081": [
    1
  ],
  "CBE": [
    5.3675e-8
  ],
  "GBTC": [
    0.02549665
  ],
  "GRAPE": [
    0.00006199
  ],
  "MPH": [
    0.00999828
  ],
  "SDG": [
    0.00072986
  ],
  "ZET": [
    0.00142815
  ],
  "TOWELI": [
    0.0000441
  ],
  "FERRET": [
    0.00001837
  ],
  "MILK": [
    0.04750069
  ],
  "SOLC": [
    0.01711378
  ],
  "GEM": [
    0.00058878
  ],
  "USDH": [
    0.998121
  ],
  "KNET": [
    0.00025691
  ],
  "BOOP": [
    0.00852385
  ],
  "USEU": [
    0.92637,
    0.92637
  ],
  "BEANS": [
    0.00255762
  ],
  "YFX": [
    0.00432117
  ],
  "CARAT": [
    0.237831
  ],
  "NUTS": [
    0.00352952
  ],
  "$MEMEME": [
    0.00000106
  ],
  "AGUSTO": [
    0.00000395
  ],
  "NEXUS": [
    0.00001287
  ],
  "NXL": [
    0.00001975
  ],
  "KPK": [
    1.08
  ],
  "IDLEDAISAFE": [
    1.23
  ],
  "RIZZ": [
    2.6175e-11
  ],
  "ACP": [
    0.00027203
  ],
  "ZENIQ": [
    0.00513538
  ],
  "REWARD": [
    0.00018752
  ],
  "FAH": [
    1.36
  ],
  "BTC20": [
    0.00727423
  ],
  "UNITE": [
    1.86
  ],
  "FNZ": [
    0.0000194,
    0.0000194
  ],
  "BTAF": [
    0.02725237
  ],
  "ZIOW": [
    0.552689
  ],
  "ROLL": [
    0.00004723
  ],
  "AI": [
    0.00000814
  ],
  "LEE": [
    0.971677
  ],
  "CRAZYTIGER": [
    0
  ],
  "SHAN": [
    0.00011847
  ],
  "FPL": [
    0.00173734
  ],
  "BLUE": [
    0.00002855
  ],
  "BLY": [
    0.00099511
  ],
  "FB": [
    0.340868
  ],
  "MDUS": [
    0.00049926
  ],
  "GFI": [
    0.00017472
  ],
  "XAH": [
    0.02750023
  ],
  "VYFI": [
    0.00959553
  ],
  "LIGO": [
    2.23169e-7
  ],
  "HBT": [
    9.5573e-8
  ],
  "SHREDN": [
    0.00000549
  ],
  "FTON": [
    0.00003187
  ],
  "HIVE": [
    0.00004935
  ],
  "$FORGE": [
    0.01662182
  ],
  "KLTR": [
    0.0147566
  ],
  "MECO": [
    0.00001889
  ],
  "YELD": [
    0.02722842
  ],
  "YES": [
    0.85305
  ],
  "YV1INCH": [
    0.101488
  ],
  "DUCKER": [
    2.8826e-7
  ],
  "TIMMI": [
    0.00001159
  ],
  "LOCUS": [
    0.00786414
  ],
  "XPND": [
    0.00003357
  ],
  "HANEP": [
    0.01881487
  ],
  "NFLX.D": [
    1.104e-9
  ],
  "NVM": [
    0.407126
  ],
  "YVHEGIC": [
    0.01549167
  ],
  "CABAL": [
    0.00271522
  ],
  "SP": [
    0.00013967
  ],
  "OSHI": [
    0.03054425
  ],
  "PRINCE": [
    1.5488e-8
  ],
  "DZHV": [
    0.00019718
  ],
  "HAI": [
    0.00032046
  ],
  "QWLA": [
    0.086227
  ],
  "ACM": [
    0.01290972,
    0.01290972
  ],
  "XETH": [
    1.23
  ],
  "DODO": [
    1.045e-9
  ],
  "POD": [
    0.01712006
  ],
  "XBLD": [
    0.084163
  ],
  "NUMA": [
    0.20644
  ],
  "EXIT": [
    1.17,
    1.17
  ],
  "PRNT": [
    0.00000475
  ],
  "BRISH": [
    0.00001094
  ],
  "SCCN": [
    0.0027509
  ],
  "YAK": [
    1.826e-14
  ],
  "NGMI": [
    0.00000497
  ],
  "KRILL": [
    0.00047372
  ],
  "NXRA": [
    0.00186233
  ]
}