{
  "PUMP": [
    0.00165208,
    0.0016624
  ],
  "STABLE": [
    0.02705783,
    0.02700413
  ],
  "SIREN": [
    0.311771,
    0.480976
  ],
  "MON": [
    0.02737827,
    0.02701122
  ],
  "AERO": [
    0.314887,
    0.314071
  ],
  "JASMY": [
    0.00528749,
    0.00529692
  ],
  "LIT": [
    0.969063,
    0.956592
  ],
  "CVX": [
    1.69,
    1.69
  ],
  "BAT": [
    0.094849,
    0.095217
  ],
  "BANANAS31": [
    0.01275805,
    0.01274335
  ],
  "ATH": [
    0.00668124,
    0.00683739
  ],
  "COW": [
    0.20213,
    0.201736
  ],
  "ONT": [
    0.09767,
    0.098277
  ],
  "CHEEMS": [
    4.08522e-7,
    4.06153e-7
  ],
  "SAHARA": [
    0.02373381,
    0.02371143
  ],
  "TAG": [
    0.00071136,
    0.0006584
  ],
  "CKB": [
    0.00147412,
    0.00147568
  ],
  "SKYAI": [
    0.069204,
    0.071621
  ],
  "POLYX": [
    0.052645,
    0.052704
  ],
  "NPC": [
    0.00719681,
    0.00711419
  ],
  "BAN": [
    0.056829,
    0.057043
  ],
  "ARC": [
    0.054117,
    0.054543
  ],
  "BEAT": [
    0.351677,
    0.354324
  ],
  "CSPR": [
    0.00292552,
    0.00293338
  ],
  "IOTX": [
    0.00449394,
    0.00450129
  ],
  "MYX": [
    0.210065,
    0.221693
  ],
  "NOT": [
    0.00035475,
    0.0003573
  ],
  "DEP": [
    0.00114213,
    0.00114059
  ],
  "ISLM": [
    0.01198667,
    0.01209786
  ],
  "SNEK": [
    0.00040893,
    0.00040732
  ],
  "NYM": [
    0.03411385,
    0.03421255
  ],
  "REZ": [
    0.00346592,
    0.00341922
  ],
  "MERL": [
    0.02370692,
    0.02333536
  ],
  "SPELL": [
    0.00015848,
    0.00015871
  ],
  "GUN": [
    0.01432932,
    0.01431355
  ],
  "DEGEN": [
    0.00066855,
    0.00066649
  ],
  "HUMA": [
    0.01384586,
    0.01388744
  ],
  "CORN": [
    0.04509254,
    0.04500895
  ],
  "NEIRO": [
    0.00005458,
    0.00005489
  ],
  "ALLO": [
    0.104308,
    0.104469
  ],
  "SATS": [
    1.0669e-8,
    1.0722e-8
  ],
  "CPOOL": [
    0.02274451,
    0.02244936
  ],
  "MAGMA": [
    0.113912,
    0.114952
  ],
  "LRC": [
    0.01759381,
    0.01736996
  ],
  "SLP": [
    0.0005826,
    0.00058616
  ],
  "AURORA": [
    0.02586792,
    0.02587692
  ],
  "DENT": [
    0.0001778,
    0.00017692
  ],
  "BOB": [
    0.00548727,
    0.00554925
  ],
  "RESOLV": [
    0.0390918,
    0.03887683
  ],
  "INIT": [
    0.081404,
    0.080849
  ],
  "NIL": [
    0.03354409,
    0.03373483
  ],
  "DSYNC": [
    0.01418805,
    0.01445491
  ],
  "NEWT": [
    0.065288,
    0.064921
  ],
  "DAO": [
    0.056196,
    0.054231
  ],
  "IKA": [
    0.00436312,
    0.00451351
  ],
  "SONIC": [
    0.03673164,
    0.03689383
  ],
  "GRIFFAIN": [
    0.01233574,
    0.01233515
  ],
  "L3": [
    0.00897669,
    0.00881496
  ],
  "BANK": [
    0.02876015,
    0.02831751
  ],
  "HONEY": [
    0.00209054,
    0.00208448
  ],
  "PAAL": [
    0.01291321,
    0.01289867
  ],
  "MUBARAK": [
    0.01096689,
    0.01102613
  ],
  "AIN": [
    0.058326,
    0.058459
  ],
  "ROAM": [
    0.03143708,
    0.03112158
  ],
  "TLM": [
    0.00159318,
    0.00160723
  ],
  "SWARMS": [
    0.01008562,
    0.01040331
  ],
  "TAI": [
    0.01617633,
    0.01611074
  ],
  "LAT": [
    0.00130616,
    0.00130464
  ],
  "HMSTR": [
    0.00013731,
    0.00013847
  ],
  "AVL": [
    0.03130995,
    0.03022846
  ],
  "NKN": [
    0.00972628,
    0.0095891
  ],
  "FUEL": [
    0.00091571,
    0.000941
  ],
  "NAVX": [
    0.00875324,
    0.00875059
  ],
  "SOLV": [
    0.00440614,
    0.00441769
  ],
  "COS": [
    0.00121737,
    0.00125545
  ],
  "COQ": [
    9.3036e-8,
    9.3598e-8
  ],
  "RSS3": [
    0.00713168,
    0.00624776
  ],
  "OBT": [
    0.00103129,
    0.00103457
  ],
  "PIXEL": [
    0.00632659,
    0.00652171
  ],
  "FWOG": [
    0.00471078,
    0.00471961
  ],
  "FHE": [
    0.01759035,
    0.01790366
  ],
  "DMC": [
    0.00071194,
    0.00071981
  ],
  "HIPPO": [
    0.00046393,
    0.00043752
  ],
  "LYXE": [
    0.262017,
    0.262017
  ],
  "RDNT": [
    0.00255596,
    0.00254608
  ],
  "GEAR": [
    0.00028531,
    0.00029432
  ],
  "FORTH": [
    0.244063,
    0.247366
  ],
  "SAMO": [
    0.0004429,
    0.00044181
  ],
  "DUCK": [
    0.00032509,
    0.0003223
  ],
  "HOOK": [
    0.00780457,
    0.00811886
  ],
  "OAS": [
    0.00035432,
    0.00035715
  ],
  "FIS": [
    0.01295307,
    0.01306038
  ],
  "PERP": [
    0.02671201,
    0.0262931
  ],
  "CUDIS": [
    0.00773426,
    0.00777231
  ],
  "EPT": [
    0.00074189,
    0.00073578
  ],
  "PTB": [
    0.00075443,
    0.00079298
  ],
  "FLM": [
    0.00285286,
    0.00284094
  ],
  "DATA": [
    0.00098235,
    0.00098583
  ],
  "GORK": [
    0.00130394,
    0.00127698
  ],
  "SAROS": [
    0.00047301,
    0.00047086
  ],
  "ACA": [
    0.00087398,
    0.00082727
  ],
  "INSP": [
    0.00116482,
    0.00119528
  ],
  "A2Z": [
    0.00010362,
    0.00010581
  ],
  "SWTCH": [
    0.00360446,
    0.00361769
  ],
  "FOXY": [
    0.00008792,
    0.00008717
  ],
  "RFC": [
    0.00051219,
    0.0005172
  ],
  "LOOKS": [
    0.00038971,
    0.00039327
  ],
  "BDXN": [
    0.00199759,
    0.00195714
  ],
  "MOONPIG": [
    0.00028778,
    0.00028895
  ],
  "ROOT": [
    0.00006259,
    0.00006193
  ],
  "CHESS": [
    0.00041489,
    0.00039134
  ],
  "CHILLGUY": [
    0.00006718,
    0.00006718
  ],
  "APU": [
    0.00002994,
    0.00003132
  ],
  "HOLO": [
    0.00001458,
    0.00001465
  ],
  "RATS": [
    0.00003729,
    0.00003683
  ],
  "GMMT": [
    0.00403105,
    0.00396632
  ],
  "ADB": [
    null,
    null
  ]
}