{
  "STABLE": [
    0.03320117,
    0.0331216
  ],
  "PUMP": [
    0.00180762,
    0.00181053
  ],
  "SIREN": [
    0.704373,
    0.706182
  ],
  "AERO": [
    0.446292,
    0.44801
  ],
  "SKYAI": [
    0.359021,
    0.371314
  ],
  "MON": [
    0.02960149,
    0.02960097
  ],
  "JASMY": [
    0.00563545,
    0.00565523
  ],
  "LIT": [
    0.911114,
    0.911333
  ],
  "CVX": [
    1.75,
    1.76
  ],
  "BAT": [
    0.100986,
    0.103874
  ],
  "TAG": [
    0.00121287,
    0.00129369
  ],
  "CHEEMS": [
    6.17606e-7,
    6.14279e-7
  ],
  "ATH": [
    0.00589796,
    0.00595475
  ],
  "COW": [
    0.188113,
    0.187859
  ],
  "BANANAS31": [
    0.01039549,
    0.01040889
  ],
  "BEAT": [
    0.61118,
    0.604174
  ],
  "SAHARA": [
    0.02452784,
    0.02451635
  ],
  "BAN": [
    0.07722,
    0.075865
  ],
  "CKB": [
    0.00149419,
    0.00149569
  ],
  "ARC": [
    0.070057,
    0.06942
  ],
  "ONT": [
    0.069419,
    0.069032
  ],
  "NPC": [
    0.00766233,
    0.00769245
  ],
  "POLYX": [
    0.04772184,
    0.04771049
  ],
  "REZ": [
    0.00538355,
    0.00570761
  ],
  "MYX": [
    0.24785,
    0.248294
  ],
  "MAGMA": [
    0.246151,
    0.246516
  ],
  "CSPR": [
    0.00280209,
    0.0028039
  ],
  "MERL": [
    0.03549556,
    0.03553613
  ],
  "IOTX": [
    0.00457179,
    0.00457214
  ],
  "ISLM": [
    0.01176753,
    0.01176572
  ],
  "NEIRO": [
    0.00009502,
    0.00009435
  ],
  "NOT": [
    0.00039458,
    0.00039719
  ],
  "HUMA": [
    0.02172481,
    0.02165904
  ],
  "SNEK": [
    0.00046453,
    0.00046174
  ],
  "CPOOL": [
    0.03289867,
    0.03117437
  ],
  "SATS": [
    1.4606e-8,
    1.4708e-8
  ],
  "DEP": [
    0.00111217,
    0.00111289
  ],
  "SPELL": [
    0.00017153,
    0.00016941
  ],
  "ALLO": [
    0.120746,
    0.120449
  ],
  "SWARMS": [
    0.02638479,
    0.02652871
  ],
  "GUN": [
    0.01445027,
    0.0144081
  ],
  "SLP": [
    0.0007042,
    0.00070453
  ],
  "DEGEN": [
    0.00066551,
    0.00066853
  ],
  "CORN": [
    0.04029821,
    0.0402893
  ],
  "LRC": [
    0.01695698,
    0.01689145
  ],
  "NIL": [
    0.04337376,
    0.04323706
  ],
  "AURORA": [
    0.02646047,
    0.02653793
  ],
  "AIN": [
    0.098861,
    0.097207
  ],
  "L3": [
    0.0118678,
    0.01191327
  ],
  "INIT": [
    0.089755,
    0.08905
  ],
  "GRIFFAIN": [
    0.0171891,
    0.01711573
  ],
  "NYM": [
    0.01982165,
    0.0198991
  ],
  "BOB": [
    0.00572178,
    0.00563741
  ],
  "NEWT": [
    0.075046,
    0.075227
  ],
  "MUBARAK": [
    0.0147156,
    0.01449639
  ],
  "BANK": [
    0.03320667,
    0.03335887
  ],
  "SONIC": [
    0.03751604,
    0.03747701
  ],
  "DSYNC": [
    0.01301459,
    0.01297595
  ],
  "TLM": [
    0.00185041,
    0.00184458
  ],
  "PAAL": [
    0.01291352,
    0.01282199
  ],
  "RESOLV": [
    0.02877511,
    0.02871042
  ],
  "RSS3": [
    0.00708185,
    0.00730575
  ],
  "HONEY": [
    0.00181973,
    0.00182005
  ],
  "DAO": [
    0.04114237,
    0.04095187
  ],
  "HMSTR": [
    0.00015731,
    0.00015711
  ],
  "IKA": [
    0.00335685,
    0.00336425
  ],
  "LAT": [
    0.00131924,
    0.00132322
  ],
  "TAI": [
    0.01483191,
    0.0150564
  ],
  "COQ": [
    1.25948e-7,
    1.26165e-7
  ],
  "AVL": [
    0.02842179,
    0.02759442
  ],
  "NAVX": [
    0.008824,
    0.00882398
  ],
  "FUEL": [
    0.00090083,
    0.0008983
  ],
  "SOLV": [
    0.00451619,
    0.00448442
  ],
  "NKN": [
    0.00795408,
    0.0078772
  ],
  "PIXEL": [
    0.00788967,
    0.00786695
  ],
  "COS": [
    0.00117247,
    0.00116861
  ],
  "FHE": [
    0.02416686,
    0.02364634
  ],
  "OBT": [
    0.00099361,
    0.00099842
  ],
  "DMC": [
    0.00071082,
    0.00070896
  ],
  "FWOG": [
    0.00465183,
    0.00464015
  ],
  "LYXE": [
    0.274704,
    0.275651
  ],
  "DENT": [
    0.00003972,
    0.00003916
  ],
  "ROAM": [
    0.01065687,
    0.01071701
  ],
  "OAS": [
    0.00054572,
    0.00053324
  ],
  "GEAR": [
    0.00031792,
    0.00031893
  ],
  "FORTH": [
    0.236183,
    0.240294
  ],
  "HOOK": [
    0.00807591,
    0.00806292
  ],
  "RDNT": [
    0.00179289,
    0.0018019
  ],
  "CUDIS": [
    0.00810654,
    0.00799124
  ],
  "SAMO": [
    0.00032963,
    0.00032925
  ],
  "PERP": [
    0.02533551,
    0.02529805
  ],
  "PTB": [
    0.00080537,
    0.00081034
  ],
  "HIPPO": [
    0.00016523,
    0.0001645
  ],
  "EPT": [
    0.00070723,
    0.00070578
  ],
  "FIS": [
    0.01010151,
    0.01016263
  ],
  "GORK": [
    0.00152595,
    0.00151869
  ],
  "SAROS": [
    0.00057249,
    0.00057413
  ],
  "FLM": [
    0.00262878,
    0.00261876
  ],
  "DATA": [
    0.00074131,
    0.00074149
  ],
  "ACA": [
    0.00066424,
    0.00066353
  ],
  "INSP": [
    0.00094724,
    0.00094344
  ],
  "A2Z": [
    0.00008565,
    0.00008606
  ],
  "FOXY": [
    0.00011697,
    0.00011598
  ],
  "DUCK": [
    0.00007011,
    0.00007016
  ],
  "RFC": [
    0.0005647,
    0.00056293
  ],
  "SWTCH": [
    0.00320379,
    0.00317232
  ],
  "LOOKS": [
    0.00035688,
    0.00035686
  ],
  "BDXN": [
    0.00173436,
    0.00172067
  ],
  "MOONPIG": [
    0.00027482,
    0.00027476
  ],
  "ROOT": [
    0.00005797,
    0.00005748
  ],
  "CHILLGUY": [
    0.00010374,
    0.00010392
  ],
  "APU": [
    0.00004471,
    0.00004592
  ],
  "CHESS": [
    0.00019766,
    0.00019861
  ],
  "HOLO": [
    0.00001187,
    0.00001187
  ],
  "RATS": [
    0.00003885,
    0.00003896
  ],
  "GMMT": [
    0.00391862,
    0.00378856
  ],
  "ADB": [
    null,
    null
  ]
}