{
  "PUMP": [
    0.00190863,
    0.00191124
  ],
  "STABLE": [
    0.02590412,
    0.02621798
  ],
  "SIREN": [
    0.765924,
    0.754689
  ],
  "MON": [
    0.03329873,
    0.03322404
  ],
  "AERO": [
    0.422859,
    0.420947
  ],
  "JASMY": [
    0.0056966,
    0.00572506
  ],
  "LIT": [
    1.036,
    1.031
  ],
  "SKYAI": [
    0.188569,
    0.187874
  ],
  "CVX": [
    1.84,
    1.85
  ],
  "BAT": [
    0.102042,
    0.101896
  ],
  "ATH": [
    0.00611483,
    0.00612621
  ],
  "CHEEMS": [
    5.62362e-7,
    5.70679e-7
  ],
  "COW": [
    0.18799,
    0.189928
  ],
  "BANANAS31": [
    0.00990801,
    0.00982999
  ],
  "ONT": [
    0.082041,
    0.081631
  ],
  "CKB": [
    0.0015779,
    0.00160317
  ],
  "TAG": [
    0.00070414,
    0.00070829
  ],
  "BAN": [
    0.071499,
    0.071313
  ],
  "SAHARA": [
    0.02284895,
    0.0226183
  ],
  "ARC": [
    0.069584,
    0.069447
  ],
  "BEAT": [
    0.521668,
    0.493512
  ],
  "POLYX": [
    0.051721,
    0.051946
  ],
  "NPC": [
    0.00783149,
    0.00778426
  ],
  "MYX": [
    0.273653,
    0.274232
  ],
  "CSPR": [
    0.0030069,
    0.00300189
  ],
  "MERL": [
    0.03726752,
    0.03908542
  ],
  "IOTX": [
    0.00489328,
    0.00492671
  ],
  "NOT": [
    0.00039993,
    0.00039781
  ],
  "MAGMA": [
    0.204026,
    0.201635
  ],
  "NEIRO": [
    0.00008682,
    0.00008676
  ],
  "SNEK": [
    0.00048958,
    0.00048051
  ],
  "HUMA": [
    0.01925476,
    0.01957597
  ],
  "SATS": [
    1.5632e-8,
    1.5686e-8
  ],
  "ISLM": [
    0.01232667,
    0.01247666
  ],
  "REZ": [
    0.00388017,
    0.00387259
  ],
  "DEP": [
    0.00111438,
    0.00111476
  ],
  "SPELL": [
    0.00016952,
    0.00017372
  ],
  "DEGEN": [
    0.0007815,
    0.00078394
  ],
  "NYM": [
    0.03266416,
    0.03289252
  ],
  "GUN": [
    0.0152781,
    0.01518938
  ],
  "ALLO": [
    0.110999,
    0.111875
  ],
  "CPOOL": [
    0.02528847,
    0.02525463
  ],
  "SLP": [
    0.000659,
    0.00066035
  ],
  "CORN": [
    0.04134291,
    0.04139281
  ],
  "LRC": [
    0.01778697,
    0.01738593
  ],
  "BOB": [
    0.007427,
    0.00728234
  ],
  "AURORA": [
    0.02763179,
    0.0277195
  ],
  "SWARMS": [
    0.01797604,
    0.01778831
  ],
  "INIT": [
    0.096173,
    0.095299
  ],
  "GRIFFAIN": [
    0.01734178,
    0.01738966
  ],
  "NIL": [
    0.04039546,
    0.03961002
  ],
  "NEWT": [
    0.075912,
    0.076163
  ],
  "DSYNC": [
    0.01572307,
    0.01577147
  ],
  "BANK": [
    0.03767081,
    0.0368468
  ],
  "L3": [
    0.01081,
    0.01080383
  ],
  "MUBARAK": [
    0.01456919,
    0.0145297
  ],
  "SONIC": [
    0.03756657,
    0.03792563
  ],
  "AIN": [
    0.070945,
    0.07123
  ],
  "RESOLV": [
    0.03404873,
    0.03410342
  ],
  "PAAL": [
    0.01363156,
    0.01380805
  ],
  "TLM": [
    0.00193806,
    0.00189754
  ],
  "DAO": [
    0.0478759,
    0.04785751
  ],
  "HONEY": [
    0.00193138,
    0.00191381
  ],
  "IKA": [
    0.00364621,
    0.00364429
  ],
  "HMSTR": [
    0.00016216,
    0.00016016
  ],
  "TAI": [
    0.01671525,
    0.01680843
  ],
  "COQ": [
    1.41478e-7,
    1.39503e-7
  ],
  "DENT": [
    0.0000971,
    0.00009715
  ],
  "LAT": [
    0.00134241,
    0.0013323
  ],
  "AVL": [
    0.02804103,
    0.02814625
  ],
  "NAVX": [
    0.00938079,
    0.00936719
  ],
  "FUEL": [
    0.00094365,
    0.00094233
  ],
  "NKN": [
    0.00858167,
    0.00879289
  ],
  "COS": [
    0.00125563,
    0.00124978
  ],
  "PIXEL": [
    0.0085671,
    0.00835406
  ],
  "SOLV": [
    0.00432895,
    0.00427842
  ],
  "RSS3": [
    0.00638599,
    0.00626383
  ],
  "ROAM": [
    0.01686469,
    0.01650019
  ],
  "OBT": [
    0.00106696,
    0.00106491
  ],
  "FHE": [
    0.02242689,
    0.02126365
  ],
  "OAS": [
    0.00077322,
    0.00076513
  ],
  "FWOG": [
    0.00495681,
    0.00494851
  ],
  "DMC": [
    0.00071629,
    0.00071085
  ],
  "GEAR": [
    0.00038951,
    0.00039108
  ],
  "LYXE": [
    0.241088,
    0.241933
  ],
  "FORTH": [
    0.267289,
    0.269221
  ],
  "RDNT": [
    0.00207494,
    0.00213242
  ],
  "HOOK": [
    0.00836657,
    0.00933074
  ],
  "SAROS": [
    0.00098492,
    0.00102119
  ],
  "SAMO": [
    0.00043073,
    0.00043053
  ],
  "PTB": [
    0.00108971,
    0.00110162
  ],
  "CUDIS": [
    0.00843424,
    0.00831517
  ],
  "PERP": [
    0.02675632,
    0.02671242
  ],
  "HIPPO": [
    0.00017522,
    0.00017649
  ],
  "FIS": [
    0.01077733,
    0.01131404
  ],
  "EPT": [
    0.0007587,
    0.0007579
  ],
  "FLM": [
    0.00296138,
    0.00298654
  ],
  "GORK": [
    0.0015231,
    0.00150908
  ],
  "DATA": [
    0.00097246,
    0.00097318
  ],
  "INSP": [
    0.00104166,
    0.00104731
  ],
  "ACA": [
    0.00071203,
    0.00070536
  ],
  "A2Z": [
    0.00009501,
    0.00009275
  ],
  "FOXY": [
    0.00012616,
    0.00012528
  ],
  "DUCK": [
    0.00007131,
    0.00007197
  ],
  "SWTCH": [
    0.00339177,
    0.0034277
  ],
  "RFC": [
    0.00054862,
    0.00053522
  ],
  "LOOKS": [
    0.00038313,
    0.00038795
  ],
  "MOONPIG": [
    0.00031266,
    0.00031215
  ],
  "BDXN": [
    0.00182573,
    0.00182751
  ],
  "ROOT": [
    0.00005621,
    0.00005621
  ],
  "CHILLGUY": [
    0.00008161,
    0.00008176
  ],
  "CHESS": [
    0.000167,
    0.00016792
  ],
  "APU": [
    0.00003473,
    0.00003475
  ],
  "HOLO": [
    0.00001272,
    0.00001273
  ],
  "GMMT": [
    0.00289115,
    0.00271329
  ],
  "RATS": [
    0.00003758,
    0.00003709
  ],
  "ADB": [
    null,
    null
  ]
}