{
  "PUMP": [
    0.00191061,
    0.00191498
  ],
  "STABLE": [
    0.02610272,
    0.02582657
  ],
  "SIREN": [
    0.673062,
    0.677155
  ],
  "MON": [
    0.03410418,
    0.03383963
  ],
  "AERO": [
    0.40598,
    0.404597
  ],
  "JASMY": [
    0.00575729,
    0.00573205
  ],
  "LIT": [
    0.908779,
    0.92061
  ],
  "SKYAI": [
    0.164229,
    0.169392
  ],
  "CVX": [
    1.87,
    1.86
  ],
  "BAT": [
    0.10468,
    0.104483
  ],
  "CHEEMS": [
    5.81334e-7,
    5.78618e-7
  ],
  "ATH": [
    0.00611216,
    0.0060559
  ],
  "COW": [
    0.19025,
    0.189921
  ],
  "BANANAS31": [
    0.00965906,
    0.00962495
  ],
  "BEAT": [
    0.576844,
    0.570198
  ],
  "ONT": [
    0.078115,
    0.077933
  ],
  "BAN": [
    0.076805,
    0.075261
  ],
  "CKB": [
    0.00153966,
    0.00153766
  ],
  "TAG": [
    0.00066585,
    0.00066185
  ],
  "SAHARA": [
    0.02192842,
    0.02185061
  ],
  "NPC": [
    0.00835806,
    0.0085157
  ],
  "ARC": [
    0.067421,
    0.06745
  ],
  "POLYX": [
    0.051891,
    0.05179
  ],
  "CSPR": [
    0.00296094,
    0.00296674
  ],
  "MYX": [
    0.240511,
    0.24106
  ],
  "IOTX": [
    0.00486411,
    0.00482386
  ],
  "MERL": [
    0.03535125,
    0.03464347
  ],
  "NOT": [
    0.00042004,
    0.00041257
  ],
  "NEIRO": [
    0.00009703,
    0.00009144
  ],
  "SNEK": [
    0.00050637,
    0.00050726
  ],
  "HUMA": [
    0.02137549,
    0.02176773
  ],
  "GUN": [
    0.01836811,
    0.01821738
  ],
  "ISLM": [
    0.01201636,
    0.01197597
  ],
  "SATS": [
    1.4845e-8,
    1.4764e-8
  ],
  "REZ": [
    0.00378964,
    0.00377142
  ],
  "DEP": [
    0.00110207,
    0.00110926
  ],
  "CPOOL": [
    0.03007381,
    0.03009815
  ],
  "MAGMA": [
    0.15885,
    0.153523
  ],
  "SPELL": [
    0.00016775,
    0.00016754
  ],
  "DEGEN": [
    0.00076239,
    0.00075831
  ],
  "NYM": [
    0.03240619,
    0.03240349
  ],
  "ALLO": [
    0.118492,
    0.118022
  ],
  "SLP": [
    0.00067781,
    0.00067531
  ],
  "LRC": [
    0.01735645,
    0.01738709
  ],
  "CORN": [
    0.04074544,
    0.04076487
  ],
  "BOB": [
    0.00698343,
    0.00694043
  ],
  "AURORA": [
    0.02784657,
    0.02787001
  ],
  "SWARMS": [
    0.01777609,
    0.01783481
  ],
  "NIL": [
    0.04110705,
    0.04138832
  ],
  "NEWT": [
    0.082241,
    0.08114
  ],
  "GRIFFAIN": [
    0.0167023,
    0.01666755
  ],
  "INIT": [
    0.089854,
    0.089005
  ],
  "BANK": [
    0.03859405,
    0.03823181
  ],
  "L3": [
    0.01044824,
    0.01052071
  ],
  "DSYNC": [
    0.01497371,
    0.01509057
  ],
  "MUBARAK": [
    0.01395952,
    0.01393461
  ],
  "SONIC": [
    0.03679734,
    0.03670801
  ],
  "RESOLV": [
    0.03249932,
    0.03214855
  ],
  "PAAL": [
    0.01331555,
    0.01340391
  ],
  "TLM": [
    0.00181586,
    0.00181554
  ],
  "DAO": [
    0.04656042,
    0.04666296
  ],
  "HONEY": [
    0.00197134,
    0.00197835
  ],
  "AIN": [
    0.059581,
    0.058616
  ],
  "IKA": [
    0.00358911,
    0.00356016
  ],
  "HMSTR": [
    0.00015813,
    0.00015751
  ],
  "TAI": [
    0.0166867,
    0.01676316
  ],
  "COQ": [
    1.40221e-7,
    1.39509e-7
  ],
  "LAT": [
    0.00135685,
    0.00135654
  ],
  "AVL": [
    0.02663154,
    0.02626241
  ],
  "DENT": [
    0.00008386,
    0.00008047
  ],
  "FUEL": [
    0.00094035,
    0.00093845
  ],
  "NAVX": [
    0.00861662,
    0.00862326
  ],
  "NKN": [
    0.00850135,
    0.00843163
  ],
  "ROAM": [
    0.01823116,
    0.01803569
  ],
  "COS": [
    0.00119555,
    0.0011947
  ],
  "PIXEL": [
    0.00767125,
    0.00759884
  ],
  "OBT": [
    0.00104241,
    0.00103148
  ],
  "SOLV": [
    0.00375379,
    0.00375992
  ],
  "RSS3": [
    0.00575572,
    0.00569667
  ],
  "OAS": [
    0.00068102,
    0.00067956
  ],
  "FHE": [
    0.01762296,
    0.01764258
  ],
  "FWOG": [
    0.0045062,
    0.00449933
  ],
  "DMC": [
    0.00070111,
    0.0007055
  ],
  "LYXE": [
    0.237595,
    0.235497
  ],
  "FORTH": [
    0.252153,
    0.254964
  ],
  "RDNT": [
    0.00199282,
    0.00200324
  ],
  "HOOK": [
    0.00830487,
    0.00837239
  ],
  "SAMO": [
    0.00040009,
    0.00039962
  ],
  "GEAR": [
    0.000223,
    0.00022305
  ],
  "CUDIS": [
    0.00810061,
    0.0081534
  ],
  "PERP": [
    0.02600843,
    0.02600065
  ],
  "PTB": [
    0.00084435,
    0.00084538
  ],
  "EPT": [
    0.00074811,
    0.00074115
  ],
  "SAROS": [
    0.00064521,
    0.00064696
  ],
  "GORK": [
    0.00168885,
    0.00169575
  ],
  "HIPPO": [
    0.0001681,
    0.00016642
  ],
  "FIS": [
    0.01067471,
    0.01058032
  ],
  "FLM": [
    0.0028321,
    0.00286376
  ],
  "DATA": [
    0.00090069,
    0.00090233
  ],
  "INSP": [
    0.00105765,
    0.00105934
  ],
  "ACA": [
    0.00071638,
    0.0007123
  ],
  "FOXY": [
    0.0001228,
    0.00012106
  ],
  "A2Z": [
    0.0000757,
    0.00007629
  ],
  "RFC": [
    0.00059374,
    0.00059133
  ],
  "DUCK": [
    0.00007052,
    0.0000712
  ],
  "SWTCH": [
    0.00327632,
    0.00328039
  ],
  "LOOKS": [
    0.00044042,
    0.00043977
  ],
  "BDXN": [
    0.00186161,
    0.00198482
  ],
  "MOONPIG": [
    0.00030527,
    0.00030534
  ],
  "ROOT": [
    0.00005732,
    0.0000572
  ],
  "CHILLGUY": [
    0.00014051,
    0.0001484
  ],
  "APU": [
    0.0000712,
    0.0000829
  ],
  "CHESS": [
    0.00013579,
    0.00013568
  ],
  "HOLO": [
    0.00001274,
    0.0000128
  ],
  "GMMT": [
    0.00299644,
    0.00299819
  ],
  "RATS": [
    0.00003594,
    0.00003613
  ],
  "ADB": [
    null,
    null
  ]
}