{
  "PUMP": [
    0.00174953,
    0.00173934
  ],
  "STABLE": [
    0.03348915,
    0.03316995
  ],
  "SIREN": [
    0.695556,
    0.673761
  ],
  "AERO": [
    0.423675,
    0.428584
  ],
  "MON": [
    0.03123875,
    0.03089401
  ],
  "JASMY": [
    0.00572896,
    0.00572744
  ],
  "LIT": [
    0.927052,
    0.933572
  ],
  "SKYAI": [
    0.195252,
    0.192575
  ],
  "CVX": [
    1.78,
    1.78
  ],
  "BAT": [
    0.104841,
    0.104595
  ],
  "CHEEMS": [
    5.83349e-7,
    5.87495e-7
  ],
  "ATH": [
    0.00603677,
    0.00595861
  ],
  "COW": [
    0.189701,
    0.190662
  ],
  "BANANAS31": [
    0.00940429,
    0.00964555
  ],
  "BAN": [
    0.095431,
    0.089279
  ],
  "BEAT": [
    0.560145,
    0.566773
  ],
  "CKB": [
    0.00152235,
    0.00154645
  ],
  "ONT": [
    0.074324,
    0.074104
  ],
  "SAHARA": [
    0.02358902,
    0.02248737
  ],
  "TAG": [
    0.00065471,
    0.00065787
  ],
  "NPC": [
    0.00823392,
    0.00821675
  ],
  "ARC": [
    0.06689,
    0.065928
  ],
  "POLYX": [
    0.050462,
    0.05039
  ],
  "MYX": [
    0.255499,
    0.252406
  ],
  "CSPR": [
    0.00290138,
    0.00288909
  ],
  "IOTX": [
    0.00480197,
    0.00472941
  ],
  "MERL": [
    0.0356906,
    0.03584423
  ],
  "HUMA": [
    0.02567509,
    0.02477819
  ],
  "NOT": [
    0.00041275,
    0.00040942
  ],
  "SNEK": [
    0.00049814,
    0.0004976
  ],
  "NEIRO": [
    0.00008848,
    0.00008759
  ],
  "MAGMA": [
    0.193663,
    0.191659
  ],
  "REZ": [
    0.00388585,
    0.00389244
  ],
  "DEP": [
    0.00111221,
    0.00111453
  ],
  "SATS": [
    1.4358e-8,
    1.4461e-8
  ],
  "ISLM": [
    0.01176573,
    0.01176139
  ],
  "SPELL": [
    0.00016478,
    0.00016398
  ],
  "GUN": [
    0.01547166,
    0.01539822
  ],
  "ALLO": [
    0.116943,
    0.117507
  ],
  "SLP": [
    0.00072679,
    0.00071408
  ],
  "CPOOL": [
    0.02674494,
    0.02580704
  ],
  "NYM": [
    0.02963132,
    0.02983097
  ],
  "DEGEN": [
    0.00065728,
    0.00065774
  ],
  "INIT": [
    0.089164,
    0.088711
  ],
  "CORN": [
    0.04009983,
    0.04009042
  ],
  "LRC": [
    0.01692853,
    0.01688831
  ],
  "AURORA": [
    0.02778569,
    0.02777463
  ],
  "NIL": [
    0.04153258,
    0.04236153
  ],
  "SWARMS": [
    0.017904,
    0.01806691
  ],
  "NEWT": [
    0.081254,
    0.081842
  ],
  "GRIFFAIN": [
    0.01761344,
    0.0175921
  ],
  "BOB": [
    0.00593987,
    0.00596733
  ],
  "L3": [
    0.01022333,
    0.01022055
  ],
  "DSYNC": [
    0.01442785,
    0.01443148
  ],
  "BANK": [
    0.03297159,
    0.03372105
  ],
  "SONIC": [
    0.03742187,
    0.03907276
  ],
  "MUBARAK": [
    0.01363995,
    0.01365218
  ],
  "TLM": [
    0.00190462,
    0.00186777
  ],
  "HONEY": [
    0.00210716,
    0.00209664
  ],
  "PAAL": [
    0.01232985,
    0.01263553
  ],
  "AIN": [
    0.063267,
    0.06088
  ],
  "IKA": [
    0.00378554,
    0.00374651
  ],
  "DAO": [
    0.04410942,
    0.04405109
  ],
  "RESOLV": [
    0.02775112,
    0.0278435
  ],
  "HMSTR": [
    0.00015612,
    0.00015566
  ],
  "COQ": [
    1.42618e-7,
    1.42991e-7
  ],
  "TAI": [
    0.01651468,
    0.01655254
  ],
  "LAT": [
    0.00133715,
    0.00133529
  ],
  "AVL": [
    0.02684137,
    0.02697758
  ],
  "FUEL": [
    0.00093663,
    0.0009346
  ],
  "NAVX": [
    0.00873017,
    0.0087501
  ],
  "NKN": [
    0.00842046,
    0.00828038
  ],
  "DENT": [
    0.00006571,
    0.00006553
  ],
  "SOLV": [
    0.00427957,
    0.0041965
  ],
  "PIXEL": [
    0.00816789,
    0.00798178
  ],
  "COS": [
    0.00116633,
    0.0011644
  ],
  "OBT": [
    0.00103956,
    0.00105495
  ],
  "ROAM": [
    0.01623016,
    0.01588642
  ],
  "RSS3": [
    0.00589666,
    0.00591039
  ],
  "DMC": [
    0.00071593,
    0.00071179
  ],
  "FWOG": [
    0.00476467,
    0.00472069
  ],
  "FHE": [
    0.01832852,
    0.01833387
  ],
  "OAS": [
    0.00060238,
    0.0005972
  ],
  "LYXE": [
    0.235547,
    0.235466
  ],
  "FORTH": [
    0.25645,
    0.252043
  ],
  "RDNT": [
    0.00188964,
    0.00188553
  ],
  "HOOK": [
    0.00840648,
    0.00833074
  ],
  "GEAR": [
    0.00022544,
    0.0002256
  ],
  "SAMO": [
    0.00038405,
    0.00038657
  ],
  "CUDIS": [
    0.0079803,
    0.00797918
  ],
  "PERP": [
    0.02628756,
    0.02629105
  ],
  "PTB": [
    0.00082976,
    0.00082104
  ],
  "EPT": [
    0.00073347,
    0.00073385
  ],
  "FIS": [
    0.01060502,
    0.01046408
  ],
  "HIPPO": [
    0.0001598,
    0.00015836
  ],
  "GORK": [
    0.00155426,
    0.00154789
  ],
  "FLM": [
    0.00259071,
    0.00261883
  ],
  "SAROS": [
    0.00051012,
    0.0005082
  ],
  "DATA": [
    0.00074532,
    0.00074523
  ],
  "INSP": [
    0.00111679,
    0.00111272
  ],
  "ACA": [
    0.00066718,
    0.00066767
  ],
  "FOXY": [
    0.00011994,
    0.00011903
  ],
  "RFC": [
    0.00060097,
    0.00059835
  ],
  "A2Z": [
    0.00006813,
    0.0000687
  ],
  "SWTCH": [
    0.00344556,
    0.00340942
  ],
  "DUCK": [
    0.00007002,
    0.00006997
  ],
  "LOOKS": [
    0.00036209,
    0.00036211
  ],
  "MOONPIG": [
    0.00029602,
    0.00029895
  ],
  "BDXN": [
    0.00153156,
    0.00154271
  ],
  "ROOT": [
    0.00006061,
    0.00005941
  ],
  "CHILLGUY": [
    0.00013347,
    0.00014089
  ],
  "APU": [
    0.00004652,
    0.0000445
  ],
  "CHESS": [
    0.00015258,
    0.00015257
  ],
  "HOLO": [
    0.00001219,
    0.0000122
  ],
  "GMMT": [
    0.00262278,
    0.00262326
  ],
  "RATS": [
    0.00003724,
    0.0000379
  ],
  "ADB": [
    null,
    null
  ]
}