{
  "PUMP": [
    0.00176711,
    0.00177158
  ],
  "STABLE": [
    0.03214438,
    0.03195872
  ],
  "SIREN": [
    0.665826,
    0.662596
  ],
  "AERO": [
    0.426307,
    0.427772
  ],
  "MON": [
    0.03107557,
    0.03086777
  ],
  "JASMY": [
    0.00582361,
    0.00581319
  ],
  "LIT": [
    0.931201,
    0.930061
  ],
  "SKYAI": [
    0.19691,
    0.195469
  ],
  "CVX": [
    1.79,
    1.78
  ],
  "BAT": [
    0.106592,
    0.105583
  ],
  "CHEEMS": [
    6.10451e-7,
    6.04441e-7
  ],
  "ATH": [
    0.00609829,
    0.00607502
  ],
  "COW": [
    0.189844,
    0.18864
  ],
  "BANANAS31": [
    0.00914323,
    0.00918199
  ],
  "BAN": [
    0.089234,
    0.08861
  ],
  "BEAT": [
    0.569306,
    0.56526
  ],
  "ONT": [
    0.07827,
    0.078072
  ],
  "CKB": [
    0.00152888,
    0.00152325
  ],
  "SAHARA": [
    0.02296632,
    0.02307391
  ],
  "TAG": [
    0.00064743,
    0.00063994
  ],
  "NPC": [
    0.00837168,
    0.00836763
  ],
  "ARC": [
    0.067217,
    0.067144
  ],
  "POLYX": [
    0.050805,
    0.051022
  ],
  "MERL": [
    0.03941264,
    0.03912875
  ],
  "MYX": [
    0.244594,
    0.246991
  ],
  "CSPR": [
    0.00293275,
    0.00293187
  ],
  "IOTX": [
    0.00489804,
    0.00488093
  ],
  "HUMA": [
    0.0263815,
    0.02574262
  ],
  "NOT": [
    0.00042162,
    0.00041776
  ],
  "MAGMA": [
    0.211579,
    0.206552
  ],
  "SNEK": [
    0.00050879,
    0.00051011
  ],
  "NEIRO": [
    0.00008884,
    0.00008875
  ],
  "REZ": [
    0.00389612,
    0.00387207
  ],
  "SATS": [
    1.4806e-8,
    1.4721e-8
  ],
  "DEP": [
    0.00111756,
    0.00111627
  ],
  "SLP": [
    0.0009079,
    0.00083876
  ],
  "ISLM": [
    0.01175298,
    0.01175007
  ],
  "SPELL": [
    0.00016572,
    0.00016492
  ],
  "CPOOL": [
    0.02777146,
    0.02777997
  ],
  "GUN": [
    0.01556181,
    0.01550403
  ],
  "ALLO": [
    0.118776,
    0.118321
  ],
  "NYM": [
    0.03089459,
    0.03059885
  ],
  "INIT": [
    0.092294,
    0.091884
  ],
  "DEGEN": [
    0.00066181,
    0.00065747
  ],
  "LRC": [
    0.01722804,
    0.01723356
  ],
  "CORN": [
    0.04034859,
    0.04036341
  ],
  "AURORA": [
    0.02795819,
    0.0279512
  ],
  "NIL": [
    0.04282071,
    0.04256159
  ],
  "SWARMS": [
    0.01815022,
    0.01824628
  ],
  "GRIFFAIN": [
    0.01793526,
    0.01786962
  ],
  "NEWT": [
    0.078827,
    0.080577
  ],
  "BOB": [
    0.00587397,
    0.00587646
  ],
  "L3": [
    0.0103317,
    0.01032662
  ],
  "BANK": [
    0.0347787,
    0.0351569
  ],
  "DSYNC": [
    0.01441602,
    0.0145026
  ],
  "MUBARAK": [
    0.01400283,
    0.01393149
  ],
  "SONIC": [
    0.03731776,
    0.03724541
  ],
  "TLM": [
    0.00200152,
    0.00195427
  ],
  "HONEY": [
    0.00211975,
    0.00214245
  ],
  "IKA": [
    0.00396487,
    0.0039625
  ],
  "AIN": [
    0.062826,
    0.062332
  ],
  "DAO": [
    0.04500151,
    0.04529839
  ],
  "PAAL": [
    0.01240505,
    0.01238778
  ],
  "RESOLV": [
    0.02862796,
    0.02850766
  ],
  "HMSTR": [
    0.00016206,
    0.00016007
  ],
  "COQ": [
    1.47644e-7,
    1.48013e-7
  ],
  "TAI": [
    0.01643909,
    0.01649889
  ],
  "LAT": [
    0.00133866,
    0.0013466
  ],
  "AVL": [
    0.02766719,
    0.02737622
  ],
  "FUEL": [
    0.00093933,
    0.00094053
  ],
  "NAVX": [
    0.00873226,
    0.00877129
  ],
  "NKN": [
    0.00854134,
    0.00853332
  ],
  "PIXEL": [
    0.00850649,
    0.00827031
  ],
  "DENT": [
    0.00006362,
    0.00006562
  ],
  "COS": [
    0.00119155,
    0.00118176
  ],
  "SOLV": [
    0.00400896,
    0.00404469
  ],
  "OBT": [
    0.00103206,
    0.00103209
  ],
  "ROAM": [
    0.01657841,
    0.01645838
  ],
  "RSS3": [
    0.00588984,
    0.00591095
  ],
  "DMC": [
    0.00070921,
    0.00070917
  ],
  "FHE": [
    0.01836962,
    0.01822817
  ],
  "FWOG": [
    0.00456631,
    0.00453029
  ],
  "OAS": [
    0.00061927,
    0.00062075
  ],
  "LYXE": [
    0.234516,
    0.234516
  ],
  "FORTH": [
    0.256845,
    0.260441
  ],
  "RDNT": [
    0.00193955,
    0.00193002
  ],
  "HOOK": [
    0.00844141,
    0.00853418
  ],
  "GEAR": [
    0.00022364,
    0.00022353
  ],
  "SAMO": [
    0.00035937,
    0.00035925
  ],
  "CUDIS": [
    0.00798703,
    0.00801112
  ],
  "PERP": [
    0.02635908,
    0.02627696
  ],
  "EPT": [
    0.00074006,
    0.00074021
  ],
  "PTB": [
    0.0008288,
    0.00082458
  ],
  "FIS": [
    0.01081478,
    0.01081701
  ],
  "HIPPO": [
    0.00016091,
    0.00016031
  ],
  "GORK": [
    0.00157987,
    0.00157732
  ],
  "FLM": [
    0.00266033,
    0.0026659
  ],
  "SAROS": [
    0.00051653,
    0.00051117
  ],
  "DATA": [
    0.00075474,
    0.00075385
  ],
  "INSP": [
    0.00116408,
    0.00115534
  ],
  "ACA": [
    0.00067399,
    0.00067581
  ],
  "FOXY": [
    0.0001209,
    0.00011998
  ],
  "A2Z": [
    0.00007135,
    0.00007097
  ],
  "RFC": [
    0.00059565,
    0.00059389
  ],
  "SWTCH": [
    0.00347674,
    0.0034546
  ],
  "DUCK": [
    0.00006988,
    0.0000696
  ],
  "LOOKS": [
    0.00037705,
    0.00037803
  ],
  "MOONPIG": [
    0.000299,
    0.00029799
  ],
  "BDXN": [
    0.00147995,
    0.00167109
  ],
  "ROOT": [
    0.00006001,
    0.00005991
  ],
  "CHILLGUY": [
    0.00013412,
    0.00013414
  ],
  "APU": [
    0.00006324,
    0.0000629
  ],
  "CHESS": [
    0.00015275,
    0.00015261
  ],
  "HOLO": [
    0.00001231,
    0.00001224
  ],
  "GMMT": [
    0.00262317,
    0.00262935
  ],
  "RATS": [
    0.00003775,
    0.00003742
  ],
  "ADB": [
    null,
    null
  ]
}