{
  "PUMP": [
    0.00165465,
    0.00164553
  ],
  "STABLE": [
    0.02761549,
    0.02751458
  ],
  "MON": [
    0.02655572,
    0.0272817
  ],
  "AERO": [
    0.313423,
    0.313083
  ],
  "JASMY": [
    0.00531684,
    0.00530698
  ],
  "LIT": [
    0.989883,
    0.984114
  ],
  "CVX": [
    1.71,
    1.71
  ],
  "BAT": [
    0.095655,
    0.095681
  ],
  "BANANAS31": [
    0.01267543,
    0.01264777
  ],
  "ATH": [
    0.00653931,
    0.00658014
  ],
  "COW": [
    0.20142,
    0.201459
  ],
  "SIREN": [
    0.143483,
    0.140395
  ],
  "ONT": [
    0.105757,
    0.107319
  ],
  "TAG": [
    0.00076727,
    0.00078347
  ],
  "CHEEMS": [
    4.01674e-7,
    3.99776e-7
  ],
  "SKYAI": [
    0.070344,
    0.071921
  ],
  "CKB": [
    0.00147144,
    0.00146472
  ],
  "SAHARA": [
    0.02084756,
    0.02085519
  ],
  "NPC": [
    0.00721353,
    0.00721223
  ],
  "POLYX": [
    0.04581008,
    0.04539202
  ],
  "BAN": [
    0.055947,
    0.055952
  ],
  "ARC": [
    0.054694,
    0.054922
  ],
  "BEAT": [
    0.364869,
    0.366082
  ],
  "CSPR": [
    0.0029399,
    0.00294373
  ],
  "IOTX": [
    0.00454322,
    0.00448358
  ],
  "MYX": [
    0.208727,
    0.206928
  ],
  "NOT": [
    0.00035948,
    0.00035745
  ],
  "SNEK": [
    0.00043848,
    0.00043754
  ],
  "DEP": [
    0.00114321,
    0.00114871
  ],
  "ISLM": [
    0.01197791,
    0.01199451
  ],
  "NYM": [
    0.03412239,
    0.03403973
  ],
  "SPELL": [
    0.00015991,
    0.00016037
  ],
  "REZ": [
    0.00331266,
    0.00331597
  ],
  "GUN": [
    0.01528742,
    0.01536136
  ],
  "MERL": [
    0.02155623,
    0.02155513
  ],
  "HUMA": [
    0.01445913,
    0.01466111
  ],
  "DEGEN": [
    0.00066124,
    0.00065841
  ],
  "CORN": [
    0.04503296,
    0.04499071
  ],
  "NEIRO": [
    0.00005582,
    0.00005538
  ],
  "ALLO": [
    0.104128,
    0.103971
  ],
  "SATS": [
    1.0935e-8,
    1.0851e-8
  ],
  "LRC": [
    0.01773474,
    0.01750558
  ],
  "CPOOL": [
    0.02174861,
    0.02197008
  ],
  "MAGMA": [
    0.113002,
    0.113498
  ],
  "SLP": [
    0.0005911,
    0.00058842
  ],
  "AURORA": [
    0.02579877,
    0.02578073
  ],
  "DENT": [
    0.00017717,
    0.00017676
  ],
  "BOB": [
    0.00554157,
    0.00551852
  ],
  "INIT": [
    0.082291,
    0.082456
  ],
  "RESOLV": [
    0.03891458,
    0.03857947
  ],
  "NIL": [
    0.03413251,
    0.03366756
  ],
  "DSYNC": [
    0.01408756,
    0.0141614
  ],
  "DAO": [
    0.054815,
    0.056225
  ],
  "IKA": [
    0.00459661,
    0.00469051
  ],
  "NEWT": [
    0.064321,
    0.064404
  ],
  "SONIC": [
    0.03697674,
    0.03688591
  ],
  "L3": [
    0.0093421,
    0.00935153
  ],
  "HONEY": [
    0.00211098,
    0.00216942
  ],
  "BANK": [
    0.02966971,
    0.02906336
  ],
  "GRIFFAIN": [
    0.01184651,
    0.01180049
  ],
  "PAAL": [
    0.01313828,
    0.01310408
  ],
  "MUBARAK": [
    0.01116198,
    0.01108595
  ],
  "AIN": [
    0.058642,
    0.058708
  ],
  "TLM": [
    0.00161858,
    0.0016102
  ],
  "ROAM": [
    0.02946988,
    0.02933754
  ],
  "AVL": [
    0.03502463,
    0.03277369
  ],
  "TAI": [
    0.01597149,
    0.01607989
  ],
  "HMSTR": [
    0.00014231,
    0.00014177
  ],
  "LAT": [
    0.00131542,
    0.00131577
  ],
  "SWARMS": [
    0.00852464,
    0.00858816
  ],
  "NKN": [
    0.01016688,
    0.01009973
  ],
  "NAVX": [
    0.0089053,
    0.00889563
  ],
  "FUEL": [
    0.00091765,
    0.00091761
  ],
  "COQ": [
    9.7287e-8,
    9.6913e-8
  ],
  "RSS3": [
    0.0067426,
    0.00695858
  ],
  "SOLV": [
    0.00412803,
    0.00411483
  ],
  "COS": [
    0.00118318,
    0.00117699
  ],
  "OBT": [
    0.00108496,
    0.00104145
  ],
  "PIXEL": [
    0.00663632,
    0.00661442
  ],
  "FWOG": [
    0.0046807,
    0.00469461
  ],
  "FHE": [
    0.01806248,
    0.01799864
  ],
  "DMC": [
    0.00071294,
    0.00072174
  ],
  "LYXE": [
    0.260139,
    0.259426
  ],
  "HIPPO": [
    0.00036529,
    0.00035749
  ],
  "RDNT": [
    0.00261309,
    0.00258803
  ],
  "GEAR": [
    0.00029014,
    0.00029575
  ],
  "DUCK": [
    0.00034892,
    0.00036455
  ],
  "FORTH": [
    0.241198,
    0.243685
  ],
  "SAMO": [
    0.00043049,
    0.00043823
  ],
  "OAS": [
    0.00034538,
    0.00034511
  ],
  "HOOK": [
    0.007895,
    0.00773698
  ],
  "FIS": [
    0.01266613,
    0.01304757
  ],
  "PERP": [
    0.02748493,
    0.02764048
  ],
  "CUDIS": [
    0.0077666,
    0.00778206
  ],
  "EPT": [
    0.00074153,
    0.00074306
  ],
  "FLM": [
    0.00285825,
    0.00285385
  ],
  "GORK": [
    0.00133954,
    0.00131448
  ],
  "DATA": [
    0.00098404,
    0.00098927
  ],
  "PTB": [
    0.00063371,
    0.00062988
  ],
  "SAROS": [
    0.00046805,
    0.00046864
  ],
  "INSP": [
    0.00121774,
    0.00120329
  ],
  "A2Z": [
    0.00011443,
    0.00011293
  ],
  "ACA": [
    0.00077532,
    0.00074287
  ],
  "SWTCH": [
    0.00392514,
    0.00381421
  ],
  "RFC": [
    0.0005236,
    0.00052313
  ],
  "FOXY": [
    0.00008528,
    0.00008433
  ],
  "LOOKS": [
    0.0003981,
    0.00039082
  ],
  "BDXN": [
    0.00191215,
    0.00197949
  ],
  "MOONPIG": [
    0.00029782,
    0.00029485
  ],
  "ROOT": [
    0.0000595,
    0.00005959
  ],
  "CHESS": [
    0.00044449,
    0.00039976
  ],
  "CHILLGUY": [
    0.00006718,
    0.00006718
  ],
  "APU": [
    0.00002931,
    0.00002966
  ],
  "HOLO": [
    0.00001324,
    0.00001324
  ],
  "RATS": [
    0.00003734,
    0.0000363
  ],
  "GMMT": [
    0.0040914,
    0.00406721
  ],
  "ADB": [
    null,
    null
  ]
}