{
  "SIREN": [
    1.73,
    1.67
  ],
  "PUMP": [
    0.00175648,
    0.00177349
  ],
  "STABLE": [
    0.02556699,
    0.0264337
  ],
  "AERO": [
    0.324517,
    0.328289
  ],
  "JASMY": [
    0.00528863,
    0.00533264
  ],
  "MON": [
    0.02355213,
    0.02393191
  ],
  "LIT": [
    0.910621,
    0.907226
  ],
  "CVX": [
    1.66,
    1.68
  ],
  "BAT": [
    0.100962,
    0.10169
  ],
  "ATH": [
    0.00760128,
    0.00752593
  ],
  "BANANAS31": [
    0.01358442,
    0.01379151
  ],
  "COW": [
    0.198068,
    0.201237
  ],
  "CHEEMS": [
    4.37732e-7,
    4.4199e-7
  ],
  "SAHARA": [
    0.02612658,
    0.02611364
  ],
  "BEAT": [
    0.582191,
    0.577141
  ],
  "CKB": [
    0.00138816,
    0.00140243
  ],
  "SKYAI": [
    0.067025,
    0.067749
  ],
  "TAG": [
    0.00059623,
    0.00059134
  ],
  "NPC": [
    0.00770644,
    0.00776635
  ],
  "MYX": [
    0.307425,
    0.309759
  ],
  "BAN": [
    0.05771,
    0.058073
  ],
  "POLYX": [
    0.04364617,
    0.04423133
  ],
  "CSPR": [
    0.00329527,
    0.00328129
  ],
  "ONT": [
    0.053863,
    0.054542
  ],
  "IOTX": [
    0.00507224,
    0.00504039
  ],
  "ARC": [
    0.04273428,
    0.0426112
  ],
  "NOT": [
    0.00035679,
    0.00035735
  ],
  "SNEK": [
    0.00044787,
    0.00044995
  ],
  "DEP": [
    0.00116147,
    0.00115995
  ],
  "ISLM": [
    0.01255574,
    0.01254553
  ],
  "GUN": [
    0.01937727,
    0.01889106
  ],
  "MERL": [
    0.02556149,
    0.02564022
  ],
  "HUMA": [
    0.01710295,
    0.01715464
  ],
  "LRC": [
    0.02314343,
    0.02312818
  ],
  "SPELL": [
    0.00016667,
    0.00016751
  ],
  "NYM": [
    0.03259636,
    0.0325465
  ],
  "REZ": [
    0.00342088,
    0.00344271
  ],
  "MAGMA": [
    0.142223,
    0.140954
  ],
  "DEGEN": [
    0.0006885,
    0.00070472
  ],
  "ALLO": [
    0.115381,
    0.117708
  ],
  "NEIRO": [
    0.00005736,
    0.00005821
  ],
  "CORN": [
    0.04625294,
    0.04627697
  ],
  "SATS": [
    1.0819e-8,
    1.0919e-8
  ],
  "CPOOL": [
    0.02411191,
    0.02387818
  ],
  "SLP": [
    0.00059311,
    0.00059842
  ],
  "DENT": [
    0.00020844,
    0.00021058
  ],
  "AURORA": [
    0.02844393,
    0.02854508
  ],
  "DSYNC": [
    0.01736403,
    0.01752833
  ],
  "BANK": [
    0.04112258,
    0.0407439
  ],
  "DAO": [
    0.067682,
    0.06784
  ],
  "INIT": [
    0.084742,
    0.085605
  ],
  "RESOLV": [
    0.04078882,
    0.04066397
  ],
  "NKN": [
    0.01829706,
    0.01903675
  ],
  "NEWT": [
    0.069586,
    0.070294
  ],
  "NIL": [
    0.03339438,
    0.03493962
  ],
  "L3": [
    0.01029789,
    0.01088404
  ],
  "SONIC": [
    0.03944814,
    0.03984953
  ],
  "PAAL": [
    0.01530812,
    0.01528129
  ],
  "HONEY": [
    0.00231188,
    0.00233995
  ],
  "ROAM": [
    0.03746725,
    0.03762161
  ],
  "BOB": [
    0.00571028,
    0.00577959
  ],
  "MUBARAK": [
    0.01154708,
    0.01167093
  ],
  "AIN": [
    0.061322,
    0.061647
  ],
  "GRIFFAIN": [
    0.01128891,
    0.01142743
  ],
  "TLM": [
    0.00167749,
    0.00169036
  ],
  "IKA": [
    0.00333214,
    0.00334452
  ],
  "TAI": [
    0.01642599,
    0.01637844
  ],
  "LAT": [
    0.00132377,
    0.00132197
  ],
  "HMSTR": [
    0.00013863,
    0.00013957
  ],
  "SWARMS": [
    0.00803549,
    0.00838489
  ],
  "FUEL": [
    0.0010718,
    0.00107205
  ],
  "COS": [
    0.00152962,
    0.00154997
  ],
  "DUCK": [
    0.001054,
    0.00105204
  ],
  "AVL": [
    0.02602499,
    0.02634543
  ],
  "NAVX": [
    0.00847179,
    0.00849124
  ],
  "COQ": [
    9.4741e-8,
    9.741e-8
  ],
  "PIXEL": [
    0.00780223,
    0.00790891
  ],
  "RDNT": [
    0.0045796,
    0.00456768
  ],
  "HIPPO": [
    0.00054473,
    0.00055156
  ],
  "OBT": [
    0.00101144,
    0.00100821
  ],
  "FWOG": [
    0.00490865,
    0.00499584
  ],
  "SOLV": [
    0.00315436,
    0.00320576
  ],
  "RSS3": [
    0.0053946,
    0.00539712
  ],
  "LYXE": [
    0.297726,
    0.297726
  ],
  "FHE": [
    0.01812727,
    0.01811216
  ],
  "FORTH": [
    0.395356,
    0.382826
  ],
  "DMC": [
    0.00071089,
    0.00071119
  ],
  "PTB": [
    0.00161366,
    0.00160424
  ],
  "GEAR": [
    0.00032785,
    0.00032597
  ],
  "HOOK": [
    0.01030841,
    0.01044358
  ],
  "SAMO": [
    0.00042815,
    0.00042873
  ],
  "FIS": [
    0.01555664,
    0.01563783
  ],
  "A2Z": [
    0.00027936,
    0.00028164
  ],
  "OAS": [
    0.00035824,
    0.00035795
  ],
  "PERP": [
    0.03059424,
    0.0309056
  ],
  "CUDIS": [
    0.00760139,
    0.00779681
  ],
  "EPT": [
    0.00079146,
    0.00078155
  ],
  "FLM": [
    0.00277062,
    0.00275776
  ],
  "GORK": [
    0.00151994,
    0.00152087
  ],
  "SAROS": [
    0.00054882,
    0.00054967
  ],
  "DATA": [
    0.00109567,
    0.00109691
  ],
  "INSP": [
    0.00135244,
    0.00134756
  ],
  "ACA": [
    0.00088088,
    0.00085961
  ],
  "FOXY": [
    0.0001389,
    0.00013682
  ],
  "RFC": [
    0.00054799,
    0.00054966
  ],
  "BDXN": [
    0.00278965,
    0.00269442
  ],
  "LOOKS": [
    0.00039776,
    0.00041927
  ],
  "SWTCH": [
    0.00242843,
    0.00239053
  ],
  "CHESS": [
    0.00158383,
    0.00158462
  ],
  "MOONPIG": [
    0.00032083,
    0.00032465
  ],
  "ROOT": [
    0.00006502,
    0.00007355
  ],
  "CHILLGUY": [
    0.0000648,
    0.0000648
  ],
  "APU": [
    0.00003264,
    0.00003381
  ],
  "HOLO": [
    0.00001439,
    0.00001439
  ],
  "GMMT": [
    0.00343313,
    0.00346232
  ],
  "RATS": [
    0.00005667,
    0.0000583
  ],
  "ADB": [
    null,
    null
  ]
}