{
  "SIREN": [
    1.67,
    1.68
  ],
  "PUMP": [
    0.0017533,
    0.00172866
  ],
  "STABLE": [
    0.02582777,
    0.02601523
  ],
  "AERO": [
    0.324796,
    0.327418
  ],
  "JASMY": [
    0.00537108,
    0.00532873
  ],
  "MON": [
    0.02241586,
    0.02294153
  ],
  "LIT": [
    0.882382,
    0.873116
  ],
  "CVX": [
    1.68,
    1.66
  ],
  "BAT": [
    0.094344,
    0.09552
  ],
  "BANANAS31": [
    0.01335822,
    0.01307593
  ],
  "ATH": [
    0.00708173,
    0.00705743
  ],
  "COW": [
    0.200635,
    0.202255
  ],
  "CHEEMS": [
    4.13546e-7,
    4.23209e-7
  ],
  "SAHARA": [
    0.0261583,
    0.02597631
  ],
  "BEAT": [
    0.528898,
    0.50474
  ],
  "CKB": [
    0.00138021,
    0.00138809
  ],
  "SKYAI": [
    0.063942,
    0.063747
  ],
  "TAG": [
    0.00057822,
    0.00057081
  ],
  "NPC": [
    0.00748123,
    0.00749276
  ],
  "ONT": [
    0.062143,
    0.06224
  ],
  "BAN": [
    0.056501,
    0.05681
  ],
  "POLYX": [
    0.04469256,
    0.04471031
  ],
  "ARC": [
    0.0519,
    0.053506
  ],
  "CSPR": [
    0.00348775,
    0.00338568
  ],
  "MYX": [
    0.254719,
    0.253519
  ],
  "IOTX": [
    0.00476158,
    0.00471662
  ],
  "NOT": [
    0.00035268,
    0.00035376
  ],
  "ISLM": [
    0.01271047,
    0.01277619
  ],
  "SNEK": [
    0.0004319,
    0.00043141
  ],
  "DEP": [
    0.00116043,
    0.00116163
  ],
  "MERL": [
    0.02519362,
    0.02497569
  ],
  "LRC": [
    0.02309207,
    0.02296138
  ],
  "SPELL": [
    0.00016424,
    0.00016451
  ],
  "GUN": [
    0.01717466,
    0.01660121
  ],
  "HUMA": [
    0.01481135,
    0.01565004
  ],
  "NYM": [
    0.03252309,
    0.03252193
  ],
  "REZ": [
    0.0034148,
    0.00339261
  ],
  "DEGEN": [
    0.00069033,
    0.00068875
  ],
  "CORN": [
    0.04664683,
    0.04660824
  ],
  "NEIRO": [
    0.00005681,
    0.00005646
  ],
  "CPOOL": [
    0.02411573,
    0.02417538
  ],
  "ALLO": [
    0.105749,
    0.105415
  ],
  "MAGMA": [
    0.121949,
    0.121209
  ],
  "SATS": [
    1.0692e-8,
    1.0682e-8
  ],
  "SLP": [
    0.00058519,
    0.00058414
  ],
  "AURORA": [
    0.0283184,
    0.02829607
  ],
  "DENT": [
    0.00019375,
    0.00019163
  ],
  "BANK": [
    0.04175654,
    0.04176964
  ],
  "DSYNC": [
    0.01728308,
    0.01732823
  ],
  "DAO": [
    0.068741,
    0.068173
  ],
  "BOB": [
    0.00579931,
    0.00574684
  ],
  "RESOLV": [
    0.04010862,
    0.04035351
  ],
  "NEWT": [
    0.069647,
    0.070792
  ],
  "INIT": [
    0.078956,
    0.08029
  ],
  "NIL": [
    0.03256695,
    0.03354374
  ],
  "SONIC": [
    0.03926967,
    0.03933489
  ],
  "ROAM": [
    0.03992203,
    0.03982296
  ],
  "PAAL": [
    0.01576819,
    0.01505774
  ],
  "L3": [
    0.00965246,
    0.00955384
  ],
  "HONEY": [
    0.00220394,
    0.00221892
  ],
  "TAI": [
    0.01789291,
    0.01882481
  ],
  "MUBARAK": [
    0.01115471,
    0.01108935
  ],
  "GRIFFAIN": [
    0.01057621,
    0.01106252
  ],
  "AIN": [
    0.059592,
    0.05952
  ],
  "TLM": [
    0.00163315,
    0.00163259
  ],
  "IKA": [
    0.00339551,
    0.00339578
  ],
  "NKN": [
    0.01044633,
    0.01144397
  ],
  "LAT": [
    0.00131422,
    0.00131494
  ],
  "SWARMS": [
    0.00914039,
    0.00899873
  ],
  "HMSTR": [
    0.00013489,
    0.00013492
  ],
  "FUEL": [
    0.00106076,
    0.00105711
  ],
  "DUCK": [
    0.00111796,
    0.0011142
  ],
  "COS": [
    0.00149942,
    0.00147809
  ],
  "NAVX": [
    0.00875898,
    0.00875248
  ],
  "AVL": [
    0.02543206,
    0.02544259
  ],
  "COQ": [
    9.722e-8,
    9.7329e-8
  ],
  "PIXEL": [
    0.00833514,
    0.00830877
  ],
  "OBT": [
    0.00103898,
    0.00103383
  ],
  "RDNT": [
    0.00415809,
    0.00420902
  ],
  "HIPPO": [
    0.00052549,
    0.00052325
  ],
  "RSS3": [
    0.00551819,
    0.00548465
  ],
  "FWOG": [
    0.00488028,
    0.00487726
  ],
  "LYXE": [
    0.283035,
    0.29271
  ],
  "SOLV": [
    0.003025,
    0.00303764
  ],
  "FHE": [
    0.01800266,
    0.01774542
  ],
  "FORTH": [
    0.425365,
    0.410515
  ],
  "DMC": [
    0.00069822,
    0.00070779
  ],
  "GEAR": [
    0.0003072,
    0.00031819
  ],
  "PTB": [
    0.00135557,
    0.00140753
  ],
  "HOOK": [
    0.00943165,
    0.00915528
  ],
  "OAS": [
    0.000361,
    0.00037587
  ],
  "FIS": [
    0.01497613,
    0.01498001
  ],
  "SAMO": [
    0.00039644,
    0.00040601
  ],
  "PERP": [
    0.02861336,
    0.02829455
  ],
  "CUDIS": [
    0.00794619,
    0.00773134
  ],
  "A2Z": [
    0.00022035,
    0.00022484
  ],
  "EPT": [
    0.00079284,
    0.00078153
  ],
  "GORK": [
    0.00166392,
    0.00163175
  ],
  "FLM": [
    0.00274954,
    0.00280704
  ],
  "SAROS": [
    0.00052827,
    0.00053383
  ],
  "DATA": [
    0.0010126,
    0.00101117
  ],
  "SWTCH": [
    0.0067103,
    0.00611249
  ],
  "INSP": [
    0.00122163,
    0.00121671
  ],
  "ACA": [
    0.0008605,
    0.00080211
  ],
  "FOXY": [
    0.00012887,
    0.00013074
  ],
  "RFC": [
    0.00057165,
    0.0005893
  ],
  "BDXN": [
    0.00255512,
    0.00254078
  ],
  "LOOKS": [
    0.00039877,
    0.00039778
  ],
  "MOONPIG": [
    0.00031773,
    0.00031483
  ],
  "CHESS": [
    0.00147624,
    0.00146808
  ],
  "ROOT": [
    0.00007293,
    0.00007193
  ],
  "CHILLGUY": [
    0.00006304,
    0.00006287
  ],
  "APU": [
    0.00003192,
    0.00003186
  ],
  "HOLO": [
    0.000013,
    0.00001294
  ],
  "GMMT": [
    0.00334666,
    0.00335125
  ],
  "RATS": [
    0.00004911,
    0.00005103
  ],
  "ADB": [
    null,
    null
  ]
}