{
  "STABLE": [
    0.03340758,
    0.03332314
  ],
  "PUMP": [
    0.00179153,
    0.0017973
  ],
  "SIREN": [
    0.690594,
    0.689397
  ],
  "SKYAI": [
    0.463213,
    0.440118
  ],
  "AERO": [
    0.4453,
    0.446042
  ],
  "MON": [
    0.03037696,
    0.03020164
  ],
  "JASMY": [
    0.00561616,
    0.00562363
  ],
  "LIT": [
    0.905073,
    0.913021
  ],
  "CVX": [
    1.74,
    1.74
  ],
  "BAT": [
    0.096837,
    0.09676
  ],
  "TAG": [
    0.00105334,
    0.00123014
  ],
  "CHEEMS": [
    6.05584e-7,
    6.07254e-7
  ],
  "ATH": [
    0.0058092,
    0.00587506
  ],
  "COW": [
    0.184092,
    0.184737
  ],
  "BANANAS31": [
    0.01006378,
    0.01013919
  ],
  "BEAT": [
    0.612591,
    0.596888
  ],
  "SAHARA": [
    0.02500027,
    0.02508807
  ],
  "BAN": [
    0.077753,
    0.078731
  ],
  "CKB": [
    0.00147551,
    0.00148009
  ],
  "ARC": [
    0.07012,
    0.070023
  ],
  "ONT": [
    0.07044,
    0.069819
  ],
  "NPC": [
    0.00774745,
    0.00771565
  ],
  "POLYX": [
    0.04782614,
    0.04751938
  ],
  "MAGMA": [
    0.239428,
    0.254595
  ],
  "MYX": [
    0.255501,
    0.254106
  ],
  "MERL": [
    0.03629439,
    0.03712915
  ],
  "CSPR": [
    0.00282724,
    0.0028086
  ],
  "IOTX": [
    0.0045018,
    0.00452655
  ],
  "REZ": [
    0.00502008,
    0.00499045
  ],
  "ISLM": [
    0.01180708,
    0.01174909
  ],
  "NEIRO": [
    0.0000947,
    0.00009405
  ],
  "HUMA": [
    0.02264721,
    0.02277839
  ],
  "NOT": [
    0.00039139,
    0.00038891
  ],
  "SNEK": [
    0.0004652,
    0.00046177
  ],
  "CPOOL": [
    0.03095326,
    0.03164387
  ],
  "SATS": [
    1.4726e-8,
    1.469e-8
  ],
  "DEP": [
    0.00111262,
    0.00111066
  ],
  "SPELL": [
    0.00016604,
    0.00016675
  ],
  "ALLO": [
    0.121079,
    0.121841
  ],
  "SWARMS": [
    0.02681366,
    0.02633126
  ],
  "GUN": [
    0.01450259,
    0.01438277
  ],
  "SLP": [
    0.00069849,
    0.0007015
  ],
  "DEGEN": [
    0.00066278,
    0.00066065
  ],
  "CORN": [
    0.04018998,
    0.04027483
  ],
  "LRC": [
    0.01693404,
    0.01694684
  ],
  "NIL": [
    0.04095306,
    0.04286167
  ],
  "AURORA": [
    0.02655152,
    0.02650614
  ],
  "AIN": [
    0.096219,
    0.096394
  ],
  "L3": [
    0.01200286,
    0.0119146
  ],
  "INIT": [
    0.087184,
    0.087637
  ],
  "GRIFFAIN": [
    0.01710921,
    0.01691132
  ],
  "NYM": [
    0.01964846,
    0.01980147
  ],
  "NEWT": [
    0.074894,
    0.076096
  ],
  "BOB": [
    0.0055536,
    0.00556957
  ],
  "BANK": [
    0.0331991,
    0.03318405
  ],
  "MUBARAK": [
    0.01371547,
    0.01375352
  ],
  "SONIC": [
    0.0374143,
    0.03749178
  ],
  "DSYNC": [
    0.01293081,
    0.01306958
  ],
  "RSS3": [
    0.00908558,
    0.00826205
  ],
  "TLM": [
    0.00183556,
    0.00184466
  ],
  "PAAL": [
    0.0129991,
    0.01301245
  ],
  "RESOLV": [
    0.02868021,
    0.02886527
  ],
  "HONEY": [
    0.00180769,
    0.00181211
  ],
  "DAO": [
    0.04102798,
    0.04143952
  ],
  "IKA": [
    0.0033483,
    0.00334343
  ],
  "HMSTR": [
    0.00015413,
    0.00015449
  ],
  "LAT": [
    0.00132698,
    0.00132829
  ],
  "TAI": [
    0.01497836,
    0.01498775
  ],
  "COQ": [
    1.25433e-7,
    1.25993e-7
  ],
  "AVL": [
    0.02727846,
    0.02940251
  ],
  "NAVX": [
    0.00879183,
    0.00877136
  ],
  "FUEL": [
    0.00090102,
    0.00090195
  ],
  "SOLV": [
    0.00435319,
    0.0043897
  ],
  "NKN": [
    0.0079725,
    0.00798575
  ],
  "PIXEL": [
    0.00786309,
    0.00788378
  ],
  "COS": [
    0.00115407,
    0.00115681
  ],
  "FHE": [
    0.022482,
    0.02285798
  ],
  "OBT": [
    0.00099526,
    0.00099272
  ],
  "DMC": [
    0.00070775,
    0.00070952
  ],
  "FWOG": [
    0.00453222,
    0.00452856
  ],
  "LYXE": [
    0.265288,
    0.266075
  ],
  "ROAM": [
    0.01105383,
    0.01112506
  ],
  "DENT": [
    0.00003932,
    0.00003961
  ],
  "OAS": [
    0.00058733,
    0.00056038
  ],
  "GEAR": [
    0.00031877,
    0.00031918
  ],
  "FORTH": [
    0.237064,
    0.239146
  ],
  "RDNT": [
    0.00178883,
    0.00178367
  ],
  "HOOK": [
    0.00786019,
    0.00800382
  ],
  "CUDIS": [
    0.00793703,
    0.00790655
  ],
  "SAMO": [
    0.00033159,
    0.00032367
  ],
  "PERP": [
    0.0253241,
    0.02534398
  ],
  "EPT": [
    0.00070692,
    0.00070833
  ],
  "HIPPO": [
    0.00016345,
    0.00016253
  ],
  "PTB": [
    0.00077063,
    0.00078059
  ],
  "SAROS": [
    0.00059973,
    0.00059727
  ],
  "FIS": [
    0.01006188,
    0.01007769
  ],
  "FLM": [
    0.00266297,
    0.0026097
  ],
  "GORK": [
    0.00140854,
    0.0014473
  ],
  "DATA": [
    0.0007345,
    0.00073755
  ],
  "ACA": [
    0.00065639,
    0.00066647
  ],
  "INSP": [
    0.00094564,
    0.00093952
  ],
  "A2Z": [
    0.00008558,
    0.00008913
  ],
  "FOXY": [
    0.00011759,
    0.00011669
  ],
  "SWTCH": [
    0.00341124,
    0.00339691
  ],
  "DUCK": [
    0.00006999,
    0.00006922
  ],
  "RFC": [
    0.0005402,
    0.00055582
  ],
  "LOOKS": [
    0.00035482,
    0.00035096
  ],
  "BDXN": [
    0.00185521,
    0.00181366
  ],
  "MOONPIG": [
    0.00026693,
    0.00027574
  ],
  "ROOT": [
    0.00005608,
    0.00005609
  ],
  "CHILLGUY": [
    0.00009724,
    0.00009752
  ],
  "APU": [
    0.00004317,
    0.00004343
  ],
  "CHESS": [
    0.00019217,
    0.00019217
  ],
  "HOLO": [
    0.00001187,
    0.00001187
  ],
  "GMMT": [
    0.00254836,
    0.00253621
  ],
  "RATS": [
    0.00003936,
    0.00003892
  ],
  "ADB": [
    null,
    null
  ]
}