{
  "PUMP": [
    0.00178598,
    0.00178962
  ],
  "STABLE": [
    0.03422999,
    0.0340323
  ],
  "SIREN": [
    0.669455,
    0.659314
  ],
  "AERO": [
    0.425948,
    0.424685
  ],
  "MON": [
    0.03043955,
    0.03086839
  ],
  "JASMY": [
    0.0057758,
    0.00580224
  ],
  "LIT": [
    0.940666,
    0.939516
  ],
  "SKYAI": [
    0.194675,
    0.196266
  ],
  "CVX": [
    1.78,
    1.78
  ],
  "BAT": [
    0.104353,
    0.104729
  ],
  "CHEEMS": [
    6.25127e-7,
    6.3171e-7
  ],
  "ATH": [
    0.00607971,
    0.00607722
  ],
  "COW": [
    0.19108,
    0.191411
  ],
  "BANANAS31": [
    0.00915799,
    0.00912072
  ],
  "BEAT": [
    0.599096,
    0.598028
  ],
  "ONT": [
    0.078328,
    0.078404
  ],
  "BAN": [
    0.077591,
    0.077609
  ],
  "CKB": [
    0.00152403,
    0.00152681
  ],
  "TAG": [
    0.00067954,
    0.00067892
  ],
  "SAHARA": [
    0.02174196,
    0.02185599
  ],
  "NPC": [
    0.00847693,
    0.00843974
  ],
  "POLYX": [
    0.050928,
    0.050872
  ],
  "ARC": [
    0.060897,
    0.06197
  ],
  "MAGMA": [
    0.270157,
    0.265908
  ],
  "MERL": [
    0.03936076,
    0.03987942
  ],
  "CSPR": [
    0.00294272,
    0.00295656
  ],
  "HUMA": [
    0.02662853,
    0.02667047
  ],
  "MYX": [
    0.239545,
    0.243692
  ],
  "IOTX": [
    0.00489093,
    0.00485927
  ],
  "NOT": [
    0.00043585,
    0.00043543
  ],
  "SNEK": [
    0.00051334,
    0.00050862
  ],
  "NEIRO": [
    0.0000886,
    0.00008835
  ],
  "REZ": [
    0.00390952,
    0.00389229
  ],
  "SATS": [
    1.4792e-8,
    1.4667e-8
  ],
  "DEP": [
    0.00112787,
    0.00111865
  ],
  "ISLM": [
    0.01183183,
    0.01176219
  ],
  "CPOOL": [
    0.02846369,
    0.028605
  ],
  "SPELL": [
    0.00016582,
    0.00016622
  ],
  "ALLO": [
    0.119967,
    0.119681
  ],
  "GUN": [
    0.0154515,
    0.01540017
  ],
  "NYM": [
    0.03098288,
    0.03097951
  ],
  "SLP": [
    0.00068884,
    0.00068593
  ],
  "DEGEN": [
    0.00067486,
    0.00067316
  ],
  "INIT": [
    0.092434,
    0.091055
  ],
  "GRIFFAIN": [
    0.02135989,
    0.02225029
  ],
  "LRC": [
    0.01725181,
    0.01725015
  ],
  "CORN": [
    0.04032737,
    0.04032686
  ],
  "AURORA": [
    0.02794677,
    0.02794967
  ],
  "NIL": [
    0.04142683,
    0.04206578
  ],
  "SWARMS": [
    0.01809954,
    0.01810875
  ],
  "BOB": [
    0.00613123,
    0.00607489
  ],
  "NEWT": [
    0.078911,
    0.078916
  ],
  "BANK": [
    0.03663002,
    0.03674141
  ],
  "L3": [
    0.01046433,
    0.0104025
  ],
  "MUBARAK": [
    0.0140063,
    0.01397992
  ],
  "DSYNC": [
    0.01366953,
    0.01364997
  ],
  "SONIC": [
    0.03618328,
    0.03628871
  ],
  "HONEY": [
    0.00213883,
    0.00216775
  ],
  "TLM": [
    0.00188399,
    0.00187671
  ],
  "DAO": [
    0.04505791,
    0.04511002
  ],
  "PAAL": [
    0.01260429,
    0.01260695
  ],
  "AIN": [
    0.059997,
    0.0603
  ],
  "RESOLV": [
    0.02847793,
    0.02847542
  ],
  "IKA": [
    0.00365757,
    0.00362749
  ],
  "COQ": [
    1.48313e-7,
    1.48373e-7
  ],
  "HMSTR": [
    0.00015847,
    0.00015774
  ],
  "TAI": [
    0.01649597,
    0.01650074
  ],
  "LAT": [
    0.00133136,
    0.00133518
  ],
  "AVL": [
    0.02823306,
    0.02868559
  ],
  "FUEL": [
    0.00094115,
    0.00094042
  ],
  "NAVX": [
    0.008642,
    0.00864435
  ],
  "NKN": [
    0.00877787,
    0.00880239
  ],
  "DENT": [
    0.0000714,
    0.00006968
  ],
  "PIXEL": [
    0.00790596,
    0.00801755
  ],
  "COS": [
    0.00117675,
    0.00117546
  ],
  "SOLV": [
    0.00402422,
    0.0040098
  ],
  "ROAM": [
    0.0167656,
    0.01677736
  ],
  "OBT": [
    0.00101343,
    0.00101663
  ],
  "RSS3": [
    0.00577045,
    0.00583826
  ],
  "FHE": [
    0.01912803,
    0.01897578
  ],
  "DMC": [
    0.00069532,
    0.00069734
  ],
  "FWOG": [
    0.0045449,
    0.00459614
  ],
  "OAS": [
    0.00063273,
    0.00063473
  ],
  "LYXE": [
    0.228092,
    0.228866
  ],
  "FORTH": [
    0.237438,
    0.236539
  ],
  "RDNT": [
    0.00195647,
    0.00194467
  ],
  "HOOK": [
    0.0085767,
    0.00851305
  ],
  "GEAR": [
    0.00022374,
    0.00022357
  ],
  "SAMO": [
    0.00038111,
    0.00037716
  ],
  "CUDIS": [
    0.00813778,
    0.00812539
  ],
  "PERP": [
    0.02609624,
    0.02607042
  ],
  "PTB": [
    0.00086548,
    0.00086094
  ],
  "EPT": [
    0.00073852,
    0.00073867
  ],
  "FIS": [
    0.01076925,
    0.01069442
  ],
  "HIPPO": [
    0.00016536,
    0.00016595
  ],
  "GORK": [
    0.00162256,
    0.00159953
  ],
  "FLM": [
    0.00270567,
    0.00269054
  ],
  "SAROS": [
    0.00052979,
    0.00053096
  ],
  "DATA": [
    0.00071666,
    0.00071293
  ],
  "INSP": [
    0.00113344,
    0.00111985
  ],
  "ACA": [
    0.00064911,
    0.00066013
  ],
  "FOXY": [
    0.00012098,
    0.00012097
  ],
  "A2Z": [
    0.00007297,
    0.00007369
  ],
  "RFC": [
    0.00057814,
    0.00059153
  ],
  "DUCK": [
    0.00007158,
    0.00007071
  ],
  "SWTCH": [
    0.003343,
    0.0033257
  ],
  "LOOKS": [
    0.00038416,
    0.000384
  ],
  "MOONPIG": [
    0.00030004,
    0.00029907
  ],
  "BDXN": [
    0.00170996,
    0.00169043
  ],
  "ROOT": [
    0.00006141,
    0.00006151
  ],
  "CHILLGUY": [
    0.00013879,
    0.00013881
  ],
  "APU": [
    0.00006215,
    0.00006267
  ],
  "CHESS": [
    0.0001526,
    0.00015229
  ],
  "HOLO": [
    0.0000125,
    0.0000125
  ],
  "GMMT": [
    0.00262684,
    0.00262703
  ],
  "RATS": [
    0.00003794,
    0.0000378
  ],
  "ADB": [
    null,
    null
  ]
}