{
  "PUMP": [
    0.00179488,
    0.00186626
  ],
  "STABLE": [
    0.02602519,
    0.02661656
  ],
  "SIREN": [
    0.592633,
    0.60623
  ],
  "MON": [
    0.0286096,
    0.03063436
  ],
  "AERO": [
    0.318174,
    0.331537
  ],
  "LIT": [
    1.12,
    1.081
  ],
  "JASMY": [
    0.00528618,
    0.00544135
  ],
  "CVX": [
    1.76,
    1.84
  ],
  "BAT": [
    0.101069,
    0.102794
  ],
  "ATH": [
    0.00652488,
    0.00687693
  ],
  "COW": [
    0.210666,
    0.217724
  ],
  "BANANAS31": [
    0.00966632,
    0.00977388
  ],
  "CHEEMS": [
    4.57725e-7,
    4.78656e-7
  ],
  "ONT": [
    0.082571,
    0.084395
  ],
  "CKB": [
    0.00146005,
    0.00150648
  ],
  "SAHARA": [
    0.02217687,
    0.02247166
  ],
  "SKYAI": [
    0.070284,
    0.068344
  ],
  "TAG": [
    0.00058483,
    0.00059122
  ],
  "POLYX": [
    0.04890987,
    0.04931443
  ],
  "NPC": [
    0.00702356,
    0.00760634
  ],
  "ARC": [
    0.057948,
    0.058886
  ],
  "BAN": [
    0.056422,
    0.056997
  ],
  "CSPR": [
    0.00286452,
    0.0029507
  ],
  "MYX": [
    0.231303,
    0.24239
  ],
  "BEAT": [
    0.320016,
    0.323566
  ],
  "IOTX": [
    0.00464547,
    0.00469702
  ],
  "NOT": [
    0.00035431,
    0.00036738
  ],
  "SNEK": [
    0.0004131,
    0.0004291
  ],
  "DEP": [
    0.00114506,
    0.00114844
  ],
  "REZ": [
    0.00353307,
    0.00364889
  ],
  "ISLM": [
    0.01199193,
    0.0117674
  ],
  "GUN": [
    0.01668568,
    0.01721189
  ],
  "MERL": [
    0.02299437,
    0.02439888
  ],
  "NYM": [
    0.03501823,
    0.03505924
  ],
  "SPELL": [
    0.00015882,
    0.00016196
  ],
  "DEGEN": [
    0.00068439,
    0.00073739
  ],
  "HUMA": [
    0.01470398,
    0.01495842
  ],
  "NEIRO": [
    0.00005741,
    0.00005946
  ],
  "ALLO": [
    0.10429,
    0.108023
  ],
  "SATS": [
    1.1038e-8,
    1.1336e-8
  ],
  "CPOOL": [
    0.02304701,
    0.02310354
  ],
  "SLP": [
    0.00058384,
    0.00060175
  ],
  "LRC": [
    0.01698603,
    0.01734856
  ],
  "CORN": [
    0.03972596,
    0.04004809
  ],
  "MAGMA": [
    0.103252,
    0.103759
  ],
  "BOB": [
    0.00691433,
    0.0069206
  ],
  "AURORA": [
    0.02701728,
    0.02744192
  ],
  "L3": [
    0.0123159,
    0.01268169
  ],
  "DENT": [
    0.00016445,
    0.00016753
  ],
  "DSYNC": [
    0.01457201,
    0.01573841
  ],
  "NIL": [
    0.03488776,
    0.03645893
  ],
  "GRIFFAIN": [
    0.01465504,
    0.01517684
  ],
  "INIT": [
    0.079252,
    0.082347
  ],
  "SWARMS": [
    0.01438728,
    0.01499644
  ],
  "RESOLV": [
    0.03810134,
    0.03860302
  ],
  "NEWT": [
    0.066353,
    0.068254
  ],
  "BANK": [
    0.03380066,
    0.03373816
  ],
  "SONIC": [
    0.03658204,
    0.03749843
  ],
  "DAO": [
    0.051175,
    0.05158
  ],
  "IKA": [
    0.00399591,
    0.0042944
  ],
  "PAAL": [
    0.01339346,
    0.01428764
  ],
  "MUBARAK": [
    0.01173113,
    0.01205464
  ],
  "HONEY": [
    0.00194157,
    0.00200276
  ],
  "TLM": [
    0.00160674,
    0.0016454
  ],
  "AIN": [
    0.056094,
    0.057484
  ],
  "ROAM": [
    0.02819362,
    0.0292714
  ],
  "TAI": [
    0.01690064,
    0.01704455
  ],
  "LAT": [
    0.00137619,
    0.00138616
  ],
  "HMSTR": [
    0.00013778,
    0.00014326
  ],
  "AVL": [
    0.03005383,
    0.03005965
  ],
  "NAVX": [
    0.00883396,
    0.00893766
  ],
  "FUEL": [
    0.00089751,
    0.00090765
  ],
  "COQ": [
    9.6086e-8,
    9.7511e-8
  ],
  "NKN": [
    0.0079684,
    0.00821553
  ],
  "COS": [
    0.00123356,
    0.00125222
  ],
  "SOLV": [
    0.00426439,
    0.00429154
  ],
  "OBT": [
    0.00102706,
    0.00104319
  ],
  "PIXEL": [
    0.00696279,
    0.00703937
  ],
  "RSS3": [
    0.00581825,
    0.00584271
  ],
  "FWOG": [
    0.00490258,
    0.00504278
  ],
  "FHE": [
    0.01940654,
    0.01969781
  ],
  "DMC": [
    0.00069619,
    0.00072236
  ],
  "LYXE": [
    0.240531,
    0.242423
  ],
  "HIPPO": [
    0.00032582,
    0.00031618
  ],
  "RDNT": [
    0.00234822,
    0.00240276
  ],
  "GEAR": [
    0.00030005,
    0.00030155
  ],
  "FORTH": [
    0.256412,
    0.269138
  ],
  "SAMO": [
    0.00042268,
    0.00043406
  ],
  "HOOK": [
    0.00841638,
    0.00856993
  ],
  "OAS": [
    0.00032698,
    0.00033824
  ],
  "PTB": [
    0.00106388,
    0.00103037
  ],
  "CUDIS": [
    0.00808071,
    0.00817267
  ],
  "FIS": [
    0.01234969,
    0.01262631
  ],
  "DUCK": [
    0.00026594,
    0.00024665
  ],
  "PERP": [
    0.0251568,
    0.02557852
  ],
  "EPT": [
    0.00073018,
    0.0007504
  ],
  "FLM": [
    0.00280244,
    0.00279698
  ],
  "GORK": [
    0.00148667,
    0.00153434
  ],
  "DATA": [
    0.00098511,
    0.0010198
  ],
  "SAROS": [
    0.00041871,
    0.00041864
  ],
  "ACA": [
    0.00072611,
    0.00073876
  ],
  "INSP": [
    0.00112882,
    0.00106672
  ],
  "A2Z": [
    0.00009719,
    0.00010011
  ],
  "SWTCH": [
    0.00374081,
    0.00373991
  ],
  "FOXY": [
    0.00009686,
    0.00009688
  ],
  "RFC": [
    0.00055447,
    0.00058925
  ],
  "LOOKS": [
    0.00036714,
    0.00037949
  ],
  "MOONPIG": [
    0.00029992,
    0.00030498
  ],
  "BDXN": [
    0.00183925,
    0.00181953
  ],
  "ROOT": [
    0.00006264,
    0.00006428
  ],
  "CHILLGUY": [
    0.00006822,
    0.00006822
  ],
  "CHESS": [
    0.00024069,
    0.00026441
  ],
  "APU": [
    0.00003123,
    0.00003265
  ],
  "HOLO": [
    0.00001262,
    0.00001309
  ],
  "RATS": [
    0.00003709,
    0.00003826
  ],
  "GMMT": [
    0.00395025,
    0.00401059
  ],
  "ADB": [
    null,
    null
  ]
}