{
  "PUMP": [
    0.00182169,
    0.0018209
  ],
  "STABLE": [
    0.02633364,
    0.02609145
  ],
  "SIREN": [
    0.737984,
    0.759759
  ],
  "MON": [
    0.03558333,
    0.03528747
  ],
  "AERO": [
    0.388494,
    0.387585
  ],
  "LIT": [
    1.15,
    1.15
  ],
  "JASMY": [
    0.0053235,
    0.00530528
  ],
  "CVX": [
    1.78,
    1.78
  ],
  "BAT": [
    0.097859,
    0.097447
  ],
  "COW": [
    0.224108,
    0.223392
  ],
  "ATH": [
    0.00600808,
    0.00601251
  ],
  "BANANAS31": [
    0.01007363,
    0.00991144
  ],
  "CHEEMS": [
    4.5422e-7,
    4.52094e-7
  ],
  "SKYAI": [
    0.077116,
    0.082976
  ],
  "ONT": [
    0.089148,
    0.087907
  ],
  "ARC": [
    0.073737,
    0.072434
  ],
  "CKB": [
    0.00148035,
    0.00146968
  ],
  "SAHARA": [
    0.02190275,
    0.02189281
  ],
  "TAG": [
    0.00060886,
    0.00062326
  ],
  "POLYX": [
    0.04959002,
    0.04971833
  ],
  "NPC": [
    0.00776016,
    0.00766469
  ],
  "BAN": [
    0.058483,
    0.058839
  ],
  "CSPR": [
    0.00303388,
    0.00303551
  ],
  "MYX": [
    0.234855,
    0.231383
  ],
  "IOTX": [
    0.00464338,
    0.00462758
  ],
  "BEAT": [
    0.296792,
    0.310396
  ],
  "MAGMA": [
    0.228699,
    0.215614
  ],
  "NOT": [
    0.00036197,
    0.00036184
  ],
  "SNEK": [
    0.00044946,
    0.0004483
  ],
  "ISLM": [
    0.0123869,
    0.0124636
  ],
  "DEP": [
    0.00112811,
    0.00112823
  ],
  "REZ": [
    0.0037757,
    0.00373352
  ],
  "MERL": [
    0.02558313,
    0.02529939
  ],
  "NYM": [
    0.03489959,
    0.03514361
  ],
  "GUN": [
    0.01610698,
    0.01642927
  ],
  "SPELL": [
    0.00015862,
    0.00015892
  ],
  "DEGEN": [
    0.00073933,
    0.00073639
  ],
  "HUMA": [
    0.01529071,
    0.01523813
  ],
  "NEIRO": [
    0.00005873,
    0.00005859
  ],
  "CPOOL": [
    0.02391942,
    0.02373344
  ],
  "ALLO": [
    0.101107,
    0.101952
  ],
  "SATS": [
    1.0883e-8,
    1.0893e-8
  ],
  "CORN": [
    0.041076,
    0.0413514
  ],
  "SLP": [
    0.00059237,
    0.00059349
  ],
  "LRC": [
    0.01665647,
    0.01655949
  ],
  "BOB": [
    0.00677911,
    0.00680051
  ],
  "AURORA": [
    0.02764998,
    0.02742766
  ],
  "L3": [
    0.01254803,
    0.01236543
  ],
  "SWARMS": [
    0.01731339,
    0.01733118
  ],
  "GRIFFAIN": [
    0.01673953,
    0.01703353
  ],
  "DSYNC": [
    0.01615427,
    0.01611288
  ],
  "INIT": [
    0.082176,
    0.083281
  ],
  "DENT": [
    0.00016242,
    0.00016164
  ],
  "NEWT": [
    0.06851,
    0.070348
  ],
  "RESOLV": [
    0.03881181,
    0.0380685
  ],
  "NIL": [
    0.03397096,
    0.03408027
  ],
  "BANK": [
    0.032974,
    0.03365851
  ],
  "SONIC": [
    0.03543514,
    0.03544289
  ],
  "DAO": [
    0.04973924,
    0.04977273
  ],
  "PAAL": [
    0.01373891,
    0.01371872
  ],
  "MUBARAK": [
    0.0120248,
    0.01215934
  ],
  "AIN": [
    0.058735,
    0.059486
  ],
  "IKA": [
    0.00370509,
    0.00367163
  ],
  "HONEY": [
    0.00186566,
    0.00185884
  ],
  "TLM": [
    0.0016119,
    0.00161546
  ],
  "TAI": [
    0.01729889,
    0.01737053
  ],
  "HMSTR": [
    0.00014286,
    0.00014349
  ],
  "LAT": [
    0.00133081,
    0.00133443
  ],
  "AVL": [
    0.02966971,
    0.03000285
  ],
  "COQ": [
    1.12363e-7,
    1.12587e-7
  ],
  "FUEL": [
    0.00095826,
    0.0009602
  ],
  "ROAM": [
    0.02173789,
    0.02124635
  ],
  "NAVX": [
    0.00871798,
    0.00866739
  ],
  "COS": [
    0.00122189,
    0.00121677
  ],
  "NKN": [
    0.00753511,
    0.00762036
  ],
  "SOLV": [
    0.00411208,
    0.00406073
  ],
  "OBT": [
    0.00106512,
    0.00106972
  ],
  "PIXEL": [
    0.00704843,
    0.00697008
  ],
  "RSS3": [
    0.00556037,
    0.00547265
  ],
  "FWOG": [
    0.00502654,
    0.00496632
  ],
  "DMC": [
    0.00070367,
    0.00071205
  ],
  "FHE": [
    0.01605874,
    0.01614283
  ],
  "LYXE": [
    0.246526,
    0.246526
  ],
  "RDNT": [
    0.00229966,
    0.00227784
  ],
  "GEAR": [
    0.00028743,
    0.00029319
  ],
  "FORTH": [
    0.27171,
    0.272127
  ],
  "HOOK": [
    0.00830321,
    0.00849984
  ],
  "SAMO": [
    0.00041629,
    0.0004167
  ],
  "OAS": [
    0.00036419,
    0.00036248
  ],
  "HIPPO": [
    0.00020949,
    0.00020907
  ],
  "PERP": [
    0.02745876,
    0.0282763
  ],
  "PTB": [
    0.00098738,
    0.00097562
  ],
  "CUDIS": [
    0.00787131,
    0.00809284
  ],
  "FIS": [
    0.01185831,
    0.01185966
  ],
  "EPT": [
    0.00075334,
    0.00074798
  ],
  "FLM": [
    0.00298054,
    0.00298888
  ],
  "GORK": [
    0.00168087,
    0.00170037
  ],
  "DATA": [
    0.00097575,
    0.00093814
  ],
  "SAROS": [
    0.0003824,
    0.00038094
  ],
  "INSP": [
    0.00109785,
    0.00109651
  ],
  "ACA": [
    0.00073433,
    0.00073471
  ],
  "DUCK": [
    0.00011134,
    0.00010935
  ],
  "A2Z": [
    0.00008855,
    0.00009176
  ],
  "FOXY": [
    0.00011995,
    0.00010835
  ],
  "SWTCH": [
    0.00387999,
    0.00371111
  ],
  "RFC": [
    0.00055314,
    0.00055144
  ],
  "LOOKS": [
    0.00036449,
    0.00036576
  ],
  "MOONPIG": [
    0.00029985,
    0.00029792
  ],
  "BDXN": [
    0.0018039,
    0.00179451
  ],
  "ROOT": [
    0.00005931,
    0.00005931
  ],
  "CHILLGUY": [
    0.0000735,
    0.0000735
  ],
  "APU": [
    0.0000369,
    0.00003685
  ],
  "CHESS": [
    0.00014341,
    0.00014529
  ],
  "HOLO": [
    0.00001254,
    0.00001254
  ],
  "GMMT": [
    0.00388115,
    0.00388598
  ],
  "RATS": [
    0.00003741,
    0.00003775
  ],
  "ADB": [
    null,
    null
  ]
}