{
  "PUMP": [
    0.00176737,
    0.0017264
  ],
  "STABLE": [
    0.03537357,
    0.03612438
  ],
  "SIREN": [
    0.621241,
    0.642419
  ],
  "AERO": [
    0.463926,
    0.45025
  ],
  "MON": [
    0.03178454,
    0.03026363
  ],
  "JASMY": [
    0.00595821,
    0.0058533
  ],
  "LIT": [
    0.877666,
    0.860343
  ],
  "SKYAI": [
    0.171833,
    0.169846
  ],
  "CVX": [
    1.74,
    1.71
  ],
  "BAT": [
    0.102909,
    0.101995
  ],
  "CHEEMS": [
    5.75507e-7,
    5.67303e-7
  ],
  "ATH": [
    0.00584809,
    0.00573094
  ],
  "COW": [
    0.189098,
    0.185649
  ],
  "BANANAS31": [
    0.00997757,
    0.00988538
  ],
  "TAG": [
    0.0007535,
    0.00077462
  ],
  "BEAT": [
    0.544417,
    0.575088
  ],
  "SAHARA": [
    0.0227152,
    0.02256798
  ],
  "BAN": [
    0.07425,
    0.072521
  ],
  "CKB": [
    0.00151302,
    0.00148773
  ],
  "ONT": [
    0.069951,
    0.070599
  ],
  "ARC": [
    0.068542,
    0.069039
  ],
  "NPC": [
    0.00830199,
    0.00794052
  ],
  "POLYX": [
    0.04952902,
    0.04866353
  ],
  "MERL": [
    0.03966418,
    0.03880832
  ],
  "MYX": [
    0.250719,
    0.249812
  ],
  "CSPR": [
    0.00289548,
    0.00291527
  ],
  "IOTX": [
    0.00476561,
    0.00466646
  ],
  "HUMA": [
    0.02268903,
    0.02298771
  ],
  "NOT": [
    0.00039652,
    0.00039089
  ],
  "MAGMA": [
    0.195756,
    0.193766
  ],
  "NEIRO": [
    0.00008726,
    0.00008454
  ],
  "SNEK": [
    0.00047992,
    0.00047498
  ],
  "REZ": [
    0.00393225,
    0.00393475
  ],
  "SPELL": [
    0.00017941,
    0.00017698
  ],
  "ISLM": [
    0.01183104,
    0.01179099
  ],
  "DEP": [
    0.00109474,
    0.00107797
  ],
  "SATS": [
    1.411e-8,
    1.3811e-8
  ],
  "SWARMS": [
    0.02514421,
    0.0265484
  ],
  "CPOOL": [
    0.02524682,
    0.02529656
  ],
  "SLP": [
    0.00069312,
    0.00069268
  ],
  "ALLO": [
    0.109026,
    0.111627
  ],
  "DEGEN": [
    0.00067191,
    0.00066928
  ],
  "GUN": [
    0.01406078,
    0.01390881
  ],
  "NYM": [
    0.02853228,
    0.02887913
  ],
  "CORN": [
    0.03990649,
    0.03986814
  ],
  "LRC": [
    0.01686915,
    0.01667624
  ],
  "NIL": [
    0.04153361,
    0.04052651
  ],
  "AURORA": [
    0.02614309,
    0.02589734
  ],
  "GRIFFAIN": [
    0.01790393,
    0.01772349
  ],
  "INIT": [
    0.087215,
    0.087553
  ],
  "BOB": [
    0.0062664,
    0.00594004
  ],
  "AIN": [
    0.089856,
    0.088802
  ],
  "NEWT": [
    0.077067,
    0.075843
  ],
  "L3": [
    0.01030641,
    0.01014532
  ],
  "SONIC": [
    0.04068674,
    0.04024653
  ],
  "BANK": [
    0.03322997,
    0.03330101
  ],
  "DSYNC": [
    0.01349317,
    0.01352519
  ],
  "MUBARAK": [
    0.01327704,
    0.0129891
  ],
  "TLM": [
    0.00183933,
    0.00181401
  ],
  "HONEY": [
    0.00203873,
    0.00201161
  ],
  "RESOLV": [
    0.02958579,
    0.02887232
  ],
  "PAAL": [
    0.01250718,
    0.012307
  ],
  "DAO": [
    0.04194165,
    0.04190363
  ],
  "IKA": [
    0.0035409,
    0.00342774
  ],
  "HMSTR": [
    0.00015372,
    0.0001516
  ],
  "TAI": [
    0.01650954,
    0.01650052
  ],
  "COQ": [
    1.41224e-7,
    1.38946e-7
  ],
  "LAT": [
    0.00131622,
    0.00131374
  ],
  "AVL": [
    0.02618492,
    0.02581801
  ],
  "NAVX": [
    0.00905317,
    0.00894145
  ],
  "FUEL": [
    0.00092401,
    0.00092262
  ],
  "NKN": [
    0.0083838,
    0.00821103
  ],
  "PIXEL": [
    0.0082863,
    0.00813388
  ],
  "COS": [
    0.00118795,
    0.00116253
  ],
  "SOLV": [
    0.00405671,
    0.00398418
  ],
  "OBT": [
    0.00101758,
    0.00101251
  ],
  "ROAM": [
    0.01564299,
    0.01563665
  ],
  "RSS3": [
    0.00565544,
    0.00565837
  ],
  "DENT": [
    0.00005243,
    0.00005421
  ],
  "DMC": [
    0.00071086,
    0.00070713
  ],
  "FWOG": [
    0.00465262,
    0.00456246
  ],
  "FHE": [
    0.01786268,
    0.01758677
  ],
  "LYXE": [
    0.248646,
    0.244321
  ],
  "OAS": [
    0.00055603,
    0.00054846
  ],
  "FORTH": [
    0.245935,
    0.241366
  ],
  "HOOK": [
    0.00825108,
    0.00825709
  ],
  "RDNT": [
    0.0018266,
    0.0018215
  ],
  "GEAR": [
    0.00022703,
    0.00022338
  ],
  "SAMO": [
    0.00037417,
    0.00037362
  ],
  "CUDIS": [
    0.00786268,
    0.00785113
  ],
  "PERP": [
    0.02599163,
    0.0258445
  ],
  "EPT": [
    0.00072742,
    0.00072749
  ],
  "PTB": [
    0.00084088,
    0.00080099
  ],
  "FIS": [
    0.01064811,
    0.01057656
  ],
  "HIPPO": [
    0.00016497,
    0.00016491
  ],
  "FLM": [
    0.00267436,
    0.00266137
  ],
  "GORK": [
    0.00150861,
    0.00148449
  ],
  "SAROS": [
    0.00050334,
    0.00050045
  ],
  "DATA": [
    0.00072614,
    0.00071698
  ],
  "INSP": [
    0.0010387,
    0.00100968
  ],
  "ACA": [
    0.00067111,
    0.00066537
  ],
  "FOXY": [
    0.00011527,
    0.00011611
  ],
  "A2Z": [
    0.0000766,
    0.00007211
  ],
  "RFC": [
    0.00058959,
    0.00058445
  ],
  "SWTCH": [
    0.00346214,
    0.00332146
  ],
  "DUCK": [
    0.00006852,
    0.00006791
  ],
  "LOOKS": [
    0.00036893,
    0.00036588
  ],
  "MOONPIG": [
    0.00027575,
    0.00027224
  ],
  "BDXN": [
    0.00155191,
    0.00163639
  ],
  "ROOT": [
    0.00006054,
    0.00006027
  ],
  "CHILLGUY": [
    0.00012469,
    0.00012269
  ],
  "APU": [
    0.00003964,
    0.00004003
  ],
  "CHESS": [
    0.00017204,
    0.00017274
  ],
  "HOLO": [
    0.00001204,
    0.00001184
  ],
  "GMMT": [
    0.00254615,
    0.00251181
  ],
  "RATS": [
    0.00003798,
    0.00003782
  ],
  "ADB": [
    null,
    null
  ]
}