{
  "STABLE": [
    0.03394652,
    0.03390278
  ],
  "PUMP": [
    0.0018176,
    0.00181929
  ],
  "SIREN": [
    0.697913,
    0.697687
  ],
  "SKYAI": [
    0.444814,
    0.482416
  ],
  "AERO": [
    0.452047,
    0.451037
  ],
  "MON": [
    0.03036409,
    0.03060971
  ],
  "JASMY": [
    0.00571183,
    0.00574898
  ],
  "LIT": [
    0.88936,
    0.891312
  ],
  "CVX": [
    1.74,
    1.74
  ],
  "TAG": [
    0.00132212,
    0.00132207
  ],
  "BAT": [
    0.097298,
    0.097497
  ],
  "CHEEMS": [
    6.32044e-7,
    6.25451e-7
  ],
  "ATH": [
    0.00582152,
    0.00584241
  ],
  "COW": [
    0.185064,
    0.186308
  ],
  "BANANAS31": [
    0.01007834,
    0.01022579
  ],
  "BEAT": [
    0.567534,
    0.58151
  ],
  "SAHARA": [
    0.0234498,
    0.02375656
  ],
  "ARC": [
    0.073801,
    0.073053
  ],
  "CKB": [
    0.00149712,
    0.0014996
  ],
  "BAN": [
    0.072263,
    0.071982
  ],
  "ONT": [
    0.071029,
    0.071071
  ],
  "NPC": [
    0.00775696,
    0.0077746
  ],
  "POLYX": [
    0.04777341,
    0.04779292
  ],
  "MYX": [
    0.25462,
    0.254695
  ],
  "CSPR": [
    0.00279118,
    0.00279577
  ],
  "MAGMA": [
    0.227368,
    0.231449
  ],
  "IOTX": [
    0.00450318,
    0.00451682
  ],
  "ISLM": [
    0.01176331,
    0.01176717
  ],
  "MERL": [
    0.03173567,
    0.03297513
  ],
  "NEIRO": [
    0.0000956,
    0.00009652
  ],
  "REZ": [
    0.00480878,
    0.00476849
  ],
  "NOT": [
    0.00039801,
    0.00040526
  ],
  "HUMA": [
    0.0220605,
    0.02197775
  ],
  "SNEK": [
    0.0004617,
    0.00046163
  ],
  "SATS": [
    1.5797e-8,
    1.5968e-8
  ],
  "DEP": [
    0.00111802,
    0.0011083
  ],
  "SPELL": [
    0.0001668,
    0.00016743
  ],
  "ALLO": [
    0.119701,
    0.124747
  ],
  "SWARMS": [
    0.02639766,
    0.02630304
  ],
  "CPOOL": [
    0.02571503,
    0.02571845
  ],
  "GUN": [
    0.01430786,
    0.01431563
  ],
  "SLP": [
    0.00070104,
    0.00070092
  ],
  "DEGEN": [
    0.00067322,
    0.00066695
  ],
  "CORN": [
    0.04032644,
    0.04031017
  ],
  "LRC": [
    0.01679158,
    0.01683272
  ],
  "AURORA": [
    0.02640118,
    0.02635821
  ],
  "NIL": [
    0.04106382,
    0.04099469
  ],
  "L3": [
    0.01216569,
    0.01231067
  ],
  "GRIFFAIN": [
    0.01778734,
    0.01762487
  ],
  "AIN": [
    0.096843,
    0.094933
  ],
  "INIT": [
    0.087799,
    0.087787
  ],
  "NYM": [
    0.02004839,
    0.01999217
  ],
  "BOB": [
    0.00566837,
    0.00565949
  ],
  "NEWT": [
    0.074327,
    0.074788
  ],
  "BANK": [
    0.03332112,
    0.03316227
  ],
  "SONIC": [
    0.03822955,
    0.03817362
  ],
  "MUBARAK": [
    0.01375277,
    0.01369251
  ],
  "DSYNC": [
    0.01291975,
    0.01291489
  ],
  "TLM": [
    0.00185534,
    0.00184923
  ],
  "PAAL": [
    0.01281165,
    0.01281621
  ],
  "RESOLV": [
    0.02899799,
    0.02891141
  ],
  "HONEY": [
    0.00181246,
    0.00181343
  ],
  "DAO": [
    0.04200699,
    0.04166382
  ],
  "IKA": [
    0.00337704,
    0.0033772
  ],
  "HMSTR": [
    0.00015412,
    0.0001549
  ],
  "RSS3": [
    0.00556426,
    0.00629816
  ],
  "COQ": [
    1.34221e-7,
    1.34778e-7
  ],
  "LAT": [
    0.0013321,
    0.00132873
  ],
  "TAI": [
    0.01509075,
    0.01514687
  ],
  "AVL": [
    0.02714515,
    0.02703678
  ],
  "NAVX": [
    0.00881029,
    0.00880621
  ],
  "FUEL": [
    0.00090019,
    0.00090248
  ],
  "SOLV": [
    0.00455311,
    0.00452102
  ],
  "NKN": [
    0.00797244,
    0.00788806
  ],
  "PIXEL": [
    0.00791515,
    0.0079024
  ],
  "COS": [
    0.00115412,
    0.00114976
  ],
  "OBT": [
    0.0009972,
    0.00100575
  ],
  "FHE": [
    0.01921368,
    0.0197717
  ],
  "DMC": [
    0.00068926,
    0.00069179
  ],
  "FWOG": [
    0.00450967,
    0.00451962
  ],
  "LYXE": [
    0.256066,
    0.256066
  ],
  "DENT": [
    0.00004088,
    0.00004055
  ],
  "ROAM": [
    0.01091934,
    0.01090077
  ],
  "OAS": [
    0.00054725,
    0.00053921
  ],
  "GEAR": [
    0.00032538,
    0.00032559
  ],
  "FORTH": [
    0.236097,
    0.23673
  ],
  "HOOK": [
    0.00791545,
    0.00814123
  ],
  "RDNT": [
    0.00180501,
    0.00181081
  ],
  "SAMO": [
    0.00035442,
    0.00035476
  ],
  "CUDIS": [
    0.00792075,
    0.00792524
  ],
  "PERP": [
    0.02550703,
    0.02546291
  ],
  "EPT": [
    0.00071937,
    0.00071964
  ],
  "HIPPO": [
    0.00016064,
    0.000162
  ],
  "PTB": [
    0.00076661,
    0.0007664
  ],
  "FIS": [
    0.01015482,
    0.01017661
  ],
  "SAROS": [
    0.00059552,
    0.00059312
  ],
  "FLM": [
    0.0025454,
    0.00255371
  ],
  "GORK": [
    0.00143948,
    0.00142364
  ],
  "DATA": [
    0.00070636,
    0.00070767
  ],
  "ACA": [
    0.00068148,
    0.00068356
  ],
  "A2Z": [
    0.00009799,
    0.00009515
  ],
  "INSP": [
    0.00093644,
    0.00093857
  ],
  "FOXY": [
    0.00011598,
    0.00011496
  ],
  "SWTCH": [
    0.00329416,
    0.00348589
  ],
  "DUCK": [
    0.000071,
    0.00007087
  ],
  "RFC": [
    0.00055219,
    0.00055232
  ],
  "LOOKS": [
    0.00034649,
    0.00035891
  ],
  "BDXN": [
    0.00163907,
    0.00172545
  ],
  "MOONPIG": [
    0.00026347,
    0.00026312
  ],
  "ROOT": [
    0.00005848,
    0.00005789
  ],
  "CHILLGUY": [
    0.00009106,
    0.00009112
  ],
  "APU": [
    0.00004359,
    0.00004462
  ],
  "CHESS": [
    0.0001919,
    0.00019215
  ],
  "HOLO": [
    0.00001187,
    0.00001187
  ],
  "GMMT": [
    0.00249107,
    0.00249181
  ],
  "RATS": [
    0.00004133,
    0.00004169
  ],
  "ADB": [
    null,
    null
  ]
}