{
  "STABLE": [
    0.03292228,
    0.03306545
  ],
  "SKYAI": [
    0.694101,
    0.690467
  ],
  "PUMP": [
    0.00181457,
    0.0018326
  ],
  "SIREN": [
    0.773458,
    0.785384
  ],
  "AERO": [
    0.44571,
    0.45249
  ],
  "MON": [
    0.02982243,
    0.03027075
  ],
  "JASMY": [
    0.0055668,
    0.00562512
  ],
  "LIT": [
    0.95851,
    0.953445
  ],
  "TAG": [
    0.00179155,
    0.00160704
  ],
  "CVX": [
    1.76,
    1.77
  ],
  "BAT": [
    0.104907,
    0.105783
  ],
  "CHEEMS": [
    6.29402e-7,
    6.46046e-7
  ],
  "BANANAS31": [
    0.0119872,
    0.01226087
  ],
  "ATH": [
    0.00602193,
    0.00611826
  ],
  "COW": [
    0.188635,
    0.189956
  ],
  "SAHARA": [
    0.02505109,
    0.02532371
  ],
  "BEAT": [
    0.569521,
    0.571893
  ],
  "BAN": [
    0.075467,
    0.075724
  ],
  "CKB": [
    0.00148802,
    0.00149813
  ],
  "ONT": [
    0.072185,
    0.072096
  ],
  "ARC": [
    0.066326,
    0.066998
  ],
  "NPC": [
    0.0076589,
    0.00779812
  ],
  "POLYX": [
    0.04767239,
    0.04814434
  ],
  "MERL": [
    0.03903739,
    0.03896191
  ],
  "REZ": [
    0.0054765,
    0.00546772
  ],
  "MYX": [
    0.237658,
    0.237967
  ],
  "CSPR": [
    0.00281483,
    0.00281675
  ],
  "MAGMA": [
    0.226337,
    0.228801
  ],
  "IOTX": [
    0.00453548,
    0.0045903
  ],
  "ISLM": [
    0.01172421,
    0.01168047
  ],
  "NOT": [
    0.00040648,
    0.00041945
  ],
  "NEIRO": [
    0.00009192,
    0.00009496
  ],
  "HUMA": [
    0.02176423,
    0.02173874
  ],
  "SNEK": [
    0.00045887,
    0.00046218
  ],
  "SATS": [
    1.481e-8,
    1.5037e-8
  ],
  "SWARMS": [
    0.02935711,
    0.03147923
  ],
  "DEP": [
    0.00111353,
    0.00111212
  ],
  "SPELL": [
    0.000168,
    0.00016895
  ],
  "CPOOL": [
    0.0285381,
    0.02878474
  ],
  "ALLO": [
    0.11905,
    0.119072
  ],
  "GUN": [
    0.01465789,
    0.01471187
  ],
  "SLP": [
    0.0007056,
    0.00071049
  ],
  "DEGEN": [
    0.00066514,
    0.00066888
  ],
  "CORN": [
    0.04025982,
    0.04028471
  ],
  "LRC": [
    0.01682569,
    0.0169133
  ],
  "AURORA": [
    0.02674724,
    0.02675156
  ],
  "NIL": [
    0.04116742,
    0.04162656
  ],
  "AIN": [
    0.096817,
    0.098501
  ],
  "INIT": [
    0.090182,
    0.090053
  ],
  "GRIFFAIN": [
    0.01727748,
    0.01745125
  ],
  "BOB": [
    0.00560762,
    0.00587886
  ],
  "MUBARAK": [
    0.01660207,
    0.0170632
  ],
  "L3": [
    0.01144378,
    0.01150324
  ],
  "NYM": [
    0.01979357,
    0.01978758
  ],
  "NEWT": [
    0.073722,
    0.074879
  ],
  "BANK": [
    0.0333894,
    0.03363913
  ],
  "SONIC": [
    0.03676597,
    0.03707805
  ],
  "DSYNC": [
    0.01284515,
    0.01316483
  ],
  "TLM": [
    0.00186416,
    0.00187798
  ],
  "PAAL": [
    0.01299321,
    0.0130021
  ],
  "RESOLV": [
    0.02890634,
    0.02937918
  ],
  "RSS3": [
    0.00632501,
    0.00715911
  ],
  "HONEY": [
    0.00183273,
    0.00185214
  ],
  "HMSTR": [
    0.00015998,
    0.000163
  ],
  "IKA": [
    0.00341996,
    0.00347545
  ],
  "DAO": [
    0.04159108,
    0.04129435
  ],
  "LAT": [
    0.00133276,
    0.00134136
  ],
  "TAI": [
    0.01543377,
    0.01521761
  ],
  "COQ": [
    1.28183e-7,
    1.2906e-7
  ],
  "AVL": [
    0.0274339,
    0.02861684
  ],
  "NAVX": [
    0.00882599,
    0.00882127
  ],
  "FUEL": [
    0.00089513,
    0.00089293
  ],
  "FWOG": [
    0.00609875,
    0.00687772
  ],
  "SOLV": [
    0.00442242,
    0.00441035
  ],
  "NKN": [
    0.00798815,
    0.00780757
  ],
  "PIXEL": [
    0.00782867,
    0.00787025
  ],
  "COS": [
    0.00116133,
    0.00116503
  ],
  "DMC": [
    0.00070976,
    0.00088038
  ],
  "OBT": [
    0.00099049,
    0.00098167
  ],
  "FHE": [
    0.02148131,
    0.02178353
  ],
  "LYXE": [
    0.276232,
    0.279963
  ],
  "ROAM": [
    0.01159325,
    0.01163996
  ],
  "DENT": [
    0.00003963,
    0.00004063
  ],
  "OAS": [
    0.00053366,
    0.00055759
  ],
  "GEAR": [
    0.00031846,
    0.00032272
  ],
  "FORTH": [
    0.236906,
    0.235285
  ],
  "RDNT": [
    0.00178407,
    0.00178706
  ],
  "HOOK": [
    0.00796605,
    0.00796721
  ],
  "CUDIS": [
    0.00797966,
    0.00788051
  ],
  "SAMO": [
    0.00032878,
    0.00033073
  ],
  "PERP": [
    0.02493756,
    0.02494802
  ],
  "HIPPO": [
    0.00018517,
    0.00017906
  ],
  "PTB": [
    0.00082392,
    0.00081172
  ],
  "EPT": [
    0.00071588,
    0.00071433
  ],
  "FIS": [
    0.01047501,
    0.0102974
  ],
  "FLM": [
    0.00266425,
    0.00267421
  ],
  "GORK": [
    0.00147578,
    0.00149124
  ],
  "SAROS": [
    0.0005569,
    0.00055996
  ],
  "DATA": [
    0.00073088,
    0.00072768
  ],
  "ACA": [
    0.00065256,
    0.00064236
  ],
  "INSP": [
    0.00091069,
    0.00091905
  ],
  "A2Z": [
    0.00008449,
    0.00008693
  ],
  "FOXY": [
    0.0001181,
    0.00011895
  ],
  "RFC": [
    0.00056438,
    0.00057579
  ],
  "DUCK": [
    0.00007101,
    0.0000713
  ],
  "SWTCH": [
    0.00302331,
    0.00321304
  ],
  "LOOKS": [
    0.00035047,
    0.00035902
  ],
  "MOONPIG": [
    0.00027393,
    0.00027693
  ],
  "BDXN": [
    0.00163573,
    0.00162973
  ],
  "ROOT": [
    0.00005559,
    0.00005509
  ],
  "CHILLGUY": [
    0.00010442,
    0.00010601
  ],
  "APU": [
    0.00004336,
    0.00004371
  ],
  "CHESS": [
    0.00019349,
    0.00019352
  ],
  "HOLO": [
    0.00001187,
    0.00001187
  ],
  "RATS": [
    0.00003777,
    0.0000378
  ],
  "GMMT": [
    0.00371719,
    0.00366182
  ],
  "ADB": [
    null,
    null
  ]
}