{
  "STABLE": [
    0.03334159,
    0.03449846
  ],
  "PUMP": [
    0.00181177,
    0.00177277
  ],
  "SIREN": [
    0.680587,
    0.672513
  ],
  "AERO": [
    0.480022,
    0.466944
  ],
  "MON": [
    0.02833296,
    0.0277678
  ],
  "JASMY": [
    0.00587983,
    0.00575721
  ],
  "SKYAI": [
    0.246792,
    0.260877
  ],
  "LIT": [
    0.904524,
    0.896119
  ],
  "CVX": [
    1.74,
    1.72
  ],
  "BAT": [
    0.100947,
    0.099705
  ],
  "CHEEMS": [
    6.08937e-7,
    5.99709e-7
  ],
  "ATH": [
    0.00591481,
    0.00579753
  ],
  "COW": [
    0.190633,
    0.187316
  ],
  "BANANAS31": [
    0.00950265,
    0.00976875
  ],
  "BEAT": [
    0.589057,
    0.572876
  ],
  "ARC": [
    0.076039,
    0.075454
  ],
  "BAN": [
    0.073452,
    0.074164
  ],
  "SAHARA": [
    0.02250712,
    0.0220634
  ],
  "CKB": [
    0.00150264,
    0.001485
  ],
  "ONT": [
    0.070747,
    0.070617
  ],
  "NPC": [
    0.00807414,
    0.00789077
  ],
  "TAG": [
    0.00054809,
    0.00057188
  ],
  "POLYX": [
    0.04872335,
    0.0479928
  ],
  "MYX": [
    0.257409,
    0.248451
  ],
  "CSPR": [
    0.00291415,
    0.00290583
  ],
  "IOTX": [
    0.00468159,
    0.0046528
  ],
  "MERL": [
    0.0356296,
    0.03382506
  ],
  "ISLM": [
    0.01172942,
    0.01179451
  ],
  "NOT": [
    0.0003996,
    0.00039131
  ],
  "NEIRO": [
    0.00009106,
    0.00008884
  ],
  "MAGMA": [
    0.200367,
    0.194633
  ],
  "HUMA": [
    0.0209964,
    0.02096973
  ],
  "REZ": [
    0.00421491,
    0.00417545
  ],
  "SNEK": [
    0.00046488,
    0.00045898
  ],
  "DEP": [
    0.0011041,
    0.00106792
  ],
  "SPELL": [
    0.00017352,
    0.00017092
  ],
  "SATS": [
    1.4089e-8,
    1.3825e-8
  ],
  "SWARMS": [
    0.02474081,
    0.02612657
  ],
  "CPOOL": [
    0.02533994,
    0.02561365
  ],
  "SLP": [
    0.0007122,
    0.00069781
  ],
  "ALLO": [
    0.110694,
    0.111838
  ],
  "GUN": [
    0.0144808,
    0.01434389
  ],
  "DEGEN": [
    0.00069118,
    0.00067671
  ],
  "NYM": [
    0.0263114,
    0.02603264
  ],
  "LRC": [
    0.01722318,
    0.01713619
  ],
  "CORN": [
    0.04023293,
    0.04015769
  ],
  "AURORA": [
    0.02648333,
    0.02648267
  ],
  "L3": [
    0.01212655,
    0.01239748
  ],
  "GRIFFAIN": [
    0.01948347,
    0.01794529
  ],
  "INIT": [
    0.095644,
    0.092369
  ],
  "AIN": [
    0.090657,
    0.096487
  ],
  "NIL": [
    0.03997988,
    0.03892678
  ],
  "NEWT": [
    0.077489,
    0.076317
  ],
  "BOB": [
    0.00581334,
    0.00575201
  ],
  "BANK": [
    0.03481098,
    0.03413683
  ],
  "MUBARAK": [
    0.01397314,
    0.01367116
  ],
  "SONIC": [
    0.03743448,
    0.03685694
  ],
  "DSYNC": [
    0.01325407,
    0.01311113
  ],
  "TLM": [
    0.00187284,
    0.00185023
  ],
  "PAAL": [
    0.01308112,
    0.01297487
  ],
  "RESOLV": [
    0.02928733,
    0.02893747
  ],
  "HONEY": [
    0.00194813,
    0.00190411
  ],
  "IKA": [
    0.00354613,
    0.00352215
  ],
  "DAO": [
    0.04148074,
    0.04150444
  ],
  "HMSTR": [
    0.00015551,
    0.00015253
  ],
  "COQ": [
    1.39906e-7,
    1.38052e-7
  ],
  "TAI": [
    0.01593774,
    0.01577078
  ],
  "LAT": [
    0.00133259,
    0.00132521
  ],
  "AVL": [
    0.02590675,
    0.02648205
  ],
  "FUEL": [
    0.00091659,
    0.00091561
  ],
  "SOLV": [
    0.00475385,
    0.00485242
  ],
  "NAVX": [
    0.00874937,
    0.00869669
  ],
  "PIXEL": [
    0.00842526,
    0.00841823
  ],
  "NKN": [
    0.00798561,
    0.00807683
  ],
  "COS": [
    0.00117434,
    0.00116514
  ],
  "OBT": [
    0.00099641,
    0.00100286
  ],
  "RSS3": [
    0.00559211,
    0.00589415
  ],
  "FHE": [
    0.01988966,
    0.01919345
  ],
  "ROAM": [
    0.01409908,
    0.01348943
  ],
  "DMC": [
    0.0007089,
    0.00069777
  ],
  "FWOG": [
    0.00462451,
    0.00453692
  ],
  "LYXE": [
    0.249772,
    0.249772
  ],
  "DENT": [
    0.00004157,
    0.00003914
  ],
  "OAS": [
    0.00051126,
    0.0005134
  ],
  "GEAR": [
    0.00029899,
    0.00030005
  ],
  "FORTH": [
    0.244499,
    0.242978
  ],
  "HOOK": [
    0.00816208,
    0.0081708
  ],
  "RDNT": [
    0.00181874,
    0.00180241
  ],
  "SAMO": [
    0.00036189,
    0.00035857
  ],
  "CUDIS": [
    0.00775033,
    0.00797363
  ],
  "PERP": [
    0.02521352,
    0.02521219
  ],
  "PTB": [
    0.00079969,
    0.00078985
  ],
  "FIS": [
    0.01056168,
    0.01053305
  ],
  "EPT": [
    0.00070906,
    0.00070722
  ],
  "HIPPO": [
    0.00015846,
    0.00015807
  ],
  "FLM": [
    0.0026113,
    0.00259275
  ],
  "GORK": [
    0.00147794,
    0.00145743
  ],
  "SAROS": [
    0.00046204,
    0.00046481
  ],
  "DATA": [
    0.00070895,
    0.00070238
  ],
  "INSP": [
    0.00099609,
    0.00100173
  ],
  "ACA": [
    0.00062532,
    0.00061542
  ],
  "FOXY": [
    0.00011596,
    0.0001168
  ],
  "RFC": [
    0.00064079,
    0.00063838
  ],
  "A2Z": [
    0.00006985,
    0.00007002
  ],
  "DUCK": [
    0.00007468,
    0.00007363
  ],
  "SWTCH": [
    0.00320807,
    0.0031278
  ],
  "LOOKS": [
    0.00036078,
    0.00035488
  ],
  "MOONPIG": [
    0.00026293,
    0.00026076
  ],
  "BDXN": [
    0.00156559,
    0.00153007
  ],
  "ROOT": [
    0.00006009,
    0.00006257
  ],
  "CHILLGUY": [
    0.00010681,
    0.00010541
  ],
  "APU": [
    0.00004041,
    0.00003847
  ],
  "CHESS": [
    0.00016999,
    0.00016999
  ],
  "HOLO": [
    0.00001191,
    0.00001191
  ],
  "RATS": [
    0.00003812,
    0.00003774
  ],
  "GMMT": [
    0.00250519,
    0.00247402
  ],
  "ADB": [
    null,
    null
  ]
}