{
  "RATIO": [
    0.0000291
  ],
  "HUNT": [
    0.00975441
  ],
  "JOJO": [
    4.42888e-7
  ],
  "LYD": [
    0.00006088,
    0.00006074
  ],
  "ICNX": [
    0.00068608
  ],
  "SYP": [
    1.78e-16
  ],
  "NINJA": [
    0.00002835
  ],
  "VFX": [
    0.0002832
  ],
  "TKING": [
    2.28314e-7,
    2.28314e-7
  ],
  "YVLUSD": [
    1.26
  ],
  "UNMD": [
    0.12139
  ],
  "MUSD": [
    0.00326244
  ],
  "CLE": [
    0.00579229
  ],
  "KTO": [
    2.02573e-10
  ],
  "VXRP": [
    0.0293835
  ],
  "HIVEWATER": [
    0.00598818,
    0.00598818
  ],
  "RAKER": [
    0.00136264
  ],
  "VDOT": [
    0.0322895
  ],
  "CHEEL": [
    0.427649
  ],
  "WHITE": [
    0.00007946
  ],
  "GAN": [
    0.00006548
  ],
  "DAOP": [
    0.01287932
  ],
  "NEX": [
    0.00015363
  ],
  "POLIS": [
    0.00050371
  ],
  "TENNA": [
    0.00005144
  ],
  "NUTGV2": [
    0.00010718
  ],
  "NAT": [
    6.6535e-8,
    6.507e-8
  ],
  "KYROS": [
    0.02039423
  ],
  "ADON": [
    1.31
  ],
  "ING": [
    0.00000352
  ],
  "PEN": [
    4.7947e-8
  ],
  "SMILEK": [
    7.613e-9
  ],
  "WIGGER": [
    0.0000162
  ],
  "AGT": [
    0.00761499,
    0.00752843
  ],
  "VLINK": [
    0.185686
  ],
  "$G": [
    0.0001158
  ],
  "POLYGOLD": [
    0.065361,
    0.065353
  ],
  "OKINAMI": [
    0.00029915
  ],
  "MRS": [
    0.649823
  ],
  "NEMESIS": [
    0.00004034
  ],
  "MOOCHII": [
    1.182e-9,
    1.178e-9
  ],
  "YFIH2": [
    0.412265
  ],
  "MIRA": [
    0.00005511
  ],
  "STBOT": [
    0.00022118,
    0.00022118
  ],
  "SDAO": [
    0.00788151
  ],
  "FIST": [
    0.395228
  ],
  "PRPS": [
    0.04069513
  ],
  "SUT": [
    0.802868
  ],
  "FANC": [
    0.00128089
  ],
  "TONO": [
    2.07892e-7
  ],
  "MOONKIZE": [
    0.0000041
  ],
  "SPACE": [
    0.00189496
  ],
  "GULL": [
    0.00255012
  ],
  "MBRN": [
    0.00028211
  ],
  "ALT": [
    0.00077092
  ],
  "PIPI": [
    4.8643e-8
  ],
  "PEPPA": [
    1.658e-9
  ],
  "ORBR": [
    0.01240593
  ],
  "FRONK": [
    2.239e-9
  ],
  "YCT": [
    0.00002766
  ],
  "VOYA": [
    0.00306483
  ],
  "PLS": [
    0.00000868
  ],
  "GOL": [
    0.00097968
  ],
  "EPL": [
    0.00037816
  ],
  "ZKAI": [
    0.00130271
  ],
  "HBR": [
    0.00001826
  ],
  "HIVE": [
    0.00004935
  ],
  "NUTS": [
    0.00352952
  ],
  "TGR": [
    0.01593769,
    0.01593488
  ],
  "COSMIC": [
    0.02333548
  ],
  "USDW": [
    1.77e-13
  ],
  "ASTROS": [
    0.01124512
  ],
  "O": [
    0.00000124,
    0.00000124
  ],
  "ORBI": [
    0.00001737
  ],
  "FISH": [
    0.00618869
  ],
  "NOGWAI": [
    0.00000492
  ],
  "RUPEE": [
    0.00014762,
    0.00014723
  ],
  "OREO": [
    0.00364539
  ],
  "ORDER": [
    7.2561e-7
  ],
  "E8": [
    3.166e-9
  ],
  "VP": [
    0.00449828
  ],
  "MAG": [
    0.00000546
  ],
  "SCCN": [
    0.00272143
  ],
  "FINE": [
    0.00000714
  ],
  "PPI": [
    0.00148277
  ],
  "INFTEE": [
    0.00010209,
    0.00010158
  ],
  "CHESS": [
    0.095464
  ],
  "CRT": [
    0.00007464
  ],
  "PC0000085": [
    1
  ],
  "HYGT": [
    0.00022363
  ],
  "STLS": [
    0.00261996
  ],
  "HODL": [
    3.56314e-13,
    0.00048817
  ],
  "ETH": [
    0.00108301
  ],
  "SPADE": [
    0.00539112
  ],
  "WORK": [
    0.00008139
  ],
  "NMC": [
    0.935771
  ],
  "STT": [
    0.057475
  ],
  "DUCKER": [
    2.8826e-7
  ],
  "A1X": [
    0.00032869
  ],
  "CROWN": [
    0.759011
  ],
  "GFTM": [
    0.107457
  ],
  "CBTM": [
    0.00000363
  ],
  "LLAMA": [
    0.0069592
  ],
  "ARTL": [
    0.00850008
  ],
  "KINGY": [
    0.02535336
  ],
  "OFF": [
    0.00588987
  ],
  "PENGU": [
    0.00006889
  ],
  "LICK": [
    0.00000402
  ],
  "GFI": [
    0.00017412,
    0.00017388
  ],
  "BTCPAY": [
    0.00303193
  ],
  "BLERF": [
    0.0000015
  ],
  "MAAL": [
    0.161486
  ],
  "DEFAI": [
    0.00001393
  ],
  "$SWING": [
    0.00010207
  ],
  "TXT": [
    0.00049598
  ],
  "VYFI": [
    0.00959553
  ],
  "CSTAR": [
    0.00000305
  ],
  "YVHEGIC": [
    0.01469692
  ],
  "CFG": [
    0.131173
  ],
  "CAT": [
    8.5838e-11
  ],
  "FLEX": [
    0.0009259
  ],
  "SGT": [
    0.096442
  ],
  "OSHI": [
    0.03054196
  ],
  "YND": [
    0.0007613
  ],
  "DRGX": [
    0.02633848
  ],
  "CRAB": [
    0.00108544
  ],
  "BURGER": [
    0.00070054
  ],
  "QWLA": [
    0.085267
  ],
  "GARY": [
    0.02127023,
    0.02114242
  ],
  "PIG": [
    1.3966e-8
  ],
  "PC0000081": [
    1
  ],
  "FJC": [
    0.00000255
  ],
  "GBTC": [
    0.02527444
  ],
  "GRAPE": [
    0.00006199
  ],
  "ZET": [
    0.00142321
  ],
  "TOWELI": [
    0.0000441
  ],
  "FERRET": [
    0.00001837
  ],
  "MILK": [
    0.04750069
  ],
  "SOLC": [
    0.01680361
  ],
  "GEM": [
    0.00058884
  ],
  "HBT": [
    9.6082e-8
  ],
  "USDH": [
    0.996667
  ],
  "BOOP": [
    0.00852385
  ],
  "USEU": [
    0.92637
  ],
  "BEANS": [
    0.00252504
  ],
  "YFX": [
    0.00432117
  ],
  "CARAT": [
    0.237831
  ],
  "ELIX": [
    0.0003061
  ],
  "TAPS": [
    0.00035017
  ],
  "$MEMEME": [
    0.00000106
  ],
  "SPY.D": [
    6.7882e-10
  ],
  "AGUSTO": [
    0.000004
  ],
  "NEXUS": [
    0.00001287
  ],
  "RFRM": [
    0.0022084
  ],
  "IDLEDAISAFE": [
    1.23
  ],
  "GBD": [
    0.00022193
  ],
  "ZENIQ": [
    0.00489839
  ],
  "ACP": [
    0.00027301
  ],
  "FAH": [
    1.36
  ],
  "BTC20": [
    0.00754545
  ],
  "MECO": [
    0.00001889
  ],
  "$FISHY": [
    0.00122206
  ],
  "UNITE": [
    1.86
  ],
  "FNZ": [
    0.0000194
  ],
  "BTAF": [
    0.02716989
  ],
  "ZIOW": [
    0.59829
  ],
  "AI": [
    0.00000814
  ],
  "CRAZYTIGER": [
    0,
    0
  ],
  "LEE": [
    0.978647
  ],
  "SHAN": [
    0.00017794
  ],
  "MORPH": [
    9.9995e-8
  ],
  "OXRP": [
    1.43
  ],
  "BLUE": [
    0.00002889
  ],
  "STC": [
    0.00437289
  ],
  "THE": [
    0.00008631
  ],
  "GAT": [
    0.542422
  ],
  "PAW": [
    2.4726e-11,
    0.00000893
  ],
  "HANEP": [
    0.0186128
  ],
  "BCA": [
    0.04351661
  ],
  "ACRDX": [
    1.012
  ],
  "ESCO": [
    1.17582e-10
  ],
  "BAC": [
    0.00233623
  ],
  "ABBC": [
    0.00589607
  ],
  "BALL": [
    0.01216744
  ],
  "COLS": [
    0.01416924
  ],
  "LRST": [
    0.00006829
  ],
  "HAI": [
    0.00032046
  ],
  "BOON": [
    8.685e-8
  ],
  "CBE": [
    5.3675e-8
  ],
  "MPH": [
    0.0105975
  ],
  "XETH": [
    1.22,
    1.22
  ],
  "TEAR": [
    0.00032959
  ],
  "SIGMA": [
    0.01019801
  ],
  "BOOK": [
    0.00159933
  ],
  "KNET": [
    0.0002538
  ],
  "SHREDN": [
    0.00000549
  ],
  "ONE": [
    0.00045758
  ],
  "BOW": [
    0.0025352
  ],
  "NUMA": [
    0.20644
  ],
  "FTON": [
    0.00003187
  ],
  "$FORGE": [
    0.01645363
  ],
  "REWARD": [
    0.00018752
  ],
  "KLTR": [
    0.01459832
  ],
  "ASI": [
    0.00025982
  ],
  "YELD": [
    0.02728616
  ],
  "CBDC": [
    2.66311e-7
  ],
  "FPL": [
    0.00173682
  ]
}