{
  "PUMP": [
    0.00173934,
    0.00174962
  ],
  "STABLE": [
    0.03316995,
    0.03264768
  ],
  "SIREN": [
    0.673761,
    0.673483
  ],
  "AERO": [
    0.428584,
    0.43878
  ],
  "MON": [
    0.03089401,
    0.03090665
  ],
  "JASMY": [
    0.00572744,
    0.0058012
  ],
  "LIT": [
    0.933572,
    0.928598
  ],
  "SKYAI": [
    0.192575,
    0.1888
  ],
  "CVX": [
    1.78,
    1.78
  ],
  "BAT": [
    0.104595,
    0.106186
  ],
  "CHEEMS": [
    5.87495e-7,
    5.73944e-7
  ],
  "ATH": [
    0.00595861,
    0.00602097
  ],
  "COW": [
    0.190662,
    0.190976
  ],
  "BANANAS31": [
    0.00964555,
    0.00939664
  ],
  "BAN": [
    0.089279,
    0.088714
  ],
  "BEAT": [
    0.566773,
    0.568736
  ],
  "CKB": [
    0.00154645,
    0.00159836
  ],
  "SAHARA": [
    0.02248737,
    0.02282593
  ],
  "ONT": [
    0.074104,
    0.074853
  ],
  "TAG": [
    0.00065787,
    0.0006631
  ],
  "NPC": [
    0.00821675,
    0.00822999
  ],
  "ARC": [
    0.065928,
    0.065153
  ],
  "POLYX": [
    0.05039,
    0.0507
  ],
  "MYX": [
    0.252406,
    0.251075
  ],
  "CSPR": [
    0.00288909,
    0.00289656
  ],
  "IOTX": [
    0.00472941,
    0.00475867
  ],
  "MERL": [
    0.03584423,
    0.03628086
  ],
  "NOT": [
    0.00040942,
    0.00044547
  ],
  "HUMA": [
    0.02477819,
    0.02416278
  ],
  "NEIRO": [
    0.00008759,
    0.0000899
  ],
  "MAGMA": [
    0.191659,
    0.195826
  ],
  "SNEK": [
    0.0004976,
    0.00049875
  ],
  "REZ": [
    0.00389244,
    0.00393202
  ],
  "SATS": [
    1.4461e-8,
    1.4621e-8
  ],
  "DEP": [
    0.00111453,
    0.00111324
  ],
  "ISLM": [
    0.01176139,
    0.01181379
  ],
  "SPELL": [
    0.00016398,
    0.00016508
  ],
  "CPOOL": [
    0.02580704,
    0.02633169
  ],
  "ALLO": [
    0.117507,
    0.116118
  ],
  "GUN": [
    0.01539822,
    0.01503208
  ],
  "SLP": [
    0.00071408,
    0.00071126
  ],
  "NYM": [
    0.02983097,
    0.02954941
  ],
  "DEGEN": [
    0.00065774,
    0.00066361
  ],
  "INIT": [
    0.088711,
    0.089829
  ],
  "LRC": [
    0.01688831,
    0.017043
  ],
  "CORN": [
    0.04009042,
    0.04006088
  ],
  "AURORA": [
    0.02777463,
    0.02778464
  ],
  "SWARMS": [
    0.01806691,
    0.01902033
  ],
  "NIL": [
    0.04236153,
    0.04214224
  ],
  "NEWT": [
    0.081842,
    0.083858
  ],
  "GRIFFAIN": [
    0.0175921,
    0.01744025
  ],
  "BOB": [
    0.00596733,
    0.00599079
  ],
  "SONIC": [
    0.03907276,
    0.04212192
  ],
  "L3": [
    0.01022055,
    0.01030611
  ],
  "BANK": [
    0.03372105,
    0.0343642
  ],
  "DSYNC": [
    0.01443148,
    0.01446141
  ],
  "MUBARAK": [
    0.01365218,
    0.01363199
  ],
  "TLM": [
    0.00186777,
    0.00188777
  ],
  "HONEY": [
    0.00209664,
    0.00205551
  ],
  "AIN": [
    0.06088,
    0.062548
  ],
  "PAAL": [
    0.01263553,
    0.01256469
  ],
  "IKA": [
    0.00374651,
    0.00373411
  ],
  "DAO": [
    0.04405109,
    0.04413751
  ],
  "RESOLV": [
    0.0278435,
    0.02791729
  ],
  "HMSTR": [
    0.00015566,
    0.00015788
  ],
  "COQ": [
    1.42991e-7,
    1.42938e-7
  ],
  "TAI": [
    0.01655254,
    0.01657958
  ],
  "LAT": [
    0.00133529,
    0.00133335
  ],
  "AVL": [
    0.02697758,
    0.02663189
  ],
  "FUEL": [
    0.0009346,
    0.00093643
  ],
  "NAVX": [
    0.0087501,
    0.00877407
  ],
  "NKN": [
    0.00828038,
    0.00838221
  ],
  "SOLV": [
    0.0041965,
    0.00418477
  ],
  "PIXEL": [
    0.00798178,
    0.00802362
  ],
  "COS": [
    0.0011644,
    0.00116072
  ],
  "OBT": [
    0.00105495,
    0.00104317
  ],
  "DENT": [
    0.00006553,
    0.00006073
  ],
  "ROAM": [
    0.01588642,
    0.015836
  ],
  "RSS3": [
    0.00591039,
    0.00589057
  ],
  "DMC": [
    0.00071179,
    0.00071604
  ],
  "FWOG": [
    0.00472069,
    0.00469382
  ],
  "FHE": [
    0.01833387,
    0.0181347
  ],
  "OAS": [
    0.0005972,
    0.00059509
  ],
  "LYXE": [
    0.235466,
    0.236465
  ],
  "FORTH": [
    0.252043,
    0.248471
  ],
  "HOOK": [
    0.00833074,
    0.00847838
  ],
  "RDNT": [
    0.00188553,
    0.00187593
  ],
  "GEAR": [
    0.0002256,
    0.00022726
  ],
  "SAMO": [
    0.00038657,
    0.00039033
  ],
  "CUDIS": [
    0.00797918,
    0.00799059
  ],
  "PERP": [
    0.02629105,
    0.02628368
  ],
  "EPT": [
    0.00073385,
    0.0007425
  ],
  "PTB": [
    0.00082104,
    0.0008164
  ],
  "FIS": [
    0.01046408,
    0.01054128
  ],
  "HIPPO": [
    0.00015836,
    0.00016288
  ],
  "GORK": [
    0.00154789,
    0.00154156
  ],
  "FLM": [
    0.00261883,
    0.00261852
  ],
  "SAROS": [
    0.0005082,
    0.00051032
  ],
  "DATA": [
    0.00074523,
    0.00074852
  ],
  "INSP": [
    0.00111272,
    0.00108459
  ],
  "ACA": [
    0.00066767,
    0.00065023
  ],
  "FOXY": [
    0.00011903,
    0.00011986
  ],
  "A2Z": [
    0.0000687,
    0.00006924
  ],
  "RFC": [
    0.00059835,
    0.00059508
  ],
  "SWTCH": [
    0.00340942,
    0.00343386
  ],
  "DUCK": [
    0.00006997,
    0.00006971
  ],
  "LOOKS": [
    0.00036211,
    0.00035587
  ],
  "MOONPIG": [
    0.00029895,
    0.0003059
  ],
  "BDXN": [
    0.00154271,
    0.0015288
  ],
  "ROOT": [
    0.00005941,
    0.00006081
  ],
  "CHILLGUY": [
    0.00014089,
    0.00014172
  ],
  "APU": [
    0.0000445,
    0.00004446
  ],
  "CHESS": [
    0.00015257,
    0.00015316
  ],
  "HOLO": [
    0.0000122,
    0.00001226
  ],
  "GMMT": [
    0.00262326,
    0.00262541
  ],
  "RATS": [
    0.0000379,
    0.00003752
  ],
  "ADB": [
    null,
    null
  ]
}