{
  "PUMP": [
    0.00176198,
    0.00177262
  ],
  "SIREN": [
    1.023,
    0.903038
  ],
  "STABLE": [
    0.02596198,
    0.02540231
  ],
  "AERO": [
    0.332447,
    0.332769
  ],
  "JASMY": [
    0.00556147,
    0.00565906
  ],
  "MON": [
    0.023864,
    0.02345553
  ],
  "LIT": [
    0.882839,
    0.876707
  ],
  "CVX": [
    1.69,
    1.73
  ],
  "BAT": [
    0.099785,
    0.100112
  ],
  "ATH": [
    0.00769311,
    0.00763755
  ],
  "BANANAS31": [
    0.01337443,
    0.01384713
  ],
  "COW": [
    0.20376,
    0.207053
  ],
  "CHEEMS": [
    4.33359e-7,
    4.45766e-7
  ],
  "SAHARA": [
    0.02688997,
    0.02722408
  ],
  "BEAT": [
    0.501318,
    0.509643
  ],
  "CKB": [
    0.00141712,
    0.00142457
  ],
  "SKYAI": [
    0.068742,
    0.066914
  ],
  "NPC": [
    0.00783036,
    0.00783698
  ],
  "TAG": [
    0.00056803,
    0.00057431
  ],
  "BAN": [
    0.057107,
    0.057847
  ],
  "MYX": [
    0.301758,
    0.301963
  ],
  "POLYX": [
    0.04510568,
    0.0457004
  ],
  "CSPR": [
    0.00324747,
    0.00323794
  ],
  "ONT": [
    0.051698,
    0.051544
  ],
  "IOTX": [
    0.0049031,
    0.00492083
  ],
  "ARC": [
    0.04185751,
    0.04180766
  ],
  "NOT": [
    0.0003612,
    0.00036056
  ],
  "SNEK": [
    0.00044592,
    0.00044511
  ],
  "DEP": [
    0.00115992,
    0.00115698
  ],
  "MERL": [
    0.02567722,
    0.02586763
  ],
  "ISLM": [
    0.01238056,
    0.01220157
  ],
  "LRC": [
    0.02336998,
    0.02329391
  ],
  "GUN": [
    0.01736217,
    0.01761944
  ],
  "SPELL": [
    0.00016707,
    0.00016785
  ],
  "NYM": [
    0.03250391,
    0.03244913
  ],
  "HUMA": [
    0.01610065,
    0.01538205
  ],
  "MAGMA": [
    0.144399,
    0.139079
  ],
  "REZ": [
    0.00340898,
    0.0033781
  ],
  "DEGEN": [
    0.00069552,
    0.0007023
  ],
  "ALLO": [
    0.117111,
    0.115567
  ],
  "NEIRO": [
    0.0000576,
    0.00005808
  ],
  "CORN": [
    0.0462907,
    0.04613277
  ],
  "CPOOL": [
    0.02517168,
    0.02428643
  ],
  "SATS": [
    1.0894e-8,
    1.0934e-8
  ],
  "SLP": [
    0.00060456,
    0.00060862
  ],
  "DENT": [
    0.00021195,
    0.00021386
  ],
  "AURORA": [
    0.02856625,
    0.0286049
  ],
  "DSYNC": [
    0.01756,
    0.01756143
  ],
  "BANK": [
    0.04121128,
    0.04089353
  ],
  "DAO": [
    0.070902,
    0.069564
  ],
  "RESOLV": [
    0.04190855,
    0.04424049
  ],
  "BOB": [
    0.00585912,
    0.00588899
  ],
  "NEWT": [
    0.070857,
    0.073897
  ],
  "INIT": [
    0.082413,
    0.080939
  ],
  "NIL": [
    0.03446077,
    0.03477292
  ],
  "SONIC": [
    0.03985845,
    0.04017198
  ],
  "ROAM": [
    0.04209705,
    0.04088981
  ],
  "HONEY": [
    0.00231818,
    0.00239585
  ],
  "PAAL": [
    0.01536461,
    0.01517948
  ],
  "L3": [
    0.01000293,
    0.00987754
  ],
  "MUBARAK": [
    0.01157196,
    0.01166529
  ],
  "TLM": [
    0.00170842,
    0.00171277
  ],
  "AIN": [
    0.060087,
    0.05935
  ],
  "GRIFFAIN": [
    0.01092202,
    0.01083096
  ],
  "TAI": [
    0.016082,
    0.01724567
  ],
  "IKA": [
    0.00337008,
    0.00335803
  ],
  "NKN": [
    0.01486467,
    0.01196599
  ],
  "HMSTR": [
    0.00013858,
    0.00013943
  ],
  "LAT": [
    0.00130859,
    0.00130764
  ],
  "COS": [
    0.00158468,
    0.00160216
  ],
  "SWARMS": [
    0.00784178,
    0.00821488
  ],
  "FUEL": [
    0.00107068,
    0.00106967
  ],
  "DUCK": [
    0.00107497,
    0.00107665
  ],
  "AVL": [
    0.02719975,
    0.02754144
  ],
  "NAVX": [
    0.00857671,
    0.00856965
  ],
  "COQ": [
    9.4695e-8,
    9.6476e-8
  ],
  "PIXEL": [
    0.00844284,
    0.00845867
  ],
  "RDNT": [
    0.00452784,
    0.00460463
  ],
  "HIPPO": [
    0.00054391,
    0.00054927
  ],
  "OBT": [
    0.00100477,
    0.00100545
  ],
  "SOLV": [
    0.0033023,
    0.00334349
  ],
  "FWOG": [
    0.00499344,
    0.00504199
  ],
  "RSS3": [
    0.00552415,
    0.0055717
  ],
  "LYXE": [
    0.292255,
    0.29319
  ],
  "FHE": [
    0.01788075,
    0.01818551
  ],
  "FORTH": [
    0.364239,
    0.384624
  ],
  "DMC": [
    0.00072243,
    0.00071669
  ],
  "PTB": [
    0.00185508,
    0.00187191
  ],
  "GEAR": [
    0.00032537,
    0.00032682
  ],
  "HOOK": [
    0.01010165,
    0.01016075
  ],
  "FIS": [
    0.01554375,
    0.01543641
  ],
  "A2Z": [
    0.00027761,
    0.00028399
  ],
  "OAS": [
    0.00036234,
    0.00036202
  ],
  "SAMO": [
    0.00040222,
    0.00040391
  ],
  "PERP": [
    0.0299197,
    0.02983545
  ],
  "EPT": [
    0.00083618,
    0.00088706
  ],
  "CUDIS": [
    0.00792009,
    0.0079488
  ],
  "GORK": [
    0.0015715,
    0.00158885
  ],
  "FLM": [
    0.00280399,
    0.00278785
  ],
  "SAROS": [
    0.00054825,
    0.00054399
  ],
  "DATA": [
    0.00107699,
    0.00107213
  ],
  "INSP": [
    0.00131954,
    0.00134573
  ],
  "ACA": [
    0.00083966,
    0.00082614
  ],
  "FOXY": [
    0.00013114,
    0.00012196
  ],
  "RFC": [
    0.00057372,
    0.00054874
  ],
  "BDXN": [
    0.00251392,
    0.0027907
  ],
  "LOOKS": [
    0.00041898,
    0.00040598
  ],
  "SWTCH": [
    0.00229196,
    0.00229396
  ],
  "CHESS": [
    0.00158648,
    0.00162781
  ],
  "MOONPIG": [
    0.00032064,
    0.00032061
  ],
  "ROOT": [
    0.00006697,
    0.00008719
  ],
  "CHILLGUY": [
    0.00006418,
    0.00006421
  ],
  "APU": [
    0.00003495,
    0.00003587
  ],
  "HOLO": [
    0.00001439,
    0.00001439
  ],
  "GMMT": [
    0.00345104,
    0.00344081
  ],
  "RATS": [
    0.00005863,
    0.00005929
  ],
  "ADB": [
    null,
    null
  ]
}