{
  "STABLE": [
    0.03388325,
    0.03386687
  ],
  "PUMP": [
    0.00181533,
    0.0018123
  ],
  "SIREN": [
    0.710537,
    0.712062
  ],
  "AERO": [
    0.453122,
    0.454726
  ],
  "SKYAI": [
    0.358185,
    0.378801
  ],
  "MON": [
    0.03004809,
    0.03005436
  ],
  "JASMY": [
    0.00563423,
    0.00563575
  ],
  "LIT": [
    0.885162,
    0.888124
  ],
  "CVX": [
    1.73,
    1.73
  ],
  "BAT": [
    0.097106,
    0.096896
  ],
  "CHEEMS": [
    6.01417e-7,
    6.02299e-7
  ],
  "ATH": [
    0.00580745,
    0.00577084
  ],
  "TAG": [
    0.00095364,
    0.00098274
  ],
  "COW": [
    0.185072,
    0.18452
  ],
  "BANANAS31": [
    0.00972368,
    0.0097911
  ],
  "BEAT": [
    0.603113,
    0.610474
  ],
  "ARC": [
    0.074854,
    0.075379
  ],
  "SAHARA": [
    0.02301444,
    0.02297369
  ],
  "CKB": [
    0.00149477,
    0.00149118
  ],
  "BAN": [
    0.072588,
    0.072225
  ],
  "ONT": [
    0.070801,
    0.071158
  ],
  "NPC": [
    0.00784596,
    0.00789198
  ],
  "POLYX": [
    0.04770066,
    0.04759053
  ],
  "MYX": [
    0.257262,
    0.256748
  ],
  "CSPR": [
    0.00283897,
    0.00278722
  ],
  "MAGMA": [
    0.229895,
    0.233199
  ],
  "IOTX": [
    0.00447352,
    0.00447498
  ],
  "ISLM": [
    0.01185458,
    0.01176812
  ],
  "REZ": [
    0.00489981,
    0.00478795
  ],
  "MERL": [
    0.03141985,
    0.03125387
  ],
  "NOT": [
    0.00038542,
    0.00038479
  ],
  "NEIRO": [
    0.00009089,
    0.00009091
  ],
  "HUMA": [
    0.0220512,
    0.02188485
  ],
  "SNEK": [
    0.00046163,
    0.0004627
  ],
  "DEP": [
    0.001117,
    0.00111347
  ],
  "SATS": [
    1.4501e-8,
    1.4433e-8
  ],
  "SPELL": [
    0.0001669,
    0.00016646
  ],
  "ALLO": [
    0.120422,
    0.119831
  ],
  "SWARMS": [
    0.02655443,
    0.02690328
  ],
  "GUN": [
    0.01442938,
    0.01437489
  ],
  "CPOOL": [
    0.02572974,
    0.02567221
  ],
  "SLP": [
    0.00069993,
    0.00069977
  ],
  "DEGEN": [
    0.00067335,
    0.00067555
  ],
  "CORN": [
    0.04024297,
    0.04025382
  ],
  "LRC": [
    0.01676456,
    0.01673436
  ],
  "AURORA": [
    0.02638036,
    0.02640381
  ],
  "NIL": [
    0.0411886,
    0.04097595
  ],
  "L3": [
    0.01243973,
    0.01239292
  ],
  "GRIFFAIN": [
    0.01798544,
    0.01788217
  ],
  "AIN": [
    0.094251,
    0.09327
  ],
  "INIT": [
    0.088305,
    0.088067
  ],
  "BOB": [
    0.00566959,
    0.00565245
  ],
  "NYM": [
    0.01963628,
    0.01979351
  ],
  "NEWT": [
    0.07376,
    0.073627
  ],
  "BANK": [
    0.03328099,
    0.03331855
  ],
  "SONIC": [
    0.03729312,
    0.03735323
  ],
  "MUBARAK": [
    0.01341702,
    0.01336702
  ],
  "DSYNC": [
    0.0130053,
    0.01294093
  ],
  "TLM": [
    0.00184072,
    0.00183154
  ],
  "PAAL": [
    0.01289963,
    0.01281019
  ],
  "RESOLV": [
    0.02865685,
    0.02881345
  ],
  "HONEY": [
    0.00180872,
    0.00180896
  ],
  "DAO": [
    0.04196717,
    0.04183463
  ],
  "IKA": [
    0.00330729,
    0.00330488
  ],
  "HMSTR": [
    0.00015208,
    0.00015197
  ],
  "COQ": [
    1.35009e-7,
    1.34682e-7
  ],
  "LAT": [
    0.00132823,
    0.00132788
  ],
  "TAI": [
    0.01490852,
    0.01512786
  ],
  "RSS3": [
    0.00553456,
    0.00552648
  ],
  "AVL": [
    0.0266625,
    0.02741507
  ],
  "FUEL": [
    0.0009022,
    0.00090323
  ],
  "NAVX": [
    0.00874479,
    0.00876273
  ],
  "SOLV": [
    0.00453601,
    0.00454693
  ],
  "NKN": [
    0.00794312,
    0.00804706
  ],
  "PIXEL": [
    0.00785258,
    0.00784008
  ],
  "COS": [
    0.00115401,
    0.00115267
  ],
  "OBT": [
    0.00100785,
    0.00099905
  ],
  "FHE": [
    0.01851639,
    0.01838211
  ],
  "DMC": [
    0.00069089,
    0.00069094
  ],
  "FWOG": [
    0.00452178,
    0.00451495
  ],
  "LYXE": [
    0.256066,
    0.256066
  ],
  "OAS": [
    0.00060029,
    0.00058693
  ],
  "DENT": [
    0.00004049,
    0.00004042
  ],
  "ROAM": [
    0.01049639,
    0.01066745
  ],
  "GEAR": [
    0.00032264,
    0.00032245
  ],
  "FORTH": [
    0.236742,
    0.236279
  ],
  "RDNT": [
    0.00179735,
    0.00179771
  ],
  "HOOK": [
    0.00797384,
    0.00797427
  ],
  "SAMO": [
    0.0003545,
    0.00035514
  ],
  "CUDIS": [
    0.00783582,
    0.00785457
  ],
  "PERP": [
    0.02556082,
    0.02564995
  ],
  "EPT": [
    0.00073012,
    0.00072306
  ],
  "SAROS": [
    0.00062947,
    0.00061545
  ],
  "PTB": [
    0.00078268,
    0.0007786
  ],
  "HIPPO": [
    0.00016188,
    0.00016075
  ],
  "FIS": [
    0.01024367,
    0.01020098
  ],
  "FLM": [
    0.00255533,
    0.00254736
  ],
  "GORK": [
    0.00138497,
    0.00141821
  ],
  "DATA": [
    0.00070681,
    0.00070831
  ],
  "A2Z": [
    0.00009679,
    0.00009882
  ],
  "ACA": [
    0.00067114,
    0.00067066
  ],
  "INSP": [
    0.00092122,
    0.00092992
  ],
  "FOXY": [
    0.00011591,
    0.00011598
  ],
  "DUCK": [
    0.00007208,
    0.0000722
  ],
  "RFC": [
    0.00055841,
    0.00055856
  ],
  "SWTCH": [
    0.00327271,
    0.00330503
  ],
  "LOOKS": [
    0.00034999,
    0.00034983
  ],
  "BDXN": [
    0.00163893,
    0.00166299
  ],
  "MOONPIG": [
    0.00026663,
    0.00026586
  ],
  "ROOT": [
    0.00005819,
    0.00005819
  ],
  "CHILLGUY": [
    0.00009074,
    0.00009074
  ],
  "APU": [
    0.0000434,
    0.00004321
  ],
  "CHESS": [
    0.00019163,
    0.00019083
  ],
  "HOLO": [
    0.00001187,
    0.00001187
  ],
  "GMMT": [
    0.00248659,
    0.0024912
  ],
  "RATS": [
    0.00004024,
    0.0000403
  ],
  "ADB": [
    null,
    null
  ]
}