{
  "PUMP": [
    0.00180575,
    0.00181956
  ],
  "STABLE": [
    0.02692732,
    0.02743903
  ],
  "SIREN": [
    0.707133,
    0.680606
  ],
  "MON": [
    0.03284817,
    0.03340598
  ],
  "AERO": [
    0.412341,
    0.412057
  ],
  "JASMY": [
    0.0056301,
    0.00568231
  ],
  "LIT": [
    0.880457,
    0.890007
  ],
  "SKYAI": [
    0.170687,
    0.178414
  ],
  "CVX": [
    1.78,
    1.79
  ],
  "BAT": [
    0.100072,
    0.101042
  ],
  "CHEEMS": [
    5.98414e-7,
    5.8821e-7
  ],
  "ATH": [
    0.00583422,
    0.00587713
  ],
  "COW": [
    0.184015,
    0.184692
  ],
  "BANANAS31": [
    0.00923525,
    0.00927634
  ],
  "BAN": [
    0.084647,
    0.086182
  ],
  "BEAT": [
    0.618878,
    0.579908
  ],
  "ONT": [
    0.074905,
    0.075582
  ],
  "CKB": [
    0.00147693,
    0.00148288
  ],
  "TAG": [
    0.00065934,
    0.00066094
  ],
  "NPC": [
    0.00845018,
    0.0084153
  ],
  "SAHARA": [
    0.02136469,
    0.02156562
  ],
  "ARC": [
    0.066961,
    0.066533
  ],
  "POLYX": [
    0.04957701,
    0.04990704
  ],
  "CSPR": [
    0.00294179,
    0.00294795
  ],
  "MYX": [
    0.234008,
    0.241889
  ],
  "MERL": [
    0.03610971,
    0.03700184
  ],
  "HUMA": [
    0.02513734,
    0.0259436
  ],
  "IOTX": [
    0.00460982,
    0.00467444
  ],
  "NOT": [
    0.00039151,
    0.00039639
  ],
  "MAGMA": [
    0.199326,
    0.209903
  ],
  "NEIRO": [
    0.00008805,
    0.00009185
  ],
  "SNEK": [
    0.00050931,
    0.00049987
  ],
  "ISLM": [
    0.01197415,
    0.0120574
  ],
  "DEP": [
    0.00111253,
    0.00111464
  ],
  "REZ": [
    0.0036683,
    0.00368187
  ],
  "CPOOL": [
    0.02861779,
    0.02962253
  ],
  "SATS": [
    1.3972e-8,
    1.401e-8
  ],
  "DEGEN": [
    0.00076013,
    0.00076681
  ],
  "SPELL": [
    0.00016387,
    0.00016499
  ],
  "GUN": [
    0.01583662,
    0.0157635
  ],
  "NYM": [
    0.03123866,
    0.03147258
  ],
  "ALLO": [
    0.117102,
    0.113862
  ],
  "SLP": [
    0.00065486,
    0.00065484
  ],
  "CORN": [
    0.04068588,
    0.04071817
  ],
  "LRC": [
    0.01687172,
    0.01699233
  ],
  "AURORA": [
    0.02785803,
    0.02785583
  ],
  "SWARMS": [
    0.01862721,
    0.01925245
  ],
  "BOB": [
    0.00658783,
    0.00658082
  ],
  "NIL": [
    0.0391747,
    0.03904594
  ],
  "GRIFFAIN": [
    0.01666345,
    0.01655549
  ],
  "NEWT": [
    0.076164,
    0.076392
  ],
  "INIT": [
    0.085508,
    0.085188
  ],
  "BANK": [
    0.03763338,
    0.03700413
  ],
  "L3": [
    0.01033461,
    0.01044688
  ],
  "DSYNC": [
    0.01412214,
    0.01413459
  ],
  "MUBARAK": [
    0.01325175,
    0.01344147
  ],
  "SONIC": [
    0.03543219,
    0.03556124
  ],
  "HONEY": [
    0.0021209,
    0.00212697
  ],
  "PAAL": [
    0.01299897,
    0.01299431
  ],
  "RESOLV": [
    0.02955677,
    0.02960777
  ],
  "TLM": [
    0.00173478,
    0.00174744
  ],
  "DAO": [
    0.04475078,
    0.044856
  ],
  "AIN": [
    0.058217,
    0.058509
  ],
  "IKA": [
    0.00358154,
    0.00358981
  ],
  "COQ": [
    1.49607e-7,
    1.49549e-7
  ],
  "HMSTR": [
    0.00015241,
    0.00015353
  ],
  "TAI": [
    0.01609475,
    0.01621443
  ],
  "LAT": [
    0.00133566,
    0.00133456
  ],
  "AVL": [
    0.0267898,
    0.0263394
  ],
  "FUEL": [
    0.0009443,
    0.00094109
  ],
  "DENT": [
    0.00007624,
    0.0000766
  ],
  "NAVX": [
    0.00850975,
    0.00856707
  ],
  "ROAM": [
    0.02039165,
    0.02001394
  ],
  "NKN": [
    0.00823772,
    0.00834914
  ],
  "COS": [
    0.00116141,
    0.00116078
  ],
  "PIXEL": [
    0.00756136,
    0.00756396
  ],
  "OBT": [
    0.0010229,
    0.00102543
  ],
  "SOLV": [
    0.00370617,
    0.00373469
  ],
  "RSS3": [
    0.00572341,
    0.00569105
  ],
  "OAS": [
    0.00067719,
    0.00068045
  ],
  "FWOG": [
    0.00446149,
    0.00445358
  ],
  "FHE": [
    0.0173531,
    0.0172896
  ],
  "DMC": [
    0.00069495,
    0.00069536
  ],
  "LYXE": [
    0.231924,
    0.231924
  ],
  "FORTH": [
    0.239153,
    0.237981
  ],
  "RDNT": [
    0.00197906,
    0.00195864
  ],
  "GEAR": [
    0.00024903,
    0.00025144
  ],
  "HOOK": [
    0.00837196,
    0.00836963
  ],
  "SAMO": [
    0.00039543,
    0.00039634
  ],
  "CUDIS": [
    0.00800961,
    0.00801244
  ],
  "PERP": [
    0.02575903,
    0.02583968
  ],
  "EPT": [
    0.00073528,
    0.00074295
  ],
  "PTB": [
    0.00079901,
    0.00081807
  ],
  "FIS": [
    0.01055412,
    0.01055267
  ],
  "HIPPO": [
    0.00015876,
    0.00016446
  ],
  "GORK": [
    0.00162733,
    0.00163866
  ],
  "SAROS": [
    0.0006327,
    0.00062248
  ],
  "FLM": [
    0.00268723,
    0.00271231
  ],
  "DATA": [
    0.00087544,
    0.00087545
  ],
  "INSP": [
    0.00135475,
    0.00128546
  ],
  "ACA": [
    0.00070018,
    0.00069769
  ],
  "FOXY": [
    0.00011906,
    0.00011997
  ],
  "A2Z": [
    0.00007399,
    0.00007235
  ],
  "RFC": [
    0.00058071,
    0.00057809
  ],
  "DUCK": [
    0.0000722,
    0.00007201
  ],
  "SWTCH": [
    0.00332195,
    0.00330361
  ],
  "LOOKS": [
    0.00037974,
    0.00038258
  ],
  "BDXN": [
    0.00190187,
    0.00189347
  ],
  "MOONPIG": [
    0.00029581,
    0.00029996
  ],
  "ROOT": [
    0.00006119,
    0.00005882
  ],
  "CHILLGUY": [
    0.00017343,
    0.00016585
  ],
  "APU": [
    0.00005414,
    0.0000519
  ],
  "CHESS": [
    0.00013725,
    0.00013657
  ],
  "HOLO": [
    0.00001235,
    0.00001235
  ],
  "GMMT": [
    0.00280882,
    0.00279921
  ],
  "RATS": [
    0.00003575,
    0.00003628
  ],
  "ADB": [
    null,
    null
  ]
}