{
  "STABLE": [
    0.03324212,
    0.03326577
  ],
  "PUMP": [
    0.00180161,
    0.00179684
  ],
  "SIREN": [
    0.697672,
    0.706194
  ],
  "AERO": [
    0.444038,
    0.44412
  ],
  "MON": [
    0.02974181,
    0.02963737
  ],
  "SKYAI": [
    0.345038,
    0.344139
  ],
  "JASMY": [
    0.0056183,
    0.00558683
  ],
  "LIT": [
    0.923428,
    0.917832
  ],
  "CVX": [
    1.75,
    1.75
  ],
  "BAT": [
    0.097351,
    0.097291
  ],
  "TAG": [
    0.00116021,
    0.00121113
  ],
  "CHEEMS": [
    6.25091e-7,
    6.17401e-7
  ],
  "ATH": [
    0.00581216,
    0.00583675
  ],
  "COW": [
    0.187418,
    0.187205
  ],
  "BANANAS31": [
    0.01027773,
    0.01043325
  ],
  "BEAT": [
    0.597327,
    0.598331
  ],
  "SAHARA": [
    0.02418326,
    0.02426058
  ],
  "BAN": [
    0.077577,
    0.076732
  ],
  "CKB": [
    0.00148299,
    0.00147973
  ],
  "ARC": [
    0.073074,
    0.071241
  ],
  "ONT": [
    0.069367,
    0.069385
  ],
  "NPC": [
    0.00768289,
    0.00763783
  ],
  "POLYX": [
    0.047583,
    0.04752518
  ],
  "MAGMA": [
    0.262779,
    0.260511
  ],
  "MYX": [
    0.25227,
    0.250949
  ],
  "CSPR": [
    0.00279095,
    0.00278971
  ],
  "REZ": [
    0.00508058,
    0.00523565
  ],
  "MERL": [
    0.03590543,
    0.03511267
  ],
  "IOTX": [
    0.00453825,
    0.0044979
  ],
  "ISLM": [
    0.01176827,
    0.01176742
  ],
  "NEIRO": [
    0.00009605,
    0.00009458
  ],
  "NOT": [
    0.00039416,
    0.00039256
  ],
  "HUMA": [
    0.02206742,
    0.02195346
  ],
  "SNEK": [
    0.00046171,
    0.0004617
  ],
  "CPOOL": [
    0.03374952,
    0.03339664
  ],
  "DEP": [
    0.0011132,
    0.00111099
  ],
  "SATS": [
    1.4577e-8,
    1.455e-8
  ],
  "SPELL": [
    0.00016624,
    0.00016543
  ],
  "ALLO": [
    0.123393,
    0.122958
  ],
  "SWARMS": [
    0.02650499,
    0.02621402
  ],
  "GUN": [
    0.01436376,
    0.01435305
  ],
  "SLP": [
    0.00070288,
    0.00069871
  ],
  "DEGEN": [
    0.00066238,
    0.00066381
  ],
  "LRC": [
    0.01712822,
    0.01704922
  ],
  "CORN": [
    0.04034726,
    0.0402319
  ],
  "NIL": [
    0.04298506,
    0.04278609
  ],
  "AURORA": [
    0.02656239,
    0.02651876
  ],
  "AIN": [
    0.099288,
    0.09716
  ],
  "L3": [
    0.01203466,
    0.01209764
  ],
  "INIT": [
    0.089454,
    0.089355
  ],
  "GRIFFAIN": [
    0.01726826,
    0.01702194
  ],
  "NYM": [
    0.01967107,
    0.01974157
  ],
  "NEWT": [
    0.075704,
    0.075841
  ],
  "BOB": [
    0.00555522,
    0.00555771
  ],
  "MUBARAK": [
    0.0145588,
    0.01452163
  ],
  "BANK": [
    0.03338944,
    0.03320055
  ],
  "SONIC": [
    0.03749073,
    0.03734096
  ],
  "DSYNC": [
    0.01308957,
    0.0130883
  ],
  "TLM": [
    0.00185628,
    0.00184083
  ],
  "RSS3": [
    0.00755049,
    0.00781212
  ],
  "PAAL": [
    0.01291725,
    0.01293964
  ],
  "RESOLV": [
    0.02875496,
    0.02879033
  ],
  "HONEY": [
    0.00181381,
    0.00181244
  ],
  "DAO": [
    0.04134009,
    0.04135233
  ],
  "IKA": [
    0.00335429,
    0.00335284
  ],
  "HMSTR": [
    0.00015631,
    0.00015536
  ],
  "LAT": [
    0.00132598,
    0.00132265
  ],
  "TAI": [
    0.01500162,
    0.01487524
  ],
  "COQ": [
    1.26454e-7,
    1.25627e-7
  ],
  "AVL": [
    0.02905422,
    0.02849505
  ],
  "NAVX": [
    0.00876087,
    0.00874997
  ],
  "FUEL": [
    0.00090004,
    0.00089717
  ],
  "SOLV": [
    0.00447188,
    0.00440032
  ],
  "NKN": [
    0.00784698,
    0.00786762
  ],
  "PIXEL": [
    0.00791079,
    0.00785438
  ],
  "COS": [
    0.0011634,
    0.00115955
  ],
  "FHE": [
    0.02242166,
    0.02387175
  ],
  "OBT": [
    0.00099463,
    0.00098983
  ],
  "DMC": [
    0.00070533,
    0.00070791
  ],
  "FWOG": [
    0.0047817,
    0.00471814
  ],
  "LYXE": [
    0.266385,
    0.266419
  ],
  "OAS": [
    0.00054262,
    0.00057811
  ],
  "ROAM": [
    0.01080596,
    0.01087758
  ],
  "DENT": [
    0.00003964,
    0.00003944
  ],
  "GEAR": [
    0.00031952,
    0.00031959
  ],
  "FORTH": [
    0.235078,
    0.237435
  ],
  "RDNT": [
    0.00178194,
    0.00178636
  ],
  "HOOK": [
    0.00793378,
    0.00800094
  ],
  "CUDIS": [
    0.00794687,
    0.00795996
  ],
  "SAMO": [
    0.00032397,
    0.00032846
  ],
  "PERP": [
    0.02536296,
    0.02536856
  ],
  "EPT": [
    0.000711,
    0.00071439
  ],
  "PTB": [
    0.00078409,
    0.00078379
  ],
  "FIS": [
    0.01035117,
    0.01033902
  ],
  "HIPPO": [
    0.00016281,
    0.00016113
  ],
  "GORK": [
    0.00145129,
    0.00154016
  ],
  "SAROS": [
    0.00058612,
    0.00058308
  ],
  "FLM": [
    0.00263046,
    0.00262784
  ],
  "DATA": [
    0.00077936,
    0.00075439
  ],
  "ACA": [
    0.00067575,
    0.00067535
  ],
  "INSP": [
    0.00092932,
    0.00092862
  ],
  "A2Z": [
    0.0000877,
    0.0000871
  ],
  "FOXY": [
    0.00011777,
    0.00011774
  ],
  "RFC": [
    0.00055784,
    0.00056345
  ],
  "DUCK": [
    0.00006955,
    0.00006936
  ],
  "SWTCH": [
    0.00318335,
    0.00315841
  ],
  "LOOKS": [
    0.00035096,
    0.00035095
  ],
  "BDXN": [
    0.00178653,
    0.00176766
  ],
  "MOONPIG": [
    0.00027575,
    0.00027573
  ],
  "ROOT": [
    0.00005717,
    0.00005618
  ],
  "CHILLGUY": [
    0.00009776,
    0.00009774
  ],
  "APU": [
    0.00004312,
    0.00004313
  ],
  "CHESS": [
    0.00019217,
    0.00019219
  ],
  "HOLO": [
    0.00001187,
    0.00001187
  ],
  "GMMT": [
    0.00255142,
    0.00257182
  ],
  "RATS": [
    0.00003913,
    0.00003908
  ],
  "ADB": [
    null,
    null
  ]
}