{
  "STABLE": [
    0.03275903,
    0.03270069
  ],
  "PUMP": [
    0.00173201,
    0.0017343
  ],
  "SIREN": [
    0.691733,
    0.6834
  ],
  "AERO": [
    0.469868,
    0.476126
  ],
  "MON": [
    0.02561908,
    0.02697361
  ],
  "JASMY": [
    0.00571315,
    0.00573056
  ],
  "SKYAI": [
    0.265461,
    0.262766
  ],
  "LIT": [
    0.956909,
    0.962677
  ],
  "CVX": [
    1.69,
    1.7
  ],
  "BAT": [
    0.098267,
    0.098326
  ],
  "CHEEMS": [
    5.88139e-7,
    5.92291e-7
  ],
  "ATH": [
    0.00579104,
    0.00580287
  ],
  "COW": [
    0.186294,
    0.185827
  ],
  "BANANAS31": [
    0.0097949,
    0.00987201
  ],
  "BEAT": [
    0.561305,
    0.569229
  ],
  "ARC": [
    0.074997,
    0.074989
  ],
  "BAN": [
    0.072861,
    0.072934
  ],
  "CKB": [
    0.00148896,
    0.00149508
  ],
  "SAHARA": [
    0.02208441,
    0.02207534
  ],
  "ONT": [
    0.070889,
    0.07106
  ],
  "NPC": [
    0.00780247,
    0.00777741
  ],
  "POLYX": [
    0.04757744,
    0.04783406
  ],
  "TAG": [
    0.00053828,
    0.00053542
  ],
  "MYX": [
    0.251244,
    0.251769
  ],
  "CSPR": [
    0.00290789,
    0.00290793
  ],
  "IOTX": [
    0.0045414,
    0.00456114
  ],
  "ISLM": [
    0.01161735,
    0.0116203
  ],
  "MERL": [
    0.0327242,
    0.03316138
  ],
  "NOT": [
    0.00038302,
    0.00038427
  ],
  "MAGMA": [
    0.197594,
    0.199094
  ],
  "NEIRO": [
    0.00008724,
    0.00008739
  ],
  "HUMA": [
    0.02067122,
    0.02056548
  ],
  "REZ": [
    0.00421589,
    0.00423837
  ],
  "SNEK": [
    0.00045072,
    0.0004546
  ],
  "DEP": [
    0.00106057,
    0.00106636
  ],
  "SPELL": [
    0.0001691,
    0.00016869
  ],
  "SATS": [
    1.3421e-8,
    1.3404e-8
  ],
  "CPOOL": [
    0.02513144,
    0.02535292
  ],
  "GUN": [
    0.01424357,
    0.01435206
  ],
  "SLP": [
    0.00069068,
    0.00069133
  ],
  "DEGEN": [
    0.00066934,
    0.00067325
  ],
  "ALLO": [
    0.10961,
    0.110004
  ],
  "SWARMS": [
    0.02462718,
    0.02467212
  ],
  "NYM": [
    0.02561801,
    0.02561575
  ],
  "CORN": [
    0.04021826,
    0.04018019
  ],
  "LRC": [
    0.01686275,
    0.01688138
  ],
  "L3": [
    0.01316834,
    0.0137664
  ],
  "GRIFFAIN": [
    0.01995067,
    0.01988271
  ],
  "AURORA": [
    0.02654766,
    0.02656198
  ],
  "INIT": [
    0.092901,
    0.092188
  ],
  "AIN": [
    0.093027,
    0.092546
  ],
  "NIL": [
    0.03783642,
    0.03780327
  ],
  "NEWT": [
    0.075139,
    0.075336
  ],
  "BOB": [
    0.0055903,
    0.00559859
  ],
  "BANK": [
    0.03418006,
    0.0342851
  ],
  "MUBARAK": [
    0.01362599,
    0.01364864
  ],
  "SONIC": [
    0.03684954,
    0.03690635
  ],
  "DSYNC": [
    0.01277742,
    0.01290466
  ],
  "TLM": [
    0.00182078,
    0.00182923
  ],
  "PAAL": [
    0.01298347,
    0.01297629
  ],
  "RESOLV": [
    0.02909434,
    0.02960147
  ],
  "HONEY": [
    0.00195352,
    0.00194721
  ],
  "IKA": [
    0.00349681,
    0.00349445
  ],
  "DAO": [
    0.04095483,
    0.04103049
  ],
  "HMSTR": [
    0.00015241,
    0.000155
  ],
  "COQ": [
    1.34732e-7,
    1.34987e-7
  ],
  "TAI": [
    0.01573318,
    0.01551526
  ],
  "LAT": [
    0.00131767,
    0.00132041
  ],
  "AVL": [
    0.02596851,
    0.0258905
  ],
  "SOLV": [
    0.00486551,
    0.00489541
  ],
  "FUEL": [
    0.00091378,
    0.0009127
  ],
  "NAVX": [
    0.00868099,
    0.00866995
  ],
  "PIXEL": [
    0.00811559,
    0.00810295
  ],
  "NKN": [
    0.00782265,
    0.00773093
  ],
  "COS": [
    0.00115841,
    0.00116217
  ],
  "OBT": [
    0.0009859,
    0.00098121
  ],
  "RSS3": [
    0.00542306,
    0.00546318
  ],
  "FHE": [
    0.01838628,
    0.0183242
  ],
  "ROAM": [
    0.01313435,
    0.01314616
  ],
  "DMC": [
    0.00068334,
    0.00068445
  ],
  "FWOG": [
    0.00444516,
    0.00450763
  ],
  "DENT": [
    0.00003904,
    0.00004119
  ],
  "LYXE": [
    0.249772,
    0.249772
  ],
  "OAS": [
    0.00051233,
    0.00051324
  ],
  "GEAR": [
    0.00027765,
    0.00028208
  ],
  "FORTH": [
    0.233946,
    0.25373
  ],
  "HOOK": [
    0.00802068,
    0.00811025
  ],
  "RDNT": [
    0.00179069,
    0.0017945
  ],
  "SAMO": [
    0.00036077,
    0.00036418
  ],
  "CUDIS": [
    0.00775478,
    0.00772673
  ],
  "PERP": [
    0.02513566,
    0.0252495
  ],
  "FIS": [
    0.01058799,
    0.01050793
  ],
  "EPT": [
    0.00070034,
    0.00069676
  ],
  "PTB": [
    0.00077293,
    0.00077895
  ],
  "HIPPO": [
    0.0001601,
    0.00015949
  ],
  "FLM": [
    0.00253377,
    0.00259088
  ],
  "GORK": [
    0.00142275,
    0.00140655
  ],
  "SAROS": [
    0.00045542,
    0.00045366
  ],
  "DATA": [
    0.00069693,
    0.00070029
  ],
  "INSP": [
    0.00099594,
    0.00098655
  ],
  "ACA": [
    0.00061167,
    0.00061153
  ],
  "FOXY": [
    0.00011589,
    0.00011506
  ],
  "RFC": [
    0.00065861,
    0.00066076
  ],
  "A2Z": [
    0.0000681,
    0.00006875
  ],
  "DUCK": [
    0.00007093,
    0.00007026
  ],
  "SWTCH": [
    0.0031488,
    0.00321052
  ],
  "LOOKS": [
    0.00035362,
    0.0003517
  ],
  "MOONPIG": [
    0.00026087,
    0.00026284
  ],
  "BDXN": [
    0.00148988,
    0.00147431
  ],
  "ROOT": [
    0.00006156,
    0.00006336
  ],
  "CHILLGUY": [
    0.00010315,
    0.00010399
  ],
  "CHESS": [
    0.00019829,
    0.00019829
  ],
  "APU": [
    0.00003323,
    0.00003431
  ],
  "HOLO": [
    0.00001191,
    0.00001191
  ],
  "GMMT": [
    0.00242193,
    0.00243566
  ],
  "RATS": [
    0.00003627,
    0.00003641
  ],
  "ADB": [
    null,
    null
  ]
}