{
  "STABLE": [
    0.033284,
    0.03289036
  ],
  "PUMP": [
    0.0018208,
    0.00181001
  ],
  "SIREN": [
    0.707511,
    0.725685
  ],
  "AERO": [
    0.450819,
    0.461789
  ],
  "SKYAI": [
    0.41091,
    0.392758
  ],
  "MON": [
    0.03022175,
    0.0299793
  ],
  "JASMY": [
    0.00561854,
    0.00560164
  ],
  "LIT": [
    0.890469,
    0.891365
  ],
  "CVX": [
    1.73,
    1.73
  ],
  "BAT": [
    0.097263,
    0.097046
  ],
  "CHEEMS": [
    6.03274e-7,
    5.96349e-7
  ],
  "ATH": [
    0.00578692,
    0.00577644
  ],
  "COW": [
    0.184685,
    0.184465
  ],
  "BANANAS31": [
    0.00971284,
    0.00976859
  ],
  "TAG": [
    0.00080996,
    0.00082427
  ],
  "BEAT": [
    0.573595,
    0.576831
  ],
  "SAHARA": [
    0.02292175,
    0.023111
  ],
  "ARC": [
    0.074834,
    0.075161
  ],
  "BAN": [
    0.072864,
    0.07328
  ],
  "CKB": [
    0.00148821,
    0.00148799
  ],
  "ONT": [
    0.07119,
    0.07071
  ],
  "NPC": [
    0.00788291,
    0.0078977
  ],
  "POLYX": [
    0.04802184,
    0.04759337
  ],
  "MYX": [
    0.258448,
    0.25895
  ],
  "CSPR": [
    0.00280395,
    0.00279814
  ],
  "MAGMA": [
    0.248224,
    0.229685
  ],
  "IOTX": [
    0.0045116,
    0.004483
  ],
  "ISLM": [
    0.01171216,
    0.0117808
  ],
  "REZ": [
    0.00471471,
    0.00468045
  ],
  "MERL": [
    0.0317803,
    0.03160077
  ],
  "HUMA": [
    0.02203664,
    0.021997
  ],
  "NOT": [
    0.00038147,
    0.00038184
  ],
  "NEIRO": [
    0.00009048,
    0.0000896
  ],
  "SNEK": [
    0.00046504,
    0.00046069
  ],
  "DEP": [
    0.001113,
    0.0011088
  ],
  "SATS": [
    1.3852e-8,
    1.3896e-8
  ],
  "SPELL": [
    0.00016702,
    0.00016613
  ],
  "ALLO": [
    0.117181,
    0.11845
  ],
  "SWARMS": [
    0.02652587,
    0.02650874
  ],
  "GUN": [
    0.01431009,
    0.01427272
  ],
  "SLP": [
    0.00069717,
    0.00069945
  ],
  "CPOOL": [
    0.02540744,
    0.02522676
  ],
  "DEGEN": [
    0.00066077,
    0.00066428
  ],
  "CORN": [
    0.04030467,
    0.0402384
  ],
  "LRC": [
    0.01669044,
    0.01671412
  ],
  "AURORA": [
    0.026426,
    0.02639505
  ],
  "L3": [
    0.01258315,
    0.01233018
  ],
  "NIL": [
    0.04013308,
    0.04031066
  ],
  "GRIFFAIN": [
    0.01787655,
    0.01791521
  ],
  "AIN": [
    0.092477,
    0.094306
  ],
  "NYM": [
    0.02080149,
    0.02082279
  ],
  "INIT": [
    0.090352,
    0.088846
  ],
  "BOB": [
    0.00575467,
    0.00569559
  ],
  "NEWT": [
    0.074107,
    0.073717
  ],
  "BANK": [
    0.03333725,
    0.03335912
  ],
  "SONIC": [
    0.03774176,
    0.03737089
  ],
  "MUBARAK": [
    0.01353721,
    0.01341943
  ],
  "DSYNC": [
    0.01292934,
    0.01295269
  ],
  "TLM": [
    0.00183145,
    0.00183691
  ],
  "PAAL": [
    0.01319441,
    0.01318777
  ],
  "RESOLV": [
    0.0287383,
    0.02856924
  ],
  "HONEY": [
    0.00180175,
    0.00180418
  ],
  "DAO": [
    0.04110508,
    0.04131914
  ],
  "IKA": [
    0.00334735,
    0.00333067
  ],
  "HMSTR": [
    0.0001527,
    0.00015261
  ],
  "COQ": [
    1.35939e-7,
    1.35265e-7
  ],
  "LAT": [
    0.00132777,
    0.00132625
  ],
  "TAI": [
    0.01522408,
    0.01517159
  ],
  "RSS3": [
    0.00551636,
    0.00556281
  ],
  "AVL": [
    0.02639209,
    0.02639507
  ],
  "FUEL": [
    0.00090726,
    0.0009101
  ],
  "NAVX": [
    0.00876261,
    0.00877454
  ],
  "SOLV": [
    0.00456957,
    0.00460458
  ],
  "NKN": [
    0.00804537,
    0.0078349
  ],
  "PIXEL": [
    0.00785853,
    0.0078273
  ],
  "COS": [
    0.00114998,
    0.00114934
  ],
  "OBT": [
    0.00101382,
    0.00100606
  ],
  "FHE": [
    0.01835044,
    0.01827904
  ],
  "DMC": [
    0.00069191,
    0.00069003
  ],
  "FWOG": [
    0.00454871,
    0.00452853
  ],
  "OAS": [
    0.00049946,
    0.00065366
  ],
  "LYXE": [
    0.256066,
    0.256066
  ],
  "DENT": [
    0.00004051,
    0.00004047
  ],
  "ROAM": [
    0.01073517,
    0.0107813
  ],
  "GEAR": [
    0.00032426,
    0.00032426
  ],
  "FORTH": [
    0.242136,
    0.237774
  ],
  "HOOK": [
    0.00805256,
    0.00805171
  ],
  "RDNT": [
    0.0017833,
    0.00177706
  ],
  "SAMO": [
    0.00035173,
    0.00035074
  ],
  "CUDIS": [
    0.00777456,
    0.00783769
  ],
  "PERP": [
    0.0256931,
    0.02562133
  ],
  "SAROS": [
    0.00066451,
    0.00065655
  ],
  "EPT": [
    0.00072726,
    0.00072594
  ],
  "HIPPO": [
    0.00016456,
    0.00016231
  ],
  "PTB": [
    0.00078523,
    0.00078134
  ],
  "FIS": [
    0.01019689,
    0.01020735
  ],
  "FLM": [
    0.00255828,
    0.00255545
  ],
  "GORK": [
    0.0013983,
    0.00139333
  ],
  "DATA": [
    0.00071062,
    0.00070718
  ],
  "A2Z": [
    0.00009719,
    0.00009976
  ],
  "ACA": [
    0.00067457,
    0.00066629
  ],
  "INSP": [
    0.00095809,
    0.00094648
  ],
  "FOXY": [
    0.00011603,
    0.0001169
  ],
  "RFC": [
    0.00057882,
    0.00058401
  ],
  "DUCK": [
    0.00007274,
    0.00007223
  ],
  "SWTCH": [
    0.00333902,
    0.00336808
  ],
  "LOOKS": [
    0.00035692,
    0.00035295
  ],
  "BDXN": [
    0.00161489,
    0.00164669
  ],
  "MOONPIG": [
    0.00026542,
    0.00026248
  ],
  "ROOT": [
    0.00006059,
    0.00005898
  ],
  "CHILLGUY": [
    0.00009074,
    0.00009074
  ],
  "APU": [
    0.00004332,
    0.0000433
  ],
  "CHESS": [
    0.00019413,
    0.00019277
  ],
  "HOLO": [
    0.00001187,
    0.00001187
  ],
  "GMMT": [
    0.00249067,
    0.00249411
  ],
  "RATS": [
    0.00003881,
    0.00003887
  ],
  "ADB": [
    null,
    null
  ]
}