{
  "STABLE": [
    0.03445014,
    0.03302374
  ],
  "PUMP": [
    0.00187475,
    0.00187215
  ],
  "SIREN": [
    0.687519,
    0.681138
  ],
  "AERO": [
    0.476013,
    0.486894
  ],
  "MON": [
    0.02902029,
    0.02883451
  ],
  "JASMY": [
    0.00590061,
    0.00591719
  ],
  "SKYAI": [
    0.24568,
    0.271057
  ],
  "LIT": [
    0.906011,
    0.898834
  ],
  "CVX": [
    1.76,
    1.76
  ],
  "BAT": [
    0.101071,
    0.101988
  ],
  "CHEEMS": [
    6.13643e-7,
    6.28917e-7
  ],
  "ATH": [
    0.00594491,
    0.00596028
  ],
  "COW": [
    0.188911,
    0.190295
  ],
  "BANANAS31": [
    0.00953471,
    0.00944863
  ],
  "BEAT": [
    0.589366,
    0.593675
  ],
  "ARC": [
    0.073455,
    0.074411
  ],
  "SAHARA": [
    0.02262862,
    0.0226531
  ],
  "CKB": [
    0.00150602,
    0.00151031
  ],
  "BAN": [
    0.072299,
    0.072042
  ],
  "ONT": [
    0.072187,
    0.071683
  ],
  "NPC": [
    0.00791548,
    0.00806502
  ],
  "POLYX": [
    0.049149,
    0.04924992
  ],
  "TAG": [
    0.00058424,
    0.00056037
  ],
  "MYX": [
    0.264347,
    0.259331
  ],
  "CSPR": [
    0.00290622,
    0.00293096
  ],
  "IOTX": [
    0.00465755,
    0.00471104
  ],
  "MERL": [
    0.03625294,
    0.03574752
  ],
  "ISLM": [
    0.01171191,
    0.01180126
  ],
  "NOT": [
    0.00039797,
    0.00040273
  ],
  "NEIRO": [
    0.00009238,
    0.0000946
  ],
  "MAGMA": [
    0.190388,
    0.195388
  ],
  "REZ": [
    0.00432607,
    0.00430197
  ],
  "HUMA": [
    0.02033176,
    0.02040859
  ],
  "SNEK": [
    0.00046941,
    0.00047257
  ],
  "DEP": [
    0.00111148,
    0.0011103
  ],
  "SATS": [
    1.4248e-8,
    1.4332e-8
  ],
  "SPELL": [
    0.0001748,
    0.00017341
  ],
  "DEGEN": [
    0.00068868,
    0.00071217
  ],
  "SLP": [
    0.00071411,
    0.00071125
  ],
  "GUN": [
    0.01492162,
    0.01474782
  ],
  "CPOOL": [
    0.02552633,
    0.025467
  ],
  "ALLO": [
    0.111346,
    0.110858
  ],
  "SWARMS": [
    0.0220876,
    0.02321739
  ],
  "NYM": [
    0.02645329,
    0.02643315
  ],
  "LRC": [
    0.0172348,
    0.01723475
  ],
  "CORN": [
    0.04029695,
    0.04028932
  ],
  "L3": [
    0.01392556,
    0.01342969
  ],
  "GRIFFAIN": [
    0.01909568,
    0.01942463
  ],
  "AURORA": [
    0.02635974,
    0.0264979
  ],
  "INIT": [
    0.094652,
    0.094061
  ],
  "NIL": [
    0.04005273,
    0.04023704
  ],
  "NEWT": [
    0.077867,
    0.077869
  ],
  "BOB": [
    0.00595582,
    0.00581768
  ],
  "AIN": [
    0.088901,
    0.086048
  ],
  "BANK": [
    0.036211,
    0.03736839
  ],
  "MUBARAK": [
    0.01444917,
    0.01431368
  ],
  "SONIC": [
    0.03740107,
    0.03737134
  ],
  "DSYNC": [
    0.01341264,
    0.01339774
  ],
  "TLM": [
    0.00187048,
    0.00186979
  ],
  "PAAL": [
    0.01320434,
    0.01328115
  ],
  "RESOLV": [
    0.02977089,
    0.02933377
  ],
  "HONEY": [
    0.00192739,
    0.00196696
  ],
  "IKA": [
    0.00360678,
    0.00358999
  ],
  "DAO": [
    0.04155294,
    0.04157417
  ],
  "HMSTR": [
    0.00015349,
    0.00015459
  ],
  "COQ": [
    1.39559e-7,
    1.41754e-7
  ],
  "TAI": [
    0.01639245,
    0.01607279
  ],
  "LAT": [
    0.00133281,
    0.00133808
  ],
  "AVL": [
    0.02602607,
    0.02610916
  ],
  "SOLV": [
    0.00465879,
    0.00509101
  ],
  "FUEL": [
    0.00091786,
    0.0009158
  ],
  "NAVX": [
    0.00875614,
    0.00876789
  ],
  "PIXEL": [
    0.00836598,
    0.00839989
  ],
  "NKN": [
    0.00797973,
    0.00806638
  ],
  "COS": [
    0.00116896,
    0.00117838
  ],
  "OBT": [
    0.00100203,
    0.00100089
  ],
  "RSS3": [
    0.00562147,
    0.00559595
  ],
  "FHE": [
    0.01964906,
    0.01994013
  ],
  "ROAM": [
    0.01397417,
    0.0140574
  ],
  "DMC": [
    0.00072554,
    0.00072177
  ],
  "FWOG": [
    0.00478293,
    0.00468032
  ],
  "DENT": [
    0.00004071,
    0.00004254
  ],
  "LYXE": [
    0.249772,
    0.249772
  ],
  "OAS": [
    0.00051578,
    0.00051692
  ],
  "GEAR": [
    0.00029862,
    0.00030064
  ],
  "FORTH": [
    0.244641,
    0.244747
  ],
  "RDNT": [
    0.00183726,
    0.00181313
  ],
  "HOOK": [
    0.00807539,
    0.00812389
  ],
  "SAMO": [
    0.00035889,
    0.00035917
  ],
  "CUDIS": [
    0.0077695,
    0.00777438
  ],
  "PERP": [
    0.02525158,
    0.02532325
  ],
  "PTB": [
    0.00080095,
    0.00080292
  ],
  "EPT": [
    0.00071411,
    0.00071397
  ],
  "FIS": [
    0.01049998,
    0.01056663
  ],
  "HIPPO": [
    0.00015844,
    0.00016177
  ],
  "FLM": [
    0.00265269,
    0.00268233
  ],
  "GORK": [
    0.00151131,
    0.00150375
  ],
  "SAROS": [
    0.00046329,
    0.00046373
  ],
  "DATA": [
    0.0007092,
    0.00071314
  ],
  "INSP": [
    0.00099813,
    0.00101469
  ],
  "ACA": [
    0.00062884,
    0.00063372
  ],
  "FOXY": [
    0.0001159,
    0.00011685
  ],
  "RFC": [
    0.00063708,
    0.00063754
  ],
  "DUCK": [
    0.00007656,
    0.00007594
  ],
  "A2Z": [
    0.00006996,
    0.00006932
  ],
  "SWTCH": [
    0.00320602,
    0.00320394
  ],
  "LOOKS": [
    0.00037874,
    0.00037595
  ],
  "MOONPIG": [
    0.00026482,
    0.00026398
  ],
  "BDXN": [
    0.00151399,
    0.00152671
  ],
  "ROOT": [
    0.00006206,
    0.00006068
  ],
  "CHILLGUY": [
    0.00011113,
    0.00011137
  ],
  "APU": [
    0.00004002,
    0.00004039
  ],
  "CHESS": [
    0.00017,
    0.00017
  ],
  "HOLO": [
    0.00001191,
    0.00001191
  ],
  "GMMT": [
    0.0024698,
    0.00249714
  ],
  "RATS": [
    0.00003839,
    0.0000383
  ],
  "ADB": [
    null,
    null
  ]
}