{
  "PUMP": [
    0.00175538,
    0.0017663
  ],
  "STABLE": [
    0.03364519,
    0.03334932
  ],
  "SIREN": [
    0.68281,
    0.678795
  ],
  "AERO": [
    0.460711,
    0.461287
  ],
  "MON": [
    0.03216349,
    0.03217949
  ],
  "JASMY": [
    0.00591591,
    0.00594584
  ],
  "LIT": [
    0.908609,
    0.91361
  ],
  "SKYAI": [
    0.18933,
    0.19006
  ],
  "CVX": [
    1.78,
    1.79
  ],
  "BAT": [
    0.105395,
    0.105475
  ],
  "CHEEMS": [
    5.93303e-7,
    6.00202e-7
  ],
  "ATH": [
    0.00601999,
    0.00605548
  ],
  "COW": [
    0.191761,
    0.191685
  ],
  "BANANAS31": [
    0.00960892,
    0.00957596
  ],
  "BAN": [
    0.081604,
    0.082068
  ],
  "SAHARA": [
    0.02418606,
    0.02409842
  ],
  "CKB": [
    0.0016193,
    0.00162049
  ],
  "BEAT": [
    0.562178,
    0.555806
  ],
  "TAG": [
    0.00068023,
    0.00068033
  ],
  "ONT": [
    0.072131,
    0.072195
  ],
  "ARC": [
    0.068757,
    0.068751
  ],
  "NPC": [
    0.00851313,
    0.00851749
  ],
  "POLYX": [
    0.051081,
    0.051106
  ],
  "MERL": [
    0.04097859,
    0.04140172
  ],
  "MYX": [
    0.257592,
    0.256614
  ],
  "CSPR": [
    0.00289566,
    0.00290486
  ],
  "IOTX": [
    0.00477482,
    0.00478099
  ],
  "NOT": [
    0.00041902,
    0.00042128
  ],
  "HUMA": [
    0.02383366,
    0.02377748
  ],
  "MAGMA": [
    0.198537,
    0.198437
  ],
  "NEIRO": [
    0.00008795,
    0.00008828
  ],
  "SNEK": [
    0.00049026,
    0.00049224
  ],
  "REZ": [
    0.00401704,
    0.00402627
  ],
  "SATS": [
    1.4622e-8,
    1.4664e-8
  ],
  "ISLM": [
    0.01187939,
    0.01188871
  ],
  "DEP": [
    0.00110619,
    0.00110643
  ],
  "SPELL": [
    0.00016572,
    0.00016574
  ],
  "CPOOL": [
    0.02700559,
    0.02668627
  ],
  "SLP": [
    0.00072038,
    0.00071656
  ],
  "GUN": [
    0.01495652,
    0.01490979
  ],
  "DEGEN": [
    0.0006833,
    0.00068859
  ],
  "ALLO": [
    0.113313,
    0.113035
  ],
  "NYM": [
    0.02940812,
    0.02949282
  ],
  "INIT": [
    0.089738,
    0.090542
  ],
  "LRC": [
    0.01706166,
    0.01710346
  ],
  "CORN": [
    0.04014261,
    0.04017642
  ],
  "NIL": [
    0.04435253,
    0.04443459
  ],
  "AURORA": [
    0.02780925,
    0.02782075
  ],
  "SWARMS": [
    0.01857576,
    0.01851235
  ],
  "GRIFFAIN": [
    0.01748194,
    0.01756652
  ],
  "NEWT": [
    0.080979,
    0.080293
  ],
  "BOB": [
    0.0057884,
    0.00579873
  ],
  "L3": [
    0.01090909,
    0.01084626
  ],
  "AIN": [
    0.080612,
    0.080337
  ],
  "BANK": [
    0.03411502,
    0.03425041
  ],
  "DSYNC": [
    0.01405582,
    0.01405838
  ],
  "SONIC": [
    0.03849144,
    0.03883205
  ],
  "MUBARAK": [
    0.01356053,
    0.01357715
  ],
  "TLM": [
    0.00187292,
    0.00187695
  ],
  "HONEY": [
    0.00205769,
    0.00205483
  ],
  "RESOLV": [
    0.02954314,
    0.02976278
  ],
  "PAAL": [
    0.01272555,
    0.01273078
  ],
  "IKA": [
    0.00373249,
    0.00372806
  ],
  "DAO": [
    0.04450261,
    0.04415502
  ],
  "HMSTR": [
    0.0001575,
    0.00015817
  ],
  "COQ": [
    1.43564e-7,
    1.43608e-7
  ],
  "TAI": [
    0.01654415,
    0.01657433
  ],
  "LAT": [
    0.00132946,
    0.00133067
  ],
  "AVL": [
    0.02637995,
    0.02660872
  ],
  "FUEL": [
    0.00093301,
    0.0009321
  ],
  "NAVX": [
    0.00882678,
    0.00882814
  ],
  "NKN": [
    0.00855283,
    0.00856022
  ],
  "PIXEL": [
    0.00826016,
    0.00823663
  ],
  "COS": [
    0.00117706,
    0.00117633
  ],
  "SOLV": [
    0.00409696,
    0.00409073
  ],
  "OBT": [
    0.00103453,
    0.00102897
  ],
  "ROAM": [
    0.01632714,
    0.01634362
  ],
  "DENT": [
    0.00005968,
    0.00005942
  ],
  "RSS3": [
    0.00579981,
    0.00581162
  ],
  "FWOG": [
    0.00485871,
    0.00488796
  ],
  "DMC": [
    0.00070983,
    0.00070891
  ],
  "FHE": [
    0.01794894,
    0.01804118
  ],
  "LYXE": [
    0.244205,
    0.245365
  ],
  "OAS": [
    0.00058089,
    0.00057933
  ],
  "FORTH": [
    0.246492,
    0.240913
  ],
  "HOOK": [
    0.0083252,
    0.00840346
  ],
  "RDNT": [
    0.00186013,
    0.00185929
  ],
  "GEAR": [
    0.00022927,
    0.00023065
  ],
  "SAMO": [
    0.0003827,
    0.00038198
  ],
  "CUDIS": [
    0.00791275,
    0.0079076
  ],
  "PERP": [
    0.02603997,
    0.02613847
  ],
  "EPT": [
    0.0007427,
    0.00074272
  ],
  "PTB": [
    0.0008196,
    0.00081441
  ],
  "FIS": [
    0.0107203,
    0.01056203
  ],
  "HIPPO": [
    0.00016031,
    0.00016044
  ],
  "FLM": [
    0.00272254,
    0.00272573
  ],
  "GORK": [
    0.00151251,
    0.00150033
  ],
  "SAROS": [
    0.00050799,
    0.00050849
  ],
  "DATA": [
    0.0007306,
    0.00073433
  ],
  "INSP": [
    0.00107242,
    0.00107215
  ],
  "ACA": [
    0.00067008,
    0.0006697
  ],
  "FOXY": [
    0.00012091,
    0.00012092
  ],
  "A2Z": [
    0.00006999,
    0.0000701
  ],
  "RFC": [
    0.00058767,
    0.00058591
  ],
  "SWTCH": [
    0.00343627,
    0.00343637
  ],
  "DUCK": [
    0.00006956,
    0.00006961
  ],
  "LOOKS": [
    0.00036301,
    0.00036099
  ],
  "MOONPIG": [
    0.0002943,
    0.00029619
  ],
  "BDXN": [
    0.00150732,
    0.00149711
  ],
  "ROOT": [
    0.00005951,
    0.00005941
  ],
  "CHILLGUY": [
    0.00013891,
    0.00013968
  ],
  "APU": [
    0.0000446,
    0.0000434
  ],
  "CHESS": [
    0.00017029,
    0.00017029
  ],
  "HOLO": [
    0.00001228,
    0.00001228
  ],
  "GMMT": [
    0.00265331,
    0.00265893
  ],
  "RATS": [
    0.00003711,
    0.0000371
  ],
  "ADB": [
    null,
    null
  ]
}