{
  "PUMP": [
    0.00176305,
    0.0017549
  ],
  "STABLE": [
    0.03392403,
    0.03377657
  ],
  "SIREN": [
    0.674614,
    0.679833
  ],
  "AERO": [
    0.467151,
    0.45992
  ],
  "MON": [
    0.03182678,
    0.03184873
  ],
  "JASMY": [
    0.00586013,
    0.00587856
  ],
  "LIT": [
    0.910544,
    0.912045
  ],
  "SKYAI": [
    0.186945,
    0.186712
  ],
  "CVX": [
    1.79,
    1.79
  ],
  "BAT": [
    0.105448,
    0.105264
  ],
  "CHEEMS": [
    5.96985e-7,
    5.87032e-7
  ],
  "ATH": [
    0.00601995,
    0.00598996
  ],
  "COW": [
    0.191706,
    0.191793
  ],
  "BANANAS31": [
    0.00960975,
    0.00957125
  ],
  "BAN": [
    0.083921,
    0.083686
  ],
  "CKB": [
    0.00163188,
    0.00163375
  ],
  "BEAT": [
    0.572548,
    0.566586
  ],
  "SAHARA": [
    0.02400439,
    0.02390145
  ],
  "TAG": [
    0.00068629,
    0.00067822
  ],
  "ONT": [
    0.072289,
    0.072136
  ],
  "NPC": [
    0.00852553,
    0.00851272
  ],
  "ARC": [
    0.069732,
    0.068475
  ],
  "POLYX": [
    0.050907,
    0.05092
  ],
  "MERL": [
    0.04065498,
    0.04104125
  ],
  "MYX": [
    0.262317,
    0.259078
  ],
  "CSPR": [
    0.0028975,
    0.00289317
  ],
  "IOTX": [
    0.00482703,
    0.00481116
  ],
  "NOT": [
    0.00042353,
    0.00042249
  ],
  "HUMA": [
    0.02430389,
    0.02408053
  ],
  "MAGMA": [
    0.207516,
    0.204339
  ],
  "NEIRO": [
    0.00008833,
    0.00008781
  ],
  "SNEK": [
    0.00048319,
    0.00048465
  ],
  "REZ": [
    0.00399942,
    0.00399916
  ],
  "SATS": [
    1.4707e-8,
    1.4713e-8
  ],
  "ISLM": [
    0.01200979,
    0.01189788
  ],
  "DEP": [
    0.00110955,
    0.00110869
  ],
  "SPELL": [
    0.00016573,
    0.000165
  ],
  "CPOOL": [
    0.02719884,
    0.02707815
  ],
  "SLP": [
    0.00072364,
    0.00072269
  ],
  "GUN": [
    0.01517184,
    0.01503548
  ],
  "ALLO": [
    0.114997,
    0.11391
  ],
  "DEGEN": [
    0.0006834,
    0.00068355
  ],
  "NYM": [
    0.02949068,
    0.02947078
  ],
  "INIT": [
    0.089645,
    0.08958
  ],
  "LRC": [
    0.01713281,
    0.01708193
  ],
  "CORN": [
    0.04009991,
    0.04009965
  ],
  "NIL": [
    0.04444497,
    0.04400545
  ],
  "AURORA": [
    0.02774481,
    0.02774498
  ],
  "SWARMS": [
    0.0186947,
    0.01859633
  ],
  "GRIFFAIN": [
    0.01749782,
    0.01749763
  ],
  "NEWT": [
    0.080592,
    0.080539
  ],
  "BOB": [
    0.00580716,
    0.00580674
  ],
  "L3": [
    0.01112065,
    0.01113323
  ],
  "AIN": [
    0.077552,
    0.078749
  ],
  "BANK": [
    0.03397787,
    0.03397939
  ],
  "DSYNC": [
    0.01427394,
    0.01410217
  ],
  "SONIC": [
    0.03872012,
    0.03865146
  ],
  "MUBARAK": [
    0.01365685,
    0.01359695
  ],
  "TLM": [
    0.00188056,
    0.00187762
  ],
  "HONEY": [
    0.00207124,
    0.0020695
  ],
  "PAAL": [
    0.01263735,
    0.01272486
  ],
  "DAO": [
    0.04642603,
    0.04522458
  ],
  "RESOLV": [
    0.02905738,
    0.0292465
  ],
  "IKA": [
    0.00372855,
    0.00371848
  ],
  "HMSTR": [
    0.00015744,
    0.00015668
  ],
  "COQ": [
    1.43304e-7,
    1.43386e-7
  ],
  "TAI": [
    0.016552,
    0.01658973
  ],
  "LAT": [
    0.00132955,
    0.00132747
  ],
  "AVL": [
    0.0267834,
    0.0267868
  ],
  "FUEL": [
    0.00093271,
    0.00093153
  ],
  "NAVX": [
    0.00882465,
    0.00882584
  ],
  "NKN": [
    0.0084476,
    0.00848381
  ],
  "PIXEL": [
    0.00847074,
    0.00837445
  ],
  "SOLV": [
    0.00408263,
    0.00411718
  ],
  "COS": [
    0.00117443,
    0.00117575
  ],
  "OBT": [
    0.0010333,
    0.00103815
  ],
  "DENT": [
    0.00006059,
    0.00005955
  ],
  "ROAM": [
    0.01568289,
    0.01575497
  ],
  "RSS3": [
    0.00582358,
    0.00576973
  ],
  "FWOG": [
    0.00482864,
    0.00482846
  ],
  "DMC": [
    0.00071072,
    0.00070881
  ],
  "FHE": [
    0.01787097,
    0.01787858
  ],
  "OAS": [
    0.00057993,
    0.0005801
  ],
  "LYXE": [
    0.24467,
    0.243751
  ],
  "FORTH": [
    0.243299,
    0.243329
  ],
  "RDNT": [
    0.00189451,
    0.00188317
  ],
  "HOOK": [
    0.00833834,
    0.00841324
  ],
  "GEAR": [
    0.00022975,
    0.00022884
  ],
  "SAMO": [
    0.00038353,
    0.00038316
  ],
  "CUDIS": [
    0.0079891,
    0.00794088
  ],
  "PERP": [
    0.02655632,
    0.0265562
  ],
  "EPT": [
    0.00073425,
    0.00073494
  ],
  "PTB": [
    0.00081245,
    0.00081042
  ],
  "FIS": [
    0.01073535,
    0.01074161
  ],
  "HIPPO": [
    0.00016286,
    0.0001614
  ],
  "FLM": [
    0.00272476,
    0.00272045
  ],
  "GORK": [
    0.00152485,
    0.00151957
  ],
  "SAROS": [
    0.0005041,
    0.00050866
  ],
  "DATA": [
    0.00075198,
    0.0007489
  ],
  "INSP": [
    0.00107614,
    0.00107333
  ],
  "ACA": [
    0.00067851,
    0.00067927
  ],
  "FOXY": [
    0.00012091,
    0.00012007
  ],
  "A2Z": [
    0.00006927,
    0.00006925
  ],
  "RFC": [
    0.00058448,
    0.00059356
  ],
  "SWTCH": [
    0.00338082,
    0.00339919
  ],
  "DUCK": [
    0.00007002,
    0.00007024
  ],
  "LOOKS": [
    0.00036575,
    0.00036577
  ],
  "MOONPIG": [
    0.00029604,
    0.00029509
  ],
  "BDXN": [
    0.00150097,
    0.00150785
  ],
  "ROOT": [
    0.00005902,
    0.00005903
  ],
  "CHILLGUY": [
    0.0001392,
    0.00013868
  ],
  "APU": [
    0.00004428,
    0.00004422
  ],
  "CHESS": [
    0.00016954,
    0.00016952
  ],
  "HOLO": [
    0.00001228,
    0.00001228
  ],
  "GMMT": [
    0.00265293,
    0.00266302
  ],
  "RATS": [
    0.00003663,
    0.00003666
  ],
  "ADB": [
    null,
    null
  ]
}