{
  "PUMP": [
    0.00182215,
    0.00176908
  ],
  "STABLE": [
    0.02933879,
    0.02963543
  ],
  "SIREN": [
    0.667625,
    0.647701
  ],
  "AERO": [
    0.451266,
    0.435831
  ],
  "MON": [
    0.03311549,
    0.0322155
  ],
  "JASMY": [
    0.00567941,
    0.0055698
  ],
  "LIT": [
    0.917282,
    0.89425
  ],
  "SKYAI": [
    0.191662,
    0.194508
  ],
  "CVX": [
    1.8,
    1.76
  ],
  "BAT": [
    0.102907,
    0.101034
  ],
  "CHEEMS": [
    5.86676e-7,
    5.70391e-7
  ],
  "ATH": [
    0.0060025,
    0.00590965
  ],
  "BANANAS31": [
    0.01078819,
    0.01007904
  ],
  "COW": [
    0.18568,
    0.181739
  ],
  "BAN": [
    0.07899,
    0.080746
  ],
  "ONT": [
    0.079614,
    0.079408
  ],
  "BEAT": [
    0.557314,
    0.539509
  ],
  "CKB": [
    0.00151222,
    0.00148273
  ],
  "TAG": [
    0.00065969,
    0.00064555
  ],
  "SAHARA": [
    0.0215689,
    0.02122606
  ],
  "ARC": [
    0.066088,
    0.066712
  ],
  "NPC": [
    0.00823459,
    0.00820054
  ],
  "POLYX": [
    0.050511,
    0.04982477
  ],
  "CSPR": [
    0.00293184,
    0.00290192
  ],
  "MYX": [
    0.237893,
    0.237453
  ],
  "MERL": [
    0.03837122,
    0.03661342
  ],
  "IOTX": [
    0.00482196,
    0.00474479
  ],
  "HUMA": [
    0.02576814,
    0.02534329
  ],
  "NOT": [
    0.00040236,
    0.0003934
  ],
  "SNEK": [
    0.00050782,
    0.000509
  ],
  "NEIRO": [
    0.00008994,
    0.00008679
  ],
  "MAGMA": [
    0.192937,
    0.193674
  ],
  "REZ": [
    0.00371242,
    0.00388637
  ],
  "DEP": [
    0.00112977,
    0.00112788
  ],
  "ISLM": [
    0.01175512,
    0.01177579
  ],
  "SATS": [
    1.43e-8,
    1.3883e-8
  ],
  "SPELL": [
    0.0001644,
    0.00016372
  ],
  "CPOOL": [
    0.02823251,
    0.02810721
  ],
  "GUN": [
    0.01600879,
    0.01599436
  ],
  "NYM": [
    0.03120557,
    0.03118079
  ],
  "ALLO": [
    0.11504,
    0.114416
  ],
  "DEGEN": [
    0.0006774,
    0.00066309
  ],
  "SLP": [
    0.00066616,
    0.00065634
  ],
  "LRC": [
    0.01731678,
    0.01705532
  ],
  "CORN": [
    0.04057213,
    0.04042484
  ],
  "AURORA": [
    0.02782116,
    0.02768329
  ],
  "SWARMS": [
    0.01851215,
    0.01854047
  ],
  "GRIFFAIN": [
    0.01724817,
    0.01748337
  ],
  "NIL": [
    0.04084652,
    0.03962534
  ],
  "BOB": [
    0.00597918,
    0.00594546
  ],
  "NEWT": [
    0.077101,
    0.076182
  ],
  "BANK": [
    0.03718637,
    0.0369024
  ],
  "INIT": [
    0.083064,
    0.083454
  ],
  "L3": [
    0.01040786,
    0.01025765
  ],
  "HONEY": [
    0.00236237,
    0.00243527
  ],
  "MUBARAK": [
    0.0136325,
    0.01343444
  ],
  "DSYNC": [
    0.01402039,
    0.01345916
  ],
  "SONIC": [
    0.03564356,
    0.03506442
  ],
  "TLM": [
    0.0018071,
    0.00178085
  ],
  "AIN": [
    0.062936,
    0.062196
  ],
  "PAAL": [
    0.01278412,
    0.01271788
  ],
  "RESOLV": [
    0.02973832,
    0.02937292
  ],
  "DAO": [
    0.04539753,
    0.04482118
  ],
  "IKA": [
    0.00360504,
    0.00364809
  ],
  "COQ": [
    1.51203e-7,
    1.45866e-7
  ],
  "HMSTR": [
    0.00015517,
    0.00015265
  ],
  "TAI": [
    0.01627343,
    0.01624511
  ],
  "LAT": [
    0.00133436,
    0.00132497
  ],
  "DENT": [
    0.0000758,
    0.00007973
  ],
  "AVL": [
    0.02584221,
    0.02582061
  ],
  "FUEL": [
    0.00093816,
    0.00093834
  ],
  "NKN": [
    0.0088845,
    0.00881316
  ],
  "NAVX": [
    0.00858099,
    0.00858167
  ],
  "COS": [
    0.00116473,
    0.00115686
  ],
  "ROAM": [
    0.0179269,
    0.01665641
  ],
  "PIXEL": [
    0.00745662,
    0.00752443
  ],
  "SOLV": [
    0.00385933,
    0.0039116
  ],
  "OBT": [
    0.00102469,
    0.00101959
  ],
  "RSS3": [
    0.0057166,
    0.00573098
  ],
  "FWOG": [
    0.0045789,
    0.00450551
  ],
  "DMC": [
    0.00071048,
    0.00071029
  ],
  "FHE": [
    0.01774424,
    0.01736667
  ],
  "OAS": [
    0.0006594,
    0.00065102
  ],
  "LYXE": [
    0.224656,
    0.224656
  ],
  "RDNT": [
    0.00195589,
    0.00193675
  ],
  "GEAR": [
    0.00025234,
    0.00024895
  ],
  "FORTH": [
    0.233037,
    0.230787
  ],
  "HOOK": [
    0.0083226,
    0.00828017
  ],
  "SAMO": [
    0.00039064,
    0.00039038
  ],
  "CUDIS": [
    0.00804519,
    0.00791396
  ],
  "PERP": [
    0.02573131,
    0.02562387
  ],
  "EPT": [
    0.00074197,
    0.00073222
  ],
  "PTB": [
    0.00084048,
    0.00082453
  ],
  "FIS": [
    0.01058778,
    0.01052937
  ],
  "HIPPO": [
    0.00016307,
    0.00015994
  ],
  "GORK": [
    0.00160905,
    0.00158524
  ],
  "FLM": [
    0.00269687,
    0.00269995
  ],
  "SAROS": [
    0.00056524,
    0.00056897
  ],
  "DATA": [
    0.00087814,
    0.00086602
  ],
  "INSP": [
    0.00124018,
    0.001262
  ],
  "ACA": [
    0.00068223,
    0.00068424
  ],
  "FOXY": [
    0.00011989,
    0.00011898
  ],
  "A2Z": [
    0.0000739,
    0.00007432
  ],
  "DUCK": [
    0.00007293,
    0.00007325
  ],
  "RFC": [
    0.0005681,
    0.00056804
  ],
  "SWTCH": [
    0.00338064,
    0.00335272
  ],
  "LOOKS": [
    0.00040309,
    0.00040152
  ],
  "BDXN": [
    0.00186825,
    0.00185287
  ],
  "MOONPIG": [
    0.00029504,
    0.00029198
  ],
  "ROOT": [
    0.0000603,
    0.00006131
  ],
  "CHILLGUY": [
    0.00015849,
    0.00015759
  ],
  "APU": [
    0.0000517,
    0.00005254
  ],
  "CHESS": [
    0.00015532,
    0.0001553
  ],
  "HOLO": [
    0.00001244,
    0.00001233
  ],
  "GMMT": [
    0.0027959,
    0.0027704
  ],
  "RATS": [
    0.00004132,
    0.00003782
  ],
  "ADB": [
    null,
    null
  ]
}