{
  "STABLE": [
    0.03241345,
    0.03254027
  ],
  "PUMP": [
    0.00176152,
    0.00175239
  ],
  "SIREN": [
    0.67147,
    0.670018
  ],
  "AERO": [
    0.448739,
    0.446444
  ],
  "SKYAI": [
    0.317337,
    0.336159
  ],
  "MON": [
    0.02749145,
    0.02742292
  ],
  "JASMY": [
    0.00571627,
    0.00568515
  ],
  "LIT": [
    0.903302,
    0.893281
  ],
  "CVX": [
    1.72,
    1.69
  ],
  "BAT": [
    0.097305,
    0.097092
  ],
  "CHEEMS": [
    6.03352e-7,
    6.09279e-7
  ],
  "ATH": [
    0.00582629,
    0.00591832
  ],
  "COW": [
    0.184423,
    0.184438
  ],
  "BANANAS31": [
    0.0096761,
    0.00953219
  ],
  "BEAT": [
    0.556966,
    0.563728
  ],
  "ARC": [
    0.075296,
    0.07499
  ],
  "BAN": [
    0.072307,
    0.072266
  ],
  "SAHARA": [
    0.02205706,
    0.02197395
  ],
  "TAG": [
    0.00058607,
    0.00066124
  ],
  "CKB": [
    0.00147723,
    0.00146613
  ],
  "ONT": [
    0.071723,
    0.070778
  ],
  "NPC": [
    0.00785706,
    0.00776989
  ],
  "POLYX": [
    0.04737609,
    0.0471931
  ],
  "MYX": [
    0.251039,
    0.252973
  ],
  "CSPR": [
    0.0028889,
    0.00286078
  ],
  "IOTX": [
    0.00453867,
    0.00451132
  ],
  "MAGMA": [
    0.208967,
    0.217595
  ],
  "ISLM": [
    0.01149827,
    0.01157512
  ],
  "MERL": [
    0.03282534,
    0.03239143
  ],
  "NOT": [
    0.00038935,
    0.00038963
  ],
  "NEIRO": [
    0.00008803,
    0.00008842
  ],
  "HUMA": [
    0.02159945,
    0.0212813
  ],
  "REZ": [
    0.00416047,
    0.00420217
  ],
  "SNEK": [
    0.00046276,
    0.00046205
  ],
  "DEP": [
    0.00109803,
    0.00111143
  ],
  "SATS": [
    1.3593e-8,
    1.3623e-8
  ],
  "SPELL": [
    0.00016591,
    0.00016595
  ],
  "SWARMS": [
    0.02682558,
    0.02661981
  ],
  "GUN": [
    0.01454656,
    0.01480514
  ],
  "ALLO": [
    0.114432,
    0.115121
  ],
  "CPOOL": [
    0.02587454,
    0.02585774
  ],
  "SLP": [
    0.0006915,
    0.00069118
  ],
  "DEGEN": [
    0.00066596,
    0.00067007
  ],
  "CORN": [
    0.04022735,
    0.04020156
  ],
  "LRC": [
    0.01667026,
    0.01673266
  ],
  "NYM": [
    0.02530846,
    0.02477368
  ],
  "L3": [
    0.01476225,
    0.01379249
  ],
  "GRIFFAIN": [
    0.01884683,
    0.01918776
  ],
  "AURORA": [
    0.02650511,
    0.02654389
  ],
  "AIN": [
    0.095624,
    0.096819
  ],
  "INIT": [
    0.089834,
    0.090888
  ],
  "NIL": [
    0.03827347,
    0.03854132
  ],
  "NEWT": [
    0.074102,
    0.073898
  ],
  "BOB": [
    0.00553096,
    0.00556657
  ],
  "BANK": [
    0.03415601,
    0.03402994
  ],
  "SONIC": [
    0.03761243,
    0.03783844
  ],
  "MUBARAK": [
    0.01348007,
    0.01340928
  ],
  "DSYNC": [
    0.01299496,
    0.01299572
  ],
  "TLM": [
    0.0018277,
    0.00183036
  ],
  "PAAL": [
    0.01307167,
    0.01301034
  ],
  "RESOLV": [
    0.02955044,
    0.02936057
  ],
  "HONEY": [
    0.0019821,
    0.00194152
  ],
  "IKA": [
    0.00347424,
    0.00346876
  ],
  "DAO": [
    0.04058619,
    0.04106581
  ],
  "HMSTR": [
    0.00015622,
    0.00015509
  ],
  "COQ": [
    1.35043e-7,
    1.34769e-7
  ],
  "LAT": [
    0.0013127,
    0.00131763
  ],
  "TAI": [
    0.01550178,
    0.01521406
  ],
  "AVL": [
    0.02581984,
    0.02585673
  ],
  "FUEL": [
    0.00091137,
    0.00091753
  ],
  "NAVX": [
    0.00870585,
    0.00871649
  ],
  "SOLV": [
    0.00475196,
    0.00477325
  ],
  "NKN": [
    0.00789888,
    0.00819848
  ],
  "PIXEL": [
    0.00806607,
    0.00822015
  ],
  "COS": [
    0.00113593,
    0.00112145
  ],
  "OBT": [
    0.00099626,
    0.00099029
  ],
  "RSS3": [
    0.00550162,
    0.00550506
  ],
  "FHE": [
    0.01828274,
    0.01822035
  ],
  "DMC": [
    0.00068413,
    0.00069679
  ],
  "FWOG": [
    0.00455593,
    0.0045329
  ],
  "ROAM": [
    0.01241586,
    0.01230317
  ],
  "LYXE": [
    0.249772,
    0.249772
  ],
  "DENT": [
    0.00004118,
    0.00004019
  ],
  "GEAR": [
    0.00032422,
    0.00033006
  ],
  "OAS": [
    0.00049149,
    0.00048913
  ],
  "FORTH": [
    0.24283,
    0.235201
  ],
  "HOOK": [
    0.00803454,
    0.00798986
  ],
  "RDNT": [
    0.0017735,
    0.00179263
  ],
  "SAMO": [
    0.00035898,
    0.00035879
  ],
  "CUDIS": [
    0.00780396,
    0.00780892
  ],
  "PERP": [
    0.02549258,
    0.02559247
  ],
  "EPT": [
    0.00070669,
    0.00071355
  ],
  "FIS": [
    0.0102884,
    0.01049886
  ],
  "HIPPO": [
    0.00015873,
    0.00015951
  ],
  "PTB": [
    0.00077527,
    0.00075686
  ],
  "FLM": [
    0.00260372,
    0.00260706
  ],
  "GORK": [
    0.00136774,
    0.0013423
  ],
  "SAROS": [
    0.00045648,
    0.00045824
  ],
  "DATA": [
    0.00070356,
    0.00070653
  ],
  "INSP": [
    0.00101101,
    0.00098216
  ],
  "ACA": [
    0.00061293,
    0.00061526
  ],
  "A2Z": [
    0.00006917,
    0.00008187
  ],
  "FOXY": [
    0.00011494,
    0.00011507
  ],
  "RFC": [
    0.00061215,
    0.00060071
  ],
  "DUCK": [
    0.00006905,
    0.00007153
  ],
  "SWTCH": [
    0.00286259,
    0.00343248
  ],
  "LOOKS": [
    0.00039384,
    0.00037662
  ],
  "MOONPIG": [
    0.00026383,
    0.00026378
  ],
  "BDXN": [
    0.00156812,
    0.00159295
  ],
  "ROOT": [
    0.00006256,
    0.00005896
  ],
  "CHILLGUY": [
    0.00010117,
    0.0001011
  ],
  "CHESS": [
    0.00019612,
    0.000208
  ],
  "APU": [
    0.00003831,
    0.00003887
  ],
  "HOLO": [
    0.00001191,
    0.00001191
  ],
  "GMMT": [
    0.00244179,
    0.00244307
  ],
  "RATS": [
    0.00003866,
    0.00003845
  ],
  "ADB": [
    null,
    null
  ]
}