{
  "PUMP": [
    0.00177769,
    0.00175523
  ],
  "STABLE": [
    0.03479263,
    0.03604269
  ],
  "SIREN": [
    0.692763,
    0.707037
  ],
  "AERO": [
    0.459945,
    0.462268
  ],
  "MON": [
    0.02999053,
    0.02888012
  ],
  "JASMY": [
    0.00587042,
    0.00593385
  ],
  "LIT": [
    0.868008,
    0.844476
  ],
  "SKYAI": [
    0.164789,
    0.159542
  ],
  "CVX": [
    1.73,
    1.72
  ],
  "BAT": [
    0.102075,
    0.101286
  ],
  "CHEEMS": [
    5.85078e-7,
    6.05945e-7
  ],
  "ATH": [
    0.00596869,
    0.00585933
  ],
  "COW": [
    0.18667,
    0.184862
  ],
  "BANANAS31": [
    0.00963139,
    0.00920023
  ],
  "BEAT": [
    0.533383,
    0.545021
  ],
  "ARC": [
    0.07387,
    0.075159
  ],
  "SAHARA": [
    0.02339878,
    0.02292137
  ],
  "CKB": [
    0.0015111,
    0.00150774
  ],
  "BAN": [
    0.069672,
    0.073422
  ],
  "TAG": [
    0.00067696,
    0.00065474
  ],
  "ONT": [
    0.070835,
    0.071058
  ],
  "NPC": [
    0.00816901,
    0.00806841
  ],
  "POLYX": [
    0.04917138,
    0.04893661
  ],
  "MYX": [
    0.260777,
    0.279492
  ],
  "MERL": [
    0.03721075,
    0.03759781
  ],
  "CSPR": [
    0.00289496,
    0.00289602
  ],
  "IOTX": [
    0.0047074,
    0.00466382
  ],
  "NOT": [
    0.00040326,
    0.00039622
  ],
  "HUMA": [
    0.02181937,
    0.02184971
  ],
  "NEIRO": [
    0.00008877,
    0.00008783
  ],
  "MAGMA": [
    0.190068,
    0.189831
  ],
  "SNEK": [
    0.00047564,
    0.0004664
  ],
  "REZ": [
    0.00398804,
    0.00395954
  ],
  "SPELL": [
    0.00018319,
    0.00017692
  ],
  "ISLM": [
    0.01174781,
    0.01173909
  ],
  "SATS": [
    1.4154e-8,
    1.4203e-8
  ],
  "DEP": [
    0.00100231,
    0.00100471
  ],
  "SLP": [
    0.00073026,
    0.00073349
  ],
  "ALLO": [
    0.111928,
    0.111448
  ],
  "DEGEN": [
    0.00068111,
    0.00067633
  ],
  "SWARMS": [
    0.02199502,
    0.02504487
  ],
  "GUN": [
    0.01432939,
    0.01424005
  ],
  "CPOOL": [
    0.02468695,
    0.02459644
  ],
  "NYM": [
    0.02763741,
    0.02741043
  ],
  "CORN": [
    0.04012016,
    0.04049847
  ],
  "LRC": [
    0.01676842,
    0.01668562
  ],
  "AURORA": [
    0.0270351,
    0.02681759
  ],
  "NIL": [
    0.04090767,
    0.03973394
  ],
  "INIT": [
    0.091802,
    0.091503
  ],
  "GRIFFAIN": [
    0.01796942,
    0.01738908
  ],
  "NEWT": [
    0.077271,
    0.077296
  ],
  "AIN": [
    0.089323,
    0.086348
  ],
  "BOB": [
    0.0056518,
    0.00565199
  ],
  "L3": [
    0.01038724,
    0.01031527
  ],
  "BANK": [
    0.03375671,
    0.03342838
  ],
  "SONIC": [
    0.03927762,
    0.03888
  ],
  "DSYNC": [
    0.01338866,
    0.01332784
  ],
  "MUBARAK": [
    0.01328719,
    0.01321465
  ],
  "TLM": [
    0.00185304,
    0.0018351
  ],
  "HONEY": [
    0.00207762,
    0.00207378
  ],
  "RESOLV": [
    0.02978668,
    0.02967172
  ],
  "PAAL": [
    0.01261398,
    0.01231334
  ],
  "IKA": [
    0.00339198,
    0.00347585
  ],
  "DAO": [
    0.04141275,
    0.04125064
  ],
  "HMSTR": [
    0.00015352,
    0.00015237
  ],
  "TAI": [
    0.01646827,
    0.01644546
  ],
  "COQ": [
    1.39432e-7,
    1.37111e-7
  ],
  "LAT": [
    0.00131733,
    0.00131813
  ],
  "AVL": [
    0.02615698,
    0.02614227
  ],
  "FUEL": [
    0.00092864,
    0.00092615
  ],
  "NAVX": [
    0.00875923,
    0.00871444
  ],
  "NKN": [
    0.0083507,
    0.00831444
  ],
  "PIXEL": [
    0.00835354,
    0.00836424
  ],
  "COS": [
    0.0011644,
    0.00116852
  ],
  "SOLV": [
    0.00398496,
    0.00400891
  ],
  "OBT": [
    0.00100681,
    0.00100141
  ],
  "RSS3": [
    0.00563329,
    0.00564559
  ],
  "ROAM": [
    0.01485229,
    0.01489635
  ],
  "DMC": [
    0.0007178,
    0.00071588
  ],
  "FWOG": [
    0.00466187,
    0.00458138
  ],
  "FHE": [
    0.01806094,
    0.01766464
  ],
  "LYXE": [
    0.250052,
    0.248356
  ],
  "DENT": [
    0.00003914,
    0.00004011
  ],
  "OAS": [
    0.00055022,
    0.00054771
  ],
  "FORTH": [
    0.24762,
    0.243919
  ],
  "HOOK": [
    0.0081348,
    0.00820057
  ],
  "RDNT": [
    0.00180639,
    0.00179349
  ],
  "GEAR": [
    0.00022752,
    0.00022315
  ],
  "SAMO": [
    0.00037129,
    0.00037125
  ],
  "CUDIS": [
    0.00779002,
    0.00777423
  ],
  "PERP": [
    0.02570835,
    0.02565847
  ],
  "EPT": [
    0.00071936,
    0.00072148
  ],
  "PTB": [
    0.00080644,
    0.00079608
  ],
  "FIS": [
    0.0106003,
    0.01052366
  ],
  "HIPPO": [
    0.0001622,
    0.00016092
  ],
  "FLM": [
    0.00265169,
    0.00265762
  ],
  "GORK": [
    0.00143533,
    0.0014256
  ],
  "SAROS": [
    0.00048772,
    0.0004772
  ],
  "DATA": [
    0.00071002,
    0.00070572
  ],
  "INSP": [
    0.00099096,
    0.00099322
  ],
  "ACA": [
    0.00065999,
    0.00066204
  ],
  "FOXY": [
    0.00011502,
    0.00011581
  ],
  "A2Z": [
    0.00007324,
    0.00007279
  ],
  "RFC": [
    0.00056786,
    0.00059471
  ],
  "DUCK": [
    0.00006911,
    0.00006886
  ],
  "SWTCH": [
    0.00316786,
    0.00319128
  ],
  "LOOKS": [
    0.00036402,
    0.00035987
  ],
  "MOONPIG": [
    0.00027386,
    0.00027218
  ],
  "BDXN": [
    0.00162273,
    0.00163417
  ],
  "ROOT": [
    0.00006257,
    0.00006249
  ],
  "CHILLGUY": [
    0.00011227,
    0.0001115
  ],
  "APU": [
    0.00003891,
    0.00003885
  ],
  "CHESS": [
    0.0001692,
    0.0001682
  ],
  "HOLO": [
    0.00001191,
    0.00001191
  ],
  "GMMT": [
    0.00247042,
    0.00248053
  ],
  "RATS": [
    0.00003826,
    0.00003823
  ],
  "ADB": [
    null,
    null
  ]
}