{
  "AERO": [
    0.319849,
    0.324829
  ],
  "JASMY": [
    0.0055067,
    0.00556209
  ],
  "MON": [
    0.02285603,
    0.02338462
  ],
  "LIT": [
    0.97173,
    0.990592
  ],
  "BAT": [
    0.11179,
    0.11067
  ],
  "CVX": [
    1.75,
    1.77
  ],
  "BANANAS31": [
    0.01382426,
    0.01372049
  ],
  "ATH": [
    0.00677836,
    0.00682322
  ],
  "COW": [
    0.200278,
    0.204
  ],
  "CHEEMS": [
    4.72882e-7,
    4.78955e-7
  ],
  "BEAT": [
    0.612328,
    0.569565
  ],
  "CKB": [
    0.00142426,
    0.00145175
  ],
  "MYX": [
    0.325362,
    0.327542
  ],
  "BAN": [
    0.058036,
    0.057554
  ],
  "CSPR": [
    0.00355881,
    0.00365125
  ],
  "IOTX": [
    0.00537038,
    0.00549785
  ],
  "ARC": [
    0.04546403,
    0.04617035
  ],
  "GUN": [
    0.02282159,
    0.02181243
  ],
  "ISLM": [
    0.01391654,
    0.01397934
  ],
  "HUMA": [
    0.01912881,
    0.02039024
  ],
  "MERL": [
    0.02627936,
    0.02714474
  ],
  "DEP": [
    0.00116069,
    0.00116468
  ],
  "LRC": [
    0.02478079,
    0.02465589
  ],
  "MAGMA": [
    0.140761,
    0.141788
  ],
  "DEGEN": [
    0.00070513,
    0.00071523
  ],
  "ALLO": [
    0.118883,
    0.118981
  ],
  "CORN": [
    0.04324098,
    0.04395425
  ],
  "CPOOL": [
    0.02250793,
    0.02278518
  ],
  "AURORA": [
    0.0288665,
    0.02897558
  ],
  "DENT": [
    0.00019661,
    0.00020003
  ],
  "DSYNC": [
    0.01792487,
    0.01817073
  ],
  "BANK": [
    0.03898919,
    0.03813
  ],
  "INIT": [
    0.08979,
    0.084539
  ],
  "HONEY": [
    0.00251007,
    0.0025444
  ],
  "L3": [
    0.00950518,
    0.00951443
  ],
  "DAO": [
    0.050515,
    0.05058
  ],
  "MUBARAK": [
    0.01239904,
    0.01258772
  ],
  "BOB": [
    0.00564248,
    0.0056313
  ],
  "AIN": [
    0.062171,
    0.064373
  ],
  "IKA": [
    0.00343936,
    0.00348599
  ],
  "GRIFFAIN": [
    0.00998641,
    0.01007913
  ],
  "HMSTR": [
    0.0001442,
    0.00014577
  ],
  "LAT": [
    0.00131948,
    0.00132636
  ],
  "FUEL": [
    0.00110367,
    0.00109683
  ],
  "COS": [
    0.00148482,
    0.00145852
  ],
  "DUCK": [
    0.00102911,
    0.00102536
  ],
  "AVL": [
    0.02579056,
    0.02589349
  ],
  "NAVX": [
    0.00857178,
    0.00860277
  ],
  "COQ": [
    9.7471e-8,
    9.7534e-8
  ],
  "HIPPO": [
    0.00053585,
    0.00053985
  ],
  "FWOG": [
    0.00539947,
    0.00547184
  ],
  "LYXE": [
    0.320944,
    0.324919
  ],
  "FHE": [
    0.02046143,
    0.02020303
  ],
  "FORTH": [
    0.385042,
    0.389095
  ],
  "DMC": [
    0.00078523,
    0.0007621
  ],
  "GEAR": [
    0.0003258,
    0.00033277
  ],
  "HOOK": [
    0.01132469,
    0.01126635
  ],
  "A2Z": [
    0.00032884,
    0.00033113
  ],
  "FIS": [
    0.01489449,
    0.01496384
  ],
  "CUDIS": [
    0.00760918,
    0.00765656
  ],
  "EPT": [
    0.00077978,
    0.00078198
  ],
  "GORK": [
    0.00163261,
    0.00166372
  ],
  "FLM": [
    0.00284594,
    0.00284145
  ],
  "DATA": [
    0.0009095,
    0.00091811
  ],
  "INSP": [
    0.00132129,
    0.00131196
  ],
  "FOXY": [
    0.00016943,
    0.00016888
  ],
  "ACA": [
    0.00080274,
    0.00081035
  ],
  "BDXN": [
    0.00264964,
    0.00268249
  ],
  "LOOKS": [
    0.00041469,
    0.00041744
  ],
  "MOONPIG": [
    0.0003396,
    0.00034605
  ],
  "CHESS": [
    0.00154697,
    0.0015468
  ],
  "CHILLGUY": [
    0.00006385,
    0.00006385
  ],
  "APU": [
    0.00003596,
    0.00003726
  ],
  "HOLO": [
    0.00001392,
    0.00001419
  ],
  "GMMT": [
    0.00350679,
    0.00357585
  ],
  "ADB": [
    null,
    null
  ]
}