{
  "SIREN": [
    1.99,
    1.58
  ],
  "PUMP": [
    0.00177201,
    0.00176798
  ],
  "STABLE": [
    0.02577851,
    0.02540036
  ],
  "AERO": [
    0.325464,
    0.328724
  ],
  "JASMY": [
    0.00531297,
    0.0053271
  ],
  "MON": [
    0.02431985,
    0.02377145
  ],
  "LIT": [
    0.952712,
    0.941874
  ],
  "CVX": [
    1.66,
    1.69
  ],
  "BAT": [
    0.104359,
    0.101485
  ],
  "ATH": [
    0.00743141,
    0.00759812
  ],
  "BANANAS31": [
    0.01437283,
    0.01367117
  ],
  "COW": [
    0.201703,
    0.199996
  ],
  "CHEEMS": [
    4.59597e-7,
    4.47356e-7
  ],
  "SAHARA": [
    0.02622243,
    0.02638749
  ],
  "BEAT": [
    0.507995,
    0.577359
  ],
  "CKB": [
    0.00139548,
    0.0014028
  ],
  "SKYAI": [
    0.065717,
    0.06619
  ],
  "TAG": [
    0.00060351,
    0.00060281
  ],
  "NPC": [
    0.00791047,
    0.00776573
  ],
  "MYX": [
    0.315711,
    0.311863
  ],
  "BAN": [
    0.057925,
    0.056981
  ],
  "POLYX": [
    0.04350898,
    0.04388744
  ],
  "CSPR": [
    0.00346768,
    0.00336951
  ],
  "ONT": [
    0.054656,
    0.054299
  ],
  "IOTX": [
    0.00501289,
    0.00507056
  ],
  "ARC": [
    0.04410734,
    0.04266966
  ],
  "NOT": [
    0.0003651,
    0.00036147
  ],
  "SNEK": [
    0.00045099,
    0.00045277
  ],
  "GUN": [
    0.021553,
    0.02030954
  ],
  "ISLM": [
    0.01267693,
    0.01264053
  ],
  "DEP": [
    0.00115948,
    0.00116165
  ],
  "MERL": [
    0.02679835,
    0.0263489
  ],
  "HUMA": [
    0.01776735,
    0.01728712
  ],
  "LRC": [
    0.02329291,
    0.0232597
  ],
  "SPELL": [
    0.00016704,
    0.00016768
  ],
  "REZ": [
    0.00345195,
    0.00347353
  ],
  "NYM": [
    0.03248077,
    0.03249764
  ],
  "MAGMA": [
    0.140236,
    0.139623
  ],
  "DEGEN": [
    0.00070688,
    0.00070975
  ],
  "ALLO": [
    0.11722,
    0.117498
  ],
  "NEIRO": [
    0.00005804,
    0.00005788
  ],
  "CORN": [
    0.04382899,
    0.04632697
  ],
  "CPOOL": [
    0.02377157,
    0.02392222
  ],
  "SATS": [
    1.0959e-8,
    1.0942e-8
  ],
  "SLP": [
    0.00059715,
    0.00060352
  ],
  "DENT": [
    0.00020157,
    0.0002077
  ],
  "AURORA": [
    0.02873914,
    0.02863452
  ],
  "DAO": [
    0.080247,
    0.076783
  ],
  "DSYNC": [
    0.01778722,
    0.01752411
  ],
  "BANK": [
    0.03916204,
    0.03913811
  ],
  "INIT": [
    0.083266,
    0.085025
  ],
  "NIL": [
    0.03468125,
    0.03566656
  ],
  "RESOLV": [
    0.03989585,
    0.03969177
  ],
  "NEWT": [
    0.070625,
    0.070433
  ],
  "SONIC": [
    0.03967599,
    0.03983751
  ],
  "L3": [
    0.01066788,
    0.01035367
  ],
  "PAAL": [
    0.01557134,
    0.01556397
  ],
  "NKN": [
    0.01259357,
    0.01645367
  ],
  "HONEY": [
    0.00242485,
    0.00232745
  ],
  "ROAM": [
    0.03973314,
    0.03756547
  ],
  "BOB": [
    0.00533325,
    0.0057226
  ],
  "MUBARAK": [
    0.01170314,
    0.01172215
  ],
  "GRIFFAIN": [
    0.01109035,
    0.01168907
  ],
  "AIN": [
    0.061194,
    0.059471
  ],
  "TLM": [
    0.00165973,
    0.0016694
  ],
  "TAI": [
    0.0173732,
    0.01720698
  ],
  "IKA": [
    0.00332471,
    0.00331368
  ],
  "HMSTR": [
    0.00013885,
    0.00014008
  ],
  "LAT": [
    0.00131447,
    0.00131409
  ],
  "FUEL": [
    0.00109701,
    0.00107101
  ],
  "SWARMS": [
    0.00756671,
    0.00790617
  ],
  "COS": [
    0.00153944,
    0.00150169
  ],
  "DUCK": [
    0.00104935,
    0.00105133
  ],
  "AVL": [
    0.02624217,
    0.02622919
  ],
  "NAVX": [
    0.00852971,
    0.00844134
  ],
  "COQ": [
    9.9057e-8,
    9.8391e-8
  ],
  "PIXEL": [
    0.00780018,
    0.00786408
  ],
  "RDNT": [
    0.00479213,
    0.00467716
  ],
  "HIPPO": [
    0.00055551,
    0.00055626
  ],
  "OBT": [
    0.00104928,
    0.00103444
  ],
  "FWOG": [
    0.00522904,
    0.00523903
  ],
  "RSS3": [
    0.00588371,
    0.00572992
  ],
  "FHE": [
    0.01977839,
    0.01930764
  ],
  "SOLV": [
    0.00298155,
    0.00315204
  ],
  "LYXE": [
    0.297726,
    0.297726
  ],
  "FORTH": [
    0.415842,
    0.399439
  ],
  "DMC": [
    0.00074063,
    0.0007266
  ],
  "PTB": [
    0.002005,
    0.0017428
  ],
  "GEAR": [
    0.00033032,
    0.00033051
  ],
  "HOOK": [
    0.0111544,
    0.01066378
  ],
  "SAMO": [
    0.00043253,
    0.00043962
  ],
  "FIS": [
    0.01578544,
    0.01549176
  ],
  "A2Z": [
    0.00028231,
    0.00028358
  ],
  "OAS": [
    0.00036418,
    0.00036326
  ],
  "PERP": [
    0.03159601,
    0.03140096
  ],
  "CUDIS": [
    0.00761244,
    0.00756936
  ],
  "EPT": [
    0.00078506,
    0.00078982
  ],
  "GORK": [
    0.00145819,
    0.00164133
  ],
  "FLM": [
    0.00278855,
    0.00276133
  ],
  "SAROS": [
    0.00056333,
    0.00055571
  ],
  "DATA": [
    0.00111382,
    0.00110689
  ],
  "INSP": [
    0.00137001,
    0.00134679
  ],
  "ACA": [
    0.00097937,
    0.00090699
  ],
  "FOXY": [
    0.00013247,
    0.00014237
  ],
  "RFC": [
    0.00055411,
    0.00055458
  ],
  "SWTCH": [
    0.00260416,
    0.00252273
  ],
  "LOOKS": [
    0.00040749,
    0.00040097
  ],
  "BDXN": [
    0.00245931,
    0.00246425
  ],
  "CHESS": [
    0.00162167,
    0.00158762
  ],
  "MOONPIG": [
    0.000319,
    0.00032271
  ],
  "ROOT": [
    0.00006135,
    0.00006111
  ],
  "CHILLGUY": [
    0.00006443,
    0.0000648
  ],
  "APU": [
    0.0000338,
    0.00003403
  ],
  "HOLO": [
    0.00001439,
    0.00001439
  ],
  "GMMT": [
    0.00346859,
    0.00348187
  ],
  "RATS": [
    0.00005205,
    0.00005301
  ],
  "ADB": [
    null,
    null
  ]
}