{
  "STABLE": [
    0.03381131,
    0.03387273
  ],
  "PUMP": [
    0.00184296,
    0.00184073
  ],
  "SIREN": [
    0.762379,
    0.750379
  ],
  "SKYAI": [
    0.553523,
    0.526817
  ],
  "AERO": [
    0.449145,
    0.453399
  ],
  "MON": [
    0.03032452,
    0.03025968
  ],
  "JASMY": [
    0.0056058,
    0.00570028
  ],
  "LIT": [
    0.915187,
    0.920109
  ],
  "CVX": [
    1.78,
    1.79
  ],
  "BAT": [
    0.1071,
    0.106427
  ],
  "TAG": [
    0.00144946,
    0.00137979
  ],
  "CHEEMS": [
    6.38892e-7,
    6.44317e-7
  ],
  "BANANAS31": [
    0.0123719,
    0.01232373
  ],
  "ATH": [
    0.00616046,
    0.00622708
  ],
  "COW": [
    0.192392,
    0.192965
  ],
  "SAHARA": [
    0.02435828,
    0.02452264
  ],
  "BEAT": [
    0.556307,
    0.552811
  ],
  "BAN": [
    0.074377,
    0.075474
  ],
  "CKB": [
    0.00152262,
    0.00153098
  ],
  "ONT": [
    0.071205,
    0.072404
  ],
  "ARC": [
    0.067721,
    0.067978
  ],
  "POLYX": [
    0.04888635,
    0.04951301
  ],
  "NPC": [
    0.00743207,
    0.00745333
  ],
  "NOT": [
    0.00049255,
    0.00051145
  ],
  "MERL": [
    0.03886816,
    0.03996542
  ],
  "MYX": [
    0.239827,
    0.241957
  ],
  "MAGMA": [
    0.249136,
    0.242921
  ],
  "REZ": [
    0.00541662,
    0.00536641
  ],
  "CSPR": [
    0.00278692,
    0.002797
  ],
  "IOTX": [
    0.00458999,
    0.00457216
  ],
  "NEIRO": [
    0.0001083,
    0.0001018
  ],
  "ISLM": [
    0.01137472,
    0.01143194
  ],
  "HUMA": [
    0.0216775,
    0.02171141
  ],
  "SNEK": [
    0.00047191,
    0.00048907
  ],
  "SATS": [
    1.505e-8,
    1.5095e-8
  ],
  "DEP": [
    0.00111285,
    0.00111287
  ],
  "SPELL": [
    0.00016946,
    0.00017057
  ],
  "CPOOL": [
    0.02719103,
    0.02735721
  ],
  "SWARMS": [
    0.02695904,
    0.02713153
  ],
  "GUN": [
    0.01468219,
    0.01475259
  ],
  "ALLO": [
    0.117685,
    0.117539
  ],
  "SLP": [
    0.00072327,
    0.00072574
  ],
  "DEGEN": [
    0.00069569,
    0.00069816
  ],
  "CORN": [
    0.04016455,
    0.04025623
  ],
  "LRC": [
    0.01692309,
    0.01693359
  ],
  "AURORA": [
    0.02693837,
    0.02700532
  ],
  "NYM": [
    0.02161864,
    0.0217595
  ],
  "NIL": [
    0.03989814,
    0.0401717
  ],
  "INIT": [
    0.090521,
    0.090864
  ],
  "AIN": [
    0.095082,
    0.095221
  ],
  "GRIFFAIN": [
    0.01742353,
    0.01728384
  ],
  "L3": [
    0.01143653,
    0.01128724
  ],
  "BOB": [
    0.00568098,
    0.00569568
  ],
  "NEWT": [
    0.07537,
    0.075893
  ],
  "MUBARAK": [
    0.01619736,
    0.01619023
  ],
  "BANK": [
    0.03341294,
    0.0335236
  ],
  "SONIC": [
    0.03751183,
    0.0376872
  ],
  "DSYNC": [
    0.01291262,
    0.01287085
  ],
  "TLM": [
    0.00185842,
    0.00187641
  ],
  "RESOLV": [
    0.03022427,
    0.03082337
  ],
  "HONEY": [
    0.0019116,
    0.00202712
  ],
  "PAAL": [
    0.01301285,
    0.01314357
  ],
  "RSS3": [
    0.00756758,
    0.00770254
  ],
  "HMSTR": [
    0.00017612,
    0.00017964
  ],
  "IKA": [
    0.00347567,
    0.00348197
  ],
  "DAO": [
    0.04160323,
    0.04119272
  ],
  "COQ": [
    1.29773e-7,
    1.38419e-7
  ],
  "LAT": [
    0.00132859,
    0.00132617
  ],
  "TAI": [
    0.01515305,
    0.01513825
  ],
  "AVL": [
    0.02761021,
    0.02741442
  ],
  "NAVX": [
    0.00891327,
    0.00891358
  ],
  "FHE": [
    0.02864529,
    0.02904005
  ],
  "FUEL": [
    0.00089343,
    0.00088901
  ],
  "SOLV": [
    0.00433633,
    0.00434628
  ],
  "NKN": [
    0.00791619,
    0.00799345
  ],
  "FWOG": [
    0.00636147,
    0.00637993
  ],
  "PIXEL": [
    0.00793925,
    0.00797874
  ],
  "COS": [
    0.00114309,
    0.00114023
  ],
  "DMC": [
    0.00082874,
    0.00085666
  ],
  "OBT": [
    0.0009776,
    0.00097928
  ],
  "LYXE": [
    0.277955,
    0.277955
  ],
  "ROAM": [
    0.01230156,
    0.01229556
  ],
  "OAS": [
    0.00058224,
    0.00057199
  ],
  "DENT": [
    0.00003955,
    0.00004
  ],
  "GEAR": [
    0.00031819,
    0.00031998
  ],
  "FORTH": [
    0.240623,
    0.238552
  ],
  "RDNT": [
    0.00180125,
    0.00180624
  ],
  "HOOK": [
    0.00794778,
    0.00794745
  ],
  "SAMO": [
    0.00034537,
    0.00034549
  ],
  "CUDIS": [
    0.00784366,
    0.00788587
  ],
  "HIPPO": [
    0.00020108,
    0.00019323
  ],
  "PERP": [
    0.02516278,
    0.02597591
  ],
  "SAROS": [
    0.00071234,
    0.00070772
  ],
  "PTB": [
    0.00082077,
    0.00081925
  ],
  "FIS": [
    0.0107002,
    0.01087655
  ],
  "EPT": [
    0.00071125,
    0.00070624
  ],
  "FLM": [
    0.00269025,
    0.00268945
  ],
  "GORK": [
    0.00149834,
    0.00145657
  ],
  "DUCK": [
    0.00014824,
    0.00013728
  ],
  "DATA": [
    0.00075226,
    0.00075236
  ],
  "INSP": [
    0.00096085,
    0.00096398
  ],
  "ACA": [
    0.00063403,
    0.00063451
  ],
  "A2Z": [
    0.00008601,
    0.00008744
  ],
  "FOXY": [
    0.00011798,
    0.00011794
  ],
  "SWTCH": [
    0.00389044,
    0.00363091
  ],
  "RFC": [
    0.00057838,
    0.0005742
  ],
  "LOOKS": [
    0.00035785,
    0.00035784
  ],
  "MOONPIG": [
    0.00028681,
    0.00028884
  ],
  "BDXN": [
    0.00174833,
    0.00175906
  ],
  "ROOT": [
    0.00005389,
    0.00005458
  ],
  "CHILLGUY": [
    0.000098,
    0.00009815
  ],
  "APU": [
    0.0000423,
    0.00004211
  ],
  "CHESS": [
    0.00019276,
    0.00019318
  ],
  "HOLO": [
    0.00001187,
    0.00001187
  ],
  "GMMT": [
    0.00344279,
    0.00348093
  ],
  "RATS": [
    0.00003874,
    0.00003861
  ],
  "ADB": [
    null,
    null
  ]
}