{
  "PUMP": [
    0.00170893,
    0.00171064
  ],
  "SIREN": [
    0.774673,
    0.810077
  ],
  "STABLE": [
    0.02627978,
    0.02638975
  ],
  "AERO": [
    0.318688,
    0.318964
  ],
  "JASMY": [
    0.00537099,
    0.00538843
  ],
  "MON": [
    0.02220903,
    0.02247301
  ],
  "LIT": [
    0.895453,
    0.884
  ],
  "CVX": [
    1.68,
    1.66
  ],
  "BAT": [
    0.095196,
    0.095416
  ],
  "BANANAS31": [
    0.01345824,
    0.01330706
  ],
  "ATH": [
    0.00720677,
    0.00714097
  ],
  "COW": [
    0.195767,
    0.196721
  ],
  "CHEEMS": [
    4.25188e-7,
    4.26558e-7
  ],
  "SAHARA": [
    0.02519896,
    0.02536835
  ],
  "BEAT": [
    0.52926,
    0.516923
  ],
  "CKB": [
    0.00137968,
    0.00137409
  ],
  "SKYAI": [
    0.063963,
    0.063974
  ],
  "TAG": [
    0.00058764,
    0.00058127
  ],
  "NPC": [
    0.00747343,
    0.00747201
  ],
  "BAN": [
    0.056627,
    0.056975
  ],
  "POLYX": [
    0.04437565,
    0.04429864
  ],
  "CSPR": [
    0.00321738,
    0.00319383
  ],
  "MYX": [
    0.244681,
    0.251594
  ],
  "ONT": [
    0.050856,
    0.051182
  ],
  "ARC": [
    0.04369082,
    0.0458465
  ],
  "IOTX": [
    0.00466323,
    0.00467781
  ],
  "NOT": [
    0.00034975,
    0.0003506
  ],
  "ISLM": [
    0.01305489,
    0.01302812
  ],
  "SNEK": [
    0.00043895,
    0.00043187
  ],
  "DEP": [
    0.00115051,
    0.00115413
  ],
  "GUN": [
    0.01796476,
    0.0181541
  ],
  "MERL": [
    0.025078,
    0.02460068
  ],
  "LRC": [
    0.02268063,
    0.0229509
  ],
  "SPELL": [
    0.00016344,
    0.00016369
  ],
  "HUMA": [
    0.01566596,
    0.01578488
  ],
  "NYM": [
    0.03235018,
    0.03221398
  ],
  "REZ": [
    0.00328982,
    0.00333621
  ],
  "DEGEN": [
    0.00069063,
    0.00068552
  ],
  "CORN": [
    0.04687939,
    0.04682982
  ],
  "CPOOL": [
    0.02491685,
    0.02526587
  ],
  "ALLO": [
    0.110118,
    0.108045
  ],
  "NEIRO": [
    0.00005624,
    0.00005655
  ],
  "MAGMA": [
    0.122118,
    0.122021
  ],
  "SATS": [
    1.0632e-8,
    1.0658e-8
  ],
  "SLP": [
    0.00058652,
    0.0005835
  ],
  "AURORA": [
    0.02811819,
    0.02814789
  ],
  "DENT": [
    0.00020206,
    0.00020166
  ],
  "BANK": [
    0.04130349,
    0.04076951
  ],
  "DAO": [
    0.066936,
    0.06764
  ],
  "DSYNC": [
    0.01676473,
    0.01679371
  ],
  "BOB": [
    0.0058016,
    0.00584467
  ],
  "RESOLV": [
    0.04104142,
    0.04115299
  ],
  "NEWT": [
    0.072078,
    0.072716
  ],
  "INIT": [
    0.079893,
    0.077514
  ],
  "ROAM": [
    0.0416912,
    0.04135902
  ],
  "SONIC": [
    0.03878281,
    0.03896354
  ],
  "NIL": [
    0.03231734,
    0.03199063
  ],
  "HONEY": [
    0.00235509,
    0.00234885
  ],
  "L3": [
    0.00979462,
    0.00975541
  ],
  "PAAL": [
    0.01427198,
    0.01427005
  ],
  "MUBARAK": [
    0.01144302,
    0.01138836
  ],
  "GRIFFAIN": [
    0.01079476,
    0.01098314
  ],
  "AIN": [
    0.058954,
    0.058314
  ],
  "TLM": [
    0.00164864,
    0.00163799
  ],
  "IKA": [
    0.00338341,
    0.00337603
  ],
  "NKN": [
    0.01288701,
    0.01200651
  ],
  "SWARMS": [
    0.00890421,
    0.00930091
  ],
  "TAI": [
    0.01559636,
    0.01584296
  ],
  "LAT": [
    0.0012984,
    0.00130025
  ],
  "HMSTR": [
    0.00013457,
    0.00013499
  ],
  "FUEL": [
    0.00106238,
    0.00105907
  ],
  "COS": [
    0.00156621,
    0.00155768
  ],
  "DUCK": [
    0.00107871,
    0.00107805
  ],
  "AVL": [
    0.02687095,
    0.02661353
  ],
  "PIXEL": [
    0.00975288,
    0.00916659
  ],
  "NAVX": [
    0.0086342,
    0.00860227
  ],
  "COQ": [
    9.4554e-8,
    9.3978e-8
  ],
  "OBT": [
    0.00112314,
    0.00111721
  ],
  "RDNT": [
    0.00423047,
    0.00420217
  ],
  "HIPPO": [
    0.00051274,
    0.00051597
  ],
  "RSS3": [
    0.00572805,
    0.00567876
  ],
  "SOLV": [
    0.00317718,
    0.00316545
  ],
  "FWOG": [
    0.0048176,
    0.00479057
  ],
  "DMC": [
    0.0007353,
    0.00074014
  ],
  "LYXE": [
    0.282283,
    0.282283
  ],
  "FHE": [
    0.01750449,
    0.01759802
  ],
  "FORTH": [
    0.364167,
    0.358985
  ],
  "PTB": [
    0.00180293,
    0.00179322
  ],
  "GEAR": [
    0.00030065,
    0.00030036
  ],
  "HOOK": [
    0.00945036,
    0.00940325
  ],
  "FIS": [
    0.01540348,
    0.01547102
  ],
  "SAMO": [
    0.00040336,
    0.00040469
  ],
  "OAS": [
    0.00032958,
    0.00033366
  ],
  "PERP": [
    0.02895975,
    0.02844991
  ],
  "A2Z": [
    0.0002496,
    0.00024665
  ],
  "CUDIS": [
    0.00793649,
    0.00780168
  ],
  "EPT": [
    0.00080391,
    0.00082846
  ],
  "FLM": [
    0.0027416,
    0.00274302
  ],
  "GORK": [
    0.00149375,
    0.00147792
  ],
  "SAROS": [
    0.00053877,
    0.00053987
  ],
  "DATA": [
    0.00102457,
    0.00103152
  ],
  "INSP": [
    0.00124972,
    0.00124322
  ],
  "ACA": [
    0.00082791,
    0.00078355
  ],
  "FOXY": [
    0.00012526,
    0.0001258
  ],
  "SWTCH": [
    0.00338324,
    0.00319538
  ],
  "RFC": [
    0.00051979,
    0.00052561
  ],
  "BDXN": [
    0.00248533,
    0.00245557
  ],
  "LOOKS": [
    0.00038683,
    0.00039481
  ],
  "CHESS": [
    0.00148519,
    0.00150389
  ],
  "MOONPIG": [
    0.00030968,
    0.00031068
  ],
  "ROOT": [
    0.00007092,
    0.00006992
  ],
  "CHILLGUY": [
    0.00006193,
    0.00006203
  ],
  "APU": [
    0.00003215,
    0.00003193
  ],
  "HOLO": [
    0.00001288,
    0.00001291
  ],
  "GMMT": [
    0.00328995,
    0.00331427
  ],
  "RATS": [
    0.00005882,
    0.00005836
  ],
  "ADB": [
    null,
    null
  ]
}