{
  "CSC": [
    0.00003005
  ],
  "AMWMATIC": [
    0.094081
  ],
  "AUC": [
    0.00013765
  ],
  "VEE": [
    0.00001146
  ],
  "HYDRA": [
    0.256027
  ],
  "RXCG": [
    0.00004944
  ],
  "PIG": [
    1.3966e-8,
    0.0000022
  ],
  "PC0000015": [
    1
  ],
  "XLLM2": [
    0.00002634
  ],
  "TAO": [
    0.00028009
  ],
  "YVUSDC": [
    1.17
  ],
  "PICO": [
    0.00369438
  ],
  "BICITY": [
    0.00003752
  ],
  "FIRE": [
    7.43606e-7
  ],
  "MC": [
    0.119783
  ],
  "SNPT": [
    0.00280694
  ],
  "FINE": [
    0.0002466
  ],
  "LEASH": [
    1.4666e-8
  ],
  "ABY": [
    0.00023648
  ],
  "VLTC": [
    1.13
  ],
  "SAFE": [
    1.59
  ],
  "BBK": [
    0.00002247
  ],
  "LOOP": [
    0.00651367
  ],
  "GAN": [
    0.00006445
  ],
  "PDRIP": [
    0.00202086
  ],
  "ALIAS": [
    0.04693018
  ],
  "CVT": [
    0.00013065
  ],
  "MIM": [
    0.0000337
  ],
  "LAIKA": [
    0.03388741
  ],
  "FWB": [
    0.01695103
  ],
  "TBX": [
    0.01866472
  ],
  "TONY": [
    0.0000052
  ],
  "VFIL": [
    0.01896697
  ],
  "ARCADIUM": [
    0.00074792
  ],
  "LVLY": [
    0.00784137
  ],
  "QBT": [
    0.0000815
  ],
  "EUSX": [
    1.026
  ],
  "GVC": [
    0.01558652
  ],
  "VXVS": [
    0.055223
  ],
  "BSTS": [
    1.35953e-7
  ],
  "XETH": [
    1.2
  ],
  "SOLARIS": [
    0.00000965
  ],
  "APE": [
    4.8242e-8
  ],
  "TOR": [
    0.00000356
  ],
  "NOP": [
    0.00000568
  ],
  "NIX": [
    0.00637764
  ],
  "VETTER": [
    0.00002781
  ],
  "FANC": [
    0.00127878
  ],
  "SAFUU": [
    0.119501
  ],
  "TKC": [
    0.02635838
  ],
  "USDHL": [
    0.998549
  ],
  "ONUS": [
    0.170253
  ],
  "ECT": [
    1.245e-9
  ],
  "GMONAD": [
    0.00000352
  ],
  "EXVG": [
    0.00000553
  ],
  "$INR": [
    0.00197334
  ],
  "SWUSD": [
    1.068
  ],
  "KPK": [
    1.073
  ],
  "MANA3": [
    0.00147139
  ],
  "COW": [
    0.00740874
  ],
  "BTC20": [
    0.00748492,
    0.0075277
  ],
  "DAOLITY": [
    0.00034609
  ],
  "HARE": [
    2.7e-17
  ],
  "MURATIAI": [
    0.00000122
  ],
  "HOLD": [
    0.279099
  ],
  "EZSWAP": [
    0.00004396
  ],
  "KING": [
    0.00005371
  ],
  "RECT": [
    0.00032107
  ],
  "BOOK": [
    0.00000344,
    0.00000344
  ],
  "PEACE": [
    0.00002018
  ],
  "OOB": [
    0.103966
  ],
  "LYUM": [
    0.00046736
  ],
  "UNCN": [
    0.303341
  ],
  "RFC": [
    0.00027669
  ],
  "BOBO": [
    0.00000788
  ],
  "MEV": [
    0.00306972
  ],
  "CRT": [
    0.00007297
  ],
  "CORX": [
    0.00896286,
    0.00888056
  ],
  "USDR": [
    0.294215
  ],
  "PARA": [
    1.8177e-8
  ],
  "LUCIA": [
    0.00012288
  ],
  "ICE": [
    0.117246
  ],
  "ROUTE": [
    0.050164
  ],
  "FORCE": [
    0.00079277
  ],
  "GRANT": [
    0.076266
  ],
  "TURBO": [
    0.00650636
  ],
  "SET": [
    8.05e-16
  ],
  "AK1111": [
    0.00915716
  ],
  "MIMATIC": [
    0.337098
  ],
  "WSTOR": [
    0.00013958
  ],
  "FTW": [
    0.0001573
  ],
  "MANDOX": [
    6.869e-9
  ],
  "XMT": [
    0.01040023
  ],
  "SCHRDNGR": [
    0.0000066
  ],
  "KINGY": [
    0.02565071,
    0.02556489
  ],
  "V": [
    0.00002023
  ],
  "VIZSLASWAP": [
    0.00019755
  ],
  "MEGA": [
    0.04347477
  ],
  "DROPS": [
    0.00141281
  ],
  "AABL": [
    0.00003351
  ],
  "THIRSTCOIN": [
    0.00007351
  ],
  "SPOOKY": [
    9.05206e-7
  ],
  "BNRY": [
    0.0000067
  ],
  "CLA": [
    0.00019844
  ],
  "SOLAR": [
    0.00001497
  ],
  "OVER": [
    0.00356652
  ],
  "PT": [
    0.484514
  ],
  "XV": [
    0.00003679
  ],
  "ROCK": [
    0.00055245
  ],
  "KFI": [
    0.358751
  ],
  "PHUX": [
    0.00001419
  ],
  "$BUD": [
    3.0474e-11
  ],
  "ALPHA": [
    6.83661e-7
  ],
  "$PURP": [
    0.00003145
  ],
  "PIKA": [
    1.913e-9
  ],
  "APEX": [
    0.00089018
  ],
  "XRP20": [
    0.00001115
  ],
  "CIOTX": [
    0.00531685
  ],
  "KEPT": [
    0.00007664
  ],
  "FREDWILSON": [
    0.0000835
  ],
  "WORK": [
    0.00008139,
    0.00008139
  ],
  "TOMOE": [
    0.04920398
  ],
  "MTC": [
    0.00023813
  ],
  "JOGECO": [
    9.7183e-11
  ],
  "SCT": [
    0.00256084
  ],
  "FAST": [
    0.01076383
  ],
  "99CENTS": [
    0.00002077
  ],
  "VDAI": [
    0.02600334
  ],
  "GEKE": [
    7.04461e-10
  ],
  "LEAF": [
    0.214605
  ],
  "AG": [
    0.01743527
  ],
  "BNX": [
    0.370587
  ],
  "SKLAY": [
    0.066819
  ],
  "LUSD": [
    0.06411
  ],
  "SUSDN": [
    1.34
  ],
  "HUSDC": [
    0.999901
  ],
  "BJK": [
    0.172499
  ],
  "BABYCRASH": [
    0.00000694
  ],
  "XBOO": [
    0.00029724
  ],
  "VELT": [
    0.00091502
  ],
  "HBR": [
    0.00001826
  ],
  "HGG": [
    0.00031431
  ],
  "CDN": [
    0.00354971
  ],
  "BORE": [
    0.00665077
  ],
  "DGC": [
    0.0014143
  ],
  "B01": [
    0.01691806
  ],
  "TCGC": [
    0.00039834
  ],
  "BOOTY": [
    0.0019444
  ],
  "UNITE": [
    1.87
  ],
  "CRS": [
    0.00004327
  ],
  "DWAIN": [
    0.00001758
  ],
  "BG": [
    0.00001199
  ],
  "RENQ": [
    0.00049679
  ],
  "$NINJA": [
    2.6242e-8
  ],
  "LEE": [
    0.976536,
    0.970571
  ],
  "MBE": [
    0.01779465
  ],
  "CMPT": [
    0.096588
  ],
  "SCALES": [
    2.07893e-10
  ],
  "HYGT": [
    0.00022363,
    0.00022363
  ],
  "STLS": [
    0.00261996,
    0.00261996
  ],
  "NOTE": [
    0.063,
    0.063
  ],
  "OXRP": [
    1.41
  ],
  "BLUE": [
    0.00003164,
    0.00003671
  ],
  "THE": [
    0.00008631,
    0.00008631
  ],
  "STT": [
    0.052982,
    0.054576
  ],
  "DUCKER": [
    2.8826e-7,
    2.8826e-7
  ],
  "CROWN": [
    0.798188
  ],
  "MGT": [
    0.00072952
  ],
  "$GINI": [
    0.04021015
  ],
  "OFE": [
    0.00049999,
    0.00049589
  ],
  "FB": [
    0.346295
  ],
  "LLAMA": [
    0.00684478,
    0.00688717
  ],
  "BIT": [
    0.691853
  ],
  "VOY": [
    0.00001774,
    0.00001759
  ],
  "OFF": [
    0.00588987,
    0.00588987
  ],
  "LICK": [
    0.00000402,
    0.00000402
  ],
  "WABA": [
    0.00166438
  ],
  "BLERF": [
    0.00000149,
    0.00000149
  ],
  "MAAL": [
    0.16165,
    0.161827
  ],
  "BAC": [
    0.00234718,
    0.0023491
  ],
  "ABBC": [
    0.00553506,
    0.00553486
  ],
  "IDOS": [
    0.01441735
  ],
  "MORK": [
    0.00010703,
    0.00011513
  ],
  "CKC": [
    0.00012081,
    0.00011994
  ],
  "TXT": [
    0.00049598,
    0.00049598
  ],
  "UTX": [
    0.00044417,
    0.00044052
  ],
  "GECKO": [
    0.00530266
  ],
  "CSTAR": [
    0.00000303,
    0.00000303
  ],
  "DUBI": [
    0.050142,
    0.050142
  ],
  "MXY": [
    0.00006381
  ],
  "SGT": [
    0.096653,
    0.095664
  ],
  "LRST": [
    0.00007061,
    0.00007019
  ],
  "PRINCE": [
    1.5488e-8
  ],
  "OSHI": [
    0.030527,
    0.03052261
  ],
  "LOBO": [
    0.00001813,
    0.00001813
  ],
  "VIBE": [
    0.00006938,
    0.00006886
  ],
  "YND": [
    0.0007654,
    0.00075467
  ],
  "DRGX": [
    0.02269857,
    0.02273552
  ],
  "CRAB": [
    0.00108544,
    0.00108544
  ],
  "SKX": [
    0.091445
  ],
  "LIGO": [
    2.49263e-7,
    2.44099e-7
  ],
  "GARY": [
    0.02120956,
    0.02061041
  ],
  "KLIMA": [
    0.04279439,
    0.04346646
  ],
  "ACM": [
    0.01290972,
    0.01290972
  ],
  "GRAPE": [
    0.00006198,
    0.00006198
  ],
  "ZET": [
    0.00142321,
    0.00142321
  ],
  "SDG": [
    0.00072978,
    0.00072976
  ],
  "TOWELI": [
    0.0000441,
    0.0000441
  ],
  "DODO": [
    9.88207e-10
  ],
  "BRLY": [
    0.00001308,
    0.00001308
  ],
  "SOLC": [
    0.01677665,
    0.01605726
  ],
  "KNET": [
    0.00024286,
    0.00022924
  ],
  "FSONIC": [
    0.00003383
  ],
  "DRC": [
    0.289798,
    0.28978
  ],
  "NUTS": [
    0.00352952,
    0.00352952
  ],
  "CARAT": [
    0.237831,
    0.237831
  ],
  "$MEMEME": [
    0.00000106,
    0.00000106
  ],
  "EXIT": [
    0.879693
  ],
  "SPY.D": [
    6.7882e-10,
    6.7882e-10
  ],
  "BITCOIN": [
    4.96131e-7
  ],
  "RFRM": [
    0.00223664,
    0.00219433
  ],
  "$FORGE": [
    0.01634058,
    0.01589651
  ],
  "IDLEDAISAFE": [
    1.23,
    1.23
  ],
  "EMIT": [
    0.00002858
  ],
  "ACP": [
    0.000275,
    0.00027589
  ],