{
  "PUMP": [
    0.00173756,
    0.00175036
  ],
  "STABLE": [
    0.03401286,
    0.03367036
  ],
  "SIREN": [
    0.74582,
    0.73051
  ],
  "AERO": [
    0.423311,
    0.423611
  ],
  "MON": [
    0.03110393,
    0.03143613
  ],
  "JASMY": [
    0.00566625,
    0.00568723
  ],
  "LIT": [
    0.912431,
    0.924924
  ],
  "SKYAI": [
    0.200283,
    0.199224
  ],
  "CVX": [
    1.78,
    1.78
  ],
  "BAT": [
    0.103433,
    0.103624
  ],
  "CHEEMS": [
    5.76157e-7,
    5.76606e-7
  ],
  "ATH": [
    0.00599921,
    0.00601744
  ],
  "COW": [
    0.187486,
    0.187445
  ],
  "BAN": [
    0.097145,
    0.095464
  ],
  "BANANAS31": [
    0.00938032,
    0.00936619
  ],
  "BEAT": [
    0.55948,
    0.55596
  ],
  "ONT": [
    0.074581,
    0.074558
  ],
  "SAHARA": [
    0.02335107,
    0.02355063
  ],
  "CKB": [
    0.00150813,
    0.00151568
  ],
  "TAG": [
    0.00065439,
    0.00065652
  ],
  "NPC": [
    0.00831118,
    0.00829916
  ],
  "ARC": [
    0.067448,
    0.066713
  ],
  "POLYX": [
    0.050743,
    0.050653
  ],
  "MYX": [
    0.250244,
    0.255989
  ],
  "CSPR": [
    0.0029087,
    0.00289958
  ],
  "IOTX": [
    0.00483014,
    0.00482231
  ],
  "HUMA": [
    0.02562406,
    0.0259869
  ],
  "MERL": [
    0.03635183,
    0.03631074
  ],
  "NOT": [
    0.00040884,
    0.00041246
  ],
  "MAGMA": [
    0.201193,
    0.200432
  ],
  "SNEK": [
    0.00049402,
    0.00049695
  ],
  "NEIRO": [
    0.00008675,
    0.00008748
  ],
  "REZ": [
    0.00389165,
    0.00389799
  ],
  "DEP": [
    0.00111616,
    0.00111596
  ],
  "SATS": [
    1.4443e-8,
    1.445e-8
  ],
  "ISLM": [
    0.01176581,
    0.01176595
  ],
  "SPELL": [
    0.00016427,
    0.00016418
  ],
  "CPOOL": [
    0.02723466,
    0.02717822
  ],
  "SLP": [
    0.00074003,
    0.00074212
  ],
  "GUN": [
    0.01538576,
    0.01554594
  ],
  "ALLO": [
    0.113563,
    0.115125
  ],
  "NYM": [
    0.03055603,
    0.03023562
  ],
  "DEGEN": [
    0.00065399,
    0.00065666
  ],
  "INIT": [
    0.089208,
    0.089502
  ],
  "CORN": [
    0.04007843,
    0.04010566
  ],
  "LRC": [
    0.01678489,
    0.01684499
  ],
  "AURORA": [
    0.02776185,
    0.02763331
  ],
  "NIL": [
    0.04108815,
    0.04118436
  ],
  "SWARMS": [
    0.01830553,
    0.01824302
  ],
  "GRIFFAIN": [
    0.0176991,
    0.01765105
  ],
  "NEWT": [
    0.079817,
    0.081009
  ],
  "BOB": [
    0.00590586,
    0.00589026
  ],
  "L3": [
    0.01026601,
    0.01020597
  ],
  "DSYNC": [
    0.0144204,
    0.01443682
  ],
  "BANK": [
    0.03313927,
    0.03318283
  ],
  "SONIC": [
    0.03711283,
    0.03741757
  ],
  "MUBARAK": [
    0.01353639,
    0.01345003
  ],
  "TLM": [
    0.00189153,
    0.0019008
  ],
  "HONEY": [
    0.0021029,
    0.00209345
  ],
  "AIN": [
    0.062605,
    0.063252
  ],
  "IKA": [
    0.00379811,
    0.00379659
  ],
  "PAAL": [
    0.01227638,
    0.01233819
  ],
  "DAO": [
    0.04411325,
    0.04406779
  ],
  "RESOLV": [
    0.02762885,
    0.02757346
  ],
  "HMSTR": [
    0.00015613,
    0.00015672
  ],
  "COQ": [
    1.41516e-7,
    1.41914e-7
  ],
  "TAI": [
    0.01655357,
    0.01657248
  ],
  "LAT": [
    0.00133238,
    0.00133475
  ],
  "AVL": [
    0.02686598,
    0.02717486
  ],
  "FUEL": [
    0.00093657,
    0.00093613
  ],
  "NAVX": [
    0.00868901,
    0.00871366
  ],
  "NKN": [
    0.00855862,
    0.00841549
  ],
  "DENT": [
    0.00008236,
    0.00006982
  ],
  "PIXEL": [
    0.00834799,
    0.00822673
  ],
  "SOLV": [
    0.00421708,
    0.0042463
  ],
  "COS": [
    0.00116509,
    0.00116981
  ],
  "OBT": [
    0.0010443,
    0.00104623
  ],
  "ROAM": [
    0.01609142,
    0.01594522
  ],
  "RSS3": [
    0.00584349,
    0.00586707
  ],
  "FWOG": [
    0.00474688,
    0.00477118
  ],
  "DMC": [
    0.00071209,
    0.00071116
  ],
  "FHE": [
    0.01792465,
    0.01801927
  ],
  "OAS": [
    0.00060905,
    0.00061115
  ],
  "LYXE": [
    0.234871,
    0.235367
  ],
  "FORTH": [
    0.254734,
    0.262887
  ],
  "HOOK": [
    0.00848418,
    0.00849099
  ],
  "RDNT": [
    0.00190894,
    0.00188579
  ],
  "GEAR": [
    0.0002246,
    0.00022508
  ],
  "SAMO": [
    0.00038423,
    0.00038428
  ],
  "CUDIS": [
    0.00798139,
    0.00799673
  ],
  "PERP": [
    0.02627485,
    0.02618275
  ],
  "EPT": [
    0.00073677,
    0.00073502
  ],
  "PTB": [
    0.00082745,
    0.0008217
  ],
  "FIS": [
    0.0106554,
    0.0106985
  ],
  "HIPPO": [
    0.00015809,
    0.00015833
  ],
  "GORK": [
    0.00156262,
    0.00156784
  ],
  "FLM": [
    0.00261633,
    0.00262625
  ],
  "SAROS": [
    0.00049709,
    0.00050964
  ],
  "DATA": [
    0.00075991,
    0.00076186
  ],
  "INSP": [
    0.00111867,
    0.00111192
  ],
  "ACA": [
    0.00066902,
    0.00066723
  ],
  "FOXY": [
    0.00011812,
    0.00011991
  ],
  "A2Z": [
    0.00006959,
    0.00006969
  ],
  "RFC": [
    0.00060223,
    0.00060116
  ],
  "SWTCH": [
    0.00341723,
    0.00344301
  ],
  "DUCK": [
    0.00007,
    0.00007039
  ],
  "LOOKS": [
    0.00036283,
    0.00036187
  ],
  "MOONPIG": [
    0.00029699,
    0.00029894
  ],
  "BDXN": [
    0.00153554,
    0.00153262
  ],
  "ROOT": [
    0.00006151,
    0.00006141
  ],
  "CHILLGUY": [
    0.00013302,
    0.00013322
  ],
  "APU": [
    0.00004878,
    0.00004894
  ],
  "CHESS": [
    0.00015258,
    0.00015271
  ],
  "HOLO": [
    0.00001218,
    0.00001218
  ],
  "GMMT": [
    0.00261566,
    0.00261715
  ],
  "RATS": [
    0.0000373,
    0.00003726
  ],
  "ADB": [
    null,
    null
  ]
}