{
  "PUMP": [
    0.00179976,
    0.00177803
  ],
  "STABLE": [
    0.03873023,
    0.03447601
  ],
  "SIREN": [
    0.648347,
    0.650756
  ],
  "AERO": [
    0.434479,
    0.427703
  ],
  "MON": [
    0.03251653,
    0.03069414
  ],
  "JASMY": [
    0.00562199,
    0.0056021
  ],
  "LIT": [
    0.927405,
    0.928711
  ],
  "SKYAI": [
    0.217087,
    0.206357
  ],
  "CVX": [
    1.77,
    1.76
  ],
  "BAT": [
    0.103219,
    0.103085
  ],
  "CHEEMS": [
    5.82219e-7,
    5.89536e-7
  ],
  "ATH": [
    0.00608198,
    0.00599492
  ],
  "COW": [
    0.183939,
    0.183849
  ],
  "BANANAS31": [
    0.00936105,
    0.00919011
  ],
  "BAN": [
    0.080813,
    0.079915
  ],
  "BEAT": [
    0.533179,
    0.567167
  ],
  "ONT": [
    0.079916,
    0.078232
  ],
  "CKB": [
    0.00151083,
    0.00149769
  ],
  "TAG": [
    0.0006553,
    0.00065164
  ],
  "SAHARA": [
    0.02143712,
    0.02159156
  ],
  "NPC": [
    0.00852105,
    0.00837952
  ],
  "ARC": [
    0.066693,
    0.067134
  ],
  "POLYX": [
    0.050398,
    0.050059
  ],
  "MERL": [
    0.03737541,
    0.03909813
  ],
  "MYX": [
    0.246133,
    0.250338
  ],
  "HUMA": [
    0.02831164,
    0.0274657
  ],
  "CSPR": [
    0.00291319,
    0.0029124
  ],
  "IOTX": [
    0.00482532,
    0.00473102
  ],
  "NOT": [
    0.00040226,
    0.00040073
  ],
  "SNEK": [
    0.0005291,
    0.00052604
  ],
  "NEIRO": [
    0.00009157,
    0.00009282
  ],
  "MAGMA": [
    0.197383,
    0.19835
  ],
  "REZ": [
    0.00400026,
    0.0040234
  ],
  "SATS": [
    1.4413e-8,
    1.488e-8
  ],
  "DEP": [
    0.00116269,
    0.00112852
  ],
  "ISLM": [
    0.01177403,
    0.01180052
  ],
  "ALLO": [
    0.128039,
    0.128834
  ],
  "SPELL": [
    0.00016473,
    0.00016508
  ],
  "CPOOL": [
    0.02923701,
    0.02799593
  ],
  "GUN": [
    0.01574346,
    0.01582963
  ],
  "NYM": [
    0.03099972,
    0.03116131
  ],
  "DEGEN": [
    0.00070706,
    0.00067716
  ],
  "SLP": [
    0.0006665,
    0.00067894
  ],
  "INIT": [
    0.085179,
    0.083466
  ],
  "LRC": [
    0.01723976,
    0.01724905
  ],
  "CORN": [
    0.04045305,
    0.04033875
  ],
  "AURORA": [
    0.02809796,
    0.02804779
  ],
  "SWARMS": [
    0.01848131,
    0.01853286
  ],
  "NIL": [
    0.040748,
    0.04052538
  ],
  "GRIFFAIN": [
    0.01751113,
    0.01749465
  ],
  "NEWT": [
    0.0772,
    0.078047
  ],
  "BOB": [
    0.00601671,
    0.00592244
  ],
  "BANK": [
    0.03682335,
    0.03732324
  ],
  "L3": [
    0.01049324,
    0.0104022
  ],
  "MUBARAK": [
    0.01361077,
    0.01380229
  ],
  "DSYNC": [
    0.01396467,
    0.01371317
  ],
  "SONIC": [
    0.0357926,
    0.03552826
  ],
  "HONEY": [
    0.00230291,
    0.00216902
  ],
  "TLM": [
    0.001815,
    0.00181091
  ],
  "RESOLV": [
    0.02988586,
    0.03010769
  ],
  "PAAL": [
    0.01292132,
    0.0129182
  ],
  "IKA": [
    0.00375146,
    0.00376907
  ],
  "AIN": [
    0.061363,
    0.060868
  ],
  "DAO": [
    0.04461855,
    0.04415
  ],
  "COQ": [
    1.47165e-7,
    1.47217e-7
  ],
  "HMSTR": [
    0.00015585,
    0.00015569
  ],
  "TAI": [
    0.0164595,
    0.01650888
  ],
  "LAT": [
    0.0013429,
    0.00133892
  ],
  "AVL": [
    0.02595449,
    0.0264341
  ],
  "FUEL": [
    0.0009444,
    0.00094404
  ],
  "DENT": [
    0.00007731,
    0.00007672
  ],
  "NAVX": [
    0.00862462,
    0.0086168
  ],
  "NKN": [
    0.00891354,
    0.00861536
  ],
  "SOLV": [
    0.00405511,
    0.00420128
  ],
  "COS": [
    0.00116505,
    0.0011671
  ],
  "ROAM": [
    0.016712,
    0.01697908
  ],
  "PIXEL": [
    0.0075759,
    0.00756161
  ],
  "OBT": [
    0.0010076,
    0.00101659
  ],
  "RSS3": [
    0.00597603,
    0.00578062
  ],
  "FHE": [
    0.01810693,
    0.01822579
  ],
  "FWOG": [
    0.00461979,
    0.00456235
  ],
  "DMC": [
    0.0007111,
    0.00071067
  ],
  "OAS": [
    0.00065118,
    0.00064815
  ],
  "LYXE": [
    0.224656,
    0.224656
  ],
  "RDNT": [
    0.00197668,
    0.00196169
  ],
  "FORTH": [
    0.233686,
    0.233716
  ],
  "HOOK": [
    0.00821875,
    0.00828686
  ],
  "GEAR": [
    0.00025306,
    0.00023311
  ],
  "SAMO": [
    0.00039066,
    0.00039486
  ],
  "CUDIS": [
    0.00804393,
    0.00803765
  ],
  "PERP": [
    0.02586976,
    0.02586119
  ],
  "PTB": [
    0.0008205,
    0.00083162
  ],
  "EPT": [
    0.00073342,
    0.00074096
  ],
  "FIS": [
    0.01087958,
    0.01067977
  ],
  "GORK": [
    0.00161727,
    0.00160295
  ],
  "HIPPO": [
    0.000162,
    0.00015836
  ],
  "FLM": [
    0.00269577,
    0.00276325
  ],
  "SAROS": [
    0.00053584,
    0.00052315
  ],
  "DATA": [
    0.0008777,
    0.00087291
  ],
  "INSP": [
    0.00123689,
    0.00123447
  ],
  "ACA": [
    0.0006831,
    0.0006818
  ],
  "FOXY": [
    0.00011909,
    0.00011906
  ],
  "A2Z": [
    0.00007407,
    0.00007244
  ],
  "DUCK": [
    0.00007339,
    0.00007252
  ],
  "RFC": [
    0.00057962,
    0.00057134
  ],
  "SWTCH": [
    0.00342007,
    0.00343629
  ],
  "LOOKS": [
    0.00041229,
    0.00041136
  ],
  "MOONPIG": [
    0.00029703,
    0.00029604
  ],
  "BDXN": [
    0.00181579,
    0.00178786
  ],
  "ROOT": [
    0.00006059,
    0.00006121
  ],
  "CHILLGUY": [
    0.00015965,
    0.00015356
  ],
  "APU": [
    0.00005451,
    0.00005808
  ],
  "CHESS": [
    0.00015526,
    0.0001552
  ],
  "HOLO": [
    0.0000123,
    0.00001219
  ],
  "GMMT": [
    0.00271117,
    0.00266922
  ],
  "RATS": [
    0.0000401,
    0.00004257
  ],
  "ADB": [
    null,
    null
  ]
}