{
  "PUMP": [
    0.00179975,
    0.00178819
  ],
  "STABLE": [
    0.03287314,
    0.03304996
  ],
  "SIREN": [
    0.678458,
    0.6807
  ],
  "AERO": [
    0.433278,
    0.431015
  ],
  "MON": [
    0.03103889,
    0.03079106
  ],
  "JASMY": [
    0.00565608,
    0.00564382
  ],
  "LIT": [
    0.953081,
    0.950177
  ],
  "SKYAI": [
    0.20387,
    0.200796
  ],
  "CVX": [
    1.76,
    1.76
  ],
  "BAT": [
    0.103196,
    0.103646
  ],
  "CHEEMS": [
    6.1217e-7,
    6.34071e-7
  ],
  "ATH": [
    0.00608411,
    0.00605342
  ],
  "COW": [
    0.185022,
    0.187302
  ],
  "BANANAS31": [
    0.00936635,
    0.0091898
  ],
  "BEAT": [
    0.597097,
    0.585068
  ],
  "BAN": [
    0.08016,
    0.079881
  ],
  "ONT": [
    0.078618,
    0.078205
  ],
  "CKB": [
    0.00150197,
    0.001494
  ],
  "TAG": [
    0.00066841,
    0.00065762
  ],
  "SAHARA": [
    0.02192154,
    0.02166715
  ],
  "NPC": [
    0.00836764,
    0.00837047
  ],
  "ARC": [
    0.066106,
    0.066216
  ],
  "POLYX": [
    0.050555,
    0.050513
  ],
  "MERL": [
    0.03985615,
    0.0390258
  ],
  "MYX": [
    0.245816,
    0.243373
  ],
  "CSPR": [
    0.00293607,
    0.00292726
  ],
  "HUMA": [
    0.02733291,
    0.02625187
  ],
  "IOTX": [
    0.00482107,
    0.0047875
  ],
  "MAGMA": [
    0.218138,
    0.218531
  ],
  "NOT": [
    0.0004118,
    0.00040916
  ],
  "NEIRO": [
    0.00009548,
    0.00009364
  ],
  "SNEK": [
    0.00052759,
    0.0005262
  ],
  "REZ": [
    0.0039364,
    0.00394305
  ],
  "SATS": [
    1.5147e-8,
    1.4994e-8
  ],
  "DEP": [
    0.00112886,
    0.00112844
  ],
  "ISLM": [
    0.01177084,
    0.01181649
  ],
  "ALLO": [
    0.129696,
    0.129736
  ],
  "SPELL": [
    0.00016419,
    0.00016425
  ],
  "CPOOL": [
    0.02741872,
    0.02755563
  ],
  "GUN": [
    0.01583959,
    0.01584698
  ],
  "DEGEN": [
    0.0006966,
    0.00069967
  ],
  "NYM": [
    0.0309385,
    0.03092636
  ],
  "SLP": [
    0.00067451,
    0.00067476
  ],
  "INIT": [
    0.08524,
    0.084181
  ],
  "LRC": [
    0.0172065,
    0.01719839
  ],
  "CORN": [
    0.04035759,
    0.04030822
  ],
  "GRIFFAIN": [
    0.02046571,
    0.01971713
  ],
  "AURORA": [
    0.02800083,
    0.02799306
  ],
  "SWARMS": [
    0.01850605,
    0.0184966
  ],
  "NIL": [
    0.04053704,
    0.0404321
  ],
  "BOB": [
    0.00618102,
    0.00606327
  ],
  "NEWT": [
    0.077806,
    0.077266
  ],
  "BANK": [
    0.03753249,
    0.03769545
  ],
  "L3": [
    0.0104761,
    0.01041661
  ],
  "MUBARAK": [
    0.01425565,
    0.01420606
  ],
  "DSYNC": [
    0.01376421,
    0.01371236
  ],
  "SONIC": [
    0.03556717,
    0.03566495
  ],
  "HONEY": [
    0.00209335,
    0.00209021
  ],
  "TLM": [
    0.00180669,
    0.00181102
  ],
  "RESOLV": [
    0.02957604,
    0.02970778
  ],
  "PAAL": [
    0.01270973,
    0.01260243
  ],
  "IKA": [
    0.00374415,
    0.00375156
  ],
  "AIN": [
    0.059848,
    0.060051
  ],
  "DAO": [
    0.0440918,
    0.04428754
  ],
  "COQ": [
    1.47959e-7,
    1.47678e-7
  ],
  "HMSTR": [
    0.00015757,
    0.00015717
  ],
  "TAI": [
    0.01641317,
    0.01639636
  ],
  "LAT": [
    0.00133673,
    0.00133281
  ],
  "AVL": [
    0.02597171,
    0.02613369
  ],
  "FUEL": [
    0.00094561,
    0.00094202
  ],
  "DENT": [
    0.00007597,
    0.00007598
  ],
  "NAVX": [
    0.00861647,
    0.00861252
  ],
  "NKN": [
    0.00869749,
    0.00860425
  ],
  "SOLV": [
    0.00407485,
    0.00415822
  ],
  "COS": [
    0.00116881,
    0.00117446
  ],
  "ROAM": [
    0.01755396,
    0.01715863
  ],
  "PIXEL": [
    0.00758567,
    0.00758332
  ],
  "OBT": [
    0.00102398,
    0.00101878
  ],
  "RSS3": [
    0.0059434,
    0.0057488
  ],
  "FHE": [
    0.01922668,
    0.01917878
  ],
  "DMC": [
    0.00070124,
    0.00070428
  ],
  "FWOG": [
    0.00458949,
    0.00453719
  ],
  "OAS": [
    0.00063205,
    0.0006266
  ],
  "LYXE": [
    0.224656,
    0.224656
  ],
  "FORTH": [
    0.261972,
    0.236888
  ],
  "RDNT": [
    0.00194792,
    0.00194003
  ],
  "HOOK": [
    0.00848902,
    0.00856018
  ],
  "GEAR": [
    0.00022175,
    0.00022188
  ],
  "SAMO": [
    0.00038184,
    0.00038461
  ],
  "CUDIS": [
    0.00807693,
    0.00808173
  ],
  "PERP": [
    0.0258633,
    0.0258929
  ],
  "PTB": [
    0.00084863,
    0.00085518
  ],
  "EPT": [
    0.00074275,
    0.00074777
  ],
  "FIS": [
    0.01058759,
    0.01080154
  ],
  "HIPPO": [
    0.00016649,
    0.00016384
  ],
  "GORK": [
    0.00160748,
    0.00160588
  ],
  "FLM": [
    0.00275274,
    0.00269461
  ],
  "SAROS": [
    0.00053168,
    0.00053134
  ],
  "DATA": [
    0.00086943,
    0.00087014
  ],
  "INSP": [
    0.00118,
    0.00114326
  ],
  "ACA": [
    0.00065667,
    0.00066605
  ],
  "FOXY": [
    0.00011999,
    0.00012093
  ],
  "A2Z": [
    0.00007256,
    0.00007195
  ],
  "DUCK": [
    0.00007288,
    0.00007397
  ],
  "RFC": [
    0.00057649,
    0.00057628
  ],
  "SWTCH": [
    0.00334959,
    0.00331002
  ],
  "LOOKS": [
    0.00038016,
    0.00038322
  ],
  "MOONPIG": [
    0.00029604,
    0.00029604
  ],
  "BDXN": [
    0.0017209,
    0.00174419
  ],
  "ROOT": [
    0.00006071,
    0.00006141
  ],
  "CHILLGUY": [
    0.00015263,
    0.00013848
  ],
  "APU": [
    0.00005192,
    0.00005459
  ],
  "CHESS": [
    0.00015709,
    0.00015565
  ],
  "HOLO": [
    0.0000123,
    0.00001233
  ],
  "GMMT": [
    0.00262802,
    0.0026217
  ],
  "RATS": [
    0.00004002,
    0.00004038
  ],
  "ADB": [
    null,
    null
  ]
}