{
  "PUMP": [
    0.00178819,
    0.00180266
  ],
  "STABLE": [
    0.03304996,
    0.03402747
  ],
  "SIREN": [
    0.6807,
    0.677858
  ],
  "AERO": [
    0.431015,
    0.435333
  ],
  "MON": [
    0.03079106,
    0.03125214
  ],
  "JASMY": [
    0.00564382,
    0.00569517
  ],
  "LIT": [
    0.950177,
    0.942933
  ],
  "SKYAI": [
    0.200796,
    0.197562
  ],
  "CVX": [
    1.76,
    1.78
  ],
  "BAT": [
    0.103646,
    0.10445
  ],
  "CHEEMS": [
    6.34071e-7,
    6.23939e-7
  ],
  "ATH": [
    0.00605342,
    0.00607402
  ],
  "COW": [
    0.187302,
    0.186743
  ],
  "BANANAS31": [
    0.0091898,
    0.00925577
  ],
  "BEAT": [
    0.585068,
    0.586888
  ],
  "BAN": [
    0.079881,
    0.07877
  ],
  "ONT": [
    0.078205,
    0.078788
  ],
  "CKB": [
    0.001494,
    0.00151042
  ],
  "TAG": [
    0.00065762,
    0.0006613
  ],
  "SAHARA": [
    0.02166715,
    0.02176441
  ],
  "NPC": [
    0.00837047,
    0.00839828
  ],
  "ARC": [
    0.066216,
    0.06608
  ],
  "POLYX": [
    0.050513,
    0.0507
  ],
  "MERL": [
    0.0390258,
    0.038738
  ],
  "HUMA": [
    0.02625187,
    0.02687387
  ],
  "MYX": [
    0.243373,
    0.244069
  ],
  "CSPR": [
    0.00292726,
    0.00291973
  ],
  "IOTX": [
    0.0047875,
    0.0048022
  ],
  "MAGMA": [
    0.218531,
    0.224467
  ],
  "NOT": [
    0.00040916,
    0.00041125
  ],
  "SNEK": [
    0.0005262,
    0.00053033
  ],
  "NEIRO": [
    0.00009364,
    0.00009315
  ],
  "REZ": [
    0.00394305,
    0.00391196
  ],
  "SATS": [
    1.4994e-8,
    1.4904e-8
  ],
  "DEP": [
    0.00112844,
    0.00113207
  ],
  "ISLM": [
    0.01181649,
    0.01185384
  ],
  "ALLO": [
    0.129736,
    0.13087
  ],
  "SPELL": [
    0.00016425,
    0.0001648
  ],
  "CPOOL": [
    0.02755563,
    0.02803814
  ],
  "GUN": [
    0.01584698,
    0.01567677
  ],
  "DEGEN": [
    0.00069967,
    0.00070368
  ],
  "NYM": [
    0.03092636,
    0.03109531
  ],
  "SLP": [
    0.00067476,
    0.00067534
  ],
  "INIT": [
    0.084181,
    0.084459
  ],
  "LRC": [
    0.01719839,
    0.01724878
  ],
  "CORN": [
    0.04030822,
    0.04037438
  ],
  "GRIFFAIN": [
    0.01971713,
    0.02056612
  ],
  "AURORA": [
    0.02799306,
    0.02801883
  ],
  "NIL": [
    0.0404321,
    0.04126281
  ],
  "SWARMS": [
    0.0184966,
    0.01839809
  ],
  "BOB": [
    0.00606327,
    0.00604893
  ],
  "NEWT": [
    0.077266,
    0.077548
  ],
  "BANK": [
    0.03769545,
    0.0373674
  ],
  "L3": [
    0.01041661,
    0.010445
  ],
  "MUBARAK": [
    0.01420606,
    0.01399199
  ],
  "DSYNC": [
    0.01371236,
    0.01382806
  ],
  "SONIC": [
    0.03566495,
    0.03579585
  ],
  "HONEY": [
    0.00209021,
    0.00208344
  ],
  "TLM": [
    0.00181102,
    0.00182426
  ],
  "PAAL": [
    0.01260243,
    0.01281281
  ],
  "RESOLV": [
    0.02970778,
    0.02949198
  ],
  "IKA": [
    0.00375156,
    0.00375615
  ],
  "DAO": [
    0.04428754,
    0.04408442
  ],
  "AIN": [
    0.060051,
    0.059698
  ],
  "COQ": [
    1.47678e-7,
    1.47729e-7
  ],
  "HMSTR": [
    0.00015717,
    0.00015712
  ],
  "TAI": [
    0.01639636,
    0.01645238
  ],
  "LAT": [
    0.00133281,
    0.00133587
  ],
  "AVL": [
    0.02613369,
    0.02741799
  ],
  "FUEL": [
    0.00094202,
    0.00094256
  ],
  "DENT": [
    0.00007598,
    0.00007705
  ],
  "NAVX": [
    0.00861252,
    0.00860794
  ],
  "NKN": [
    0.00860425,
    0.00879865
  ],
  "SOLV": [
    0.00415822,
    0.00419073
  ],
  "COS": [
    0.00117446,
    0.00117615
  ],
  "ROAM": [
    0.01715863,
    0.01700761
  ],
  "PIXEL": [
    0.00758332,
    0.00764692
  ],
  "OBT": [
    0.00101878,
    0.00102572
  ],
  "RSS3": [
    0.0057488,
    0.00575776
  ],
  "FHE": [
    0.01917878,
    0.01969457
  ],
  "DMC": [
    0.00070428,
    0.00070687
  ],
  "FWOG": [
    0.00453719,
    0.00456302
  ],
  "OAS": [
    0.0006266,
    0.0006312
  ],
  "LYXE": [
    0.224656,
    0.224656
  ],
  "FORTH": [
    0.236888,
    0.236665
  ],
  "RDNT": [
    0.00194003,
    0.0019389
  ],
  "HOOK": [
    0.00856018,
    0.00856337
  ],
  "GEAR": [
    0.00022188,
    0.00022451
  ],
  "SAMO": [
    0.00038461,
    0.00038498
  ],
  "CUDIS": [
    0.00808173,
    0.00809657
  ],
  "PERP": [
    0.0258929,
    0.02580735
  ],
  "PTB": [
    0.00085518,
    0.00085603
  ],
  "EPT": [
    0.00074777,
    0.00075
  ],
  "FIS": [
    0.01080154,
    0.01070863
  ],
  "HIPPO": [
    0.00016384,
    0.00016361
  ],
  "GORK": [
    0.00160588,
    0.00160787
  ],
  "FLM": [
    0.00269461,
    0.00269862
  ],
  "SAROS": [
    0.00053134,
    0.00053995
  ],
  "DATA": [
    0.00087014,
    0.00087783
  ],
  "INSP": [
    0.00114326,
    0.00114452
  ],
  "ACA": [
    0.00066605,
    0.00067723
  ],
  "FOXY": [
    0.00012093,
    0.00012001
  ],
  "A2Z": [
    0.00007195,
    0.00007304
  ],
  "DUCK": [
    0.00007397,
    0.00007259
  ],
  "RFC": [
    0.00057628,
    0.0005771
  ],
  "SWTCH": [
    0.00331002,
    0.00320018
  ],
  "LOOKS": [
    0.00038322,
    0.00039014
  ],
  "MOONPIG": [
    0.00029604,
    0.00029503
  ],
  "BDXN": [
    0.00174419,
    0.00175292
  ],
  "ROOT": [
    0.00006141,
    0.00006031
  ],
  "CHILLGUY": [
    0.00013848,
    0.00013965
  ],
  "APU": [
    0.00005459,
    0.00005614
  ],
  "CHESS": [
    0.00015565,
    0.00015445
  ],
  "HOLO": [
    0.00001233,
    0.00001236
  ],
  "GMMT": [
    0.0026217,
    0.00263492
  ],
  "RATS": [
    0.00004038,
    0.00003939
  ],
  "ADB": [
    null,
    null
  ]
}