{
  "SIREN": [
    1.8,
    1.81
  ],
  "PUMP": [
    0.00172009,
    0.00170899
  ],
  "STABLE": [
    0.02384933,
    0.02401507
  ],
  "AERO": [
    0.320612,
    0.320226
  ],
  "JASMY": [
    0.00529385,
    0.00528108
  ],
  "MON": [
    0.0222504,
    0.02230182
  ],
  "LIT": [
    0.830495,
    0.835247
  ],
  "CVX": [
    1.67,
    1.66
  ],
  "BAT": [
    0.091758,
    0.092191
  ],
  "BANANAS31": [
    0.01332747,
    0.01335879
  ],
  "ATH": [
    0.00693892,
    0.00689674
  ],
  "COW": [
    0.198132,
    0.198034
  ],
  "CHEEMS": [
    4.14415e-7,
    4.15799e-7
  ],
  "SAHARA": [
    0.02485478,
    0.0247389
  ],
  "BEAT": [
    0.493919,
    0.493746
  ],
  "CKB": [
    0.00134671,
    0.00135264
  ],
  "TAG": [
    0.00057721,
    0.00058791
  ],
  "SKYAI": [
    0.05907,
    0.058783
  ],
  "NPC": [
    0.00719921,
    0.00719362
  ],
  "BAN": [
    0.057568,
    0.057372
  ],
  "POLYX": [
    0.04494814,
    0.04498409
  ],
  "ONT": [
    0.059423,
    0.059899
  ],
  "CSPR": [
    0.00328469,
    0.00328372
  ],
  "ARC": [
    0.04928457,
    0.04988646
  ],
  "MYX": [
    0.242012,
    0.244291
  ],
  "IOTX": [
    0.00477896,
    0.00478584
  ],
  "NOT": [
    0.00034437,
    0.00034683
  ],
  "DEP": [
    0.0011634,
    0.0011648
  ],
  "ISLM": [
    0.01205492,
    0.01209224
  ],
  "SNEK": [
    0.0004048,
    0.00040565
  ],
  "MERL": [
    0.02424274,
    0.02439591
  ],
  "SPELL": [
    0.00016299,
    0.00016326
  ],
  "NYM": [
    0.03247183,
    0.03248115
  ],
  "LRC": [
    0.02168866,
    0.02154312
  ],
  "HUMA": [
    0.01488903,
    0.01507942
  ],
  "GUN": [
    0.01573711,
    0.0158044
  ],
  "REZ": [
    0.0033354,
    0.00332134
  ],
  "DEGEN": [
    0.0006686,
    0.00067221
  ],
  "CORN": [
    0.04617482,
    0.04614015
  ],
  "MAGMA": [
    0.123911,
    0.123151
  ],
  "NEIRO": [
    0.00005487,
    0.00005505
  ],
  "ALLO": [
    0.102333,
    0.102474
  ],
  "SATS": [
    1.0283e-8,
    1.0265e-8
  ],
  "CPOOL": [
    0.02216034,
    0.02226223
  ],
  "SLP": [
    0.00057075,
    0.00057544
  ],
  "AURORA": [
    0.02713401,
    0.02701609
  ],
  "DENT": [
    0.00018881,
    0.00018819
  ],
  "BANK": [
    0.04146411,
    0.04158995
  ],
  "DSYNC": [
    0.01642099,
    0.01645198
  ],
  "NEWT": [
    0.069543,
    0.069877
  ],
  "BOB": [
    0.00549859,
    0.00549749
  ],
  "RESOLV": [
    0.03785955,
    0.03829149
  ],
  "INIT": [
    0.077373,
    0.078048
  ],
  "DAO": [
    0.056693,
    0.056718
  ],
  "SONIC": [
    0.03885201,
    0.03893184
  ],
  "L3": [
    0.00999006,
    0.00998395
  ],
  "NIL": [
    0.03169521,
    0.0316992
  ],
  "ROAM": [
    0.03960088,
    0.03923653
  ],
  "PAAL": [
    0.01472088,
    0.01480291
  ],
  "HONEY": [
    0.00206742,
    0.00204974
  ],
  "NKN": [
    0.01479803,
    0.01437977
  ],
  "GRIFFAIN": [
    0.011303,
    0.01138233
  ],
  "MUBARAK": [
    0.01122776,
    0.01130205
  ],
  "AIN": [
    0.059778,
    0.060455
  ],
  "TLM": [
    0.00160134,
    0.00160052
  ],
  "TAI": [
    0.01705705,
    0.01692889
  ],
  "IKA": [
    0.00323291,
    0.00323234
  ],
  "SWARMS": [
    0.00928698,
    0.00918465
  ],
  "LAT": [
    0.00130946,
    0.00130901
  ],
  "HMSTR": [
    0.00013309,
    0.00013294
  ],
  "DUCK": [
    0.00109407,
    0.0010904
  ],
  "FUEL": [
    0.00101729,
    0.00101553
  ],
  "COS": [
    0.00144599,
    0.00145136
  ],
  "NAVX": [
    0.0084805,
    0.0085041
  ],
  "AVL": [
    0.02535913,
    0.02519847
  ],
  "COQ": [
    9.428e-8,
    9.3524e-8
  ],
  "PIXEL": [
    0.00775492,
    0.00782709
  ],
  "RDNT": [
    0.00433702,
    0.00435624
  ],
  "OBT": [
    0.00102148,
    0.00102147
  ],
  "DMC": [
    0.0008389,
    0.00089645
  ],
  "HIPPO": [
    0.00051958,
    0.00051897
  ],
  "RSS3": [
    0.00528226,
    0.00558924
  ],
  "FWOG": [
    0.00482043,
    0.00482266
  ],
  "LYXE": [
    0.286551,
    0.286915
  ],
  "SOLV": [
    0.00301513,
    0.00299098
  ],
  "FHE": [
    0.01672147,
    0.0167169
  ],
  "FORTH": [
    0.369605,
    0.372871
  ],
  "GEAR": [
    0.00029311,
    0.00030637
  ],
  "HOOK": [
    0.00904527,
    0.00898127
  ],
  "OAS": [
    0.00035752,
    0.00035969
  ],
  "SAMO": [
    0.00038783,
    0.000387
  ],
  "PERP": [
    0.0307484,
    0.03042638
  ],
  "PTB": [
    0.00106832,
    0.0010377
  ],
  "FIS": [
    0.01362198,
    0.01354963
  ],
  "CUDIS": [
    0.00776043,
    0.00778
  ],
  "EPT": [
    0.00071965,
    0.00071904
  ],
  "A2Z": [
    0.00021515,
    0.00019374
  ],
  "GORK": [
    0.00153694,
    0.00154266
  ],
  "FLM": [
    0.00269048,
    0.00269037
  ],
  "SAROS": [
    0.00052516,
    0.00052894
  ],
  "DATA": [
    0.0010069,
    0.00101072
  ],
  "INSP": [
    0.00126302,
    0.00126783
  ],
  "ACA": [
    0.00081192,
    0.00083089
  ],
  "SWTCH": [
    0.00574204,
    0.00572182
  ],
  "FOXY": [
    0.00012493,
    0.0001286
  ],
  "RFC": [
    0.00057775,
    0.00058067
  ],
  "BDXN": [
    0.00259421,
    0.00257419
  ],
  "LOOKS": [
    0.00039827,
    0.00039863
  ],
  "MOONPIG": [
    0.00031258,
    0.00031352
  ],
  "CHESS": [
    0.00139269,
    0.00140309
  ],
  "ROOT": [
    0.00006993,
    0.00007088
  ],
  "CHILLGUY": [
    0.00006247,
    0.00006247
  ],
  "APU": [
    0.00003075,
    0.00003054
  ],
  "HOLO": [
    0.00001278,
    0.00001278
  ],
  "RATS": [
    0.0000431,
    0.0000433
  ],
  "GMMT": [
    0.00391213,
    0.00377005
  ],
  "ADB": [
    null,
    null
  ]
}