{
  "SIREN": [
    1.79,
    1.71
  ],
  "PUMP": [
    0.00171877,
    0.00169144
  ],
  "STABLE": [
    0.02518913,
    0.02463477
  ],
  "AERO": [
    0.324465,
    0.322782
  ],
  "JASMY": [
    0.00535448,
    0.00535364
  ],
  "MON": [
    0.02373338,
    0.02319944
  ],
  "LIT": [
    0.839589,
    0.829676
  ],
  "CVX": [
    1.75,
    1.73
  ],
  "BAT": [
    0.095785,
    0.096138
  ],
  "BANANAS31": [
    0.01336435,
    0.01401571
  ],
  "ATH": [
    0.00694889,
    0.00699648
  ],
  "COW": [
    0.200499,
    0.199155
  ],
  "CHEEMS": [
    4.30303e-7,
    4.38095e-7
  ],
  "SAHARA": [
    0.02426946,
    0.02466041
  ],
  "CKB": [
    0.0013677,
    0.00136861
  ],
  "ONT": [
    0.069982,
    0.07084
  ],
  "TAG": [
    0.00060785,
    0.00059837
  ],
  "BEAT": [
    0.491374,
    0.466111
  ],
  "SKYAI": [
    0.062273,
    0.062903
  ],
  "NPC": [
    0.00746967,
    0.0074694
  ],
  "POLYX": [
    0.04473738,
    0.04611769
  ],
  "BAN": [
    0.056937,
    0.056894
  ],
  "CSPR": [
    0.0032114,
    0.00329832
  ],
  "ARC": [
    0.05007,
    0.04943201
  ],
  "MYX": [
    0.241586,
    0.23839
  ],
  "IOTX": [
    0.00471481,
    0.00475987
  ],
  "NOT": [
    0.00035809,
    0.00035683
  ],
  "DEP": [
    0.00116369,
    0.00116288
  ],
  "SNEK": [
    0.00040483,
    0.00040603
  ],
  "ISLM": [
    0.01186374,
    0.01165254
  ],
  "MERL": [
    0.02465474,
    0.02462066
  ],
  "GUN": [
    0.01658165,
    0.01722806
  ],
  "SPELL": [
    0.00016422,
    0.00016429
  ],
  "LRC": [
    0.02166239,
    0.02183539
  ],
  "NYM": [
    0.03257125,
    0.03272293
  ],
  "REZ": [
    0.00332265,
    0.00334654
  ],
  "DEGEN": [
    0.00068233,
    0.00068446
  ],
  "HUMA": [
    0.01503093,
    0.01444881
  ],
  "CORN": [
    0.04611252,
    0.04604176
  ],
  "NEIRO": [
    0.00005693,
    0.00005659
  ],
  "ALLO": [
    0.103874,
    0.106206
  ],
  "MAGMA": [
    0.118369,
    0.119893
  ],
  "SATS": [
    1.0536e-8,
    1.062e-8
  ],
  "SLP": [
    0.00057927,
    0.00058226
  ],
  "CPOOL": [
    0.02178678,
    0.02149698
  ],
  "AURORA": [
    0.02686902,
    0.02729835
  ],
  "DENT": [
    0.00019192,
    0.00018757
  ],
  "BANK": [
    0.04152806,
    0.04062581
  ],
  "DSYNC": [
    0.01727573,
    0.01713599
  ],
  "RESOLV": [
    0.03993279,
    0.03951176
  ],
  "NEWT": [
    0.06958,
    0.069538
  ],
  "BOB": [
    0.00537115,
    0.00536799
  ],
  "INIT": [
    0.077416,
    0.077604
  ],
  "NIL": [
    0.03280601,
    0.03296003
  ],
  "SONIC": [
    0.03880115,
    0.03879102
  ],
  "ROAM": [
    0.03971245,
    0.04006902
  ],
  "PAAL": [
    0.01489362,
    0.0151134
  ],
  "L3": [
    0.0096625,
    0.00944687
  ],
  "DAO": [
    0.055015,
    0.051017
  ],
  "HONEY": [
    0.00205347,
    0.00205757
  ],
  "GRIFFAIN": [
    0.01111888,
    0.01128706
  ],
  "AIN": [
    0.060989,
    0.061372
  ],
  "MUBARAK": [
    0.01123555,
    0.0113029
  ],
  "NKN": [
    0.01420306,
    0.01390434
  ],
  "TLM": [
    0.00164289,
    0.00163677
  ],
  "TAI": [
    0.01720084,
    0.01709898
  ],
  "IKA": [
    0.00322905,
    0.0032084
  ],
  "SWARMS": [
    0.00954431,
    0.00928872
  ],
  "LAT": [
    0.00131652,
    0.00130809
  ],
  "HMSTR": [
    0.00013424,
    0.00013616
  ],
  "FUEL": [
    0.00101637,
    0.00101625
  ],
  "DUCK": [
    0.00107998,
    0.00108044
  ],
  "COS": [
    0.00143192,
    0.00142713
  ],
  "NAVX": [
    0.00863884,
    0.00856335
  ],
  "AVL": [
    0.02488606,
    0.02517868
  ],
  "COQ": [
    9.526e-8,
    9.4644e-8
  ],
  "PIXEL": [
    0.00778479,
    0.00785702
  ],
  "RDNT": [
    0.00432014,
    0.00436457
  ],
  "HIPPO": [
    0.00053638,
    0.00053953
  ],
  "OBT": [
    0.00099855,
    0.00099621
  ],
  "RSS3": [
    0.00554809,
    0.00567589
  ],
  "DMC": [
    0.0008587,
    0.00080456
  ],
  "FWOG": [
    0.00490928,
    0.00497021
  ],
  "SOLV": [
    0.00310455,
    0.00309466
  ],
  "LYXE": [
    0.2877,
    0.289696
  ],
  "FHE": [
    0.01705638,
    0.01699844
  ],
  "FORTH": [
    0.358397,
    0.370068
  ],
  "GEAR": [
    0.0003034,
    0.00030248
  ],
  "HOOK": [
    0.00887243,
    0.00978999
  ],
  "OAS": [
    0.00036129,
    0.00036359
  ],
  "SAMO": [
    0.00040689,
    0.0003975
  ],
  "FIS": [
    0.01380059,
    0.01442603
  ],
  "PTB": [
    0.0010307,
    0.00107826
  ],
  "PERP": [
    0.03112745,
    0.0302883
  ],
  "CUDIS": [
    0.00816655,
    0.00823192
  ],
  "EPT": [
    0.00072504,
    0.00073329
  ],
  "A2Z": [
    0.00018107,
    0.00019611
  ],
  "FLM": [
    0.00275478,
    0.00278158
  ],
  "GORK": [
    0.00153954,
    0.0015233
  ],
  "SAROS": [
    0.00052399,
    0.00052983
  ],
  "DATA": [
    0.00099174,
    0.00099314
  ],
  "INSP": [
    0.00127044,
    0.00130029
  ],
  "ACA": [
    0.00079857,
    0.00084707
  ],
  "SWTCH": [
    0.00537087,
    0.00531348
  ],
  "FOXY": [
    0.00011928,
    0.00011931
  ],
  "RFC": [
    0.00057948,
    0.00056898
  ],
  "BDXN": [
    0.00252028,
    0.00262121
  ],
  "LOOKS": [
    0.00039755,
    0.00039775
  ],
  "MOONPIG": [
    0.00032139,
    0.00032036
  ],
  "CHESS": [
    0.00145463,
    0.00132911
  ],
  "ROOT": [
    0.00006295,
    0.00006196
  ],
  "CHILLGUY": [
    0.00006556,
    0.00006569
  ],
  "APU": [
    0.00003036,
    0.00003051
  ],
  "HOLO": [
    0.00001278,
    0.00001303
  ],
  "RATS": [
    0.00004583,
    0.0000487
  ],
  "GMMT": [
    0.00391714,
    0.00414167
  ],
  "ADB": [
    null,
    null
  ]
}