{
  "PUMP": [
    0.00166586,
    0.00167235
  ],
  "STABLE": [
    0.02751452,
    0.02754084
  ],
  "SIREN": [
    0.565501,
    0.597408
  ],
  "MON": [
    0.02741331,
    0.02743399
  ],
  "AERO": [
    0.313116,
    0.313497
  ],
  "JASMY": [
    0.00526075,
    0.0052905
  ],
  "LIT": [
    0.999739,
    0.99804
  ],
  "CVX": [
    1.7,
    1.71
  ],
  "BAT": [
    0.094982,
    0.095137
  ],
  "ATH": [
    0.00674693,
    0.00676175
  ],
  "BANANAS31": [
    0.01205604,
    0.01219862
  ],
  "COW": [
    0.203398,
    0.204464
  ],
  "ONT": [
    0.0985,
    0.098233
  ],
  "CHEEMS": [
    4.14139e-7,
    4.11048e-7
  ],
  "SKYAI": [
    0.07687,
    0.077474
  ],
  "SAHARA": [
    0.02370237,
    0.0233715
  ],
  "TAG": [
    0.00065914,
    0.00065895
  ],
  "CKB": [
    0.00146739,
    0.00146798
  ],
  "POLYX": [
    0.05332,
    0.052854
  ],
  "BAN": [
    0.056132,
    0.057186
  ],
  "NPC": [
    0.00709892,
    0.00709888
  ],
  "ARC": [
    0.054713,
    0.05478
  ],
  "BEAT": [
    0.335578,
    0.33779
  ],
  "CSPR": [
    0.00292527,
    0.00293162
  ],
  "MYX": [
    0.23364,
    0.234917
  ],
  "IOTX": [
    0.00446973,
    0.00446986
  ],
  "NOT": [
    0.00035609,
    0.00035666
  ],
  "DEP": [
    0.00114213,
    0.00113849
  ],
  "SNEK": [
    0.00041485,
    0.00041497
  ],
  "ISLM": [
    0.01193576,
    0.01202136
  ],
  "NYM": [
    0.03432085,
    0.03443542
  ],
  "MERL": [
    0.02351527,
    0.02359285
  ],
  "REZ": [
    0.00341359,
    0.003405
  ],
  "SPELL": [
    0.00015862,
    0.00015877
  ],
  "GUN": [
    0.01438841,
    0.01436158
  ],
  "DEGEN": [
    0.00066902,
    0.0006681
  ],
  "HUMA": [
    0.0137251,
    0.01377467
  ],
  "CORN": [
    0.04498137,
    0.04504236
  ],
  "NEIRO": [
    0.00005508,
    0.00005523
  ],
  "ALLO": [
    0.103372,
    0.102885
  ],
  "SATS": [
    1.0725e-8,
    1.0698e-8
  ],
  "CPOOL": [
    0.02264464,
    0.02271995
  ],
  "LRC": [
    0.01766274,
    0.01761859
  ],
  "SLP": [
    0.00059345,
    0.00060008
  ],
  "MAGMA": [
    0.108266,
    0.109474
  ],
  "AURORA": [
    0.02598614,
    0.02598764
  ],
  "DENT": [
    0.00017658,
    0.00017633
  ],
  "BOB": [
    0.00567242,
    0.00563858
  ],
  "RESOLV": [
    0.03952801,
    0.04011023
  ],
  "INIT": [
    0.082371,
    0.081773
  ],
  "DSYNC": [
    0.01468598,
    0.01471062
  ],
  "NIL": [
    0.0332979,
    0.03326615
  ],
  "NEWT": [
    0.065003,
    0.065067
  ],
  "L3": [
    0.01004094,
    0.00998075
  ],
  "DAO": [
    0.053428,
    0.052935
  ],
  "SONIC": [
    0.0366671,
    0.03671532
  ],
  "IKA": [
    0.00424191,
    0.00428612
  ],
  "GRIFFAIN": [
    0.01222474,
    0.01217838
  ],
  "BANK": [
    0.02835171,
    0.02838591
  ],
  "HONEY": [
    0.00210754,
    0.00206939
  ],
  "PAAL": [
    0.01271521,
    0.01271215
  ],
  "MUBARAK": [
    0.01108795,
    0.01112098
  ],
  "AIN": [
    0.059168,
    0.05877
  ],
  "ROAM": [
    0.03063278,
    0.03128033
  ],
  "TLM": [
    0.00160928,
    0.00163888
  ],
  "SWARMS": [
    0.01055909,
    0.01071709
  ],
  "AVL": [
    0.03374475,
    0.03395459
  ],
  "TAI": [
    0.01623844,
    0.01621573
  ],
  "LAT": [
    0.00130421,
    0.0013065
  ],
  "HMSTR": [
    0.00013854,
    0.00013873
  ],
  "NKN": [
    0.00968575,
    0.00964164
  ],
  "FUEL": [
    0.00093963,
    0.00093922
  ],
  "NAVX": [
    0.0087227,
    0.00883373
  ],
  "SOLV": [
    0.00500158,
    0.00484691
  ],
  "COS": [
    0.0012309,
    0.00130338
  ],
  "COQ": [
    9.3376e-8,
    9.3297e-8
  ],
  "RSS3": [
    0.00646222,
    0.00636696
  ],
  "OBT": [
    0.00101191,
    0.0010072
  ],
  "PIXEL": [
    0.00637475,
    0.00635858
  ],
  "FWOG": [
    0.00477891,
    0.00478057
  ],
  "FHE": [
    0.01788661,
    0.01797249
  ],
  "DMC": [
    0.00071817,
    0.00071983
  ],
  "HIPPO": [
    0.00043088,
    0.00041678
  ],
  "LYXE": [
    0.260691,
    0.261547
  ],
  "RDNT": [
    0.00254976,
    0.00255531
  ],
  "GEAR": [
    0.00030331,
    0.00030332
  ],
  "FORTH": [
    0.243484,
    0.257414
  ],
  "SAMO": [
    0.00042805,
    0.00042883
  ],
  "DUCK": [
    0.00031726,
    0.00031424
  ],
  "OAS": [
    0.00035841,
    0.00036078
  ],
  "HOOK": [
    0.00789397,
    0.00796365
  ],
  "FIS": [
    0.01291361,
    0.0126811
  ],
  "PERP": [
    0.02635715,
    0.02660629
  ],
  "CUDIS": [
    0.00770082,
    0.00763522
  ],
  "PTB": [
    0.00099386,
    0.00090162
  ],
  "EPT": [
    0.0007401,
    0.00074552
  ],
  "FLM": [
    0.00284627,
    0.00281905
  ],
  "DATA": [
    0.00098213,
    0.00098114
  ],
  "GORK": [
    0.00129046,
    0.00129243
  ],
  "SAROS": [
    0.00046742,
    0.00046956
  ],
  "ACA": [
    0.0008164,
    0.00082629
  ],
  "INSP": [
    0.00120352,
    0.00120664
  ],
  "A2Z": [
    0.00010544,
    0.00010329
  ],
  "SWTCH": [
    0.00360685,
    0.00358236
  ],
  "FOXY": [
    0.00009195,
    0.00009217
  ],
  "RFC": [
    0.00052064,
    0.00051968
  ],
  "LOOKS": [
    0.00039829,
    0.00039577
  ],
  "BDXN": [
    0.00195357,
    0.00194693
  ],
  "MOONPIG": [
    0.00028998,
    0.0002919
  ],
  "ROOT": [
    0.00006149,
    0.00006387
  ],
  "CHESS": [
    0.00040651,
    0.0003864
  ],
  "CHILLGUY": [
    0.00006745,
    0.00006763
  ],
  "APU": [
    0.0000316,
    0.00003152
  ],
  "HOLO": [
    0.00001344,
    0.00001234
  ],
  "RATS": [
    0.0000367,
    0.00003687
  ],
  "GMMT": [
    0.00384506,
    0.00384139
  ],
  "ADB": [
    null,
    null
  ]
}