{
  "PUMP": [
    0.00178616,
    0.00178115
  ],
  "STABLE": [
    0.03468543,
    0.03540804
  ],
  "SIREN": [
    0.67733,
    0.660732
  ],
  "AERO": [
    0.426679,
    0.425995
  ],
  "MON": [
    0.03095595,
    0.03076895
  ],
  "JASMY": [
    0.00574797,
    0.00574188
  ],
  "LIT": [
    0.945366,
    0.946956
  ],
  "SKYAI": [
    0.19637,
    0.195845
  ],
  "CVX": [
    1.78,
    1.78
  ],
  "BAT": [
    0.104781,
    0.104482
  ],
  "CHEEMS": [
    6.2042e-7,
    6.16054e-7
  ],
  "ATH": [
    0.00606325,
    0.00604466
  ],
  "COW": [
    0.191397,
    0.189232
  ],
  "BANANAS31": [
    0.00922378,
    0.00917624
  ],
  "BEAT": [
    0.595575,
    0.592106
  ],
  "BAN": [
    0.077462,
    0.077895
  ],
  "ONT": [
    0.077447,
    0.077549
  ],
  "TAG": [
    0.00068645,
    0.00068261
  ],
  "CKB": [
    0.00151733,
    0.00151328
  ],
  "SAHARA": [
    0.02176173,
    0.02175219
  ],
  "NPC": [
    0.00843055,
    0.00843161
  ],
  "POLYX": [
    0.050889,
    0.050942
  ],
  "ARC": [
    0.064997,
    0.064615
  ],
  "MAGMA": [
    0.251492,
    0.261813
  ],
  "MERL": [
    0.0385747,
    0.03967612
  ],
  "CSPR": [
    0.00295317,
    0.00294254
  ],
  "HUMA": [
    0.02677562,
    0.02682258
  ],
  "IOTX": [
    0.00485855,
    0.00488559
  ],
  "MYX": [
    0.240301,
    0.239515
  ],
  "NOT": [
    0.0004206,
    0.00042595
  ],
  "SNEK": [
    0.00052204,
    0.00051946
  ],
  "NEIRO": [
    0.00008976,
    0.00008937
  ],
  "REZ": [
    0.00387423,
    0.00388494
  ],
  "DEP": [
    0.00112925,
    0.00112771
  ],
  "ISLM": [
    0.01186951,
    0.01195711
  ],
  "SATS": [
    1.4656e-8,
    1.4636e-8
  ],
  "SPELL": [
    0.000165,
    0.00016467
  ],
  "CPOOL": [
    0.02820116,
    0.02819911
  ],
  "ALLO": [
    0.122779,
    0.118939
  ],
  "GUN": [
    0.01534123,
    0.01545151
  ],
  "NYM": [
    0.03109505,
    0.03100367
  ],
  "INIT": [
    0.092682,
    0.092996
  ],
  "DEGEN": [
    0.00067474,
    0.00067205
  ],
  "SLP": [
    0.00068366,
    0.00068018
  ],
  "LRC": [
    0.01730621,
    0.01725472
  ],
  "CORN": [
    0.04030189,
    0.04032395
  ],
  "GRIFFAIN": [
    0.02111166,
    0.02090141
  ],
  "AURORA": [
    0.02798081,
    0.02796937
  ],
  "NIL": [
    0.04145764,
    0.04146415
  ],
  "SWARMS": [
    0.01773008,
    0.0181789
  ],
  "BOB": [
    0.00610143,
    0.00609046
  ],
  "NEWT": [
    0.078975,
    0.079016
  ],
  "BANK": [
    0.03689654,
    0.03683325
  ],
  "L3": [
    0.01048328,
    0.01048782
  ],
  "MUBARAK": [
    0.01401174,
    0.0140541
  ],
  "DSYNC": [
    0.01371634,
    0.01372454
  ],
  "SONIC": [
    0.03622646,
    0.03629035
  ],
  "HONEY": [
    0.00220321,
    0.00220276
  ],
  "TLM": [
    0.00188288,
    0.00187907
  ],
  "DAO": [
    0.04481888,
    0.04490284
  ],
  "PAAL": [
    0.01260345,
    0.01266352
  ],
  "AIN": [
    0.060794,
    0.06022
  ],
  "RESOLV": [
    0.02851365,
    0.02833038
  ],
  "IKA": [
    0.0036344,
    0.00361682
  ],
  "COQ": [
    1.49758e-7,
    1.49501e-7
  ],
  "HMSTR": [
    0.00015745,
    0.00015713
  ],
  "TAI": [
    0.01659154,
    0.01659091
  ],
  "LAT": [
    0.00132857,
    0.00132822
  ],
  "AVL": [
    0.02867972,
    0.02816582
  ],
  "FUEL": [
    0.00094115,
    0.00094073
  ],
  "NAVX": [
    0.00865183,
    0.0086477
  ],
  "DENT": [
    0.00007266,
    0.00007337
  ],
  "NKN": [
    0.0085887,
    0.00858429
  ],
  "COS": [
    0.00118546,
    0.00117441
  ],
  "SOLV": [
    0.00407519,
    0.00407409
  ],
  "PIXEL": [
    0.00774946,
    0.00782313
  ],
  "ROAM": [
    0.01688104,
    0.01692925
  ],
  "OBT": [
    0.00102003,
    0.001016
  ],
  "RSS3": [
    0.00563063,
    0.00576482
  ],
  "FHE": [
    0.01969661,
    0.01916647
  ],
  "DMC": [
    0.00069534,
    0.00069726
  ],
  "FWOG": [
    0.00463305,
    0.00465107
  ],
  "OAS": [
    0.00063102,
    0.00062848
  ],
  "LYXE": [
    0.228057,
    0.227667
  ],
  "FORTH": [
    0.238307,
    0.238161
  ],
  "RDNT": [
    0.00194793,
    0.00194308
  ],
  "HOOK": [
    0.00853284,
    0.00847298
  ],
  "SAMO": [
    0.00038538,
    0.00038976
  ],
  "GEAR": [
    0.00022313,
    0.00022316
  ],
  "CUDIS": [
    0.00812526,
    0.00811529
  ],
  "PERP": [
    0.02608458,
    0.02604271
  ],
  "PTB": [
    0.00087233,
    0.00087338
  ],
  "EPT": [
    0.00073734,
    0.00072665
  ],
  "HIPPO": [
    0.00016635,
    0.00016717
  ],
  "FIS": [
    0.01068217,
    0.01071928
  ],
  "GORK": [
    0.00162727,
    0.00163109
  ],
  "FLM": [
    0.0026957,
    0.00269485
  ],
  "SAROS": [
    0.00052846,
    0.00052784
  ],
  "DATA": [
    0.00069096,
    0.00071454
  ],
  "INSP": [
    0.00112707,
    0.00110854
  ],
  "ACA": [
    0.00065585,
    0.00065814
  ],
  "FOXY": [
    0.00012095,
    0.00012007
  ],
  "A2Z": [
    0.00007262,
    0.00007317
  ],
  "DUCK": [
    0.00007019,
    0.00007238
  ],
  "RFC": [
    0.00057912,
    0.00057733
  ],
  "SWTCH": [
    0.00315648,
    0.00320443
  ],
  "LOOKS": [
    0.00038603,
    0.00038504
  ],
  "MOONPIG": [
    0.00029903,
    0.00029904
  ],
  "BDXN": [
    0.00174705,
    0.00174556
  ],
  "ROOT": [
    0.00006031,
    0.00006231
  ],
  "CHILLGUY": [
    0.00013838,
    0.00013856
  ],
  "APU": [
    0.00006229,
    0.00006164
  ],
  "CHESS": [
    0.00015195,
    0.00015261
  ],
  "HOLO": [
    0.0000125,
    0.0000125
  ],
  "GMMT": [
    0.00263853,
    0.00263071
  ],
  "RATS": [
    0.00003794,
    0.00003759
  ],
  "ADB": [
    null,
    null
  ]
}