{
  "PUMP": [
    0.00176335,
    0.0017656
  ],
  "STABLE": [
    0.03419816,
    0.034356
  ],
  "SIREN": [
    0.676989,
    0.671127
  ],
  "AERO": [
    0.465993,
    0.469384
  ],
  "MON": [
    0.03110702,
    0.03124758
  ],
  "JASMY": [
    0.0058639,
    0.00585557
  ],
  "LIT": [
    0.914876,
    0.911141
  ],
  "SKYAI": [
    0.186139,
    0.186833
  ],
  "CVX": [
    1.79,
    1.79
  ],
  "BAT": [
    0.105035,
    0.105001
  ],
  "CHEEMS": [
    5.92756e-7,
    5.99393e-7
  ],
  "ATH": [
    0.00602056,
    0.00601275
  ],
  "COW": [
    0.190917,
    0.191399
  ],
  "BANANAS31": [
    0.00957291,
    0.00955596
  ],
  "BAN": [
    0.083923,
    0.084167
  ],
  "CKB": [
    0.00163279,
    0.00162911
  ],
  "BEAT": [
    0.567955,
    0.568962
  ],
  "SAHARA": [
    0.0239571,
    0.02386647
  ],
  "TAG": [
    0.00067845,
    0.00068816
  ],
  "ONT": [
    0.072268,
    0.072154
  ],
  "ARC": [
    0.06798,
    0.069573
  ],
  "NPC": [
    0.00855234,
    0.00856133
  ],
  "POLYX": [
    0.051091,
    0.050997
  ],
  "MERL": [
    0.04132964,
    0.04060582
  ],
  "MYX": [
    0.26227,
    0.259622
  ],
  "CSPR": [
    0.00288864,
    0.00288741
  ],
  "IOTX": [
    0.00482491,
    0.00482035
  ],
  "NOT": [
    0.0004225,
    0.00042317
  ],
  "HUMA": [
    0.02434605,
    0.02424469
  ],
  "MAGMA": [
    0.207157,
    0.207061
  ],
  "NEIRO": [
    0.00008827,
    0.00008848
  ],
  "SNEK": [
    0.00048246,
    0.00048243
  ],
  "REZ": [
    0.00397465,
    0.0039907
  ],
  "SATS": [
    1.4774e-8,
    1.4768e-8
  ],
  "ISLM": [
    0.0119414,
    0.01194047
  ],
  "DEP": [
    0.001106,
    0.00110904
  ],
  "SPELL": [
    0.00016577,
    0.00016601
  ],
  "CPOOL": [
    0.02690574,
    0.02719915
  ],
  "SLP": [
    0.00072216,
    0.00072922
  ],
  "GUN": [
    0.01524184,
    0.0153143
  ],
  "ALLO": [
    0.116085,
    0.115522
  ],
  "DEGEN": [
    0.00068058,
    0.00068513
  ],
  "NYM": [
    0.02956654,
    0.02957113
  ],
  "INIT": [
    0.089944,
    0.089833
  ],
  "LRC": [
    0.01713168,
    0.01712879
  ],
  "CORN": [
    0.04003277,
    0.04001807
  ],
  "NIL": [
    0.0443147,
    0.04395123
  ],
  "AURORA": [
    0.027702,
    0.02774778
  ],
  "SWARMS": [
    0.01853297,
    0.01863975
  ],
  "GRIFFAIN": [
    0.01772753,
    0.0176815
  ],
  "NEWT": [
    0.080975,
    0.080887
  ],
  "BOB": [
    0.00583797,
    0.00581275
  ],
  "L3": [
    0.01120445,
    0.01102094
  ],
  "AIN": [
    0.080589,
    0.079185
  ],
  "BANK": [
    0.03414368,
    0.03407584
  ],
  "DSYNC": [
    0.01400993,
    0.01408915
  ],
  "SONIC": [
    0.03882555,
    0.03876286
  ],
  "MUBARAK": [
    0.01361863,
    0.01366208
  ],
  "TLM": [
    0.00188128,
    0.00188329
  ],
  "HONEY": [
    0.00207422,
    0.00207786
  ],
  "DAO": [
    0.04612881,
    0.04632562
  ],
  "PAAL": [
    0.0126063,
    0.01262263
  ],
  "RESOLV": [
    0.02884892,
    0.02915387
  ],
  "IKA": [
    0.00372683,
    0.00372597
  ],
  "HMSTR": [
    0.00015674,
    0.00015703
  ],
  "COQ": [
    1.42469e-7,
    1.4289e-7
  ],
  "TAI": [
    0.01653543,
    0.01652014
  ],
  "LAT": [
    0.00133029,
    0.00133113
  ],
  "AVL": [
    0.02664787,
    0.02664319
  ],
  "FUEL": [
    0.00093701,
    0.00093639
  ],
  "NAVX": [
    0.00880409,
    0.00880923
  ],
  "NKN": [
    0.00842937,
    0.00843257
  ],
  "PIXEL": [
    0.00831865,
    0.00833737
  ],
  "COS": [
    0.00117977,
    0.00117738
  ],
  "SOLV": [
    0.00410072,
    0.00410384
  ],
  "DENT": [
    0.00006068,
    0.00006072
  ],
  "OBT": [
    0.00102751,
    0.00102832
  ],
  "RSS3": [
    0.00577612,
    0.00580994
  ],
  "ROAM": [
    0.01549486,
    0.01558677
  ],
  "FWOG": [
    0.00480441,
    0.00485251
  ],
  "DMC": [
    0.00071578,
    0.00071177
  ],
  "FHE": [
    0.01791983,
    0.01787204
  ],
  "LYXE": [
    0.244307,
    0.244728
  ],
  "OAS": [
    0.00057932,
    0.00057716
  ],
  "FORTH": [
    0.244087,
    0.244007
  ],
  "RDNT": [
    0.00188985,
    0.00189395
  ],
  "HOOK": [
    0.00840978,
    0.00848445
  ],
  "GEAR": [
    0.00022921,
    0.0002299
  ],
  "SAMO": [
    0.00038452,
    0.00038261
  ],
  "CUDIS": [
    0.00793125,
    0.00801111
  ],
  "PERP": [
    0.02640213,
    0.02639875
  ],
  "EPT": [
    0.00074391,
    0.00073527
  ],
  "PTB": [
    0.00081219,
    0.0008103
  ],
  "FIS": [
    0.01066141,
    0.010667
  ],
  "HIPPO": [
    0.00015972,
    0.00016092
  ],
  "FLM": [
    0.00276276,
    0.0027372
  ],
  "GORK": [
    0.00151312,
    0.00150929
  ],
  "SAROS": [
    0.00050395,
    0.00050352
  ],
  "DATA": [
    0.00075031,
    0.0007534
  ],
  "INSP": [
    0.00107114,
    0.00106986
  ],
  "ACA": [
    0.00067916,
    0.00068015
  ],
  "FOXY": [
    0.00012006,
    0.00012002
  ],
  "A2Z": [
    0.00007157,
    0.00007067
  ],
  "RFC": [
    0.0005816,
    0.00058393
  ],
  "SWTCH": [
    0.00338764,
    0.00341369
  ],
  "DUCK": [
    0.00006934,
    0.00007006
  ],
  "LOOKS": [
    0.00036572,
    0.00036605
  ],
  "MOONPIG": [
    0.0002979,
    0.00029605
  ],
  "BDXN": [
    0.00159471,
    0.00153205
  ],
  "ROOT": [
    0.00006082,
    0.00006111
  ],
  "CHILLGUY": [
    0.00014281,
    0.00013929
  ],
  "APU": [
    0.00004442,
    0.00004447
  ],
  "CHESS": [
    0.00016954,
    0.00016952
  ],
  "HOLO": [
    0.00001228,
    0.00001228
  ],
  "GMMT": [
    0.0026425,
    0.00264033
  ],
  "RATS": [
    0.0000365,
    0.00003647
  ],
  "ADB": [
    null,
    null
  ]
}