{
  "PUMP": [
    0.00166028,
    0.0016696
  ],
  "STABLE": [
    0.0268098,
    0.02704835
  ],
  "SIREN": [
    0.523895,
    0.559064
  ],
  "MON": [
    0.02725677,
    0.02743529
  ],
  "AERO": [
    0.314416,
    0.314622
  ],
  "JASMY": [
    0.00527575,
    0.00528712
  ],
  "LIT": [
    0.984763,
    1.013
  ],
  "CVX": [
    1.69,
    1.7
  ],
  "BAT": [
    0.094856,
    0.095667
  ],
  "BANANAS31": [
    0.01257694,
    0.01262153
  ],
  "ATH": [
    0.00679207,
    0.00677079
  ],
  "COW": [
    0.201713,
    0.201518
  ],
  "ONT": [
    0.096432,
    0.095411
  ],
  "CHEEMS": [
    4.06685e-7,
    4.05202e-7
  ],
  "SKYAI": [
    0.07375,
    0.075432
  ],
  "SAHARA": [
    0.02376483,
    0.0234868
  ],
  "TAG": [
    0.00065989,
    0.00066853
  ],
  "CKB": [
    0.0014654,
    0.00146982
  ],
  "POLYX": [
    0.052442,
    0.052896
  ],
  "NPC": [
    0.00705028,
    0.00704702
  ],
  "BAN": [
    0.056659,
    0.056698
  ],
  "ARC": [
    0.056076,
    0.055572
  ],
  "BEAT": [
    0.3464,
    0.347288
  ],
  "CSPR": [
    0.00291266,
    0.00291367
  ],
  "IOTX": [
    0.00450431,
    0.0045131
  ],
  "MYX": [
    0.220338,
    0.222069
  ],
  "NOT": [
    0.00035528,
    0.00035828
  ],
  "DEP": [
    0.00114236,
    0.00114185
  ],
  "SNEK": [
    0.00041111,
    0.00041287
  ],
  "ISLM": [
    0.01206266,
    0.01199713
  ],
  "NYM": [
    0.03420436,
    0.03422405
  ],
  "MERL": [
    0.02357732,
    0.02343135
  ],
  "REZ": [
    0.00341727,
    0.00341597
  ],
  "SPELL": [
    0.0001585,
    0.00015877
  ],
  "GUN": [
    0.01441498,
    0.01430967
  ],
  "DEGEN": [
    0.00066701,
    0.00066895
  ],
  "HUMA": [
    0.01384254,
    0.01380975
  ],
  "CORN": [
    0.04506379,
    0.04499585
  ],
  "NEIRO": [
    0.0000547,
    0.00005539
  ],
  "ALLO": [
    0.10458,
    0.104444
  ],
  "SATS": [
    1.0723e-8,
    1.0781e-8
  ],
  "CPOOL": [
    0.02275417,
    0.02265982
  ],
  "LRC": [
    0.01747901,
    0.0175952
  ],
  "SLP": [
    0.00059022,
    0.00058978
  ],
  "MAGMA": [
    0.113523,
    0.111465
  ],
  "AURORA": [
    0.02593741,
    0.02594904
  ],
  "DENT": [
    0.00017678,
    0.00017684
  ],
  "BOB": [
    0.00556138,
    0.00561592
  ],
  "RESOLV": [
    0.03876271,
    0.03903156
  ],
  "INIT": [
    0.081041,
    0.080158
  ],
  "NIL": [
    0.03379387,
    0.03380091
  ],
  "DSYNC": [
    0.01444059,
    0.01436651
  ],
  "NEWT": [
    0.064821,
    0.065154
  ],
  "IKA": [
    0.00446976,
    0.00459983
  ],
  "DAO": [
    0.052774,
    0.052719
  ],
  "SONIC": [
    0.03675311,
    0.03675412
  ],
  "L3": [
    0.00886007,
    0.00886381
  ],
  "GRIFFAIN": [
    0.01245833,
    0.01211976
  ],
  "HONEY": [
    0.0020722,
    0.00208354
  ],
  "BANK": [
    0.02784956,
    0.02794714
  ],
  "PAAL": [
    0.01278415,
    0.01288519
  ],
  "MUBARAK": [
    0.01102925,
    0.01124253
  ],
  "ROAM": [
    0.03118092,
    0.03137094
  ],
  "AIN": [
    0.058323,
    0.057966
  ],
  "TLM": [
    0.00162173,
    0.00161609
  ],
  "SWARMS": [
    0.01023662,
    0.01033442
  ],
  "TAI": [
    0.01617193,
    0.01627675
  ],
  "AVL": [
    0.03171793,
    0.03183012
  ],
  "LAT": [
    0.00130763,
    0.00130382
  ],
  "HMSTR": [
    0.00013779,
    0.00013832
  ],
  "NKN": [
    0.00979443,
    0.00988655
  ],
  "SOLV": [
    0.00446444,
    0.00499522
  ],
  "FUEL": [
    0.00094164,
    0.00094052
  ],
  "NAVX": [
    0.00874812,
    0.00876281
  ],
  "COQ": [
    9.3135e-8,
    9.3229e-8
  ],
  "COS": [
    0.00124165,
    0.00123978
  ],
  "RSS3": [
    0.00661935,
    0.00655716
  ],
  "OBT": [
    0.00102452,
    0.00101584
  ],
  "PIXEL": [
    0.00642969,
    0.00639206
  ],
  "FWOG": [
    0.00475995,
    0.00472405
  ],
  "FHE": [
    0.01825752,
    0.01825574
  ],
  "DMC": [
    0.00071824,
    0.00071154
  ],
  "HIPPO": [
    0.00043538,
    0.00043637
  ],
  "LYXE": [
    0.262473,
    0.259837
  ],
  "RDNT": [
    0.00256329,
    0.00255377
  ],
  "GEAR": [
    0.00030085,
    0.00030313
  ],
  "FORTH": [
    0.247468,
    0.247291
  ],
  "SAMO": [
    0.00043953,
    0.00043723
  ],
  "DUCK": [
    0.00033012,
    0.00031868
  ],
  "OAS": [
    0.00035777,
    0.00035729
  ],
  "HOOK": [
    0.00790939,
    0.00788754
  ],
  "FIS": [
    0.01303601,
    0.01312002
  ],
  "PERP": [
    0.02654914,
    0.02618877
  ],
  "CUDIS": [
    0.00771348,
    0.00767725
  ],
  "EPT": [
    0.00073755,
    0.00073583
  ],
  "FLM": [
    0.00286293,
    0.00291212
  ],
  "PTB": [
    0.00074958,
    0.0007831
  ],
  "DATA": [
    0.00098621,
    0.00098322
  ],
  "GORK": [
    0.00129102,
    0.00128795
  ],
  "SAROS": [
    0.00047001,
    0.00046991
  ],
  "INSP": [
    0.00119868,
    0.0012038
  ],
  "ACA": [
    0.00079427,
    0.00080272
  ],
  "A2Z": [
    0.00010122,
    0.00010273
  ],
  "SWTCH": [
    0.00354839,
    0.00351979
  ],
  "FOXY": [
    0.00008911,
    0.00008903
  ],
  "RFC": [
    0.00051909,
    0.00052525
  ],
  "LOOKS": [
    0.00039628,
    0.00040828
  ],
  "BDXN": [
    0.00192243,
    0.00193694
  ],
  "MOONPIG": [
    0.00029087,
    0.00028991
  ],
  "ROOT": [
    0.00006058,
    0.00006067
  ],
  "CHESS": [
    0.00039637,
    0.00041624
  ],
  "CHILLGUY": [
    0.00006726,
    0.00006721
  ],
  "APU": [
    0.00003086,
    0.00003113
  ],
  "HOLO": [
    0.00001475,
    0.00001463
  ],
  "RATS": [
    0.0000365,
    0.00003633
  ],
  "GMMT": [
    0.00387292,
    0.00386402
  ],
  "ADB": [
    null,
    null
  ]
}