{
  "PUMP": [
    0.00188678,
    0.00186984
  ],
  "STABLE": [
    0.02606867,
    0.02598364
  ],
  "SIREN": [
    0.834489,
    0.764563
  ],
  "MON": [
    0.03375698,
    0.0332892
  ],
  "AERO": [
    0.411517,
    0.405836
  ],
  "JASMY": [
    0.00568684,
    0.00561633
  ],
  "LIT": [
    1.023,
    1.027
  ],
  "SKYAI": [
    0.188618,
    0.18486
  ],
  "CVX": [
    1.85,
    1.83
  ],
  "BAT": [
    0.101486,
    0.100654
  ],
  "ATH": [
    0.00603472,
    0.00596675
  ],
  "CHEEMS": [
    5.63897e-7,
    5.51637e-7
  ],
  "COW": [
    0.190595,
    0.189956
  ],
  "BANANAS31": [
    0.00985248,
    0.00952709
  ],
  "ONT": [
    0.081029,
    0.081437
  ],
  "TAG": [
    0.00073539,
    0.00073383
  ],
  "CKB": [
    0.00161293,
    0.00159849
  ],
  "BEAT": [
    0.520644,
    0.507263
  ],
  "BAN": [
    0.071604,
    0.070167
  ],
  "ARC": [
    0.071174,
    0.069633
  ],
  "SAHARA": [
    0.02242895,
    0.02211754
  ],
  "POLYX": [
    0.051725,
    0.051199
  ],
  "NPC": [
    0.00778715,
    0.00775718
  ],
  "CSPR": [
    0.00298873,
    0.00298884
  ],
  "MYX": [
    0.269074,
    0.249257
  ],
  "IOTX": [
    0.00495925,
    0.00479914
  ],
  "MERL": [
    0.03655905,
    0.0333837
  ],
  "NOT": [
    0.00039798,
    0.00039333
  ],
  "MAGMA": [
    0.197734,
    0.191952
  ],
  "SNEK": [
    0.00047997,
    0.0004799
  ],
  "NEIRO": [
    0.00008778,
    0.00008367
  ],
  "HUMA": [
    0.01915832,
    0.01926951
  ],
  "ISLM": [
    0.01242734,
    0.01244431
  ],
  "SATS": [
    1.5852e-8,
    1.5224e-8
  ],
  "REZ": [
    0.00387739,
    0.00379825
  ],
  "DEP": [
    0.00111359,
    0.0011157
  ],
  "SPELL": [
    0.00016845,
    0.00016674
  ],
  "DEGEN": [
    0.00077861,
    0.000766
  ],
  "NYM": [
    0.03268619,
    0.03296339
  ],
  "GUN": [
    0.01515756,
    0.0146249
  ],
  "CPOOL": [
    0.02503958,
    0.02516571
  ],
  "ALLO": [
    0.110504,
    0.10746
  ],
  "SLP": [
    0.0006594,
    0.00065297
  ],
  "CORN": [
    0.04131011,
    0.04123201
  ],
  "LRC": [
    0.01712669,
    0.01692261
  ],
  "BOB": [
    0.00722857,
    0.00712329
  ],
  "AURORA": [
    0.02757152,
    0.02755477
  ],
  "INIT": [
    0.096106,
    0.094694
  ],
  "GRIFFAIN": [
    0.01728899,
    0.01723491
  ],
  "SWARMS": [
    0.01728721,
    0.01638648
  ],
  "NIL": [
    0.03961509,
    0.03791417
  ],
  "NEWT": [
    0.076202,
    0.075276
  ],
  "DSYNC": [
    0.01548712,
    0.01545948
  ],
  "L3": [
    0.01077885,
    0.01059748
  ],
  "BANK": [
    0.03543505,
    0.03432712
  ],
  "MUBARAK": [
    0.01451744,
    0.01396229
  ],
  "SONIC": [
    0.03713312,
    0.03648601
  ],
  "RESOLV": [
    0.03380725,
    0.03275828
  ],
  "AIN": [
    0.069585,
    0.066044
  ],
  "PAAL": [
    0.01367908,
    0.01340607
  ],
  "TLM": [
    0.00189084,
    0.00183065
  ],
  "DAO": [
    0.04778629,
    0.0474854
  ],
  "HONEY": [
    0.00190021,
    0.00188798
  ],
  "IKA": [
    0.00359122,
    0.00351938
  ],
  "HMSTR": [
    0.00015893,
    0.00015306
  ],
  "TAI": [
    0.01669695,
    0.01628311
  ],
  "COQ": [
    1.38439e-7,
    1.35265e-7
  ],
  "LAT": [
    0.00133079,
    0.00132153
  ],
  "DENT": [
    0.00009541,
    0.00009277
  ],
  "AVL": [
    0.02741799,
    0.0275906
  ],
  "NAVX": [
    0.00934566,
    0.00926824
  ],
  "FUEL": [
    0.00094257,
    0.0009447
  ],
  "NKN": [
    0.00862848,
    0.00824374
  ],
  "PIXEL": [
    0.00837641,
    0.00811457
  ],
  "COS": [
    0.00121916,
    0.00116654
  ],
  "OBT": [
    0.00106886,
    0.00106853
  ],
  "SOLV": [
    0.00417629,
    0.00393187
  ],
  "RSS3": [
    0.00627016,
    0.0062463
  ],
  "ROAM": [
    0.0166048,
    0.01640254
  ],
  "FWOG": [
    0.00492012,
    0.00500676
  ],
  "FHE": [
    0.0202738,
    0.01961233
  ],
  "DMC": [
    0.00070983,
    0.00070726
  ],
  "LYXE": [
    0.242227,
    0.242227
  ],
  "OAS": [
    0.0007449,
    0.00056745
  ],
  "GEAR": [
    0.00038843,
    0.00030946
  ],
  "FORTH": [
    0.266858,
    0.256584
  ],
  "HOOK": [
    0.00913098,
    0.00947971
  ],
  "RDNT": [
    0.00210542,
    0.00207314
  ],
  "SAMO": [
    0.00042536,
    0.00041808
  ],
  "SAROS": [
    0.00081743,
    0.00083326
  ],
  "PTB": [
    0.00108172,
    0.00103278
  ],
  "CUDIS": [
    0.00829842,
    0.00805771
  ],
  "PERP": [
    0.02652054,
    0.02595238
  ],
  "EPT": [
    0.00075558,
    0.0007569
  ],
  "FLM": [
    0.00298676,
    0.00299514
  ],
  "FIS": [
    0.01117859,
    0.01070356
  ],
  "HIPPO": [
    0.00016983,
    0.00016108
  ],
  "GORK": [
    0.00154368,
    0.00148184
  ],
  "DATA": [
    0.00096746,
    0.00096517
  ],
  "INSP": [
    0.00106332,
    0.00104154
  ],
  "ACA": [
    0.00070037,
    0.00068578
  ],
  "FOXY": [
    0.00012594,
    0.00012602
  ],
  "A2Z": [
    0.00009225,
    0.00008394
  ],
  "SWTCH": [
    0.0034003,
    0.00342133
  ],
  "DUCK": [
    0.00007002,
    0.00006994
  ],
  "RFC": [
    0.00053588,
    0.00053945
  ],
  "LOOKS": [
    0.000414,
    0.00041555
  ],
  "MOONPIG": [
    0.00031466,
    0.00031482
  ],
  "BDXN": [
    0.00183018,
    0.00181883
  ],
  "ROOT": [
    0.00005621,
    0.00005831
  ],
  "CHILLGUY": [
    0.00008178,
    0.00008138
  ],
  "APU": [
    0.00003538,
    0.00003533
  ],
  "CHESS": [
    0.0001671,
    0.0001669
  ],
  "HOLO": [
    0.00001273,
    0.00001273
  ],
  "GMMT": [
    0.00268809,
    0.00270392
  ],
  "RATS": [
    0.00003645,
    0.00003594
  ],
  "ADB": [
    null,
    null
  ]
}