{
  "AERO": [
    0.32388,
    0.336348
  ],
  "JASMY": [
    0.00557041,
    0.00555547
  ],
  "LIT": [
    1.008,
    1.003
  ],
  "MON": [
    0.02335499,
    0.02312259
  ],
  "CVX": [
    1.79,
    1.81
  ],
  "BAT": [
    0.108742,
    0.107317
  ],
  "BANANAS31": [
    0.01373238,
    0.01420333
  ],
  "ATH": [
    0.00680877,
    0.0069687
  ],
  "COW": [
    0.203708,
    0.200954
  ],
  "CHEEMS": [
    4.79527e-7,
    4.92076e-7
  ],
  "BEAT": [
    0.555856,
    0.6334
  ],
  "CKB": [
    0.0014518,
    0.00143727
  ],
  "MYX": [
    0.324617,
    0.334591
  ],
  "CSPR": [
    0.00356663,
    0.003747
  ],
  "BAN": [
    0.057117,
    0.056783
  ],
  "IOTX": [
    0.00548743,
    0.00531759
  ],
  "ARC": [
    0.04671069,
    0.04841152
  ],
  "GUN": [
    0.02189949,
    0.02176848
  ],
  "ISLM": [
    0.01393714,
    0.01394967
  ],
  "HUMA": [
    0.02090861,
    0.01977188
  ],
  "MERL": [
    0.02731817,
    0.02779538
  ],
  "DEP": [
    0.00121817,
    0.00117328
  ],
  "LRC": [
    0.02457999,
    0.02445001
  ],
  "DEGEN": [
    0.00072495,
    0.0007271
  ],
  "ALLO": [
    0.122163,
    0.120253
  ],
  "MAGMA": [
    0.139076,
    0.125809
  ],
  "CORN": [
    0.04519111,
    0.04445237
  ],
  "CPOOL": [
    0.02298261,
    0.02268604
  ],
  "DENT": [
    0.00020322,
    0.00021024
  ],
  "AURORA": [
    0.02895788,
    0.0289439
  ],
  "DSYNC": [
    0.01834134,
    0.01876813
  ],
  "BANK": [
    0.03832632,
    0.03943975
  ],
  "INIT": [
    0.084983,
    0.084778
  ],
  "L3": [
    0.00951388,
    0.01119428
  ],
  "HONEY": [
    0.00252764,
    0.00253655
  ],
  "DAO": [
    0.050404,
    0.051448
  ],
  "MUBARAK": [
    0.01256752,
    0.01266536
  ],
  "BOB": [
    0.00565535,
    0.00567419
  ],
  "AIN": [
    0.062755,
    0.064472
  ],
  "IKA": [
    0.00352062,
    0.00352893
  ],
  "GRIFFAIN": [
    0.01000013,
    0.00999692
  ],
  "HMSTR": [
    0.0001452,
    0.00014463
  ],
  "LAT": [
    0.0013257,
    0.0013206
  ],
  "FUEL": [
    0.00110121,
    0.00110951
  ],
  "COS": [
    0.00146399,
    0.00142925
  ],
  "DUCK": [
    0.00102282,
    0.00102512
  ],
  "AVL": [
    0.02589318,
    0.02669421
  ],
  "NAVX": [
    0.00867978,
    0.0086928
  ],
  "COQ": [
    9.9526e-8,
    1.00334e-7
  ],
  "HIPPO": [
    0.00054173,
    0.00061814
  ],
  "FWOG": [
    0.00551744,
    0.00563045
  ],
  "FHE": [
    0.0205522,
    0.02082747
  ],
  "LYXE": [
    0.317735,
    0.320111
  ],
  "FORTH": [
    0.392823,
    0.38991
  ],
  "DMC": [
    0.0007547,
    0.00075345
  ],
  "GEAR": [
    0.00033207,
    0.00033512
  ],
  "HOOK": [
    0.01109956,
    0.01090999
  ],
  "A2Z": [
    0.0003241,
    0.00033603
  ],
  "FIS": [
    0.01482444,
    0.01499727
  ],
  "CUDIS": [
    0.0076959,
    0.00767643
  ],
  "EPT": [
    0.0008227,
    0.00080927
  ],
  "GORK": [
    0.0016709,
    0.0017548
  ],
  "FLM": [
    0.00285034,
    0.00290197
  ],
  "DATA": [
    0.00092141,
    0.00092209
  ],
  "INSP": [
    0.00132036,
    0.00130648
  ],
  "FOXY": [
    0.00016935,
    0.00016715
  ],
  "ACA": [
    0.00082282,
    0.00080155
  ],
  "LOOKS": [
    0.00042025,
    0.00042068
  ],
  "BDXN": [
    0.00265865,
    0.00255903
  ],
  "MOONPIG": [
    0.00034871,
    0.00035089
  ],
  "CHESS": [
    0.0015623,
    0.00155125
  ],
  "CHILLGUY": [
    0.00006385,
    0.00006385
  ],
  "APU": [
    0.00003767,
    0.00003861
  ],
  "HOLO": [
    0.00001427,
    0.00001454
  ],
  "GMMT": [
    0.00356992,
    0.00358971
  ],
  "ADB": [
    null,
    null
  ]
}