{
  "PC0000085": [
    1,
    1
  ],
  "STLS": [
    0.00261996,
    0.00261996
  ],
  "HYGT": [
    0.00022496,
    0.00022496
  ],
  "HODL": [
    0.00047171,
    0.0004684
  ],
  "SPADE": [
    0.00529781,
    0.0052997
  ],
  "THE": [
    0.00008631,
    0.00008631
  ],
  "WORK": [
    0.00008139,
    0.00008139
  ],
  "BLUE": [
    0.00003671,
    0.00002677
  ],
  "NMC": [
    0.910207,
    0.906961
  ],
  "A1X": [
    0.00032788,
    0.00032866
  ],
  "TIMMI": [
    0.00001159,
    0.00001159
  ],
  "PC0000015": [
    1,
    1
  ],
  "CBTM": [
    0.00000343,
    0.00000345
  ],
  "ARTL": [
    0.00850008,
    0.00850008
  ],
  "LLAMA": [
    0.00681711,
    0.00681711
  ],
  "YVUSDC": [
    1.17,
    1.17
  ],
  "KINGY": [
    0.02431654,
    0.02427608
  ],
  "PENGU": [
    0.00006889,
    0.00006889
  ],
  "LICK": [
    0.00000402,
    0.00000402
  ],
  "BTCPAY": [
    0.00331574,
    0.00331574
  ],
  "BLERF": [
    0.00000146,
    0.00000146
  ],
  "MAAL": [
    0.161906,
    0.161911
  ],
  "BAC": [
    0.00261764,
    0.00261664
  ],
  "ABBC": [
    0.00525518,
    0.00525523
  ],
  "DEFAI": [
    0.00001393,
    0.00001393
  ],
  "$SWING": [
    0.00010056,
    0.00010061
  ],
  "CKC": [
    0.00011746,
    0.0001178
  ],
  "TXT": [
    0.00049598,
    0.00049598
  ],
  "VUSDC": [
    0.02636663
  ],
  "CSTAR": [
    0.00000305,
    0.00000305
  ],
  "YVHEGIC": [
    0.01458668,
    0.01460547
  ],
  "COLS": [
    0.01393996,
    0.01391986
  ],
  "CAT": [
    8.5838e-11,
    8.5838e-11
  ],
  "FLEX": [
    0.00101419,
    0.00102449
  ],
  "SGT": [
    0.095379,
    0.096562
  ],
  "LRST": [
    0.00006622,
    0.00006652
  ],
  "TROY": [
    0.00000112,
    0.00000112
  ],
  "LOBO": [
    0.00001813,
    0.00001813
  ],
  "DRGX": [
    0.01479621,
    0.01479906
  ],
  "CRAB": [
    0.00108544,
    0.00108544
  ],
  "YND": [
    0.00072907,
    0.00072793
  ],
  "BURGER": [
    0.00070271,
    0.00070626
  ],
  "LIGO": [
    2.25451e-7,
    2.19158e-7
  ],
  "PIG": [
    1.4098e-8,
    1.4068e-8
  ],
  "GARY": [
    0.01978444,
    0.01996722
  ],
  "PC0000081": [
    1,
    1
  ],
  "CRM": [
    1.1,
    1.1
  ],
  "GBTC": [
    0.02435158,
    0.0242874
  ],
  "GRAPE": [
    0.00006199,
    0.00006199
  ],
  "PC0000033": [
    1,
    1
  ],
  "SDG": [
    0.00072995,
    0.00072993
  ],
  "ZET": [
    0.00136548,
    0.00136346
  ],
  "ORT": [
    0.00031934,
    0.00031935
  ],
  "TOWELI": [
    0.0000441,
    0.0000441
  ],
  "FERRET": [
    0.00001837,
    0.00001837
  ],
  "STORY": [
    0.00000872,
    0.00000872
  ],
  "MILK": [
    0.04750069,
    0.04750069
  ],
  "GEM": [
    0.00059936,
    0.00059936
  ],
  "SOLC": [
    0.01582147,
    0.01576243
  ],
  "KNET": [
    0.00024409,
    0.00024444
  ],
  "HBT": [
    9.8791e-8,
    9.9413e-8
  ],
  "USEU": [
    0.926551,
    0.926551
  ],
  "BEANS": [
    0.00289339,
    0.00289339
  ],
  "YFX": [
    0.00432117,
    0.00432117
  ],
  "CARAT": [
    0.237831,
    0.237831
  ],
  "NUTS": [
    0.00352952,
    0.00352952
  ],
  "XRPAYNET": [
    0.00000457,
    0.00000457
  ],
  "KRRX": [
    0.05529,
    0.054892
  ],
  "$MEMEME": [
    0.00000106,
    0.00000106
  ],
  "SPY.D": [
    6.7882e-10,
    6.7882e-10
  ],
  "AGUSTO": [
    0.00000417,
    0.00000417
  ],
  "NXL": [
    0.00001975,
    0.00001975
  ],
  "KPK": [
    1.07,
    1.07
  ],
  "IDLEDAISAFE": [
    1.23,
    1.23
  ],
  "RIZZ": [
    2.6175e-11,
    2.6175e-11
  ],
  "$BILLY": [
    0.00011538,
    0.0001158
  ],
  "REWARD": [
    0.00018752,
    0.00018752
  ],
  "ACP": [
    0.00027505,
    0.00027216
  ],
  "FAH": [
    1.35,
    1.35
  ],
  "BTC20": [
    0.00721469,
    0.00725768
  ],
  "HPL": [
    0.01516516,
    0.01524446
  ],
  "KLTR": [
    0.01396954,
    0.0139475
  ],
  "EMRLD": [
    0.00010399,
    0.00010399
  ],
  "BTAF": [
    0.02847281,
    0.02847374
  ],
  "FNZ": [
    0.0000194,
    0.0000194
  ],
  "ZIOW": [
    0.599816,
    0.599818
  ],
  "ROLL": [
    0.00004526,
    0.00004517
  ],
  "AI": [
    0.00000814,
    0.00000814
  ],
  "LEE": [
    0.984895,
    0.984906
  ],
  "CRAZYTIGER": [
    0,
    0
  ],
  "BANANA": [
    3.0003e-8,
    3.0003e-8
  ],
  "SHAN": [
    0.00011789,
    0.00011785
  ],
  "NXRA": [
    0.00179553,
    0.00185579
  ],
  "USD1": [
    1.02,
    1.02
  ],
  "ACM": [
    0.01290972
  ],
  "VAPE": [
    0.055369
  ],
  "GODL": [
    1.35
  ],
  "RIB": [
    0.00441068
  ],
  "ALICE": [
    0.00823701
  ],
  "TANGO": [
    0.00006624
  ],
  "ELIX": [
    0.00029299,
    0.00029299
  ],
  "NUMA": [
    0.20644
  ],
  "NQAI": [
    0.00022259
  ],
  "$FISHY": [
    0.00113849
  ],
  "BRISH": [
    0.00001094,
    0.00001094
  ],
  "NYAN": [
    0.00031486,
    0.00031486
  ],
  "LMDA": [
    0.00307251
  ],
  "HERO": [
    0.00004088
  ],
  "NGMI": [
    0.00000497
  ],
  "WE": [
    0.01843458,
    0.01840816
  ],
  "ETH": [
    0.00108301
  ],
  "OXRP": [
    1.39
  ],
  "ANB": [
    4.48578e-7
  ],
  "DUCKER": [
    2.8826e-7,
    2.8826e-7
  ],
  "CROWN": [
    0.810951
  ],
  "LOCUS": [
    0.00758706,
    0.00760377
  ],
  "RGAME": [
    0.00001791,
    0.00001791
  ],
  "SINGLE": [
    0.00003567,
    0.00003593
  ],
  "OPENX": [
    0.01216388
  ],
  "HANEP": [
    0.01785858,
    0.01788959
  ],
  "WABA": [
    0.00166438
  ],
  "MPP": [
    0.748408
  ],
  "CBT": [
    4.49964e-7
  ],
  "SKX": [
    0.09115
  ],
  "HTD": [
    0.00194315,
    0.0019509
  ],
  "SAC": [
    0.098853,
    0.098996
  ],
  "TEAR": [
    0.00032959,
    0.00032959
  ],
  "DODO": [
    1.045e-9
  ],
  "TIP": [
    0.00000386,
    0.0000039
  ],
  "BLUEAGENT": [
    8.22005e-7
  ],
  "VAM": [
    0.127959
  ],
  "DRC": [
    0.28946,
    0.289466
  ],
  "BOW": [
    0.00254687
  ],
  "FTON": [
    0.00003187
  ],
  "THEOS": [
    0.00003687
  ],
  "ASC": [
    0.169786
  ],
  "MECO": [
    0.00001889,
    0.00001889
  ],
  "PHAME": [
    0.0147663
  ],
  "XMPWR": [
    0.00029452
  ],
  "CBDC": [
    2.62459e-7
  ]
}