{
  "SKYAI": [
    0.776977,
    0.771784
  ],
  "STABLE": [
    0.03377998,
    0.03375671
  ],
  "PUMP": [
    0.00182304,
    0.00182566
  ],
  "SIREN": [
    0.757407,
    0.758499
  ],
  "AERO": [
    0.456445,
    0.460606
  ],
  "MON": [
    0.03144459,
    0.03176539
  ],
  "JASMY": [
    0.00576474,
    0.00572917
  ],
  "LIT": [
    0.969475,
    0.985466
  ],
  "CVX": [
    1.79,
    1.8
  ],
  "BAT": [
    0.103928,
    0.104207
  ],
  "TAG": [
    0.00135056,
    0.00137104
  ],
  "CHEEMS": [
    6.39281e-7,
    6.39638e-7
  ],
  "ATH": [
    0.00619261,
    0.00618265
  ],
  "BANANAS31": [
    0.01154961,
    0.01143287
  ],
  "COW": [
    0.189672,
    0.187601
  ],
  "SAHARA": [
    0.02498745,
    0.02484064
  ],
  "BEAT": [
    0.560286,
    0.556677
  ],
  "BAN": [
    0.076168,
    0.076535
  ],
  "CKB": [
    0.0015184,
    0.00152223
  ],
  "ONT": [
    0.071173,
    0.071532
  ],
  "ARC": [
    0.069641,
    0.069547
  ],
  "POLYX": [
    0.04890332,
    0.049527
  ],
  "NPC": [
    0.00757794,
    0.0075822
  ],
  "MERL": [
    0.04110358,
    0.04091794
  ],
  "NOT": [
    0.00049521,
    0.00049837
  ],
  "MYX": [
    0.253148,
    0.253625
  ],
  "MAGMA": [
    0.238414,
    0.238899
  ],
  "REZ": [
    0.00535523,
    0.00536072
  ],
  "CSPR": [
    0.00279306,
    0.00280476
  ],
  "IOTX": [
    0.00455874,
    0.00460121
  ],
  "NEIRO": [
    0.00010131,
    0.00010119
  ],
  "ISLM": [
    0.01140984,
    0.01145844
  ],
  "SNEK": [
    0.00051423,
    0.00051768
  ],
  "HUMA": [
    0.02203828,
    0.02205269
  ],
  "SATS": [
    1.5162e-8,
    1.5118e-8
  ],
  "DEP": [
    0.00111225,
    0.00111366
  ],
  "SWARMS": [
    0.02870864,
    0.02928693
  ],
  "SPELL": [
    0.000169,
    0.00016927
  ],
  "CPOOL": [
    0.0282366,
    0.02838137
  ],
  "GUN": [
    0.01458475,
    0.01469391
  ],
  "ALLO": [
    0.116618,
    0.117447
  ],
  "SLP": [
    0.00071938,
    0.00072369
  ],
  "DEGEN": [
    0.00070581,
    0.00071087
  ],
  "LRC": [
    0.01699504,
    0.017026
  ],
  "CORN": [
    0.04030219,
    0.04011711
  ],
  "AURORA": [
    0.02702598,
    0.02695329
  ],
  "NYM": [
    0.02187903,
    0.02198298
  ],
  "AIN": [
    0.096377,
    0.098199
  ],
  "NIL": [
    0.03990045,
    0.04000825
  ],
  "INIT": [
    0.090342,
    0.090573
  ],
  "GRIFFAIN": [
    0.0172576,
    0.01728057
  ],
  "BOB": [
    0.00577602,
    0.00573852
  ],
  "L3": [
    0.01128013,
    0.01133893
  ],
  "NEWT": [
    0.075576,
    0.075652
  ],
  "MUBARAK": [
    0.0162308,
    0.01619183
  ],
  "BANK": [
    0.03317792,
    0.03304496
  ],
  "SONIC": [
    0.03760545,
    0.03766914
  ],
  "DSYNC": [
    0.01296643,
    0.01296009
  ],
  "RESOLV": [
    0.03269563,
    0.0316423
  ],
  "TLM": [
    0.0018684,
    0.00187248
  ],
  "PAAL": [
    0.0132146,
    0.01310082
  ],
  "HONEY": [
    0.00192205,
    0.00204224
  ],
  "HMSTR": [
    0.00017069,
    0.00017157
  ],
  "RSS3": [
    0.0071026,
    0.00710264
  ],
  "IKA": [
    0.00360513,
    0.00359677
  ],
  "DAO": [
    0.04120198,
    0.04139635
  ],
  "COQ": [
    1.39625e-7,
    1.41978e-7
  ],
  "FHE": [
    0.03517283,
    0.038856
  ],
  "LAT": [
    0.00133223,
    0.00133321
  ],
  "TAI": [
    0.01509294,
    0.01489568
  ],
  "AVL": [
    0.02736284,
    0.02742146
  ],
  "NAVX": [
    0.00894937,
    0.00894767
  ],
  "FUEL": [
    0.00088787,
    0.00088745
  ],
  "SOLV": [
    0.00435329,
    0.00434085
  ],
  "NKN": [
    0.00789607,
    0.00794338
  ],
  "PIXEL": [
    0.00800575,
    0.00800622
  ],
  "FWOG": [
    0.00599466,
    0.00597459
  ],
  "COS": [
    0.00112377,
    0.00112643
  ],
  "OBT": [
    0.00097583,
    0.00096207
  ],
  "DMC": [
    0.0008032,
    0.0008025
  ],
  "DENT": [
    0.00003995,
    0.00004819
  ],
  "OAS": [
    0.00064085,
    0.00065498
  ],
  "LYXE": [
    0.277955,
    0.278938
  ],
  "ROAM": [
    0.01211615,
    0.01223214
  ],
  "GEAR": [
    0.0003077,
    0.00030973
  ],
  "FORTH": [
    0.240554,
    0.240028
  ],
  "HOOK": [
    0.00810677,
    0.00817931
  ],
  "RDNT": [
    0.00179495,
    0.00179182
  ],
  "HIPPO": [
    0.0001987,
    0.00020499
  ],
  "SAMO": [
    0.00034629,
    0.0003516
  ],
  "CUDIS": [
    0.00813451,
    0.00809791
  ],
  "SAROS": [
    0.00065294,
    0.00071615
  ],
  "PERP": [
    0.02554207,
    0.02564727
  ],
  "FIS": [
    0.01101064,
    0.01081191
  ],
  "EPT": [
    0.00071904,
    0.00071782
  ],
  "PTB": [
    0.00080537,
    0.00080059
  ],
  "FLM": [
    0.00268517,
    0.00268533
  ],
  "GORK": [
    0.00146936,
    0.00149148
  ],
  "DATA": [
    0.00075748,
    0.00075685
  ],
  "DUCK": [
    0.0000981,
    0.00009831
  ],
  "INSP": [
    0.00095369,
    0.00094839
  ],
  "ACA": [
    0.00063857,
    0.00063469
  ],
  "A2Z": [
    0.00008418,
    0.00008503
  ],
  "SWTCH": [
    0.00382534,
    0.00434454
  ],
  "FOXY": [
    0.00011785,
    0.00011785
  ],
  "RFC": [
    0.00058164,
    0.00057749
  ],
  "LOOKS": [
    0.00035688,
    0.00035196
  ],
  "MOONPIG": [
    0.00030787,
    0.0003098
  ],
  "BDXN": [
    0.00174354,
    0.00174341
  ],
  "ROOT": [
    0.00005547,
    0.00005579
  ],
  "CHILLGUY": [
    0.00010971,
    0.00010067
  ],
  "APU": [
    0.00004287,
    0.00004281
  ],
  "CHESS": [
    0.00019397,
    0.00019367
  ],
  "HOLO": [
    0.0000122,
    0.00001225
  ],
  "GMMT": [
    0.00347245,
    0.00345264
  ],
  "RATS": [
    0.00003904,
    0.00003878
  ],
  "ADB": [
    null,
    null
  ]
}