{
  "PUMP": [
    0.00185871,
    0.00184824
  ],
  "STABLE": [
    0.0263448,
    0.02622873
  ],
  "SIREN": [
    0.635046,
    0.642171
  ],
  "MON": [
    0.0340538,
    0.03362467
  ],
  "AERO": [
    0.43183,
    0.428623
  ],
  "JASMY": [
    0.00576784,
    0.00572215
  ],
  "LIT": [
    0.898198,
    0.890541
  ],
  "SKYAI": [
    0.168132,
    0.168509
  ],
  "CVX": [
    1.84,
    1.82
  ],
  "BAT": [
    0.103227,
    0.102852
  ],
  "CHEEMS": [
    5.92022e-7,
    5.87365e-7
  ],
  "ATH": [
    0.00601585,
    0.00599099
  ],
  "COW": [
    0.187504,
    0.186424
  ],
  "BANANAS31": [
    0.00917845,
    0.00915642
  ],
  "BAN": [
    0.084534,
    0.084197
  ],
  "BEAT": [
    0.562138,
    0.561952
  ],
  "ONT": [
    0.077048,
    0.076929
  ],
  "CKB": [
    0.00150523,
    0.00149238
  ],
  "TAG": [
    0.00065537,
    0.00065447
  ],
  "NPC": [
    0.00853942,
    0.00849953
  ],
  "SAHARA": [
    0.02176609,
    0.02172354
  ],
  "ARC": [
    0.065211,
    0.065094
  ],
  "POLYX": [
    0.050982,
    0.050812
  ],
  "MERL": [
    0.03922762,
    0.03915804
  ],
  "CSPR": [
    0.00295264,
    0.00291319
  ],
  "MYX": [
    0.243861,
    0.240723
  ],
  "IOTX": [
    0.00475609,
    0.00473058
  ],
  "HUMA": [
    0.02433297,
    0.02471491
  ],
  "SNEK": [
    0.00054158,
    0.00053955
  ],
  "NOT": [
    0.00040687,
    0.00040026
  ],
  "NEIRO": [
    0.00009589,
    0.00009223
  ],
  "MAGMA": [
    0.194396,
    0.197391
  ],
  "ISLM": [
    0.01199794,
    0.01202511
  ],
  "REZ": [
    0.00376196,
    0.00373343
  ],
  "DEP": [
    0.00111232,
    0.00111241
  ],
  "SATS": [
    1.4769e-8,
    1.4583e-8
  ],
  "CPOOL": [
    0.02956057,
    0.02966942
  ],
  "DEGEN": [
    0.00077045,
    0.00076523
  ],
  "SPELL": [
    0.00016542,
    0.00016496
  ],
  "GUN": [
    0.01586817,
    0.01612446
  ],
  "ALLO": [
    0.121405,
    0.121509
  ],
  "NYM": [
    0.03143122,
    0.03128691
  ],
  "SLP": [
    0.00067035,
    0.00066762
  ],
  "LRC": [
    0.01728945,
    0.01714447
  ],
  "CORN": [
    0.04059711,
    0.04066279
  ],
  "AURORA": [
    0.02789405,
    0.02789926
  ],
  "BOB": [
    0.00679761,
    0.00675649
  ],
  "SWARMS": [
    0.01859975,
    0.01859083
  ],
  "NEWT": [
    0.078867,
    0.079037
  ],
  "NIL": [
    0.03965491,
    0.03920986
  ],
  "GRIFFAIN": [
    0.01695524,
    0.01670753
  ],
  "INIT": [
    0.090244,
    0.088935
  ],
  "BANK": [
    0.03738874,
    0.03749157
  ],
  "L3": [
    0.0104175,
    0.01040434
  ],
  "DSYNC": [
    0.01489427,
    0.01461919
  ],
  "MUBARAK": [
    0.01370699,
    0.01358068
  ],
  "SONIC": [
    0.03630491,
    0.03616391
  ],
  "RESOLV": [
    0.03189274,
    0.03186426
  ],
  "HONEY": [
    0.0020958,
    0.00210469
  ],
  "PAAL": [
    0.01310951,
    0.01301616
  ],
  "TLM": [
    0.00179238,
    0.00177876
  ],
  "DAO": [
    0.04569003,
    0.04554013
  ],
  "IKA": [
    0.00363134,
    0.00360315
  ],
  "AIN": [
    0.058622,
    0.058339
  ],
  "COQ": [
    1.5163e-7,
    1.50412e-7
  ],
  "HMSTR": [
    0.00015633,
    0.00015528
  ],
  "TAI": [
    0.01648112,
    0.01629212
  ],
  "LAT": [
    0.00133865,
    0.00133507
  ],
  "AVL": [
    0.0265331,
    0.0263007
  ],
  "DENT": [
    0.00008048,
    0.00007845
  ],
  "FUEL": [
    0.00094408,
    0.00094283
  ],
  "NAVX": [
    0.00863939,
    0.00862961
  ],
  "NKN": [
    0.00836099,
    0.00834519
  ],
  "ROAM": [
    0.01851086,
    0.01869256
  ],
  "COS": [
    0.00118772,
    0.00117832
  ],
  "PIXEL": [
    0.00761049,
    0.00752077
  ],
  "OBT": [
    0.001022,
    0.00101429
  ],
  "SOLV": [
    0.0037806,
    0.0037073
  ],
  "RSS3": [
    0.00578203,
    0.00578845
  ],
  "OAS": [
    0.00068729,
    0.000688
  ],
  "FWOG": [
    0.00459994,
    0.00456573
  ],
  "FHE": [
    0.01804602,
    0.01780212
  ],
  "DMC": [
    0.0007083,
    0.00070652
  ],
  "LYXE": [
    0.231924,
    0.231924
  ],
  "RDNT": [
    0.00203325,
    0.00203759
  ],
  "FORTH": [
    0.240908,
    0.241592
  ],
  "GEAR": [
    0.00025121,
    0.00025473
  ],
  "HOOK": [
    0.00837773,
    0.00838333
  ],
  "SAMO": [
    0.00039748,
    0.00039797
  ],
  "CUDIS": [
    0.00821243,
    0.00816272
  ],
  "PERP": [
    0.02590008,
    0.02613796
  ],
  "GORK": [
    0.00169251,
    0.00168832
  ],
  "SAROS": [
    0.00064214,
    0.00064123
  ],
  "EPT": [
    0.00072439,
    0.00072533
  ],
  "FIS": [
    0.01068007,
    0.01055653
  ],
  "HIPPO": [
    0.00016211,
    0.00016142
  ],
  "PTB": [
    0.00079845,
    0.00078138
  ],
  "FLM": [
    0.00266445,
    0.00265434
  ],
  "DATA": [
    0.00088136,
    0.00087987
  ],
  "INSP": [
    0.00136054,
    0.00125314
  ],
  "ACA": [
    0.00068847,
    0.00069241
  ],
  "FOXY": [
    0.00012002,
    0.00011985
  ],
  "A2Z": [
    0.00007573,
    0.00007506
  ],
  "RFC": [
    0.00058559,
    0.00058391
  ],
  "DUCK": [
    0.00007007,
    0.00007015
  ],
  "SWTCH": [
    0.0033222,
    0.00334316
  ],
  "LOOKS": [
    0.00038209,
    0.00038212
  ],
  "BDXN": [
    0.00190074,
    0.00189248
  ],
  "MOONPIG": [
    0.00029898,
    0.00029979
  ],
  "CHILLGUY": [
    0.00021106,
    0.0001972
  ],
  "ROOT": [
    0.00005731,
    0.00005807
  ],
  "APU": [
    0.0000602,
    0.00006063
  ],
  "CHESS": [
    0.00013725,
    0.00013733
  ],
  "HOLO": [
    0.00001266,
    0.00001255
  ],
  "RATS": [
    0.00003718,
    0.00003693
  ],
  "GMMT": [
    0.00284568,
    0.00284584
  ],
  "ADB": [
    null,
    null
  ]
}