{
  "STABLE": [
    0.03483491,
    0.03417882
  ],
  "PUMP": [
    0.00181371,
    0.00181738
  ],
  "SIREN": [
    0.715523,
    0.713958
  ],
  "AERO": [
    0.454709,
    0.454906
  ],
  "SKYAI": [
    0.373852,
    0.368056
  ],
  "MON": [
    0.02999944,
    0.03006683
  ],
  "JASMY": [
    0.00562422,
    0.00563395
  ],
  "LIT": [
    0.882898,
    0.883081
  ],
  "CVX": [
    1.73,
    1.73
  ],
  "BAT": [
    0.097057,
    0.096743
  ],
  "CHEEMS": [
    6.05731e-7,
    6.0433e-7
  ],
  "ATH": [
    0.00579078,
    0.00580582
  ],
  "COW": [
    0.184457,
    0.185172
  ],
  "TAG": [
    0.00087588,
    0.00091742
  ],
  "BANANAS31": [
    0.0098138,
    0.009831
  ],
  "BEAT": [
    0.583299,
    0.582793
  ],
  "SAHARA": [
    0.02303031,
    0.02299392
  ],
  "ARC": [
    0.074632,
    0.073317
  ],
  "CKB": [
    0.00149186,
    0.00149912
  ],
  "BAN": [
    0.071934,
    0.07279
  ],
  "ONT": [
    0.070931,
    0.070697
  ],
  "NPC": [
    0.00789759,
    0.00788905
  ],
  "POLYX": [
    0.04762867,
    0.0476763
  ],
  "MYX": [
    0.256505,
    0.25818
  ],
  "CSPR": [
    0.00280345,
    0.00279213
  ],
  "MAGMA": [
    0.216059,
    0.228022
  ],
  "IOTX": [
    0.00447224,
    0.00447219
  ],
  "REZ": [
    0.00480125,
    0.0049741
  ],
  "ISLM": [
    0.01181718,
    0.01176448
  ],
  "MERL": [
    0.03148532,
    0.03161554
  ],
  "NOT": [
    0.00038126,
    0.00038406
  ],
  "HUMA": [
    0.02158154,
    0.02198835
  ],
  "NEIRO": [
    0.00009024,
    0.00009029
  ],
  "SNEK": [
    0.00045864,
    0.00045918
  ],
  "DEP": [
    0.00111477,
    0.00111466
  ],
  "SATS": [
    1.4271e-8,
    1.438e-8
  ],
  "SPELL": [
    0.00016659,
    0.00016711
  ],
  "ALLO": [
    0.119611,
    0.119405
  ],
  "SWARMS": [
    0.02618141,
    0.02629168
  ],
  "GUN": [
    0.01431157,
    0.01440609
  ],
  "CPOOL": [
    0.02533297,
    0.02571994
  ],
  "SLP": [
    0.00069747,
    0.00070159
  ],
  "DEGEN": [
    0.00067516,
    0.00067296
  ],
  "CORN": [
    0.04020029,
    0.0402296
  ],
  "LRC": [
    0.01689267,
    0.0167909
  ],
  "NIL": [
    0.04099375,
    0.04130941
  ],
  "AURORA": [
    0.02639743,
    0.02637616
  ],
  "L3": [
    0.01215196,
    0.01242781
  ],
  "GRIFFAIN": [
    0.01790814,
    0.01778679
  ],
  "AIN": [
    0.094588,
    0.095347
  ],
  "INIT": [
    0.089425,
    0.089709
  ],
  "NYM": [
    0.02041448,
    0.02015115
  ],
  "BOB": [
    0.00566991,
    0.00563776
  ],
  "NEWT": [
    0.073831,
    0.074002
  ],
  "BANK": [
    0.03343703,
    0.03337627
  ],
  "SONIC": [
    0.03739781,
    0.03749581
  ],
  "MUBARAK": [
    0.01342294,
    0.01341142
  ],
  "DSYNC": [
    0.01295842,
    0.01301701
  ],
  "TLM": [
    0.00183983,
    0.00184625
  ],
  "PAAL": [
    0.0131081,
    0.01318538
  ],
  "RESOLV": [
    0.0285495,
    0.02849761
  ],
  "HONEY": [
    0.00180688,
    0.00180719
  ],
  "DAO": [
    0.041424,
    0.0419051
  ],
  "IKA": [
    0.00333279,
    0.00332259
  ],
  "HMSTR": [
    0.00015294,
    0.00015302
  ],
  "COQ": [
    1.34978e-7,
    1.34613e-7
  ],
  "LAT": [
    0.00132811,
    0.00133215
  ],
  "TAI": [
    0.01508114,
    0.01502503
  ],
  "RSS3": [
    0.00553739,
    0.00553137
  ],
  "AVL": [
    0.02673384,
    0.02731091
  ],
  "FUEL": [
    0.00090932,
    0.00091062
  ],
  "NAVX": [
    0.00876298,
    0.0087634
  ],
  "SOLV": [
    0.004572,
    0.00453783
  ],
  "NKN": [
    0.00788429,
    0.00795266
  ],
  "PIXEL": [
    0.00785502,
    0.00785595
  ],
  "COS": [
    0.00115312,
    0.00115458
  ],
  "OBT": [
    0.00100345,
    0.00100886
  ],
  "FHE": [
    0.01833717,
    0.01867457
  ],
  "DMC": [
    0.00069094,
    0.00069
  ],
  "FWOG": [
    0.0045298,
    0.00453765
  ],
  "LYXE": [
    0.256066,
    0.256066
  ],
  "OAS": [
    0.00060709,
    0.00059772
  ],
  "DENT": [
    0.00003992,
    0.00004058
  ],
  "ROAM": [
    0.01058914,
    0.01060917
  ],
  "GEAR": [
    0.00032042,
    0.00032023
  ],
  "FORTH": [
    0.238246,
    0.237783
  ],
  "RDNT": [
    0.0017909,
    0.00179614
  ],
  "HOOK": [
    0.00790083,
    0.00790036
  ],
  "SAMO": [
    0.00035766,
    0.00035788
  ],
  "CUDIS": [
    0.00782843,
    0.00783521
  ],
  "PERP": [
    0.02549363,
    0.02562939
  ],
  "EPT": [
    0.00072401,
    0.00072337
  ],
  "SAROS": [
    0.00061447,
    0.00063007
  ],
  "PTB": [
    0.00077469,
    0.00078148
  ],
  "HIPPO": [
    0.0001623,
    0.0001615
  ],
  "FIS": [
    0.01029157,
    0.01021703
  ],
  "FLM": [
    0.00255155,
    0.00254463
  ],
  "GORK": [
    0.00138517,
    0.00138928
  ],
  "DATA": [
    0.00070798,
    0.00070988
  ],
  "A2Z": [
    0.00009611,
    0.00009563
  ],
  "ACA": [
    0.00065935,
    0.00066937
  ],
  "INSP": [
    0.00094416,
    0.0009218
  ],
  "FOXY": [
    0.00011504,
    0.00011588
  ],
  "DUCK": [
    0.00007244,
    0.00007198
  ],
  "SWTCH": [
    0.00326268,
    0.00328817
  ],
  "RFC": [
    0.00058291,
    0.00055083
  ],
  "LOOKS": [
    0.00035288,
    0.00034504
  ],
  "MOONPIG": [
    0.00026296,
    0.0002657
  ],
  "BDXN": [
    0.00163286,
    0.00162587
  ],
  "ROOT": [
    0.00005948,
    0.00005899
  ],
  "CHILLGUY": [
    0.00009074,
    0.00009074
  ],
  "APU": [
    0.00004354,
    0.00004334
  ],
  "CHESS": [
    0.00019165,
    0.00019165
  ],
  "HOLO": [
    0.00001187,
    0.00001187
  ],
  "GMMT": [
    0.00248835,
    0.00248611
  ],
  "RATS": [
    0.00003844,
    0.00003968
  ],
  "ADB": [
    null,
    null
  ]
}