{
  "STABLE": [
    0.03362882,
    0.03367201
  ],
  "PUMP": [
    0.00183063,
    0.00183725
  ],
  "SIREN": [
    0.699355,
    0.704003
  ],
  "AERO": [
    0.454116,
    0.452719
  ],
  "MON": [
    0.02963186,
    0.03020417
  ],
  "SKYAI": [
    0.347498,
    0.34533
  ],
  "JASMY": [
    0.0056177,
    0.00565148
  ],
  "LIT": [
    0.930384,
    0.917517
  ],
  "CVX": [
    1.74,
    1.75
  ],
  "BAT": [
    0.097219,
    0.097403
  ],
  "CHEEMS": [
    6.12204e-7,
    6.15239e-7
  ],
  "ATH": [
    0.00585198,
    0.00585651
  ],
  "TAG": [
    0.0008925,
    0.00095931
  ],
  "COW": [
    0.185894,
    0.186379
  ],
  "BANANAS31": [
    0.00969591,
    0.00968263
  ],
  "BEAT": [
    0.567291,
    0.565664
  ],
  "SAHARA": [
    0.02310822,
    0.02335446
  ],
  "ARC": [
    0.07214,
    0.074536
  ],
  "CKB": [
    0.00150524,
    0.00150777
  ],
  "BAN": [
    0.072712,
    0.072406
  ],
  "ONT": [
    0.071586,
    0.071724
  ],
  "NPC": [
    0.00805783,
    0.00806169
  ],
  "POLYX": [
    0.0480413,
    0.04801311
  ],
  "MYX": [
    0.264543,
    0.26245
  ],
  "MAGMA": [
    0.232242,
    0.241728
  ],
  "CSPR": [
    0.00280819,
    0.00281661
  ],
  "IOTX": [
    0.00451158,
    0.00451809
  ],
  "ISLM": [
    0.01183407,
    0.01182953
  ],
  "MERL": [
    0.03248881,
    0.03227183
  ],
  "REZ": [
    0.00444607,
    0.00462685
  ],
  "NEIRO": [
    0.00009176,
    0.0000918
  ],
  "HUMA": [
    0.02206404,
    0.02221446
  ],
  "NOT": [
    0.00038511,
    0.00038589
  ],
  "SNEK": [
    0.00046379,
    0.00046452
  ],
  "DEP": [
    0.00111175,
    0.00111155
  ],
  "SATS": [
    1.3883e-8,
    1.3819e-8
  ],
  "SPELL": [
    0.00016807,
    0.00016733
  ],
  "ALLO": [
    0.11939,
    0.11816
  ],
  "SWARMS": [
    0.02661431,
    0.02655997
  ],
  "CPOOL": [
    0.02601859,
    0.02601218
  ],
  "GUN": [
    0.01441274,
    0.01443086
  ],
  "SLP": [
    0.00070223,
    0.00069928
  ],
  "DEGEN": [
    0.00068509,
    0.00066979
  ],
  "CORN": [
    0.04021356,
    0.04019885
  ],
  "LRC": [
    0.01679216,
    0.0168114
  ],
  "AURORA": [
    0.02634111,
    0.02636209
  ],
  "NYM": [
    0.02215783,
    0.02215204
  ],
  "NIL": [
    0.04156927,
    0.04088317
  ],
  "L3": [
    0.0121176,
    0.01242987
  ],
  "GRIFFAIN": [
    0.01817444,
    0.01808915
  ],
  "INIT": [
    0.091032,
    0.091142
  ],
  "AIN": [
    0.091579,
    0.093335
  ],
  "BOB": [
    0.00578941,
    0.00570651
  ],
  "NEWT": [
    0.073966,
    0.073967
  ],
  "BANK": [
    0.03416895,
    0.0340556
  ],
  "MUBARAK": [
    0.01363828,
    0.01360827
  ],
  "SONIC": [
    0.03759252,
    0.03771489
  ],
  "DSYNC": [
    0.0130669,
    0.01296556
  ],
  "TLM": [
    0.00184362,
    0.00183336
  ],
  "PAAL": [
    0.01311929,
    0.01311686
  ],
  "RESOLV": [
    0.0287821,
    0.02865488
  ],
  "HONEY": [
    0.00180411,
    0.00180162
  ],
  "DAO": [
    0.04080715,
    0.04107925
  ],
  "IKA": [
    0.00338175,
    0.0033781
  ],
  "HMSTR": [
    0.00015529,
    0.00015512
  ],
  "COQ": [
    1.37573e-7,
    1.37164e-7
  ],
  "LAT": [
    0.00133176,
    0.00133327
  ],
  "TAI": [
    0.01459048,
    0.01489783
  ],
  "RSS3": [
    0.00556348,
    0.00556372
  ],
  "AVL": [
    0.02637755,
    0.02666861
  ],
  "FUEL": [
    0.00091217,
    0.00091228
  ],
  "NAVX": [
    0.00877893,
    0.00874252
  ],
  "SOLV": [
    0.0046438,
    0.00465829
  ],
  "NKN": [
    0.0079781,
    0.0078461
  ],
  "PIXEL": [
    0.00802135,
    0.0080247
  ],
  "COS": [
    0.00115455,
    0.00114606
  ],
  "OBT": [
    0.00100563,
    0.00100518
  ],
  "DMC": [
    0.00069759,
    0.00069763
  ],
  "FHE": [
    0.01811708,
    0.01806648
  ],
  "FWOG": [
    0.00451677,
    0.00450836
  ],
  "LYXE": [
    0.249772,
    0.249772
  ],
  "DENT": [
    0.00004124,
    0.0000407
  ],
  "ROAM": [
    0.01140921,
    0.01104775
  ],
  "GEAR": [
    0.00032997,
    0.00032992
  ],
  "OAS": [
    0.00049125,
    0.00048563
  ],
  "FORTH": [
    0.241228,
    0.240927
  ],
  "HOOK": [
    0.00801812,
    0.00809541
  ],
  "RDNT": [
    0.00178056,
    0.0017861
  ],
  "SAMO": [
    0.00036085,
    0.00035917
  ],
  "CUDIS": [
    0.00782635,
    0.0078017
  ],
  "PERP": [
    0.02549996,
    0.02554727
  ],
  "EPT": [
    0.00072733,
    0.00072972
  ],
  "PTB": [
    0.0007927,
    0.00080968
  ],
  "SAROS": [
    0.00070229,
    0.00061969
  ],
  "FIS": [
    0.01052336,
    0.01048076
  ],
  "HIPPO": [
    0.0001623,
    0.00016057
  ],
  "FLM": [
    0.0026435,
    0.00257007
  ],
  "GORK": [
    0.00142513,
    0.00141906
  ],
  "DATA": [
    0.00071186,
    0.00071781
  ],
  "A2Z": [
    0.00010696,
    0.00010838
  ],
  "ACA": [
    0.00063903,
    0.00065906
  ],
  "INSP": [
    0.00093446,
    0.00094196
  ],
  "FOXY": [
    0.00011689,
    0.00011604
  ],
  "DUCK": [
    0.00007306,
    0.00007259
  ],
  "RFC": [
    0.00058306,
    0.00058231
  ],
  "SWTCH": [
    0.00343793,
    0.00337222
  ],
  "LOOKS": [
    0.00035986,
    0.00035987
  ],
  "MOONPIG": [
    0.00026398,
    0.00028334
  ],
  "BDXN": [
    0.00165812,
    0.00163859
  ],
  "ROOT": [
    0.00005899,
    0.00005949
  ],
  "CHILLGUY": [
    0.00009074,
    0.00009074
  ],
  "CHESS": [
    0.00019825,
    0.00019797
  ],
  "APU": [
    0.00003954,
    0.0000403
  ],
  "HOLO": [
    0.00001181,
    0.00001187
  ],
  "GMMT": [
    0.00248619,
    0.00249208
  ],
  "RATS": [
    0.00003817,
    0.00003841
  ],
  "ADB": [
    null,
    null
  ]
}