{
  "PUMP": [
    0.00161645,
    0.00161543
  ],
  "STABLE": [
    0.02958715,
    0.03166918
  ],
  "AERO": [
    0.313999,
    0.315223
  ],
  "JASMY": [
    0.00534281,
    0.00533663
  ],
  "MON": [
    0.02352192,
    0.02331917
  ],
  "LIT": [
    0.835509,
    0.857994
  ],
  "CVX": [
    1.7,
    1.7
  ],
  "SIREN": [
    0.241866,
    0.196393
  ],
  "BAT": [
    0.095518,
    0.094167
  ],
  "BANANAS31": [
    0.01338746,
    0.01346825
  ],
  "ATH": [
    0.00683246,
    0.00672527
  ],
  "ONT": [
    0.101374,
    0.120179
  ],
  "COW": [
    0.201093,
    0.199171
  ],
  "CHEEMS": [
    4.77411e-7,
    4.64263e-7
  ],
  "TAG": [
    0.00070589,
    0.00069498
  ],
  "CKB": [
    0.00139709,
    0.00139543
  ],
  "SAHARA": [
    0.02147953,
    0.02092168
  ],
  "SKYAI": [
    0.059949,
    0.061083
  ],
  "BAN": [
    0.060058,
    0.059967
  ],
  "ARC": [
    0.058256,
    0.058592
  ],
  "NPC": [
    0.00732012,
    0.0071634
  ],
  "BEAT": [
    0.430825,
    0.40828
  ],
  "POLYX": [
    0.04457534,
    0.04432921
  ],
  "CSPR": [
    0.00309939,
    0.00307288
  ],
  "IOTX": [
    0.0043856,
    0.00450428
  ],
  "MYX": [
    0.210306,
    0.196537
  ],
  "NOT": [
    0.00035114,
    0.00035032
  ],
  "SNEK": [
    0.00044598,
    0.00043827
  ],
  "DEP": [
    0.0011491,
    0.00114715
  ],
  "ISLM": [
    0.01204197,
    0.01202171
  ],
  "NYM": [
    0.03419046,
    0.03393874
  ],
  "GUN": [
    0.01605918,
    0.01592327
  ],
  "REZ": [
    0.00330405,
    0.00334468
  ],
  "SPELL": [
    0.00015955,
    0.00015847
  ],
  "MERL": [
    0.02299624,
    0.0224243
  ],
  "DEGEN": [
    0.00066649,
    0.0006717
  ],
  "HUMA": [
    0.01374854,
    0.01379244
  ],
  "ALLO": [
    0.105272,
    0.106913
  ],
  "LRC": [
    0.01904593,
    0.01871027
  ],
  "CORN": [
    0.04395265,
    0.04407177
  ],
  "NEIRO": [
    0.00005543,
    0.00005498
  ],
  "SATS": [
    1.0648e-8,
    1.0754e-8
  ],
  "SLP": [
    0.00058566,
    0.00057643
  ],
  "CPOOL": [
    0.02152009,
    0.0213294
  ],
  "MAGMA": [
    0.106128,
    0.102515
  ],
  "BANK": [
    0.053253,
    0.04423023
  ],
  "AURORA": [
    0.02656397,
    0.0264698
  ],
  "DENT": [
    0.00017554,
    0.00017035
  ],
  "RESOLV": [
    0.03865324,
    0.04144806
  ],
  "INIT": [
    0.078209,
    0.081235
  ],
  "BOB": [
    0.00513517,
    0.00527157
  ],
  "NIL": [
    0.03312199,
    0.03385282
  ],
  "DAO": [
    0.058417,
    0.057356
  ],
  "NEWT": [
    0.065994,
    0.066861
  ],
  "DSYNC": [
    0.01438644,
    0.01440004
  ],
  "SONIC": [
    0.0371235,
    0.03709198
  ],
  "ROAM": [
    0.03723145,
    0.03679802
  ],
  "PAAL": [
    0.01369884,
    0.01341757
  ],
  "L3": [
    0.0088958,
    0.00869094
  ],
  "IKA": [
    0.00387642,
    0.00387141
  ],
  "GRIFFAIN": [
    0.01154839,
    0.01139382
  ],
  "HONEY": [
    0.00197631,
    0.00197446
  ],
  "MUBARAK": [
    0.01120527,
    0.01102287
  ],
  "SWARMS": [
    0.01099134,
    0.0109615
  ],
  "AIN": [
    0.057823,
    0.057849
  ],
  "TLM": [
    0.00160419,
    0.00159161
  ],
  "TAI": [
    0.01497608,
    0.01537551
  ],
  "LAT": [
    0.00130544,
    0.00130697
  ],
  "HMSTR": [
    0.00013375,
    0.00013725
  ],
  "NKN": [
    0.01105211,
    0.01103368
  ],
  "AVL": [
    0.02605806,
    0.0262083
  ],
  "SOLV": [
    0.00396923,
    0.00502285
  ],
  "FUEL": [
    0.00092025,
    0.00092183
  ],
  "COS": [
    0.00135662,
    0.00135655
  ],
  "NAVX": [
    0.00850345,
    0.00826714
  ],
  "COQ": [
    9.4738e-8,
    9.2577e-8
  ],
  "PIXEL": [
    0.00779555,
    0.00746384
  ],
  "OBT": [
    0.00098831,
    0.00100462
  ],
  "HIPPO": [
    0.00052709,
    0.0005258
  ],
  "RSS3": [
    0.00533895,
    0.00520129
  ],
  "FWOG": [
    0.00477519,
    0.00480954
  ],
  "DMC": [
    0.00071576,
    0.00071678
  ],
  "FHE": [
    0.01736419,
    0.01709375
  ],
  "LYXE": [
    0.278467,
    0.264356
  ],
  "RDNT": [
    0.00307153,
    0.00300867
  ],
  "DUCK": [
    0.0004316,
    0.0004286
  ],
  "GEAR": [
    0.00028647,
    0.00029901
  ],
  "FORTH": [
    0.260277,
    0.250222
  ],
  "SAMO": [
    0.00041653,
    0.00041165
  ],
  "HOOK": [
    0.00809644,
    0.0080716
  ],
  "OAS": [
    0.00032966,
    0.00032905
  ],
  "FIS": [
    0.01369807,
    0.01355386
  ],
  "PERP": [
    0.02945008,
    0.02868119
  ],
  "CUDIS": [
    0.00774152,
    0.00757586
  ],
  "EPT": [
    0.00073511,
    0.00073572
  ],
  "FLM": [
    0.00274261,
    0.00277638
  ],
  "PTB": [
    0.00071847,
    0.00069552
  ],
  "GORK": [
    0.0013099,
    0.00141174
  ],
  "SAROS": [
    0.00051717,
    0.00049389
  ],
  "DATA": [
    0.00096862,
    0.00096842
  ],
  "INSP": [
    0.00143459,
    0.0014152
  ],
  "ACA": [
    0.00068207,
    0.0007018
  ],
  "SWTCH": [
    0.00612068,
    0.00507538
  ],
  "A2Z": [
    0.00008005,
    0.00007738
  ],
  "FOXY": [
    0.00009212,
    0.00009417
  ],
  "RFC": [
    0.00053983,
    0.00054147
  ],
  "LOOKS": [
    0.0004049,
    0.00041204
  ],
  "BDXN": [
    0.00187118,
    0.00189089
  ],
  "MOONPIG": [
    0.00028988,
    0.00027876
  ],
  "CHESS": [
    0.00113671,
    0.00110173
  ],
  "ROOT": [
    0.000057,
    0.00005899
  ],
  "CHILLGUY": [
    0.00006699,
    0.00006699
  ],
  "APU": [
    0.000032,
    0.00003096
  ],
  "HOLO": [
    0.000013,
    0.00001438
  ],
  "RATS": [
    0.00004109,
    0.00004072
  ],
  "GMMT": [
    0.00419048,
    0.00454549
  ],
  "ADB": [
    null,
    null
  ]
}