{
  "PUMP": [
    0.00188501,
    0.00193186
  ],
  "SIREN": [
    0.844231,
    0.824228
  ],
  "STABLE": [
    0.02603667,
    0.02617382
  ],
  "MON": [
    0.03476308,
    0.03479369
  ],
  "AERO": [
    0.376333,
    0.375259
  ],
  "LIT": [
    1.06,
    1.07
  ],
  "JASMY": [
    0.00531312,
    0.00534941
  ],
  "CVX": [
    1.79,
    1.79
  ],
  "BAT": [
    0.096355,
    0.097086
  ],
  "SKYAI": [
    0.11914,
    0.119554
  ],
  "ATH": [
    0.00611603,
    0.00617541
  ],
  "COW": [
    0.215099,
    0.214642
  ],
  "CHEEMS": [
    4.94862e-7,
    5.00842e-7
  ],
  "BANANAS31": [
    0.01006396,
    0.01000277
  ],
  "BAN": [
    0.080957,
    0.079321
  ],
  "ONT": [
    0.076161,
    0.075659
  ],
  "TAG": [
    0.0007329,
    0.00068421
  ],
  "CKB": [
    0.00148504,
    0.00149184
  ],
  "SAHARA": [
    0.02231818,
    0.02235994
  ],
  "ARC": [
    0.073631,
    0.069751
  ],
  "MYX": [
    0.324528,
    0.348661
  ],
  "POLYX": [
    0.051582,
    0.051825
  ],
  "NPC": [
    0.00772768,
    0.00775294
  ],
  "BEAT": [
    0.376745,
    0.378054
  ],
  "CSPR": [
    0.00295331,
    0.00294708
  ],
  "IOTX": [
    0.00446519,
    0.00447363
  ],
  "NOT": [
    0.00038037,
    0.00038757
  ],
  "MERL": [
    0.02992568,
    0.03182326
  ],
  "MAGMA": [
    0.206285,
    0.192387
  ],
  "SNEK": [
    0.00041345,
    0.00042282
  ],
  "NEIRO": [
    0.000073,
    0.00007333
  ],
  "REZ": [
    0.00369617,
    0.00375579
  ],
  "DEP": [
    0.00111846,
    0.00111634
  ],
  "ISLM": [
    0.01193489,
    0.01176532
  ],
  "HUMA": [
    0.0170567,
    0.01742763
  ],
  "NYM": [
    0.03364276,
    0.03385111
  ],
  "SPELL": [
    0.00015931,
    0.00015954
  ],
  "DEGEN": [
    0.00072167,
    0.00073579
  ],
  "SATS": [
    1.2228e-8,
    1.2744e-8
  ],
  "GUN": [
    0.01554636,
    0.01542885
  ],
  "CPOOL": [
    0.0264491,
    0.02643797
  ],
  "ALLO": [
    0.107165,
    0.107542
  ],
  "BOB": [
    0.00781331,
    0.00807881
  ],
  "SLP": [
    0.00061699,
    0.00061944
  ],
  "CORN": [
    0.04115161,
    0.0410525
  ],
  "LRC": [
    0.01620291,
    0.01635841
  ],
  "AURORA": [
    0.02705625,
    0.02717224
  ],
  "DSYNC": [
    0.01679607,
    0.01680862
  ],
  "NEWT": [
    0.075752,
    0.075973
  ],
  "L3": [
    0.01105115,
    0.01091426
  ],
  "BANK": [
    0.0374514,
    0.03633551
  ],
  "INIT": [
    0.082778,
    0.083026
  ],
  "NIL": [
    0.03559351,
    0.0356087
  ],
  "DENT": [
    0.00015841,
    0.00015967
  ],
  "SWARMS": [
    0.01476242,
    0.01485505
  ],
  "RESOLV": [
    0.0345493,
    0.03485406
  ],
  "GRIFFAIN": [
    0.01302467,
    0.01327912
  ],
  "MUBARAK": [
    0.01343208,
    0.01318733
  ],
  "SONIC": [
    0.03548622,
    0.03579264
  ],
  "AIN": [
    0.068275,
    0.068142
  ],
  "DAO": [
    0.04722252,
    0.04984457
  ],
  "PAAL": [
    0.01420474,
    0.01377676
  ],
  "IKA": [
    0.0037423,
    0.00377565
  ],
  "HONEY": [
    0.00186929,
    0.0019054
  ],
  "TLM": [
    0.0016548,
    0.00166703
  ],
  "TAI": [
    0.01600556,
    0.01654034
  ],
  "HMSTR": [
    0.00014713,
    0.00014638
  ],
  "LAT": [
    0.00135803,
    0.00135469
  ],
  "COQ": [
    1.13595e-7,
    1.15005e-7
  ],
  "AVL": [
    0.02643102,
    0.02669546
  ],
  "FUEL": [
    0.00094013,
    0.00094085
  ],
  "NAVX": [
    0.0085865,
    0.00862482
  ],
  "ROAM": [
    0.01938312,
    0.01940478
  ],
  "NKN": [
    0.00839312,
    0.0083687
  ],
  "COS": [
    0.0012334,
    0.00123287
  ],
  "SOLV": [
    0.00424547,
    0.00419006
  ],
  "PIXEL": [
    0.00812069,
    0.00787467
  ],
  "OBT": [
    0.00104197,
    0.00104269
  ],
  "RSS3": [
    0.00607748,
    0.005906
  ],
  "FWOG": [
    0.00473746,
    0.00486176
  ],
  "FHE": [
    0.01771767,
    0.0177044
  ],
  "DMC": [
    0.00070435,
    0.00070269
  ],
  "LYXE": [
    0.235654,
    0.235654
  ],
  "GEAR": [
    0.00035447,
    0.00032916
  ],
  "FORTH": [
    0.267918,
    0.271721
  ],
  "RDNT": [
    0.00206243,
    0.00207809
  ],
  "OAS": [
    0.00038466,
    0.00039058
  ],
  "SAMO": [
    0.00041934,
    0.00042359
  ],
  "HOOK": [
    0.0082692,
    0.00819519
  ],
  "PTB": [
    0.00110781,
    0.00113822
  ],
  "PERP": [
    0.02809889,
    0.02796391
  ],
  "CUDIS": [
    0.00786531,
    0.00783152
  ],
  "EPT": [
    0.00074938,
    0.00075243
  ],
  "FIS": [
    0.01099192,
    0.01100066
  ],
  "FLM": [
    0.00300659,
    0.00300415
  ],
  "HIPPO": [
    0.00016529,
    0.0001629
  ],
  "GORK": [
    0.00146024,
    0.0013917
  ],
  "DATA": [
    0.00094643,
    0.00094534
  ],
  "SAROS": [
    0.00041862,
    0.00042424
  ],
  "INSP": [
    0.00103209,
    0.00104165
  ],
  "ACA": [
    0.00068197,
    0.00067894
  ],
  "FOXY": [
    0.00011293,
    0.00011403
  ],
  "DUCK": [
    0.00008473,
    0.00008226
  ],
  "A2Z": [
    0.00007327,
    0.00007472
  ],
  "RFC": [
    0.00055956,
    0.00055776
  ],
  "SWTCH": [
    0.00335774,
    0.00333164
  ],
  "LOOKS": [
    0.00040577,
    0.00038423
  ],
  "BDXN": [
    0.00185708,
    0.00184366
  ],
  "MOONPIG": [
    0.00029703,
    0.00029603
  ],
  "ROOT": [
    0.00005891,
    0.00006089
  ],
  "CHILLGUY": [
    0.00007731,
    0.00007731
  ],
  "APU": [
    0.0000369,
    0.00003738
  ],
  "CHESS": [
    0.00015492,
    0.00015432
  ],
  "HOLO": [
    0.00001248,
    0.00001248
  ],
  "GMMT": [
    0.00356191,
    0.00344245
  ],
  "RATS": [
    0.00003919,
    0.00004094
  ],
  "ADB": [
    null,
    null
  ]
}