{
  "STABLE": [
    0.03297161,
    0.03301047
  ],
  "PUMP": [
    0.00181304,
    0.00181652
  ],
  "SIREN": [
    0.748965,
    0.744804
  ],
  "SKYAI": [
    0.464454,
    0.456191
  ],
  "AERO": [
    0.451546,
    0.452336
  ],
  "MON": [
    0.02916041,
    0.0292809
  ],
  "JASMY": [
    0.00561254,
    0.00560383
  ],
  "LIT": [
    0.93098,
    0.927494
  ],
  "TAG": [
    0.00134945,
    0.00148029
  ],
  "BAT": [
    0.106431,
    0.106626
  ],
  "CVX": [
    1.76,
    1.76
  ],
  "CHEEMS": [
    6.16318e-7,
    6.17254e-7
  ],
  "ATH": [
    0.00591477,
    0.00596603
  ],
  "BANANAS31": [
    0.01070681,
    0.0109405
  ],
  "COW": [
    0.187176,
    0.186962
  ],
  "BEAT": [
    0.588956,
    0.591295
  ],
  "SAHARA": [
    0.02472976,
    0.02478303
  ],
  "BAN": [
    0.075393,
    0.075116
  ],
  "CKB": [
    0.00149257,
    0.0014902
  ],
  "ONT": [
    0.070292,
    0.070142
  ],
  "ARC": [
    0.068918,
    0.068819
  ],
  "NPC": [
    0.00773927,
    0.00775915
  ],
  "POLYX": [
    0.04777864,
    0.04778943
  ],
  "MERL": [
    0.03899128,
    0.03880338
  ],
  "MYX": [
    0.248835,
    0.248632
  ],
  "CSPR": [
    0.00281239,
    0.00281786
  ],
  "REZ": [
    0.00524391,
    0.00521008
  ],
  "MAGMA": [
    0.234308,
    0.229842
  ],
  "IOTX": [
    0.00456501,
    0.00457442
  ],
  "ISLM": [
    0.01176808,
    0.01167978
  ],
  "NOT": [
    0.00040586,
    0.00040858
  ],
  "NEIRO": [
    0.00009468,
    0.00009431
  ],
  "HUMA": [
    0.0217279,
    0.0219117
  ],
  "SNEK": [
    0.00046532,
    0.00046377
  ],
  "CPOOL": [
    0.03142504,
    0.03151056
  ],
  "SATS": [
    1.498e-8,
    1.4971e-8
  ],
  "DEP": [
    0.00111245,
    0.00111259
  ],
  "SPELL": [
    0.00016785,
    0.00016883
  ],
  "ALLO": [
    0.119468,
    0.119393
  ],
  "GUN": [
    0.01524287,
    0.01459991
  ],
  "SWARMS": [
    0.02663806,
    0.02627363
  ],
  "SLP": [
    0.00070457,
    0.0007052
  ],
  "DEGEN": [
    0.00068051,
    0.00067913
  ],
  "CORN": [
    0.04027862,
    0.04024786
  ],
  "LRC": [
    0.01681274,
    0.01681323
  ],
  "NIL": [
    0.04233394,
    0.04180147
  ],
  "AURORA": [
    0.02668637,
    0.0267106
  ],
  "AIN": [
    0.101063,
    0.099336
  ],
  "GRIFFAIN": [
    0.01751542,
    0.01763154
  ],
  "L3": [
    0.01186374,
    0.01184146
  ],
  "INIT": [
    0.087894,
    0.087997
  ],
  "NYM": [
    0.01981553,
    0.01981658
  ],
  "NEWT": [
    0.074738,
    0.074822
  ],
  "BOB": [
    0.00550731,
    0.00550511
  ],
  "MUBARAK": [
    0.01495608,
    0.01505085
  ],
  "BANK": [
    0.03326139,
    0.03322245
  ],
  "SONIC": [
    0.03751406,
    0.03761379
  ],
  "DSYNC": [
    0.01292646,
    0.0129615
  ],
  "TLM": [
    0.00185476,
    0.00185298
  ],
  "PAAL": [
    0.01281432,
    0.01275478
  ],
  "RESOLV": [
    0.02824809,
    0.02823943
  ],
  "HONEY": [
    0.00180702,
    0.00180852
  ],
  "DAO": [
    0.04145811,
    0.04158565
  ],
  "HMSTR": [
    0.00015768,
    0.00015748
  ],
  "IKA": [
    0.00332482,
    0.00332907
  ],
  "RSS3": [
    0.00632246,
    0.0063649
  ],
  "LAT": [
    0.00132771,
    0.00132549
  ],
  "TAI": [
    0.01509486,
    0.01532116
  ],
  "COQ": [
    1.25615e-7,
    1.26256e-7
  ],
  "AVL": [
    0.02685216,
    0.02706767
  ],
  "NAVX": [
    0.00877262,
    0.00877761
  ],
  "FUEL": [
    0.0009,
    0.00090058
  ],
  "SOLV": [
    0.00448324,
    0.00448173
  ],
  "NKN": [
    0.00784293,
    0.00780317
  ],
  "PIXEL": [
    0.00782865,
    0.00787606
  ],
  "COS": [
    0.00115932,
    0.00115622
  ],
  "OBT": [
    0.00097825,
    0.00097471
  ],
  "FHE": [
    0.02075631,
    0.02141979
  ],
  "FWOG": [
    0.00477919,
    0.0047825
  ],
  "DMC": [
    0.00070821,
    0.00070811
  ],
  "LYXE": [
    0.275458,
    0.275932
  ],
  "DENT": [
    0.00003958,
    0.00004014
  ],
  "ROAM": [
    0.01077076,
    0.01084442
  ],
  "OAS": [
    0.0005126,
    0.00051585
  ],
  "GEAR": [
    0.00032153,
    0.00032159
  ],
  "FORTH": [
    0.241482,
    0.234721
  ],
  "HOOK": [
    0.00819519,
    0.00810052
  ],
  "RDNT": [
    0.00179452,
    0.00178853
  ],
  "CUDIS": [
    0.00789636,
    0.00789404
  ],
  "SAMO": [
    0.00033584,
    0.0003356
  ],
  "PERP": [
    0.02532479,
    0.02533896
  ],
  "PTB": [
    0.00083262,
    0.00082484
  ],
  "EPT": [
    0.00070482,
    0.00070205
  ],
  "HIPPO": [
    0.00016343,
    0.00016136
  ],
  "FIS": [
    0.01014362,
    0.01013023
  ],
  "GORK": [
    0.00148499,
    0.00149981
  ],
  "FLM": [
    0.00270483,
    0.00261344
  ],
  "SAROS": [
    0.00056615,
    0.00056688
  ],
  "DATA": [
    0.00073859,
    0.00073793
  ],
  "ACA": [
    0.00065437,
    0.00065342
  ],
  "INSP": [
    0.00093946,
    0.00094273
  ],
  "A2Z": [
    0.00008528,
    0.00008656
  ],
  "FOXY": [
    0.00011604,
    0.00011697
  ],
  "RFC": [
    0.00056644,
    0.00057046
  ],
  "DUCK": [
    0.00006903,
    0.00006907
  ],
  "SWTCH": [
    0.00313778,
    0.00324308
  ],
  "LOOKS": [
    0.00035495,
    0.00035497
  ],
  "BDXN": [
    0.0017205,
    0.00170242
  ],
  "MOONPIG": [
    0.00027482,
    0.00027483
  ],
  "ROOT": [
    0.00005827,
    0.00005738
  ],
  "CHILLGUY": [
    0.00010409,
    0.000104
  ],
  "APU": [
    0.00004276,
    0.00004537
  ],
  "CHESS": [
    0.00019854,
    0.00019937
  ],
  "HOLO": [
    0.00001187,
    0.00001187
  ],
  "GMMT": [
    0.00350723,
    0.00362019
  ],
  "RATS": [
    0.0000391,
    0.00003852
  ],
  "ADB": [
    null,
    null
  ]
}