{
  "PC0000085": [
    1
  ],
  "STLS": [
    0.00261996,
    0.00261996
  ],
  "HYGT": [
    0.00022363,
    0.00022363
  ],
  "NOTE": [
    0.063,
    0.063
  ],
  "HODL": [
    0.00048286
  ],
  "SPADE": [
    0.00535051
  ],
  "THE": [
    0.00008631,
    0.00008631
  ],
  "WORK": [
    0.00008139,
    0.00008139
  ],
  "BLUE": [
    0.00003671,
    0.00003671
  ],
  "STT": [
    0.054576,
    0.054793
  ],
  "TIMMI": [
    0.00001142
  ],
  "CBTM": [
    0.00000355
  ],
  "ARTL": [
    0.00850008
  ],
  "LLAMA": [
    0.00688717,
    0.00691947
  ],
  "DUST": [
    0.326944
  ],
  "KINGY": [
    0.02556489,
    0.02586382
  ],
  "PENGU": [
    0.00006889
  ],
  "VOY": [
    0.00001759,
    0.00001737
  ],
  "LICK": [
    0.00000402,
    0.00000402
  ],
  "BTCPAY": [
    0.00298946
  ],
  "BLERF": [
    0.00000149,
    0.00000147
  ],
  "MAAL": [
    0.161827,
    0.162363
  ],
  "BAC": [
    0.0023491,
    0.00234305
  ],
  "ABBC": [
    0.00553486,
    0.0055349
  ],
  "MORK": [
    0.00011513,
    0.00011475
  ],
  "DEFAI": [
    0.00001393
  ],
  "$SWING": [
    0.00010219
  ],
  "CKC": [
    0.00011994,
    0.0001191
  ],
  "TXT": [
    0.00049598,
    0.00049598
  ],
  "UTX": [
    0.00044052,
    0.00043999
  ],
  "CSTAR": [
    0.00000303,
    0.00000303
  ],
  "YVHEGIC": [
    0.01453351
  ],
  "CAT": [
    8.5838e-11
  ],
  "FLEX": [
    0.00084603
  ],
  "LRST": [
    0.00007019,
    0.00007056
  ],
  "SGT": [
    0.095664,
    0.09526
  ],
  "LOBO": [
    0.00001813,
    0.00001813
  ],
  "DRGX": [
    0.02273552,
    0.02269006
  ],
  "CRAB": [
    0.00108544,
    0.00108544
  ],
  "YND": [
    0.00075467,
    0.00074734
  ],
  "LIGO": [
    2.44099e-7,
    2.44659e-7
  ],
  "KLIMA": [
    0.04346646,
    0.04260792
  ],
  "PIG": [
    0.0000022,
    1.3975e-8
  ],
  "GARY": [
    0.02061041,
    0.02049597
  ],
  "PC0000081": [
    1
  ],
  "CBE": [
    5.3675e-8
  ],
  "GRAPE": [
    0.00006198,
    0.00006198
  ],
  "ZET": [
    0.00142321,
    0.00142321
  ],
  "SDG": [
    0.00072976,
    0.00072976
  ],
  "TOWELI": [
    0.0000441,
    0.0000441
  ],
  "FERRET": [
    0.00001837
  ],
  "BRLY": [
    0.00001308,
    0.00001308
  ],
  "GEM": [
    0.00058884
  ],
  "SOLC": [
    0.01605726,
    0.01618114
  ],
  "KNET": [
    0.00022924,
    0.00022813
  ],
  "HBT": [
    9.5526e-8
  ],
  "USEU": [
    0.92637
  ],
  "BEANS": [
    0.00255112
  ],
  "YFX": [
    0.00432117
  ],
  "CARAT": [
    0.237831,
    0.237831
  ],
  "NUTS": [
    0.00352952,
    0.00352952
  ],
  "PACT": [
    0.00004129
  ],
  "$MEMEME": [
    0.00000106,
    0.00000106
  ],
  "SPY.D": [
    6.7882e-10,
    6.7882e-10
  ],
  "IDLEDAISAFE": [
    1.23,
    1.23
  ],
  "RIZZ": [
    2.6175e-11
  ],
  "REWARD": [
    0.00018752
  ],
  "ACP": [
    0.00027589,
    0.00027309
  ],
  "ASTROS": [
    0.01124512
  ],
  "FAH": [
    1.36
  ],
  "BTC20": [
    0.0075277,
    0.00744242
  ],
  "KLTR": [
    0.01428912
  ],
  "YVSNX": [
    0.336697
  ],
  "CATS": [
    9.939e-12,
    9.939e-12
  ],
  "FNZ": [
    0.0000194,
    0.0000194
  ],
  "BTAF": [
    0.02721543,
    0.0274465
  ],
  "ZIOW": [
    0.550147,
    0.544089
  ],
  "ROLL": [
    0.00004723
  ],
  "AI": [
    0.00000814
  ],
  "CRAZYTIGER": [
    0,
    0
  ],
  "LEE": [
    0.970571,
    0.979509
  ],
  "SHAN": [
    0.00011824
  ],
  "ZLW": [
    0.0012185
  ],
  "LOCUS": [
    0.00743249
  ],
  "HANEP": [
    0.01768933
  ],
  "GFI": [
    0.00017287
  ],
  "DUBI": [
    0.050142,
    0.050142
  ],
  "PRINCE": [
    1.5488e-8,
    1.5488e-8
  ],
  "ACM": [
    0.01290972,
    0.01290972
  ],
  "HTD": [
    0.00194315
  ],
  "KREES": [
    2.30605e-10
  ],
  "OGZ": [
    2.56472e-7
  ],
  "GPU": [
    0.07673
  ],
  "CRONA": [
    0.00024337
  ],
  "RFRM": [
    0.00219433,
    0.00240009
  ],
  "$FORGE": [
    0.01589651,
    0.01562487
  ],
  "MECO": [
    0.00001889
  ],
  "XARCH": [
    0.00176718
  ],
  "CORX": [
    0.00888056,
    0.00896135
  ],
  "NGMI": [
    0.00000497
  ],
  "ETH": [
    0.00108301
  ],
  "A1X": [
    0.00032826
  ],
  "MGT": [
    0.00072952,
    0.00071821
  ],
  "XPND": [
    0.00003356
  ],
  "EPCT": [
    0.00864641
  ],
  "FLDT": [
    0.065236
  ],
  "YVDAI": [
    1.21
  ],
  "OFF": [
    0.00588987,
    0.00588987
  ],
  "GMMT": [
    0.00348306
  ],
  "ESCO": [
    1.17582e-10
  ],
  "THRAI": [
    0.00324945
  ],
  "BBC": [
    0.00129824
  ],
  "PLN": [
    0.00266938
  ],
  "OSHI": [
    0.03052261,
    0.03043419
  ],
  "FUTARDIO": [
    0.00580791
  ],
  "TEAR": [
    0.00032959
  ],
  "DODO": [
    9.88207e-10,
    9.82462e-10
  ],
  "VD": [
    0.01367562
  ],
  "BOW": [
    0.00243875
  ],
  "ELIX": [
    0.00026892
  ],
  "EV": [
    0.00175325
  ],
  "ATTRA": [
    0.424501
  ],
  "DMCC": [
    0.00169199,
    0.0016973
  ],
  "NYAN": [
    0.00031608
  ],
  "DEZ": [
    0.00078441
  ]
}