{
  "PUMP": [
    0.00178583,
    0.00178598
  ],
  "STABLE": [
    0.03548328,
    0.03422999
  ],
  "SIREN": [
    0.671745,
    0.669455
  ],
  "AERO": [
    0.426813,
    0.425948
  ],
  "MON": [
    0.03059921,
    0.03043955
  ],
  "JASMY": [
    0.00575658,
    0.0057758
  ],
  "LIT": [
    0.947568,
    0.940666
  ],
  "SKYAI": [
    0.195187,
    0.194675
  ],
  "CVX": [
    1.79,
    1.78
  ],
  "BAT": [
    0.104445,
    0.104353
  ],
  "CHEEMS": [
    6.25741e-7,
    6.25127e-7
  ],
  "ATH": [
    0.00606211,
    0.00607971
  ],
  "COW": [
    0.190283,
    0.19108
  ],
  "BANANAS31": [
    0.00918506,
    0.00915799
  ],
  "BEAT": [
    0.586933,
    0.599096
  ],
  "ONT": [
    0.078021,
    0.078328
  ],
  "BAN": [
    0.078147,
    0.077591
  ],
  "CKB": [
    0.00151688,
    0.00152403
  ],
  "TAG": [
    0.00068513,
    0.00067954
  ],
  "SAHARA": [
    0.02177725,
    0.02174196
  ],
  "NPC": [
    0.0084925,
    0.00847693
  ],
  "POLYX": [
    0.051009,
    0.050928
  ],
  "ARC": [
    0.06428,
    0.060897
  ],
  "MAGMA": [
    0.270307,
    0.270157
  ],
  "MERL": [
    0.04077965,
    0.03936076
  ],
  "CSPR": [
    0.00294901,
    0.00294272
  ],
  "IOTX": [
    0.00488578,
    0.00489093
  ],
  "HUMA": [
    0.02650406,
    0.02662853
  ],
  "MYX": [
    0.239909,
    0.239545
  ],
  "NOT": [
    0.0004319,
    0.00043585
  ],
  "SNEK": [
    0.00051497,
    0.00051334
  ],
  "NEIRO": [
    0.00008979,
    0.0000886
  ],
  "REZ": [
    0.00392156,
    0.00390952
  ],
  "DEP": [
    0.00112772,
    0.00112787
  ],
  "SATS": [
    1.4797e-8,
    1.4792e-8
  ],
  "ISLM": [
    0.01189871,
    0.01183183
  ],
  "SPELL": [
    0.00016477,
    0.00016582
  ],
  "CPOOL": [
    0.02819603,
    0.02846369
  ],
  "ALLO": [
    0.120456,
    0.119967
  ],
  "GUN": [
    0.01547148,
    0.0154515
  ],
  "NYM": [
    0.03103605,
    0.03098288
  ],
  "SLP": [
    0.00068621,
    0.00068884
  ],
  "INIT": [
    0.093565,
    0.092434
  ],
  "DEGEN": [
    0.0006739,
    0.00067486
  ],
  "LRC": [
    0.01728146,
    0.01725181
  ],
  "GRIFFAIN": [
    0.02103187,
    0.02135989
  ],
  "CORN": [
    0.04035665,
    0.04032737
  ],
  "AURORA": [
    0.0279591,
    0.02794677
  ],
  "NIL": [
    0.04159505,
    0.04142683
  ],
  "SWARMS": [
    0.01814271,
    0.01809954
  ],
  "BOB": [
    0.00612119,
    0.00613123
  ],
  "NEWT": [
    0.079248,
    0.078911
  ],
  "BANK": [
    0.03679099,
    0.03663002
  ],
  "L3": [
    0.01047566,
    0.01046433
  ],
  "MUBARAK": [
    0.0140696,
    0.0140063
  ],
  "DSYNC": [
    0.01369446,
    0.01366953
  ],
  "SONIC": [
    0.03610609,
    0.03618328
  ],
  "HONEY": [
    0.00218272,
    0.00213883
  ],
  "TLM": [
    0.00189682,
    0.00188399
  ],
  "DAO": [
    0.04487918,
    0.04505791
  ],
  "PAAL": [
    0.01260641,
    0.01260429
  ],
  "AIN": [
    0.060757,
    0.059997
  ],
  "RESOLV": [
    0.02858939,
    0.02847793
  ],
  "IKA": [
    0.0036314,
    0.00365757
  ],
  "COQ": [
    1.48415e-7,
    1.48313e-7
  ],
  "HMSTR": [
    0.00015834,
    0.00015847
  ],
  "TAI": [
    0.01653488,
    0.01649597
  ],
  "LAT": [
    0.00133016,
    0.00133136
  ],
  "AVL": [
    0.02792834,
    0.02823306
  ],
  "FUEL": [
    0.00094133,
    0.00094115
  ],
  "NAVX": [
    0.00864466,
    0.008642
  ],
  "NKN": [
    0.00858859,
    0.00877787
  ],
  "DENT": [
    0.00007264,
    0.0000714
  ],
  "PIXEL": [
    0.00785035,
    0.00790596
  ],
  "COS": [
    0.00117346,
    0.00117675
  ],
  "SOLV": [
    0.00409906,
    0.00402422
  ],
  "ROAM": [
    0.01685513,
    0.0167656
  ],
  "OBT": [
    0.00101853,
    0.00101343
  ],
  "RSS3": [
    0.00570925,
    0.00577045
  ],
  "FHE": [
    0.01924969,
    0.01912803
  ],
  "DMC": [
    0.00069818,
    0.00069532
  ],
  "FWOG": [
    0.00465734,
    0.0045449
  ],
  "OAS": [
    0.0006337,
    0.00063273
  ],
  "LYXE": [
    0.228477,
    0.228092
  ],
  "FORTH": [
    0.235018,
    0.237438
  ],
  "RDNT": [
    0.00194705,
    0.00195647
  ],
  "HOOK": [
    0.0084434,
    0.0085767
  ],
  "GEAR": [
    0.00022426,
    0.00022374
  ],
  "SAMO": [
    0.00038135,
    0.00038111
  ],
  "CUDIS": [
    0.00809074,
    0.00813778
  ],
  "PERP": [
    0.0261128,
    0.02609624
  ],
  "PTB": [
    0.00087327,
    0.00086548
  ],
  "EPT": [
    0.0007393,
    0.00073852
  ],
  "FIS": [
    0.01073762,
    0.01076925
  ],
  "HIPPO": [
    0.00016545,
    0.00016536
  ],
  "GORK": [
    0.00162069,
    0.00162256
  ],
  "FLM": [
    0.00269308,
    0.00270567
  ],
  "SAROS": [
    0.00052863,
    0.00052979
  ],
  "DATA": [
    0.00070745,
    0.00071666
  ],
  "INSP": [
    0.00113883,
    0.00113344
  ],
  "ACA": [
    0.00065859,
    0.00064911
  ],
  "FOXY": [
    0.00012009,
    0.00012098
  ],
  "A2Z": [
    0.00007309,
    0.00007297
  ],
  "RFC": [
    0.00057925,
    0.00057814
  ],
  "DUCK": [
    0.00006984,
    0.00007158
  ],
  "SWTCH": [
    0.00314759,
    0.003343
  ],
  "LOOKS": [
    0.00037898,
    0.00038416
  ],
  "MOONPIG": [
    0.00029903,
    0.00030004
  ],
  "BDXN": [
    0.00172305,
    0.00170996
  ],
  "ROOT": [
    0.00006151,
    0.00006141
  ],
  "CHILLGUY": [
    0.00013904,
    0.00013879
  ],
  "APU": [
    0.00006175,
    0.00006215
  ],
  "CHESS": [
    0.00015261,
    0.0001526
  ],
  "HOLO": [
    0.0000125,
    0.0000125
  ],
  "GMMT": [
    0.00262752,
    0.00262684
  ],
  "RATS": [
    0.00003812,
    0.00003794
  ],
  "ADB": [
    null,
    null
  ]
}