{
  "SIREN": [
    1.7,
    1.7
  ],
  "PUMP": [
    0.00167103,
    0.00165423
  ],
  "STABLE": [
    0.02413829,
    0.02412078
  ],
  "AERO": [
    0.31203,
    0.308494
  ],
  "JASMY": [
    0.00534845,
    0.00529193
  ],
  "MON": [
    0.02243103,
    0.02231152
  ],
  "LIT": [
    0.812448,
    0.807175
  ],
  "CVX": [
    1.72,
    1.72
  ],
  "BAT": [
    0.094109,
    0.095428
  ],
  "BANANAS31": [
    0.01354402,
    0.0135037
  ],
  "ATH": [
    0.00690356,
    0.00678764
  ],
  "COW": [
    0.198593,
    0.196404
  ],
  "CHEEMS": [
    4.2811e-7,
    4.24001e-7
  ],
  "ONT": [
    0.082233,
    0.086427
  ],
  "BEAT": [
    0.566105,
    0.549522
  ],
  "SAHARA": [
    0.02436849,
    0.02387775
  ],
  "CKB": [
    0.00135526,
    0.001347
  ],
  "BAN": [
    0.062584,
    0.062829
  ],
  "TAG": [
    0.00057223,
    0.00057343
  ],
  "SKYAI": [
    0.059562,
    0.060493
  ],
  "POLYX": [
    0.04613347,
    0.04651765
  ],
  "NPC": [
    0.00724052,
    0.00715993
  ],
  "CSPR": [
    0.0032262,
    0.00321922
  ],
  "ARC": [
    0.050167,
    0.050675
  ],
  "MYX": [
    0.238842,
    0.235241
  ],
  "IOTX": [
    0.00468198,
    0.00461554
  ],
  "NOT": [
    0.00035456,
    0.00035136
  ],
  "DEP": [
    0.00116069,
    0.00116243
  ],
  "ISLM": [
    0.01219647,
    0.01213482
  ],
  "SNEK": [
    0.00040088,
    0.00039896
  ],
  "SPELL": [
    0.0001647,
    0.00016368
  ],
  "NYM": [
    0.03320904,
    0.03320939
  ],
  "MERL": [
    0.02323743,
    0.02282456
  ],
  "GUN": [
    0.01667168,
    0.01647416
  ],
  "REZ": [
    0.00331925,
    0.00330039
  ],
  "LRC": [
    0.02065284,
    0.02013858
  ],
  "HUMA": [
    0.01443874,
    0.01422965
  ],
  "DEGEN": [
    0.00067318,
    0.00066602
  ],
  "CORN": [
    0.04625877,
    0.04622373
  ],
  "ALLO": [
    0.10815,
    0.106916
  ],
  "NEIRO": [
    0.00005646,
    0.00005564
  ],
  "MAGMA": [
    0.120062,
    0.118549
  ],
  "SATS": [
    1.0653e-8,
    1.0481e-8
  ],
  "CPOOL": [
    0.02200864,
    0.02173913
  ],
  "SLP": [
    0.00058001,
    0.0005743
  ],
  "AURORA": [
    0.02708976,
    0.02701219
  ],
  "DENT": [
    0.00018347,
    0.00018337
  ],
  "BANK": [
    0.04129393,
    0.04024229
  ],
  "DSYNC": [
    0.01631986,
    0.01623654
  ],
  "RESOLV": [
    0.04146258,
    0.04134083
  ],
  "BOB": [
    0.00546696,
    0.00537472
  ],
  "NIL": [
    0.03396464,
    0.03405879
  ],
  "NEWT": [
    0.067516,
    0.067552
  ],
  "INIT": [
    0.076391,
    0.077119
  ],
  "SONIC": [
    0.03818543,
    0.03802142
  ],
  "ROAM": [
    0.03961672,
    0.03958045
  ],
  "L3": [
    0.00970526,
    0.00974502
  ],
  "PAAL": [
    0.01442106,
    0.01440047
  ],
  "DAO": [
    0.04985508,
    0.04949071
  ],
  "HONEY": [
    0.00203506,
    0.00200868
  ],
  "MUBARAK": [
    0.01132295,
    0.0111536
  ],
  "NKN": [
    0.01382862,
    0.01379029
  ],
  "AIN": [
    0.059242,
    0.05875
  ],
  "GRIFFAIN": [
    0.01086411,
    0.01079026
  ],
  "TLM": [
    0.00159729,
    0.00158614
  ],
  "IKA": [
    0.00318842,
    0.00319125
  ],
  "SWARMS": [
    0.00939815,
    0.00938812
  ],
  "TAI": [
    0.01615555,
    0.01602462
  ],
  "LAT": [
    0.00130942,
    0.00130765
  ],
  "HMSTR": [
    0.00013359,
    0.00013288
  ],
  "FUEL": [
    0.00099311,
    0.00099205
  ],
  "DUCK": [
    0.00103112,
    0.00102674
  ],
  "COS": [
    0.00140694,
    0.00141466
  ],
  "NAVX": [
    0.00852231,
    0.00867078
  ],
  "AVL": [
    0.02525969,
    0.02510176
  ],
  "COQ": [
    9.3092e-8,
    9.1813e-8
  ],
  "PIXEL": [
    0.00793368,
    0.00785108
  ],
  "OBT": [
    0.00100447,
    0.00100202
  ],
  "HIPPO": [
    0.00053583,
    0.00052913
  ],
  "RDNT": [
    0.00421321,
    0.00410362
  ],
  "RSS3": [
    0.00571423,
    0.00556972
  ],
  "FWOG": [
    0.00507584,
    0.00500228
  ],
  "DMC": [
    0.00077875,
    0.00078677
  ],
  "FHE": [
    0.01842023,
    0.01872948
  ],
  "SOLV": [
    0.00311225,
    0.00309112
  ],
  "LYXE": [
    0.286377,
    0.286377
  ],
  "FORTH": [
    0.361252,
    0.359001
  ],
  "GEAR": [
    0.00030642,
    0.00030805
  ],
  "HOOK": [
    0.00918611,
    0.00933256
  ],
  "OAS": [
    0.00036974,
    0.00036944
  ],
  "SAMO": [
    0.00039465,
    0.00039402
  ],
  "PERP": [
    0.03041195,
    0.03068555
  ],
  "FIS": [
    0.01461205,
    0.01365032
  ],
  "PTB": [
    0.00102045,
    0.00102119
  ],
  "CUDIS": [
    0.00823392,
    0.00802615
  ],
  "EPT": [
    0.00073238,
    0.00072989
  ],
  "FLM": [
    0.00276124,
    0.00276346
  ],
  "GORK": [
    0.00158806,
    0.0015488
  ],
  "A2Z": [
    0.00020322,
    0.00018257
  ],
  "SAROS": [
    0.00056258,
    0.00056186
  ],
  "DATA": [
    0.00098688,
    0.00098529
  ],
  "INSP": [
    0.00133231,
    0.00133268
  ],
  "ACA": [
    0.00081198,
    0.00082233
  ],
  "SWTCH": [
    0.00505944,
    0.00512233
  ],
  "FOXY": [
    0.00012094,
    0.00012089
  ],
  "RFC": [
    0.00055823,
    0.00054992
  ],
  "BDXN": [
    0.00254193,
    0.00253634
  ],
  "LOOKS": [
    0.00039147,
    0.00039513
  ],
  "CHESS": [
    0.00141258,
    0.00140156
  ],
  "MOONPIG": [
    0.00029296,
    0.00028996
  ],
  "ROOT": [
    0.00005995,
    0.00005994
  ],
  "CHILLGUY": [
    0.000067,
    0.00006657
  ],
  "APU": [
    0.00003267,
    0.00003207
  ],
  "HOLO": [
    0.00001312,
    0.00001312
  ],
  "RATS": [
    0.00004528,
    0.00004412
  ],
  "GMMT": [
    0.00381786,
    0.0038278
  ],
  "ADB": [
    null,
    null
  ]
}