{
  "PUMP": [
    0.00185812,
    0.00185551
  ],
  "STABLE": [
    0.02670659,
    0.02661869
  ],
  "SIREN": [
    0.709045,
    0.713123
  ],
  "MON": [
    0.03515239,
    0.03523461
  ],
  "AERO": [
    0.377694,
    0.379715
  ],
  "LIT": [
    1.15,
    1.14
  ],
  "JASMY": [
    0.00540146,
    0.00537515
  ],
  "CVX": [
    1.8,
    1.78
  ],
  "BAT": [
    0.099611,
    0.099465
  ],
  "COW": [
    0.219607,
    0.218464
  ],
  "ATH": [
    0.00614818,
    0.00605772
  ],
  "BANANAS31": [
    0.0097357,
    0.00973234
  ],
  "CHEEMS": [
    4.69196e-7,
    4.64292e-7
  ],
  "ONT": [
    0.07977,
    0.079067
  ],
  "SKYAI": [
    0.07327,
    0.072106
  ],
  "ARC": [
    0.071358,
    0.071226
  ],
  "CKB": [
    0.00146552,
    0.00146141
  ],
  "SAHARA": [
    0.02251606,
    0.0224366
  ],
  "POLYX": [
    0.050252,
    0.050318
  ],
  "NPC": [
    0.00781281,
    0.00788629
  ],
  "TAG": [
    0.00057806,
    0.00058052
  ],
  "BAN": [
    0.057803,
    0.058596
  ],
  "CSPR": [
    0.00312273,
    0.00307008
  ],
  "MYX": [
    0.24104,
    0.241184
  ],
  "IOTX": [
    0.00468447,
    0.00468683
  ],
  "BEAT": [
    0.298514,
    0.303514
  ],
  "MAGMA": [
    0.237834,
    0.215998
  ],
  "NOT": [
    0.00036812,
    0.00036613
  ],
  "SNEK": [
    0.00045352,
    0.00045305
  ],
  "DEP": [
    0.00112869,
    0.0011286
  ],
  "REZ": [
    0.0037319,
    0.00375329
  ],
  "MERL": [
    0.02559845,
    0.02557246
  ],
  "ISLM": [
    0.01159543,
    0.01165085
  ],
  "NYM": [
    0.03527834,
    0.03523619
  ],
  "GUN": [
    0.01655563,
    0.01636085
  ],
  "DEGEN": [
    0.00075922,
    0.00076186
  ],
  "SPELL": [
    0.00016008,
    0.00015981
  ],
  "HUMA": [
    0.01566061,
    0.01546931
  ],
  "NEIRO": [
    0.00006003,
    0.00005972
  ],
  "CPOOL": [
    0.02470434,
    0.02454163
  ],
  "SATS": [
    1.1057e-8,
    1.1008e-8
  ],
  "ALLO": [
    0.100588,
    0.09912
  ],
  "SLP": [
    0.00060895,
    0.00060262
  ],
  "CORN": [
    0.04052315,
    0.04041734
  ],
  "LRC": [
    0.0168919,
    0.01686453
  ],
  "AURORA": [
    0.02787621,
    0.02775836
  ],
  "BOB": [
    0.00691657,
    0.00683745
  ],
  "L3": [
    0.01271194,
    0.01274118
  ],
  "SWARMS": [
    0.0171651,
    0.0174648
  ],
  "GRIFFAIN": [
    0.01666219,
    0.01651586
  ],
  "DSYNC": [
    0.01635726,
    0.01618503
  ],
  "DENT": [
    0.00016252,
    0.00016241
  ],
  "INIT": [
    0.081923,
    0.083451
  ],
  "RESOLV": [
    0.03990711,
    0.03877142
  ],
  "NEWT": [
    0.068327,
    0.068754
  ],
  "NIL": [
    0.03476766,
    0.03425749
  ],
  "BANK": [
    0.03327444,
    0.03351655
  ],
  "SONIC": [
    0.03583189,
    0.03592517
  ],
  "DAO": [
    0.0505,
    0.050476
  ],
  "PAAL": [
    0.0140686,
    0.01399721
  ],
  "MUBARAK": [
    0.01199367,
    0.01210353
  ],
  "IKA": [
    0.00376773,
    0.00396198
  ],
  "AIN": [
    0.058422,
    0.058878
  ],
  "HONEY": [
    0.00190342,
    0.00189796
  ],
  "TLM": [
    0.00163879,
    0.00163223
  ],
  "TAI": [
    0.01735461,
    0.01744352
  ],
  "HMSTR": [
    0.00014437,
    0.00014455
  ],
  "LAT": [
    0.00133052,
    0.00132604
  ],
  "AVL": [
    0.02905762,
    0.0293427
  ],
  "COQ": [
    1.1457e-7,
    1.15075e-7
  ],
  "ROAM": [
    0.02347958,
    0.0231324
  ],
  "FUEL": [
    0.00096672,
    0.00096301
  ],
  "NAVX": [
    0.00874023,
    0.00873816
  ],
  "COS": [
    0.00123395,
    0.00123171
  ],
  "SOLV": [
    0.00413701,
    0.00409199
  ],
  "NKN": [
    0.00745075,
    0.00758919
  ],
  "PIXEL": [
    0.00741558,
    0.00728689
  ],
  "OBT": [
    0.00105282,
    0.00104456
  ],
  "RSS3": [
    0.00559631,
    0.00562968
  ],
  "FWOG": [
    0.00503976,
    0.00499106
  ],
  "DMC": [
    0.00071016,
    0.00070525
  ],
  "FHE": [
    0.01640639,
    0.01624461
  ],
  "LYXE": [
    0.246526,
    0.246526
  ],
  "RDNT": [
    0.00233236,
    0.00231049
  ],
  "FORTH": [
    0.271983,
    0.272307
  ],
  "GEAR": [
    0.00027519,
    0.00028885
  ],
  "SAMO": [
    0.00041231,
    0.00041937
  ],
  "HOOK": [
    0.00834758,
    0.00837888
  ],
  "OAS": [
    0.00036207,
    0.00036221
  ],
  "HIPPO": [
    0.00021292,
    0.00020886
  ],
  "PTB": [
    0.00100168,
    0.00097387
  ],
  "PERP": [
    0.02790428,
    0.02759589
  ],
  "CUDIS": [
    0.00784257,
    0.00783209
  ],
  "FIS": [
    0.01174808,
    0.01196251
  ],
  "GORK": [
    0.00174391,
    0.00176299
  ],
  "EPT": [
    0.00074719,
    0.00075541
  ],
  "FLM": [
    0.0028857,
    0.00290575
  ],
  "DATA": [
    0.00099735,
    0.00097983
  ],
  "SAROS": [
    0.00038566,
    0.00038334
  ],
  "INSP": [
    0.00110804,
    0.0011119
  ],
  "ACA": [
    0.00073304,
    0.0007527
  ],
  "DUCK": [
    0.00010243,
    0.00010482
  ],
  "A2Z": [
    0.00008723,
    0.00008678
  ],
  "FOXY": [
    0.00012341,
    0.00011183
  ],
  "SWTCH": [
    0.00389893,
    0.00375173
  ],
  "RFC": [
    0.00056784,
    0.0005527
  ],
  "LOOKS": [
    0.00036102,
    0.000361
  ],
  "MOONPIG": [
    0.00030587,
    0.00030306
  ],
  "BDXN": [
    0.00181709,
    0.00181976
  ],
  "ROOT": [
    0.0000593,
    0.000062
  ],
  "CHILLGUY": [
    0.0000738,
    0.00007344
  ],
  "APU": [
    0.00003513,
    0.00003621
  ],
  "CHESS": [
    0.00014396,
    0.00014447
  ],
  "HOLO": [
    0.00001254,
    0.00001254
  ],
  "GMMT": [
    0.0039148,
    0.00392212
  ],
  "RATS": [
    0.00003674,
    0.00003646
  ],
  "ADB": [
    null,
    null
  ]
}