{
  "PUMP": [
    0.00181658,
    0.00177411
  ],
  "STABLE": [
    0.03361909,
    0.03442875
  ],
  "SIREN": [
    0.679807,
    0.639784
  ],
  "AERO": [
    0.476499,
    0.457334
  ],
  "MON": [
    0.03259733,
    0.03201353
  ],
  "JASMY": [
    0.00596136,
    0.00586047
  ],
  "LIT": [
    0.929369,
    0.888856
  ],
  "SKYAI": [
    0.188795,
    0.185741
  ],
  "CVX": [
    1.8,
    1.75
  ],
  "BAT": [
    0.105607,
    0.103382
  ],
  "CHEEMS": [
    5.97038e-7,
    5.79694e-7
  ],
  "ATH": [
    0.00629086,
    0.00595032
  ],
  "COW": [
    0.19442,
    0.188708
  ],
  "BANANAS31": [
    0.00956707,
    0.00937013
  ],
  "BAN": [
    0.080485,
    0.080573
  ],
  "BEAT": [
    0.557394,
    0.570621
  ],
  "CKB": [
    0.00161049,
    0.00156358
  ],
  "SAHARA": [
    0.02364778,
    0.02320288
  ],
  "TAG": [
    0.00067828,
    0.00068137
  ],
  "ONT": [
    0.072402,
    0.071068
  ],
  "ARC": [
    0.06868,
    0.068587
  ],
  "NPC": [
    0.00853678,
    0.00842823
  ],
  "POLYX": [
    0.050906,
    0.04974702
  ],
  "MERL": [
    0.04031859,
    0.03973542
  ],
  "MYX": [
    0.253343,
    0.243857
  ],
  "CSPR": [
    0.0029392,
    0.00291296
  ],
  "IOTX": [
    0.00478686,
    0.00477922
  ],
  "NOT": [
    0.00042635,
    0.00044117
  ],
  "HUMA": [
    0.02471567,
    0.0236948
  ],
  "MAGMA": [
    0.196791,
    0.202073
  ],
  "NEIRO": [
    0.00009077,
    0.00008677
  ],
  "SNEK": [
    0.00049869,
    0.00048167
  ],
  "REZ": [
    0.00401736,
    0.00402044
  ],
  "DEP": [
    0.00110768,
    0.00110741
  ],
  "ISLM": [
    0.01189318,
    0.011909
  ],
  "SATS": [
    1.4808e-8,
    1.4328e-8
  ],
  "SPELL": [
    0.00016597,
    0.00017082
  ],
  "CPOOL": [
    0.02630399,
    0.02594365
  ],
  "SLP": [
    0.00072086,
    0.00070937
  ],
  "GUN": [
    0.01481195,
    0.01478583
  ],
  "ALLO": [
    0.114505,
    0.113572
  ],
  "DEGEN": [
    0.00068635,
    0.00067276
  ],
  "NYM": [
    0.02948238,
    0.02936978
  ],
  "LRC": [
    0.01713363,
    0.01695178
  ],
  "CORN": [
    0.04003845,
    0.03996333
  ],
  "AURORA": [
    0.02783346,
    0.02783676
  ],
  "SWARMS": [
    0.01890899,
    0.01904369
  ],
  "NIL": [
    0.04360746,
    0.04212724
  ],
  "INIT": [
    0.092891,
    0.091224
  ],
  "GRIFFAIN": [
    0.01743011,
    0.0173336
  ],
  "NEWT": [
    0.079796,
    0.077224
  ],
  "AIN": [
    0.082625,
    0.087924
  ],
  "BOB": [
    0.00575229,
    0.00558911
  ],
  "SONIC": [
    0.04753323,
    0.04215516
  ],
  "L3": [
    0.01065651,
    0.0103041
  ],
  "BANK": [
    0.03417008,
    0.03380524
  ],
  "DSYNC": [
    0.01421463,
    0.01387421
  ],
  "MUBARAK": [
    0.01372724,
    0.01327806
  ],
  "HONEY": [
    0.00212928,
    0.00207564
  ],
  "TLM": [
    0.00187856,
    0.00183904
  ],
  "RESOLV": [
    0.03014612,
    0.02969961
  ],
  "PAAL": [
    0.01271625,
    0.01250662
  ],
  "IKA": [
    0.00373711,
    0.0035694
  ],
  "DAO": [
    0.04373778,
    0.04221214
  ],
  "HMSTR": [
    0.00015791,
    0.00015482
  ],
  "COQ": [
    1.44759e-7,
    1.43515e-7
  ],
  "TAI": [
    0.01685171,
    0.01652325
  ],
  "LAT": [
    0.00133399,
    0.00131784
  ],
  "AVL": [
    0.02658683,
    0.02657906
  ],
  "FUEL": [
    0.00093186,
    0.00092858
  ],
  "NAVX": [
    0.00883343,
    0.0087891
  ],
  "NKN": [
    0.00853157,
    0.00839282
  ],
  "PIXEL": [
    0.00813558,
    0.00819323
  ],
  "SOLV": [
    0.00410303,
    0.00414713
  ],
  "COS": [
    0.00117653,
    0.00117954
  ],
  "OBT": [
    0.00103699,
    0.00102686
  ],
  "ROAM": [
    0.01546748,
    0.0157448
  ],
  "RSS3": [
    0.00578496,
    0.0057924
  ],
  "DENT": [
    0.00005868,
    0.0000558
  ],
  "FWOG": [
    0.00492579,
    0.00482295
  ],
  "DMC": [
    0.00070214,
    0.00070316
  ],
  "FHE": [
    0.01815854,
    0.01782266
  ],
  "LYXE": [
    0.247441,
    0.248423
  ],
  "OAS": [
    0.0005848,
    0.00058159
  ],
  "FORTH": [
    0.243871,
    0.242563
  ],
  "HOOK": [
    0.00841973,
    0.00858417
  ],
  "RDNT": [
    0.00189129,
    0.00187159
  ],
  "GEAR": [
    0.00023226,
    0.00022355
  ],
  "SAMO": [
    0.00037966,
    0.00037662
  ],
  "CUDIS": [
    0.00792789,
    0.00790904
  ],
  "PERP": [
    0.02591842,
    0.02597993
  ],
  "PTB": [
    0.00084607,
    0.00089171
  ],
  "EPT": [
    0.00073316,
    0.00074821
  ],
  "FIS": [
    0.01061675,
    0.01067441
  ],
  "HIPPO": [
    0.00016392,
    0.00016097
  ],
  "FLM": [
    0.00274308,
    0.00269582
  ],
  "GORK": [
    0.00150178,
    0.00149484
  ],
  "SAROS": [
    0.00050484,
    0.00050275
  ],
  "DATA": [
    0.00073691,
    0.00072895
  ],
  "INSP": [
    0.00106506,
    0.00108769
  ],
  "ACA": [
    0.00067103,
    0.00067267
  ],
  "FOXY": [
    0.00011999,
    0.00011966
  ],
  "A2Z": [
    0.00007086,
    0.00007075
  ],
  "RFC": [
    0.0005868,
    0.00057741
  ],
  "SWTCH": [
    0.00344136,
    0.00343755
  ],
  "DUCK": [
    0.00006978,
    0.00006955
  ],
  "LOOKS": [
    0.00036593,
    0.00036787
  ],
  "MOONPIG": [
    0.00029905,
    0.00029405
  ],
  "BDXN": [
    0.00146484,
    0.00150424
  ],
  "ROOT": [
    0.0000617,
    0.00006061
  ],
  "CHILLGUY": [
    0.0001369,
    0.00013285
  ],
  "APU": [
    0.00004011,
    0.00003906
  ],
  "CHESS": [
    0.00016938,
    0.0001694
  ],
  "HOLO": [
    0.00001228,
    0.00001228
  ],
  "GMMT": [
    0.00266463,
    0.00253072
  ],
  "RATS": [
    0.00003802,
    0.00003862
  ],
  "ADB": [
    null,
    null
  ]
}