{
  "STABLE": [
    0.03386687,
    0.03393222
  ],
  "PUMP": [
    0.0018123,
    0.00181294
  ],
  "SIREN": [
    0.712062,
    0.708913
  ],
  "AERO": [
    0.454726,
    0.454607
  ],
  "SKYAI": [
    0.378801,
    0.408038
  ],
  "MON": [
    0.03005436,
    0.02990143
  ],
  "JASMY": [
    0.00563575,
    0.00563828
  ],
  "LIT": [
    0.888124,
    0.889843
  ],
  "CVX": [
    1.73,
    1.74
  ],
  "BAT": [
    0.096896,
    0.096993
  ],
  "TAG": [
    0.00098274,
    0.00112825
  ],
  "CHEEMS": [
    6.02299e-7,
    6.03597e-7
  ],
  "ATH": [
    0.00577084,
    0.00579368
  ],
  "COW": [
    0.18452,
    0.184363
  ],
  "BANANAS31": [
    0.0097911,
    0.00982615
  ],
  "BEAT": [
    0.610474,
    0.588769
  ],
  "SAHARA": [
    0.02297369,
    0.02317913
  ],
  "ARC": [
    0.075379,
    0.075847
  ],
  "CKB": [
    0.00149118,
    0.00149516
  ],
  "BAN": [
    0.072225,
    0.071921
  ],
  "ONT": [
    0.071158,
    0.071049
  ],
  "NPC": [
    0.00789198,
    0.00790319
  ],
  "POLYX": [
    0.04759053,
    0.04752865
  ],
  "MYX": [
    0.256748,
    0.253693
  ],
  "MAGMA": [
    0.233199,
    0.233597
  ],
  "CSPR": [
    0.00278722,
    0.0027906
  ],
  "IOTX": [
    0.00447498,
    0.00447536
  ],
  "ISLM": [
    0.01176812,
    0.01176357
  ],
  "REZ": [
    0.00478795,
    0.00485699
  ],
  "NEIRO": [
    0.00009091,
    0.00009297
  ],
  "MERL": [
    0.03125387,
    0.03132038
  ],
  "NOT": [
    0.00038479,
    0.0003874
  ],
  "HUMA": [
    0.02188485,
    0.0218671
  ],
  "SNEK": [
    0.0004627,
    0.00046019
  ],
  "DEP": [
    0.00111347,
    0.00111168
  ],
  "SATS": [
    1.4433e-8,
    1.4492e-8
  ],
  "SPELL": [
    0.00016646,
    0.0001668
  ],
  "ALLO": [
    0.119831,
    0.120653
  ],
  "SWARMS": [
    0.02690328,
    0.0264724
  ],
  "GUN": [
    0.01437489,
    0.0143974
  ],
  "CPOOL": [
    0.02567221,
    0.02547171
  ],
  "SLP": [
    0.00069977,
    0.00069887
  ],
  "DEGEN": [
    0.00067555,
    0.00067668
  ],
  "CORN": [
    0.04025382,
    0.04028748
  ],
  "LRC": [
    0.01673436,
    0.0168339
  ],
  "AURORA": [
    0.02640381,
    0.026376
  ],
  "NIL": [
    0.04097595,
    0.04077137
  ],
  "L3": [
    0.01239292,
    0.01238449
  ],
  "GRIFFAIN": [
    0.01788217,
    0.01781897
  ],
  "AIN": [
    0.09327,
    0.095164
  ],
  "INIT": [
    0.088067,
    0.088345
  ],
  "NYM": [
    0.01979351,
    0.02016434
  ],
  "BOB": [
    0.00565245,
    0.00565371
  ],
  "NEWT": [
    0.073627,
    0.073785
  ],
  "BANK": [
    0.03331855,
    0.03320873
  ],
  "SONIC": [
    0.03735323,
    0.03757941
  ],
  "MUBARAK": [
    0.01336702,
    0.01342089
  ],
  "DSYNC": [
    0.01294093,
    0.01292248
  ],
  "TLM": [
    0.00183154,
    0.00183582
  ],
  "PAAL": [
    0.01281019,
    0.01282458
  ],
  "RESOLV": [
    0.02881345,
    0.02891407
  ],
  "HONEY": [
    0.00180896,
    0.00180972
  ],
  "DAO": [
    0.04183463,
    0.04196006
  ],
  "IKA": [
    0.00330488,
    0.00328744
  ],
  "HMSTR": [
    0.00015197,
    0.00015223
  ],
  "COQ": [
    1.34682e-7,
    1.34833e-7
  ],
  "LAT": [
    0.00132788,
    0.00132821
  ],
  "TAI": [
    0.01512786,
    0.0150305
  ],
  "RSS3": [
    0.00552648,
    0.00555337
  ],
  "AVL": [
    0.02741507,
    0.02734879
  ],
  "FUEL": [
    0.00090323,
    0.00090334
  ],
  "NAVX": [
    0.00876273,
    0.00876319
  ],
  "SOLV": [
    0.00454693,
    0.0045685
  ],
  "NKN": [
    0.00804706,
    0.00796285
  ],
  "PIXEL": [
    0.00784008,
    0.00783569
  ],
  "COS": [
    0.00115267,
    0.00115294
  ],
  "OBT": [
    0.00099905,
    0.0009971
  ],
  "FHE": [
    0.01838211,
    0.0188354
  ],
  "DMC": [
    0.00069094,
    0.00069093
  ],
  "FWOG": [
    0.00451495,
    0.00453236
  ],
  "LYXE": [
    0.256066,
    0.256066
  ],
  "OAS": [
    0.00058693,
    0.00057665
  ],
  "DENT": [
    0.00004042,
    0.00004023
  ],
  "ROAM": [
    0.01066745,
    0.01094249
  ],
  "GEAR": [
    0.00032245,
    0.00032256
  ],
  "FORTH": [
    0.236279,
    0.235833
  ],
  "RDNT": [
    0.00179771,
    0.00179492
  ],
  "HOOK": [
    0.00797427,
    0.00790712
  ],
  "SAMO": [
    0.00035514,
    0.00035345
  ],
  "CUDIS": [
    0.00785457,
    0.00789743
  ],
  "PERP": [
    0.02564995,
    0.02562301
  ],
  "EPT": [
    0.00072306,
    0.00072179
  ],
  "PTB": [
    0.0007786,
    0.00077781
  ],
  "HIPPO": [
    0.00016075,
    0.00016053
  ],
  "FIS": [
    0.01020098,
    0.01021071
  ],
  "SAROS": [
    0.00061545,
    0.00059205
  ],
  "FLM": [
    0.00254736,
    0.0025441
  ],
  "GORK": [
    0.00141821,
    0.00141699
  ],
  "DATA": [
    0.00070831,
    0.00070573
  ],
  "A2Z": [
    0.00009882,
    0.00009896
  ],
  "ACA": [
    0.00067066,
    0.00066077
  ],
  "INSP": [
    0.00092992,
    0.00091921
  ],
  "FOXY": [
    0.00011598,
    0.0001159
  ],
  "DUCK": [
    0.0000722,
    0.00007221
  ],
  "SWTCH": [
    0.00330503,
    0.00330632
  ],
  "RFC": [
    0.00055856,
    0.00053929
  ],
  "LOOKS": [
    0.00034983,
    0.00034887
  ],
  "BDXN": [
    0.00166299,
    0.00167338
  ],
  "MOONPIG": [
    0.00026586,
    0.00026629
  ],
  "ROOT": [
    0.00005819,
    0.00005939
  ],
  "CHILLGUY": [
    0.00009074,
    0.00009089
  ],
  "APU": [
    0.00004321,
    0.00004306
  ],
  "CHESS": [
    0.00019083,
    0.00019163
  ],
  "HOLO": [
    0.00001187,
    0.00001187
  ],
  "GMMT": [
    0.0024912,
    0.00249104
  ],
  "RATS": [
    0.0000403,
    0.00004043
  ],
  "ADB": [
    null,
    null
  ]
}