{
  "PUMP": [
    0.00179811,
    0.00178237
  ],
  "STABLE": [
    0.0330391,
    0.03373072
  ],
  "SIREN": [
    0.677153,
    0.680552
  ],
  "AERO": [
    0.437667,
    0.428154
  ],
  "MON": [
    0.03157657,
    0.0313437
  ],
  "JASMY": [
    0.0057211,
    0.00573323
  ],
  "LIT": [
    0.948221,
    0.941646
  ],
  "SKYAI": [
    0.196984,
    0.201093
  ],
  "CVX": [
    1.78,
    1.77
  ],
  "BAT": [
    0.104499,
    0.103781
  ],
  "CHEEMS": [
    6.20921e-7,
    6.16575e-7
  ],
  "ATH": [
    0.00614818,
    0.00612421
  ],
  "COW": [
    0.19242,
    0.192835
  ],
  "BANANAS31": [
    0.00924308,
    0.00928501
  ],
  "BEAT": [
    0.584751,
    0.60491
  ],
  "BAN": [
    0.078768,
    0.078434
  ],
  "ONT": [
    0.078425,
    0.078003
  ],
  "TAG": [
    0.00067046,
    0.00069635
  ],
  "CKB": [
    0.00151651,
    0.00151711
  ],
  "SAHARA": [
    0.02183984,
    0.02182422
  ],
  "NPC": [
    0.00841672,
    0.00850423
  ],
  "ARC": [
    0.065595,
    0.065457
  ],
  "POLYX": [
    0.050803,
    0.050695
  ],
  "MERL": [
    0.03917932,
    0.0381149
  ],
  "HUMA": [
    0.02663327,
    0.02681763
  ],
  "CSPR": [
    0.00292713,
    0.00292007
  ],
  "MYX": [
    0.241916,
    0.241158
  ],
  "IOTX": [
    0.00479794,
    0.00479823
  ],
  "MAGMA": [
    0.218217,
    0.232743
  ],
  "NOT": [
    0.00041366,
    0.00041062
  ],
  "SNEK": [
    0.00052674,
    0.00052859
  ],
  "NEIRO": [
    0.00009272,
    0.00009018
  ],
  "REZ": [
    0.00391,
    0.00388916
  ],
  "DEP": [
    0.00113187,
    0.00113281
  ],
  "SATS": [
    1.5054e-8,
    1.4796e-8
  ],
  "ISLM": [
    0.0119734,
    0.01185775
  ],
  "CPOOL": [
    0.02817106,
    0.02823383
  ],
  "SPELL": [
    0.00016478,
    0.0001642
  ],
  "ALLO": [
    0.123904,
    0.122973
  ],
  "GUN": [
    0.01565182,
    0.01584015
  ],
  "NYM": [
    0.03105837,
    0.03109535
  ],
  "DEGEN": [
    0.00070403,
    0.00067922
  ],
  "SLP": [
    0.00067528,
    0.00067119
  ],
  "INIT": [
    0.084665,
    0.086395
  ],
  "LRC": [
    0.01734733,
    0.01719248
  ],
  "CORN": [
    0.04038092,
    0.04027022
  ],
  "GRIFFAIN": [
    0.02049216,
    0.02039321
  ],
  "AURORA": [
    0.02801126,
    0.02796382
  ],
  "NIL": [
    0.04107235,
    0.04191933
  ],
  "SWARMS": [
    0.0182773,
    0.01789839
  ],
  "BOB": [
    0.00617209,
    0.00616761
  ],
  "NEWT": [
    0.078797,
    0.079168
  ],
  "BANK": [
    0.03736824,
    0.03735625
  ],
  "L3": [
    0.01054509,
    0.01052654
  ],
  "MUBARAK": [
    0.01390107,
    0.01403523
  ],
  "DSYNC": [
    0.01389489,
    0.01377696
  ],
  "SONIC": [
    0.03596726,
    0.03594767
  ],
  "HONEY": [
    0.00211951,
    0.00222798
  ],
  "TLM": [
    0.00182428,
    0.0018464
  ],
  "IKA": [
    0.00376445,
    0.00386335
  ],
  "PAAL": [
    0.01280474,
    0.01260196
  ],
  "AIN": [
    0.060419,
    0.060758
  ],
  "DAO": [
    0.04464012,
    0.04453212
  ],
  "RESOLV": [
    0.02931737,
    0.02869063
  ],
  "COQ": [
    1.50535e-7,
    1.47918e-7
  ],
  "HMSTR": [
    0.00015669,
    0.00015596
  ],
  "TAI": [
    0.01684871,
    0.01630624
  ],
  "LAT": [
    0.0013372,
    0.00132981
  ],
  "AVL": [
    0.0264969,
    0.02701812
  ],
  "FUEL": [
    0.00094186,
    0.00094413
  ],
  "NKN": [
    0.00879514,
    0.00888352
  ],
  "DENT": [
    0.00007526,
    0.00007429
  ],
  "NAVX": [
    0.00862121,
    0.00864107
  ],
  "COS": [
    0.00117204,
    0.00117677
  ],
  "PIXEL": [
    0.00767242,
    0.00780619
  ],
  "SOLV": [
    0.00403876,
    0.00404271
  ],
  "ROAM": [
    0.01688776,
    0.01673445
  ],
  "OBT": [
    0.0010194,
    0.00101148
  ],
  "RSS3": [
    0.00577039,
    0.00581286
  ],
  "FHE": [
    0.0203488,
    0.01986788
  ],
  "DMC": [
    0.00070797,
    0.0007023
  ],
  "FWOG": [
    0.00458371,
    0.00449643
  ],
  "OAS": [
    0.00063635,
    0.00064245
  ],
  "LYXE": [
    0.224656,
    0.227647
  ],
  "FORTH": [
    0.240209,
    0.234794
  ],
  "RDNT": [
    0.00194741,
    0.001942
  ],
  "HOOK": [
    0.00849565,
    0.00850615
  ],
  "GEAR": [
    0.00022424,
    0.00022311
  ],
  "SAMO": [
    0.00038594,
    0.00038422
  ],
  "CUDIS": [
    0.00805095,
    0.00802343
  ],
  "PERP": [
    0.02588544,
    0.02581178
  ],
  "PTB": [
    0.00085589,
    0.00085789
  ],
  "EPT": [
    0.00075011,
    0.00074883
  ],
  "FIS": [
    0.01072203,
    0.01075814
  ],
  "HIPPO": [
    0.0001627,
    0.00016362
  ],
  "GORK": [
    0.001633,
    0.00161259
  ],
  "FLM": [
    0.00266841,
    0.00266602
  ],
  "SAROS": [
    0.00053952,
    0.00054023
  ],
  "DATA": [
    0.00087601,
    0.00085843
  ],
  "INSP": [
    0.00117943,
    0.00112406
  ],
  "ACA": [
    0.00067184,
    0.0006766
  ],
  "FOXY": [
    0.00012002,
    0.00012011
  ],
  "A2Z": [
    0.00007168,
    0.00007192
  ],
  "DUCK": [
    0.00007215,
    0.00007188
  ],
  "RFC": [
    0.00058148,
    0.00057364
  ],
  "SWTCH": [
    0.00320325,
    0.00310272
  ],
  "LOOKS": [
    0.0003887,
    0.00039005
  ],
  "MOONPIG": [
    0.00029503,
    0.00029204
  ],
  "BDXN": [
    0.00175647,
    0.00175318
  ],
  "ROOT": [
    0.0000603,
    0.00006001
  ],
  "CHILLGUY": [
    0.00013949,
    0.00013836
  ],
  "APU": [
    0.00005707,
    0.00006159
  ],
  "CHESS": [
    0.00015445,
    0.00015508
  ],
  "HOLO": [
    0.00001247,
    0.0000125
  ],
  "GMMT": [
    0.00262885,
    0.00272037
  ],
  "RATS": [
    0.00003954,
    0.0000388
  ],
  "ADB": [
    null,
    null
  ]
}