{
  "STABLE": [
    0.03302374,
    0.03334159
  ],
  "PUMP": [
    0.00187215,
    0.00181177
  ],
  "SIREN": [
    0.681138,
    0.680587
  ],
  "AERO": [
    0.486894,
    0.480022
  ],
  "MON": [
    0.02883451,
    0.02833296
  ],
  "JASMY": [
    0.00591719,
    0.00587983
  ],
  "SKYAI": [
    0.271057,
    0.246792
  ],
  "LIT": [
    0.898834,
    0.904524
  ],
  "CVX": [
    1.76,
    1.74
  ],
  "BAT": [
    0.101988,
    0.100947
  ],
  "CHEEMS": [
    6.28917e-7,
    6.08937e-7
  ],
  "ATH": [
    0.00596028,
    0.00591481
  ],
  "COW": [
    0.190295,
    0.190633
  ],
  "BANANAS31": [
    0.00944863,
    0.00950265
  ],
  "BEAT": [
    0.593675,
    0.589057
  ],
  "ARC": [
    0.074411,
    0.076039
  ],
  "SAHARA": [
    0.0226531,
    0.02250712
  ],
  "BAN": [
    0.072042,
    0.073452
  ],
  "CKB": [
    0.00151031,
    0.00150264
  ],
  "ONT": [
    0.071683,
    0.070747
  ],
  "NPC": [
    0.00806502,
    0.00807414
  ],
  "POLYX": [
    0.04924992,
    0.04872335
  ],
  "TAG": [
    0.00056037,
    0.00054809
  ],
  "MYX": [
    0.259331,
    0.257409
  ],
  "CSPR": [
    0.00293096,
    0.00291415
  ],
  "IOTX": [
    0.00471104,
    0.00468159
  ],
  "MERL": [
    0.03574752,
    0.0356296
  ],
  "ISLM": [
    0.01180126,
    0.01172942
  ],
  "NOT": [
    0.00040273,
    0.0003996
  ],
  "NEIRO": [
    0.0000946,
    0.00009106
  ],
  "MAGMA": [
    0.195388,
    0.200367
  ],
  "HUMA": [
    0.02040859,
    0.0209964
  ],
  "REZ": [
    0.00430197,
    0.00421491
  ],
  "SNEK": [
    0.00047257,
    0.00046488
  ],
  "DEP": [
    0.0011103,
    0.0011041
  ],
  "SPELL": [
    0.00017341,
    0.00017352
  ],
  "SATS": [
    1.4332e-8,
    1.4089e-8
  ],
  "SLP": [
    0.00071125,
    0.0007122
  ],
  "DEGEN": [
    0.00071217,
    0.00069118
  ],
  "GUN": [
    0.01474782,
    0.0144808
  ],
  "CPOOL": [
    0.025467,
    0.02533994
  ],
  "ALLO": [
    0.110858,
    0.110694
  ],
  "SWARMS": [
    0.02321739,
    0.02474081
  ],
  "NYM": [
    0.02643315,
    0.0263114
  ],
  "LRC": [
    0.01723475,
    0.01722318
  ],
  "CORN": [
    0.04028932,
    0.04023293
  ],
  "GRIFFAIN": [
    0.01942463,
    0.01948347
  ],
  "INIT": [
    0.094061,
    0.095644
  ],
  "AURORA": [
    0.0264979,
    0.02648333
  ],
  "NIL": [
    0.04023704,
    0.03997988
  ],
  "L3": [
    0.01342969,
    0.01212655
  ],
  "AIN": [
    0.086048,
    0.090657
  ],
  "NEWT": [
    0.077869,
    0.077489
  ],
  "BOB": [
    0.00581768,
    0.00581334
  ],
  "BANK": [
    0.03736839,
    0.03481098
  ],
  "MUBARAK": [
    0.01431368,
    0.01397314
  ],
  "SONIC": [
    0.03737134,
    0.03743448
  ],
  "DSYNC": [
    0.01339774,
    0.01325407
  ],
  "TLM": [
    0.00186979,
    0.00187284
  ],
  "PAAL": [
    0.01328115,
    0.01308112
  ],
  "RESOLV": [
    0.02933377,
    0.02928733
  ],
  "HONEY": [
    0.00196696,
    0.00194813
  ],
  "IKA": [
    0.00358999,
    0.00354613
  ],
  "DAO": [
    0.04157417,
    0.04148074
  ],
  "HMSTR": [
    0.00015459,
    0.00015551
  ],
  "COQ": [
    1.41754e-7,
    1.39906e-7
  ],
  "TAI": [
    0.01607279,
    0.01593774
  ],
  "LAT": [
    0.00133808,
    0.00133259
  ],
  "AVL": [
    0.02610916,
    0.02590675
  ],
  "FUEL": [
    0.0009158,
    0.00091659
  ],
  "NAVX": [
    0.00876789,
    0.00874937
  ],
  "SOLV": [
    0.00509101,
    0.00475385
  ],
  "PIXEL": [
    0.00839989,
    0.00842526
  ],
  "NKN": [
    0.00806638,
    0.00798561
  ],
  "COS": [
    0.00117838,
    0.00117434
  ],
  "OBT": [
    0.00100089,
    0.00099641
  ],
  "RSS3": [
    0.00559595,
    0.00559211
  ],
  "FHE": [
    0.01994013,
    0.01988966
  ],
  "ROAM": [
    0.0140574,
    0.01409908
  ],
  "DMC": [
    0.00072177,
    0.0007089
  ],
  "FWOG": [
    0.00468032,
    0.00462451
  ],
  "DENT": [
    0.00004254,
    0.00004157
  ],
  "LYXE": [
    0.249772,
    0.249772
  ],
  "OAS": [
    0.00051692,
    0.00051126
  ],
  "GEAR": [
    0.00030064,
    0.00029899
  ],
  "FORTH": [
    0.244747,
    0.244499
  ],
  "HOOK": [
    0.00812389,
    0.00816208
  ],
  "RDNT": [
    0.00181313,
    0.00181874
  ],
  "SAMO": [
    0.00035917,
    0.00036189
  ],
  "CUDIS": [
    0.00777438,
    0.00775033
  ],
  "PERP": [
    0.02532325,
    0.02521352
  ],
  "PTB": [
    0.00080292,
    0.00079969
  ],
  "EPT": [
    0.00071397,
    0.00070906
  ],
  "FIS": [
    0.01056663,
    0.01056168
  ],
  "HIPPO": [
    0.00016177,
    0.00015846
  ],
  "FLM": [
    0.00268233,
    0.0026113
  ],
  "GORK": [
    0.00150375,
    0.00147794
  ],
  "SAROS": [
    0.00046373,
    0.00046204
  ],
  "DATA": [
    0.00071314,
    0.00070895
  ],
  "INSP": [
    0.00101469,
    0.00099609
  ],
  "ACA": [
    0.00063372,
    0.00062532
  ],
  "FOXY": [
    0.00011685,
    0.00011596
  ],
  "RFC": [
    0.00063754,
    0.00064079
  ],
  "A2Z": [
    0.00006932,
    0.00006985
  ],
  "DUCK": [
    0.00007594,
    0.00007468
  ],
  "SWTCH": [
    0.00320394,
    0.00320807
  ],
  "LOOKS": [
    0.00037595,
    0.00036078
  ],
  "MOONPIG": [
    0.00026398,
    0.00026293
  ],
  "BDXN": [
    0.00152671,
    0.00156559
  ],
  "ROOT": [
    0.00006068,
    0.00006009
  ],
  "CHILLGUY": [
    0.00011137,
    0.00010681
  ],
  "APU": [
    0.00004039,
    0.00004041
  ],
  "CHESS": [
    0.00017,
    0.00016999
  ],
  "HOLO": [
    0.00001191,
    0.00001191
  ],
  "GMMT": [
    0.00249714,
    0.00250519
  ],
  "RATS": [
    0.0000383,
    0.00003812
  ],
  "ADB": [
    null,
    null
  ]
}