{
  "PUMP": [
    0.00185242,
    0.0018155
  ],
  "STABLE": [
    0.02566355,
    0.02600786
  ],
  "SIREN": [
    0.637173,
    0.632832
  ],
  "MON": [
    0.03290731,
    0.03100317
  ],
  "AERO": [
    0.391496,
    0.380621
  ],
  "JASMY": [
    0.00576393,
    0.0056573
  ],
  "LIT": [
    0.931868,
    0.895349
  ],
  "SKYAI": [
    0.16881,
    0.183352
  ],
  "CVX": [
    1.8,
    1.77
  ],
  "BAT": [
    0.100316,
    0.098491
  ],
  "ATH": [
    0.00594988,
    0.00584888
  ],
  "CHEEMS": [
    5.28526e-7,
    5.24024e-7
  ],
  "COW": [
    0.184837,
    0.183126
  ],
  "BANANAS31": [
    0.0096317,
    0.00957161
  ],
  "ONT": [
    0.076392,
    0.075435
  ],
  "TAG": [
    0.0006866,
    0.00067861
  ],
  "CKB": [
    0.00153528,
    0.00150582
  ],
  "BEAT": [
    0.505692,
    0.491188
  ],
  "SAHARA": [
    0.02163624,
    0.02151978
  ],
  "ARC": [
    0.068108,
    0.067555
  ],
  "BAN": [
    0.068639,
    0.067477
  ],
  "POLYX": [
    0.051836,
    0.050992
  ],
  "NPC": [
    0.00757705,
    0.00746739
  ],
  "CSPR": [
    0.0029396,
    0.00291997
  ],
  "MERL": [
    0.04100252,
    0.03728035
  ],
  "IOTX": [
    0.00466166,
    0.00458165
  ],
  "MYX": [
    0.227017,
    0.224534
  ],
  "NOT": [
    0.00039242,
    0.0003861
  ],
  "SNEK": [
    0.00049933,
    0.00050306
  ],
  "NEIRO": [
    0.00009152,
    0.00008825
  ],
  "MAGMA": [
    0.190505,
    0.190539
  ],
  "HUMA": [
    0.01918188,
    0.01944635
  ],
  "ISLM": [
    0.01211685,
    0.01219828
  ],
  "DEP": [
    0.00111109,
    0.00111197
  ],
  "GUN": [
    0.0154613,
    0.01775909
  ],
  "REZ": [
    0.00370295,
    0.00364587
  ],
  "SATS": [
    1.4585e-8,
    1.4277e-8
  ],
  "NYM": [
    0.03406902,
    0.03459634
  ],
  "SPELL": [
    0.00016552,
    0.00016295
  ],
  "DEGEN": [
    0.00075539,
    0.00074486
  ],
  "CPOOL": [
    0.02711307,
    0.02717296
  ],
  "SLP": [
    0.0006528,
    0.00063902
  ],
  "ALLO": [
    0.10025,
    0.099388
  ],
  "LRC": [
    0.01774182,
    0.01758478
  ],
  "CORN": [
    0.04118577,
    0.0410693
  ],
  "AURORA": [
    0.02908492,
    0.02936787
  ],
  "BOB": [
    0.00692068,
    0.00693505
  ],
  "SWARMS": [
    0.01799387,
    0.01838335
  ],
  "INIT": [
    0.095986,
    0.095379
  ],
  "GRIFFAIN": [
    0.0195346,
    0.01748012
  ],
  "NIL": [
    0.03984857,
    0.03860865
  ],
  "NEWT": [
    0.072756,
    0.071784
  ],
  "DSYNC": [
    0.0158065,
    0.01542497
  ],
  "L3": [
    0.0106036,
    0.01062913
  ],
  "BANK": [
    0.03252173,
    0.03271133
  ],
  "MUBARAK": [
    0.01403908,
    0.01361169
  ],
  "SONIC": [
    0.03607057,
    0.03540503
  ],
  "RESOLV": [
    0.03243102,
    0.03158842
  ],
  "PAAL": [
    0.01340592,
    0.01334191
  ],
  "DAO": [
    0.04676127,
    0.04636152
  ],
  "TLM": [
    0.00181788,
    0.00178003
  ],
  "HONEY": [
    0.0020165,
    0.00200821
  ],
  "IKA": [
    0.00354275,
    0.00353602
  ],
  "AIN": [
    0.059566,
    0.056559
  ],
  "HMSTR": [
    0.00015252,
    0.0001532
  ],
  "TAI": [
    0.01659562,
    0.01637385
  ],
  "LAT": [
    0.0013469,
    0.00134081
  ],
  "COQ": [
    1.33978e-7,
    1.31484e-7
  ],
  "AVL": [
    0.02728583,
    0.02724654
  ],
  "DENT": [
    0.00008355,
    0.00008204
  ],
  "FUEL": [
    0.0009417,
    0.00094139
  ],
  "NAVX": [
    0.00902259,
    0.0089076
  ],
  "NKN": [
    0.00839742,
    0.00828673
  ],
  "COS": [
    0.00118195,
    0.00116117
  ],
  "OBT": [
    0.00105686,
    0.00105203
  ],
  "PIXEL": [
    0.00755996,
    0.00724921
  ],
  "RSS3": [
    0.00588298,
    0.00596637
  ],
  "ROAM": [
    0.01571382,
    0.01584094
  ],
  "SOLV": [
    0.00359417,
    0.00348299
  ],
  "FWOG": [
    0.00474153,
    0.00477805
  ],
  "FHE": [
    0.01822634,
    0.01802068
  ],
  "DMC": [
    0.00070622,
    0.00070402
  ],
  "OAS": [
    0.0006263,
    0.00061977
  ],
  "LYXE": [
    0.242227,
    0.242227
  ],
  "FORTH": [
    0.253108,
    0.24858
  ],
  "GEAR": [
    0.00027641,
    0.00026025
  ],
  "RDNT": [
    0.00201179,
    0.00195135
  ],
  "HOOK": [
    0.00838846,
    0.008398
  ],
  "SAMO": [
    0.00041029,
    0.00041493
  ],
  "SAROS": [
    0.00088025,
    0.00082397
  ],
  "PTB": [
    0.00099933,
    0.00098757
  ],
  "CUDIS": [
    0.00801565,
    0.00796014
  ],
  "PERP": [
    0.02632835,
    0.02586353
  ],
  "EPT": [
    0.00075273,
    0.00075469
  ],
  "FLM": [
    0.00290152,
    0.00290368
  ],
  "HIPPO": [
    0.00016314,
    0.00016508
  ],
  "FIS": [
    0.0104966,
    0.01054583
  ],
  "GORK": [
    0.00149447,
    0.00147221
  ],
  "DATA": [
    0.00097028,
    0.00095738
  ],
  "ACA": [
    0.00072625,
    0.00072072
  ],
  "INSP": [
    0.00101623,
    0.00100899
  ],
  "A2Z": [
    0.00009118,
    0.00009101
  ],
  "FOXY": [
    0.00012145,
    0.00012189
  ],
  "DUCK": [
    0.00007086,
    0.00006852
  ],
  "RFC": [
    0.00053546,
    0.00054362
  ],
  "SWTCH": [
    0.00311661,
    0.00308599
  ],
  "LOOKS": [
    0.00040471,
    0.00038855
  ],
  "MOONPIG": [
    0.00032004,
    0.00031471
  ],
  "BDXN": [
    0.00180815,
    0.00184653
  ],
  "ROOT": [
    0.00005781,
    0.00005771
  ],
  "CHILLGUY": [
    0.00008092,
    0.00008074
  ],
  "CHESS": [
    0.00016655,
    0.00016751
  ],
  "APU": [
    0.00003526,
    0.00003452
  ],
  "HOLO": [
    0.00001257,
    0.00001257
  ],
  "GMMT": [
    0.00306977,
    0.00307702
  ],
  "RATS": [
    0.0000348,
    0.00003399
  ],
  "ADB": [
    null,
    null
  ]
}