{
  "PUMP": [
    0.00188291,
    0.00183845
  ],
  "STABLE": [
    0.0264916,
    0.02559958
  ],
  "SIREN": [
    0.760453,
    0.6507
  ],
  "MON": [
    0.03253231,
    0.03216811
  ],
  "AERO": [
    0.403179,
    0.386779
  ],
  "JASMY": [
    0.00563343,
    0.00554845
  ],
  "LIT": [
    0.981511,
    0.934941
  ],
  "SKYAI": [
    0.183879,
    0.182448
  ],
  "CVX": [
    1.82,
    1.79
  ],
  "BAT": [
    0.100472,
    0.099026
  ],
  "ATH": [
    0.00598187,
    0.00585434
  ],
  "CHEEMS": [
    5.45266e-7,
    5.22981e-7
  ],
  "COW": [
    0.189539,
    0.184145
  ],
  "BANANAS31": [
    0.00947092,
    0.00957996
  ],
  "TAG": [
    0.00072631,
    0.00071523
  ],
  "ONT": [
    0.081275,
    0.077209
  ],
  "CKB": [
    0.00161711,
    0.00152795
  ],
  "BEAT": [
    0.487332,
    0.493335
  ],
  "BAN": [
    0.070619,
    0.068139
  ],
  "ARC": [
    0.068804,
    0.068056
  ],
  "SAHARA": [
    0.02226037,
    0.02154609
  ],
  "POLYX": [
    0.051236,
    0.050166
  ],
  "NPC": [
    0.00775036,
    0.00759483
  ],
  "CSPR": [
    0.00295768,
    0.00292878
  ],
  "MERL": [
    0.03512084,
    0.0347485
  ],
  "IOTX": [
    0.00470684,
    0.00456804
  ],
  "MYX": [
    0.243841,
    0.218797
  ],
  "NOT": [
    0.00039217,
    0.00038432
  ],
  "MAGMA": [
    0.204813,
    0.196559
  ],
  "SNEK": [
    0.00048287,
    0.0004784
  ],
  "NEIRO": [
    0.00008765,
    0.00008468
  ],
  "HUMA": [
    0.01944791,
    0.01853876
  ],
  "ISLM": [
    0.01224757,
    0.01217818
  ],
  "SATS": [
    1.503e-8,
    1.4887e-8
  ],
  "DEP": [
    0.00111549,
    0.00111281
  ],
  "REZ": [
    0.00381979,
    0.00368848
  ],
  "CPOOL": [
    0.02510321,
    0.02796712
  ],
  "NYM": [
    0.03327667,
    0.03351278
  ],
  "SPELL": [
    0.00016712,
    0.00016197
  ],
  "DEGEN": [
    0.00075966,
    0.00074445
  ],
  "GUN": [
    0.01461875,
    0.01476287
  ],
  "SLP": [
    0.00065583,
    0.00063553
  ],
  "ALLO": [
    0.105033,
    0.102311
  ],
  "CORN": [
    0.04130505,
    0.0413541
  ],
  "LRC": [
    0.01689169,
    0.01687933
  ],
  "AURORA": [
    0.02772206,
    0.02837672
  ],
  "GRIFFAIN": [
    0.01711983,
    0.01907546
  ],
  "BOB": [
    0.00713028,
    0.00673533
  ],
  "INIT": [
    0.094472,
    0.094331
  ],
  "SWARMS": [
    0.01662149,
    0.01728531
  ],
  "NIL": [
    0.03810447,
    0.03725223
  ],
  "NEWT": [
    0.075298,
    0.072734
  ],
  "L3": [
    0.01054897,
    0.01054559
  ],
  "DSYNC": [
    0.01539949,
    0.01521913
  ],
  "BANK": [
    0.03434321,
    0.03363763
  ],
  "MUBARAK": [
    0.01426287,
    0.01370254
  ],
  "SONIC": [
    0.03689208,
    0.03582057
  ],
  "RESOLV": [
    0.03283097,
    0.0322773
  ],
  "PAAL": [
    0.01351205,
    0.01324787
  ],
  "DAO": [
    0.04752651,
    0.04670451
  ],
  "TLM": [
    0.00184336,
    0.00176529
  ],
  "AIN": [
    0.066177,
    0.062056
  ],
  "HONEY": [
    0.00188611,
    0.00187267
  ],
  "IKA": [
    0.00349698,
    0.00348945
  ],
  "HMSTR": [
    0.00015375,
    0.00014842
  ],
  "TAI": [
    0.01633512,
    0.01626158
  ],
  "COQ": [
    1.33256e-7,
    1.3235e-7
  ],
  "LAT": [
    0.00132296,
    0.00132183
  ],
  "DENT": [
    0.00009614,
    0.00009043
  ],
  "AVL": [
    0.02740224,
    0.02700622
  ],
  "NAVX": [
    0.00943425,
    0.00926671
  ],
  "FUEL": [
    0.00094446,
    0.00094299
  ],
  "NKN": [
    0.00830169,
    0.00811556
  ],
  "COS": [
    0.00117854,
    0.00115227
  ],
  "OBT": [
    0.00106744,
    0.00105886
  ],
  "PIXEL": [
    0.00780758,
    0.00760218
  ],
  "SOLV": [
    0.0039793,
    0.00375053
  ],
  "RSS3": [
    0.00620273,
    0.0060144
  ],
  "ROAM": [
    0.01734183,
    0.01591123
  ],
  "FWOG": [
    0.00499021,
    0.00499819
  ],
  "FHE": [
    0.01977648,
    0.0177281
  ],
  "DMC": [
    0.00070247,
    0.00070253
  ],
  "LYXE": [
    0.242227,
    0.242227
  ],
  "OAS": [
    0.00055201,
    0.00055905
  ],
  "GEAR": [
    0.0003058,
    0.00029826
  ],
  "FORTH": [
    0.269392,
    0.258364
  ],
  "RDNT": [
    0.00206788,
    0.00203859
  ],
  "HOOK": [
    0.00870666,
    0.00855121
  ],
  "SAMO": [
    0.00042084,
    0.00041909
  ],
  "SAROS": [
    0.00083179,
    0.00081246
  ],
  "PTB": [
    0.00105205,
    0.00096504
  ],
  "CUDIS": [
    0.00816835,
    0.00801645
  ],
  "PERP": [
    0.02604131,
    0.02654799
  ],
  "EPT": [
    0.00075813,
    0.0007583
  ],
  "FIS": [
    0.01091262,
    0.01105816
  ],
  "FLM": [
    0.0029839,
    0.00294769
  ],
  "HIPPO": [
    0.0001599,
    0.00015668
  ],
  "GORK": [
    0.00174067,
    0.00146974
  ],
  "DATA": [
    0.00096691,
    0.00096984
  ],
  "ACA": [
    0.00069587,
    0.00071241
  ],
  "INSP": [
    0.00103619,
    0.00101916
  ],
  "A2Z": [
    0.00008348,
    0.00009084
  ],
  "FOXY": [
    0.00012686,
    0.00012486
  ],
  "SWTCH": [
    0.0032976,
    0.00325877
  ],
  "DUCK": [
    0.00007242,
    0.00006779
  ],
  "RFC": [
    0.00054144,
    0.00055787
  ],
  "LOOKS": [
    0.00039476,
    0.0004181
  ],
  "MOONPIG": [
    0.00031499,
    0.00031872
  ],
  "BDXN": [
    0.00182321,
    0.00182546
  ],
  "ROOT": [
    0.000059,
    0.00005661
  ],
  "CHILLGUY": [
    0.00008147,
    0.00008046
  ],
  "APU": [
    0.00003541,
    0.00003493
  ],
  "CHESS": [
    0.00016609,
    0.00016603
  ],
  "HOLO": [
    0.00001273,
    0.00001257
  ],
  "GMMT": [
    0.00219055,
    0.00264721
  ],
  "RATS": [
    0.000036,
    0.00003513
  ],
  "ADB": [
    null,
    null
  ]
}