{
  "PUMP": [
    0.00165013,
    0.00165322
  ],
  "STABLE": [
    0.02725387,
    0.02782249
  ],
  "MON": [
    0.02720682,
    0.02742058
  ],
  "AERO": [
    0.313375,
    0.311008
  ],
  "JASMY": [
    0.0053043,
    0.00527901
  ],
  "LIT": [
    0.988446,
    0.949706
  ],
  "SIREN": [
    0.13573,
    0.22175
  ],
  "CVX": [
    1.71,
    1.69
  ],
  "BAT": [
    0.095927,
    0.09444
  ],
  "BANANAS31": [
    0.0127469,
    0.01283107
  ],
  "ATH": [
    0.00658113,
    0.00645051
  ],
  "COW": [
    0.202853,
    0.202073
  ],
  "ONT": [
    0.106056,
    0.102369
  ],
  "CHEEMS": [
    3.98779e-7,
    4.13684e-7
  ],
  "TAG": [
    0.00078188,
    0.00077568
  ],
  "CKB": [
    0.00147995,
    0.00150438
  ],
  "SKYAI": [
    0.072527,
    0.072946
  ],
  "POLYX": [
    0.04626651,
    0.056339
  ],
  "SAHARA": [
    0.02105047,
    0.02166422
  ],
  "NPC": [
    0.00722906,
    0.00723422
  ],
  "BAN": [
    0.055308,
    0.057374
  ],
  "ARC": [
    0.054816,
    0.05565
  ],
  "BEAT": [
    0.369094,
    0.343547
  ],
  "CSPR": [
    0.00300016,
    0.00291463
  ],
  "IOTX": [
    0.00448557,
    0.00448333
  ],
  "MYX": [
    0.207487,
    0.208004
  ],
  "NOT": [
    0.00035784,
    0.00035556
  ],
  "DEP": [
    0.00114777,
    0.00114416
  ],
  "SNEK": [
    0.00043261,
    0.0004201
  ],
  "ISLM": [
    0.01188409,
    0.01191905
  ],
  "NYM": [
    0.03427137,
    0.03412892
  ],
  "SPELL": [
    0.00016053,
    0.00016182
  ],
  "REZ": [
    0.00330562,
    0.00337497
  ],
  "MERL": [
    0.02164221,
    0.0222596
  ],
  "GUN": [
    0.01529575,
    0.01519082
  ],
  "HUMA": [
    0.01481048,
    0.01427337
  ],
  "DEGEN": [
    0.00065888,
    0.00065562
  ],
  "CORN": [
    0.04501114,
    0.04496094
  ],
  "NEIRO": [
    0.00005546,
    0.00005486
  ],
  "MAGMA": [
    0.114133,
    0.121358
  ],
  "ALLO": [
    0.103641,
    0.103508
  ],
  "SATS": [
    1.0833e-8,
    1.0811e-8
  ],
  "LRC": [
    0.01768194,
    0.0181497
  ],
  "CPOOL": [
    0.02186334,
    0.02298412
  ],
  "SLP": [
    0.00058861,
    0.00058438
  ],
  "AURORA": [
    0.02572336,
    0.02580136
  ],
  "DENT": [
    0.00017648,
    0.0001784
  ],
  "BOB": [
    0.00551397,
    0.00551281
  ],
  "RESOLV": [
    0.03867658,
    0.03945177
  ],
  "INIT": [
    0.082314,
    0.082122
  ],
  "NIL": [
    0.03366862,
    0.03344919
  ],
  "DAO": [
    0.057595,
    0.056357
  ],
  "DSYNC": [
    0.01416903,
    0.01417
  ],
  "NEWT": [
    0.064405,
    0.064828
  ],
  "IKA": [
    0.00445235,
    0.00448511
  ],
  "SONIC": [
    0.0369251,
    0.03676264
  ],
  "L3": [
    0.00940409,
    0.00919205
  ],
  "BANK": [
    0.02889737,
    0.02830807
  ],
  "PAAL": [
    0.01319279,
    0.01320802
  ],
  "HONEY": [
    0.00229776,
    0.00206057
  ],
  "GRIFFAIN": [
    0.01180409,
    0.01163248
  ],
  "MUBARAK": [
    0.01110679,
    0.0111464
  ],
  "AIN": [
    0.058657,
    0.058861
  ],
  "TLM": [
    0.00160882,
    0.00161221
  ],
  "ROAM": [
    0.02946704,
    0.0299963
  ],
  "TAI": [
    0.01601146,
    0.01651139
  ],
  "AVL": [
    0.03357473,
    0.03248661
  ],
  "HMSTR": [
    0.00014173,
    0.00013988
  ],
  "LAT": [
    0.00131904,
    0.00131171
  ],
  "SWARMS": [
    0.00866429,
    0.00878064
  ],
  "NKN": [
    0.01006004,
    0.00989598
  ],
  "NAVX": [
    0.00899072,
    0.0088837
  ],
  "FUEL": [
    0.00091821,
    0.00091692
  ],
  "COQ": [
    9.7193e-8,
    9.5724e-8
  ],
  "SOLV": [
    0.00413049,
    0.0043467
  ],
  "COS": [
    0.00118319,
    0.0012132
  ],
  "RSS3": [
    0.0073293,
    0.00684427
  ],
  "OBT": [
    0.00104583,
    0.0010362
  ],
  "PIXEL": [
    0.00661099,
    0.00657986
  ],
  "FWOG": [
    0.00464306,
    0.00467948
  ],
  "DMC": [
    0.00072364,
    0.0007174
  ],
  "FHE": [
    0.01796376,
    0.01763866
  ],
  "LYXE": [
    0.261194,
    0.261288
  ],
  "HIPPO": [
    0.00036641,
    0.00038123
  ],
  "RDNT": [
    0.00259298,
    0.00260011
  ],
  "GEAR": [
    0.00028588,
    0.0002853
  ],
  "FORTH": [
    0.260605,
    0.246911
  ],
  "DUCK": [
    0.0003499,
    0.00032716
  ],
  "SAMO": [
    0.00043291,
    0.00043426
  ],
  "OAS": [
    0.00034594,
    0.00034845
  ],
  "HOOK": [
    0.00779954,
    0.00780277
  ],
  "FIS": [
    0.01265066,
    0.01289437
  ],
  "PERP": [
    0.02785387,
    0.02654695
  ],
  "CUDIS": [
    0.00773854,
    0.00768813
  ],
  "EPT": [
    0.0007438,
    0.00073253
  ],
  "FLM": [
    0.00285521,
    0.00291831
  ],
  "PTB": [
    0.00062704,
    0.00063365
  ],
  "GORK": [
    0.00131996,
    0.00130413
  ],
  "DATA": [
    0.00098713,
    0.00097462
  ],
  "SAROS": [
    0.00047045,
    0.00046626
  ],
  "INSP": [
    0.00120914,
    0.00118814
  ],
  "ACA": [
    0.00076706,
    0.00077862
  ],
  "A2Z": [
    0.00011054,
    0.0001028
  ],
  "SWTCH": [
    0.00393857,
    0.00378294
  ],
  "RFC": [
    0.00052208,
    0.00052037
  ],
  "FOXY": [
    0.00008434,
    0.00008502
  ],
  "LOOKS": [
    0.0003928,
    0.00039097
  ],
  "BDXN": [
    0.00196593,
    0.00199271
  ],
  "MOONPIG": [
    0.00029583,
    0.00029582
  ],
  "ROOT": [
    0.0000596,
    0.00006224
  ],
  "CHESS": [
    0.00038465,
    0.00040784
  ],
  "CHILLGUY": [
    0.00006718,
    0.00006718
  ],
  "APU": [
    0.00002959,
    0.00002979
  ],
  "HOLO": [
    0.00001324,
    0.00001327
  ],
  "RATS": [
    0.0000363,
    0.00003666
  ],
  "GMMT": [
    0.00408505,
    0.00406694
  ],
  "ADB": [
    null,
    null
  ]
}