{
  "PUMP": [
    0.00164661,
    0.00165678
  ],
  "STABLE": [
    0.02660455,
    0.02656381
  ],
  "SIREN": [
    0.569611,
    0.563746
  ],
  "MON": [
    0.02742464,
    0.02731921
  ],
  "AERO": [
    0.311897,
    0.31554
  ],
  "JASMY": [
    0.00518903,
    0.0052111
  ],
  "LIT": [
    0.9642,
    0.960398
  ],
  "CVX": [
    1.7,
    1.69
  ],
  "BAT": [
    0.094478,
    0.094401
  ],
  "ATH": [
    0.00666035,
    0.00665119
  ],
  "COW": [
    0.199109,
    0.200012
  ],
  "BANANAS31": [
    0.0106544,
    0.01062169
  ],
  "ONT": [
    0.091762,
    0.090186
  ],
  "CHEEMS": [
    4.05783e-7,
    4.08103e-7
  ],
  "SKYAI": [
    0.075591,
    0.075089
  ],
  "SAHARA": [
    0.02229371,
    0.02236273
  ],
  "TAG": [
    0.00065291,
    0.00064306
  ],
  "CKB": [
    0.00141904,
    0.00141235
  ],
  "POLYX": [
    0.04904324,
    0.04878703
  ],
  "BAN": [
    0.059577,
    0.059683
  ],
  "NPC": [
    0.00699764,
    0.00693161
  ],
  "ARC": [
    0.054084,
    0.05435
  ],
  "CSPR": [
    0.00288755,
    0.00289599
  ],
  "BEAT": [
    0.314868,
    0.314681
  ],
  "MYX": [
    0.225478,
    0.228028
  ],
  "IOTX": [
    0.00438176,
    0.00441734
  ],
  "NOT": [
    0.00033828,
    0.00033992
  ],
  "ISLM": [
    0.01263735,
    0.01248273
  ],
  "DEP": [
    0.00114223,
    0.00114076
  ],
  "SNEK": [
    0.00041574,
    0.00041265
  ],
  "REZ": [
    0.00365136,
    0.00363201
  ],
  "NYM": [
    0.03457233,
    0.03446668
  ],
  "MERL": [
    0.0238519,
    0.02366418
  ],
  "SPELL": [
    0.00015709,
    0.0001565
  ],
  "L3": [
    0.02168363,
    0.01862541
  ],
  "HUMA": [
    0.01430884,
    0.01430755
  ],
  "DEGEN": [
    0.00065846,
    0.00066138
  ],
  "CORN": [
    0.04505051,
    0.04504286
  ],
  "ALLO": [
    0.106426,
    0.106931
  ],
  "GUN": [
    0.01380223,
    0.01359454
  ],
  "NEIRO": [
    0.00005299,
    0.00005332
  ],
  "CPOOL": [
    0.02228361,
    0.02226185
  ],
  "SATS": [
    1.0281e-8,
    1.0307e-8
  ],
  "LRC": [
    0.01721206,
    0.01715251
  ],
  "SLP": [
    0.00057945,
    0.0005791
  ],
  "MAGMA": [
    0.109037,
    0.108995
  ],
  "AURORA": [
    0.02583527,
    0.02576696
  ],
  "DENT": [
    0.00017464,
    0.00017438
  ],
  "BOB": [
    0.00577797,
    0.00588736
  ],
  "INIT": [
    0.079984,
    0.079844
  ],
  "RESOLV": [
    0.03750338,
    0.0369365
  ],
  "DSYNC": [
    0.01401939,
    0.01409951
  ],
  "NEWT": [
    0.063423,
    0.06379
  ],
  "NIL": [
    0.03192966,
    0.03189221
  ],
  "DAO": [
    0.051461,
    0.051433
  ],
  "SONIC": [
    0.03573568,
    0.03567534
  ],
  "IKA": [
    0.00391459,
    0.00407968
  ],
  "HONEY": [
    0.00206226,
    0.00208467
  ],
  "BANK": [
    0.02751154,
    0.02772387
  ],
  "PAAL": [
    0.01299809,
    0.01293787
  ],
  "GRIFFAIN": [
    0.01129739,
    0.01151497
  ],
  "MUBARAK": [
    0.01113259,
    0.01110238
  ],
  "TLM": [
    0.00159523,
    0.00160424
  ],
  "ROAM": [
    0.02942888,
    0.02991459
  ],
  "AIN": [
    0.055078,
    0.055177
  ],
  "SWARMS": [
    0.00989395,
    0.00989717
  ],
  "AVL": [
    0.03207894,
    0.03193276
  ],
  "TAI": [
    0.0157007,
    0.01576254
  ],
  "LAT": [
    0.00131994,
    0.00132079
  ],
  "HMSTR": [
    0.00013349,
    0.00013461
  ],
  "NAVX": [
    0.0088209,
    0.00891663
  ],
  "NKN": [
    0.0086162,
    0.00899278
  ],
  "FUEL": [
    0.00093551,
    0.00093222
  ],
  "COS": [
    0.00126898,
    0.00128503
  ],
  "SOLV": [
    0.00469575,
    0.00436785
  ],
  "COQ": [
    9.2095e-8,
    9.2638e-8
  ],
  "OBT": [
    0.00102465,
    0.00104387
  ],
  "RSS3": [
    0.00589855,
    0.00583948
  ],
  "PIXEL": [
    0.00639615,
    0.00647965
  ],
  "FHE": [
    0.01991478,
    0.01977297
  ],
  "FWOG": [
    0.0047041,
    0.00472243
  ],
  "DMC": [
    0.00072382,
    0.00072089
  ],
  "HIPPO": [
    0.00047658,
    0.00043889
  ],
  "LYXE": [
    0.257061,
    0.258538
  ],
  "RDNT": [
    0.00249468,
    0.00249144
  ],
  "FORTH": [
    0.275681,
    0.281876
  ],
  "GEAR": [
    0.00029106,
    0.00028693
  ],
  "HOOK": [
    0.00918374,
    0.0089246
  ],
  "DUCK": [
    0.00031907,
    0.0003239
  ],
  "SAMO": [
    0.00043208,
    0.00043279
  ],
  "OAS": [
    0.0003638,
    0.00036541
  ],
  "PTB": [
    0.00097435,
    0.00105543
  ],
  "FIS": [
    0.01257207,
    0.01302241
  ],
  "CUDIS": [
    0.00763241,
    0.00763076
  ],
  "PERP": [
    0.0258131,
    0.02544171
  ],
  "EPT": [
    0.00075166,
    0.00075436
  ],
  "FLM": [
    0.00287069,
    0.00294071
  ],
  "DATA": [
    0.00098324,
    0.00098529
  ],
  "GORK": [
    0.00123248,
    0.0012422
  ],
  "SAROS": [
    0.00045982,
    0.00046595
  ],
  "INSP": [
    0.00116797,
    0.00117084
  ],
  "ACA": [
    0.00077062,
    0.000758
  ],
  "A2Z": [
    0.00009956,
    0.00009775
  ],
  "SWTCH": [
    0.00483533,
    0.00446732
  ],
  "FOXY": [
    0.00010503,
    0.000108
  ],
  "RFC": [
    0.00052004,
    0.00052242
  ],
  "LOOKS": [
    0.00037183,
    0.00036194
  ],
  "BDXN": [
    0.00190943,
    0.00188057
  ],
  "MOONPIG": [
    0.00028988,
    0.0002888
  ],
  "ROOT": [
    0.00006408,
    0.00006248
  ],
  "CHESS": [
    0.00036979,
    0.00037032
  ],
  "CHILLGUY": [
    0.00006723,
    0.00006723
  ],
  "APU": [
    0.00003107,
    0.00003202
  ],
  "HOLO": [
    0.00001215,
    0.00001219
  ],
  "RATS": [
    0.00003859,
    0.00003865
  ],
  "GMMT": [
    0.00372767,
    0.00376546
  ],
  "ADB": [
    null,
    null
  ]
}