{
  "SIREN": [
    1.76,
    1.7
  ],
  "PUMP": [
    0.00174671,
    0.00174583
  ],
  "STABLE": [
    0.02589163,
    0.02576452
  ],
  "AERO": [
    0.32315,
    0.323016
  ],
  "JASMY": [
    0.00536091,
    0.00539644
  ],
  "MON": [
    0.02235223,
    0.02231472
  ],
  "LIT": [
    0.88501,
    0.877972
  ],
  "CVX": [
    1.67,
    1.67
  ],
  "BAT": [
    0.094438,
    0.094064
  ],
  "BANANAS31": [
    0.01314665,
    0.01323153
  ],
  "ATH": [
    0.0071899,
    0.00707042
  ],
  "COW": [
    0.19992,
    0.199296
  ],
  "CHEEMS": [
    4.09602e-7,
    4.12232e-7
  ],
  "SAHARA": [
    0.0270146,
    0.02660027
  ],
  "BEAT": [
    0.508864,
    0.522181
  ],
  "CKB": [
    0.00138488,
    0.00137533
  ],
  "SKYAI": [
    0.063138,
    0.063081
  ],
  "TAG": [
    0.00057866,
    0.00057761
  ],
  "NPC": [
    0.00741767,
    0.00741124
  ],
  "ONT": [
    0.062488,
    0.062557
  ],
  "BAN": [
    0.057563,
    0.056962
  ],
  "CSPR": [
    0.00358309,
    0.00357293
  ],
  "POLYX": [
    0.04480395,
    0.04451547
  ],
  "ARC": [
    0.04881733,
    0.0499145
  ],
  "MYX": [
    0.254506,
    0.255696
  ],
  "IOTX": [
    0.00481609,
    0.00478116
  ],
  "NOT": [
    0.00035374,
    0.0003521
  ],
  "SNEK": [
    0.00043313,
    0.00043343
  ],
  "ISLM": [
    0.01270134,
    0.01276523
  ],
  "DEP": [
    0.00115825,
    0.00113237
  ],
  "MERL": [
    0.02532357,
    0.02522304
  ],
  "LRC": [
    0.0228085,
    0.02281872
  ],
  "GUN": [
    0.01723452,
    0.01721363
  ],
  "SPELL": [
    0.00016369,
    0.00016325
  ],
  "NYM": [
    0.03252778,
    0.03252823
  ],
  "REZ": [
    0.00336015,
    0.00339373
  ],
  "DEGEN": [
    0.00068465,
    0.00068633
  ],
  "HUMA": [
    0.01420077,
    0.01420382
  ],
  "CORN": [
    0.04667711,
    0.04664402
  ],
  "NEIRO": [
    0.00005659,
    0.00005635
  ],
  "ALLO": [
    0.106521,
    0.105764
  ],
  "MAGMA": [
    0.122118,
    0.12146
  ],
  "CPOOL": [
    0.0240984,
    0.02391719
  ],
  "SATS": [
    1.0706e-8,
    1.0622e-8
  ],
  "SLP": [
    0.00058638,
    0.00058316
  ],
  "AURORA": [
    0.02831001,
    0.0283092
  ],
  "DENT": [
    0.00019731,
    0.00019492
  ],
  "DAO": [
    0.069986,
    0.071801
  ],
  "BANK": [
    0.0414029,
    0.04136605
  ],
  "DSYNC": [
    0.01733211,
    0.01738308
  ],
  "BOB": [
    0.0057858,
    0.00576004
  ],
  "RESOLV": [
    0.0399231,
    0.03973857
  ],
  "NEWT": [
    0.071269,
    0.070462
  ],
  "INIT": [
    0.078925,
    0.078625
  ],
  "SONIC": [
    0.03920023,
    0.03925183
  ],
  "NIL": [
    0.03299632,
    0.03268834
  ],
  "PAAL": [
    0.01523303,
    0.01520955
  ],
  "ROAM": [
    0.03889029,
    0.03897563
  ],
  "L3": [
    0.00975125,
    0.00964667
  ],
  "HONEY": [
    0.00217078,
    0.00219812
  ],
  "MUBARAK": [
    0.01121275,
    0.01115335
  ],
  "AIN": [
    0.060117,
    0.059985
  ],
  "TLM": [
    0.00164456,
    0.0016357
  ],
  "GRIFFAIN": [
    0.01057157,
    0.01041389
  ],
  "IKA": [
    0.00340163,
    0.00339424
  ],
  "TAI": [
    0.01672721,
    0.01708806
  ],
  "SWARMS": [
    0.00916327,
    0.00909249
  ],
  "LAT": [
    0.00131343,
    0.00131892
  ],
  "HMSTR": [
    0.00013538,
    0.00013489
  ],
  "NKN": [
    0.01091717,
    0.01070114
  ],
  "FUEL": [
    0.00106091,
    0.00105993
  ],
  "DUCK": [
    0.00111845,
    0.00112121
  ],
  "COS": [
    0.0014731,
    0.0014772
  ],
  "NAVX": [
    0.00873496,
    0.00873895
  ],
  "AVL": [
    0.02596414,
    0.0256195
  ],
  "COQ": [
    9.7133e-8,
    9.729e-8
  ],
  "PIXEL": [
    0.008331,
    0.00834517
  ],
  "OBT": [
    0.0010676,
    0.00105804
  ],
  "RDNT": [
    0.00416101,
    0.00417491
  ],
  "HIPPO": [
    0.00051892,
    0.00052062
  ],
  "RSS3": [
    0.00563937,
    0.00554579
  ],
  "FWOG": [
    0.00487911,
    0.00487489
  ],
  "SOLV": [
    0.00307178,
    0.00303452
  ],
  "FHE": [
    0.01783208,
    0.01784456
  ],
  "LYXE": [
    0.283035,
    0.283035
  ],
  "DMC": [
    0.00071069,
    0.00070289
  ],
  "FORTH": [
    0.411645,
    0.401739
  ],
  "GEAR": [
    0.0003076,
    0.00030584
  ],
  "HOOK": [
    0.00947261,
    0.0095207
  ],
  "PTB": [
    0.00138973,
    0.00130038
  ],
  "FIS": [
    0.01506734,
    0.01498493
  ],
  "OAS": [
    0.00036168,
    0.00035745
  ],
  "SAMO": [
    0.00039615,
    0.00039512
  ],
  "PERP": [
    0.02789515,
    0.02846566
  ],
  "CUDIS": [
    0.00812796,
    0.00814703
  ],
  "EPT": [
    0.00079652,
    0.0007939
  ],
  "A2Z": [
    0.00022395,
    0.00022082
  ],
  "GORK": [
    0.00163151,
    0.00162561
  ],
  "FLM": [
    0.00272206,
    0.00274237
  ],
  "SAROS": [
    0.00052449,
    0.00052567
  ],
  "DATA": [
    0.00101853,
    0.00101151
  ],
  "SWTCH": [
    0.00702237,
    0.00677761
  ],
  "INSP": [
    0.00125122,
    0.00121816
  ],
  "ACA": [
    0.00082101,
    0.00081227
  ],
  "FOXY": [
    0.00012825,
    0.00012883
  ],
  "RFC": [
    0.00057233,
    0.00056842
  ],
  "BDXN": [
    0.00260507,
    0.00259757
  ],
  "LOOKS": [
    0.00038936,
    0.00039349
  ],
  "MOONPIG": [
    0.00031478,
    0.00031574
  ],
  "CHESS": [
    0.00144268,
    0.00144956
  ],
  "ROOT": [
    0.00007194,
    0.00006994
  ],
  "CHILLGUY": [
    0.00006306,
    0.00006288
  ],
  "APU": [
    0.0000319,
    0.00003186
  ],
  "HOLO": [
    0.00001293,
    0.00001297
  ],
  "RATS": [
    0.00005077,
    0.00004953
  ],
  "GMMT": [
    0.00333428,
    0.00333107
  ],
  "ADB": [
    null,
    null
  ]
}