{
  "STABLE": [
    0.03390278,
    0.03394845
  ],
  "PUMP": [
    0.00181929,
    0.00183942
  ],
  "SIREN": [
    0.697687,
    0.696817
  ],
  "SKYAI": [
    0.482416,
    0.499566
  ],
  "AERO": [
    0.451037,
    0.452273
  ],
  "MON": [
    0.03060971,
    0.03101678
  ],
  "JASMY": [
    0.00574898,
    0.00571448
  ],
  "LIT": [
    0.891312,
    0.90351
  ],
  "TAG": [
    0.00132207,
    0.00174484
  ],
  "CVX": [
    1.74,
    1.75
  ],
  "BAT": [
    0.097497,
    0.097472
  ],
  "CHEEMS": [
    6.25451e-7,
    6.33024e-7
  ],
  "ATH": [
    0.00584241,
    0.00588419
  ],
  "COW": [
    0.186308,
    0.186298
  ],
  "BANANAS31": [
    0.01022579,
    0.01013433
  ],
  "BEAT": [
    0.58151,
    0.603063
  ],
  "SAHARA": [
    0.02375656,
    0.0238467
  ],
  "CKB": [
    0.0014996,
    0.00150256
  ],
  "BAN": [
    0.071982,
    0.072609
  ],
  "ARC": [
    0.073053,
    0.071583
  ],
  "ONT": [
    0.071071,
    0.071093
  ],
  "NPC": [
    0.0077746,
    0.00779897
  ],
  "POLYX": [
    0.04779292,
    0.04777548
  ],
  "MYX": [
    0.254695,
    0.253233
  ],
  "CSPR": [
    0.00279577,
    0.00280034
  ],
  "MAGMA": [
    0.231449,
    0.230966
  ],
  "IOTX": [
    0.00451682,
    0.00453615
  ],
  "MERL": [
    0.03297513,
    0.03404535
  ],
  "ISLM": [
    0.01176717,
    0.01176748
  ],
  "NEIRO": [
    0.00009652,
    0.00009888
  ],
  "REZ": [
    0.00476849,
    0.00481974
  ],
  "NOT": [
    0.00040526,
    0.00040471
  ],
  "HUMA": [
    0.02197775,
    0.02203511
  ],
  "SNEK": [
    0.00046163,
    0.00046157
  ],
  "SATS": [
    1.5968e-8,
    1.6195e-8
  ],
  "DEP": [
    0.0011083,
    0.00111169
  ],
  "SPELL": [
    0.00016743,
    0.0001674
  ],
  "ALLO": [
    0.124747,
    0.122975
  ],
  "SWARMS": [
    0.02630304,
    0.02631974
  ],
  "CPOOL": [
    0.02571845,
    0.02562108
  ],
  "SLP": [
    0.00070092,
    0.00070499
  ],
  "GUN": [
    0.01431563,
    0.0142831
  ],
  "DEGEN": [
    0.00066695,
    0.00066421
  ],
  "CORN": [
    0.04031017,
    0.04027283
  ],
  "LRC": [
    0.01683272,
    0.01686193
  ],
  "NIL": [
    0.04099469,
    0.04243087
  ],
  "AURORA": [
    0.02635821,
    0.02641508
  ],
  "L3": [
    0.01231067,
    0.01224323
  ],
  "GRIFFAIN": [
    0.01762487,
    0.01787924
  ],
  "AIN": [
    0.094933,
    0.095915
  ],
  "INIT": [
    0.087787,
    0.087017
  ],
  "NYM": [
    0.01999217,
    0.01967474
  ],
  "BOB": [
    0.00565949,
    0.00560706
  ],
  "NEWT": [
    0.074788,
    0.075868
  ],
  "BANK": [
    0.03316227,
    0.03326419
  ],
  "MUBARAK": [
    0.01369251,
    0.01392608
  ],
  "SONIC": [
    0.03817362,
    0.03826073
  ],
  "DSYNC": [
    0.01291489,
    0.01319473
  ],
  "TLM": [
    0.00184923,
    0.00186685
  ],
  "PAAL": [
    0.01281621,
    0.01281966
  ],
  "RESOLV": [
    0.02891141,
    0.02904173
  ],
  "RSS3": [
    0.00629816,
    0.00705078
  ],
  "HONEY": [
    0.00181343,
    0.00181252
  ],
  "DAO": [
    0.04166382,
    0.04174118
  ],
  "IKA": [
    0.0033772,
    0.00337842
  ],
  "HMSTR": [
    0.0001549,
    0.00015629
  ],
  "COQ": [
    1.34778e-7,
    1.34232e-7
  ],
  "LAT": [
    0.00132873,
    0.00133245
  ],
  "TAI": [
    0.01514687,
    0.01519289
  ],
  "AVL": [
    0.02703678,
    0.02714637
  ],
  "NAVX": [
    0.00880621,
    0.00880686
  ],
  "FUEL": [
    0.00090248,
    0.00090135
  ],
  "SOLV": [
    0.00452102,
    0.00451544
  ],
  "NKN": [
    0.00788806,
    0.00802784
  ],
  "PIXEL": [
    0.0079024,
    0.00795296
  ],
  "COS": [
    0.00114976,
    0.00116202
  ],
  "OBT": [
    0.00100575,
    0.00099999
  ],
  "FHE": [
    0.0197717,
    0.02135648
  ],
  "DMC": [
    0.00069179,
    0.00069003
  ],
  "FWOG": [
    0.00451962,
    0.00451516
  ],
  "LYXE": [
    0.256066,
    0.256066
  ],
  "DENT": [
    0.00004055,
    0.00004038
  ],
  "ROAM": [
    0.01090077,
    0.01092421
  ],
  "OAS": [
    0.00053921,
    0.00053595
  ],
  "GEAR": [
    0.00032559,
    0.00032563
  ],
  "FORTH": [
    0.23673,
    0.237309
  ],
  "HOOK": [
    0.00814123,
    0.00815656
  ],
  "RDNT": [
    0.00181081,
    0.00180483
  ],
  "SAMO": [
    0.00035476,
    0.00035858
  ],
  "CUDIS": [
    0.00792524,
    0.00792036
  ],
  "PERP": [
    0.02546291,
    0.0255668
  ],
  "EPT": [
    0.00071964,
    0.00071538
  ],
  "HIPPO": [
    0.000162,
    0.0001634
  ],
  "PTB": [
    0.0007664,
    0.00077434
  ],
  "FIS": [
    0.01017661,
    0.01008533
  ],
  "SAROS": [
    0.00059312,
    0.00058682
  ],
  "FLM": [
    0.00255371,
    0.00255047
  ],
  "GORK": [
    0.00142364,
    0.00141393
  ],
  "DATA": [
    0.00070767,
    0.00071031
  ],
  "ACA": [
    0.00068356,
    0.00068947
  ],
  "A2Z": [
    0.00009515,
    0.00009609
  ],
  "INSP": [
    0.00093857,
    0.00095311
  ],
  "FOXY": [
    0.00011496,
    0.00011671
  ],
  "SWTCH": [
    0.00348589,
    0.00351943
  ],
  "DUCK": [
    0.00007087,
    0.00007036
  ],
  "RFC": [
    0.00055232,
    0.00055111
  ],
  "LOOKS": [
    0.00035891,
    0.00036186
  ],
  "BDXN": [
    0.00172545,
    0.00180573
  ],
  "MOONPIG": [
    0.00026312,
    0.00026605
  ],
  "ROOT": [
    0.00005789,
    0.00005727
  ],
  "CHILLGUY": [
    0.00009112,
    0.00009464
  ],
  "APU": [
    0.00004462,
    0.0000444
  ],
  "CHESS": [
    0.00019215,
    0.00019252
  ],
  "HOLO": [
    0.00001187,
    0.00001187
  ],
  "GMMT": [
    0.00249181,
    0.0024938
  ],
  "RATS": [
    0.00004169,
    0.00004005
  ],
  "ADB": [
    null,
    null
  ]
}