{
  "PUMP": [
    0.00191471,
    0.00190598
  ],
  "STABLE": [
    0.025924,
    0.02589826
  ],
  "SIREN": [
    0.633384,
    0.635222
  ],
  "MON": [
    0.03476115,
    0.03477422
  ],
  "AERO": [
    0.427323,
    0.423165
  ],
  "JASMY": [
    0.00577345,
    0.0057358
  ],
  "LIT": [
    0.924985,
    0.918401
  ],
  "SKYAI": [
    0.177285,
    0.176485
  ],
  "CVX": [
    1.87,
    1.86
  ],
  "BAT": [
    0.10461,
    0.104882
  ],
  "CHEEMS": [
    6.04773e-7,
    6.0075e-7
  ],
  "ATH": [
    0.00609238,
    0.00609831
  ],
  "COW": [
    0.190685,
    0.190943
  ],
  "BANANAS31": [
    0.00955665,
    0.00950312
  ],
  "BAN": [
    0.086247,
    0.084061
  ],
  "BEAT": [
    0.561272,
    0.560451
  ],
  "ONT": [
    0.077122,
    0.077077
  ],
  "CKB": [
    0.00153304,
    0.0015303
  ],
  "TAG": [
    0.00065951,
    0.00065632
  ],
  "SAHARA": [
    0.02240657,
    0.02209755
  ],
  "NPC": [
    0.00862332,
    0.00855315
  ],
  "ARC": [
    0.066775,
    0.066607
  ],
  "POLYX": [
    0.051629,
    0.051704
  ],
  "MERL": [
    0.03845672,
    0.03867089
  ],
  "MYX": [
    0.239628,
    0.245403
  ],
  "CSPR": [
    0.00293784,
    0.00292914
  ],
  "IOTX": [
    0.00479777,
    0.00479945
  ],
  "SNEK": [
    0.00052193,
    0.00055911
  ],
  "NOT": [
    0.00041385,
    0.00041188
  ],
  "NEIRO": [
    0.0001002,
    0.00009612
  ],
  "HUMA": [
    0.02311466,
    0.02276368
  ],
  "ISLM": [
    0.01211974,
    0.01231405
  ],
  "SATS": [
    1.5074e-8,
    1.4996e-8
  ],
  "REZ": [
    0.00377609,
    0.00377733
  ],
  "DEP": [
    0.00111084,
    0.00111083
  ],
  "MAGMA": [
    0.137513,
    0.156609
  ],
  "CPOOL": [
    0.02945206,
    0.02912884
  ],
  "SPELL": [
    0.00016757,
    0.00016748
  ],
  "GUN": [
    0.01658913,
    0.0163595
  ],
  "DEGEN": [
    0.00076114,
    0.00076242
  ],
  "ALLO": [
    0.123526,
    0.121139
  ],
  "NYM": [
    0.03128692,
    0.0311527
  ],
  "SLP": [
    0.00068119,
    0.00067654
  ],
  "LRC": [
    0.0174466,
    0.01745005
  ],
  "CORN": [
    0.04069776,
    0.04063889
  ],
  "SWARMS": [
    0.01849969,
    0.01936082
  ],
  "AURORA": [
    0.02798511,
    0.02793928
  ],
  "BOB": [
    0.0068883,
    0.00682965
  ],
  "NIL": [
    0.04085578,
    0.04114864
  ],
  "NEWT": [
    0.079018,
    0.07941
  ],
  "GRIFFAIN": [
    0.01700756,
    0.0170165
  ],
  "INIT": [
    0.089293,
    0.089216
  ],
  "BANK": [
    0.03806279,
    0.03778897
  ],
  "L3": [
    0.01047803,
    0.0104887
  ],
  "DSYNC": [
    0.01526352,
    0.01504447
  ],
  "MUBARAK": [
    0.01397178,
    0.01392525
  ],
  "SONIC": [
    0.03681268,
    0.03669115
  ],
  "RESOLV": [
    0.03168793,
    0.03199649
  ],
  "PAAL": [
    0.01341777,
    0.01311965
  ],
  "TLM": [
    0.00179409,
    0.00180425
  ],
  "HONEY": [
    0.00200663,
    0.00200603
  ],
  "DAO": [
    0.04587689,
    0.04546163
  ],
  "IKA": [
    0.00373317,
    0.00369522
  ],
  "AIN": [
    0.057561,
    0.05761
  ],
  "COQ": [
    1.51303e-7,
    1.50712e-7
  ],
  "HMSTR": [
    0.00015777,
    0.00015829
  ],
  "TAI": [
    0.01659474,
    0.01649411
  ],
  "LAT": [
    0.0013506,
    0.00134388
  ],
  "AVL": [
    0.02655913,
    0.02640788
  ],
  "FUEL": [
    0.00094611,
    0.00094324
  ],
  "DENT": [
    0.00007841,
    0.00007562
  ],
  "NAVX": [
    0.00864718,
    0.00862027
  ],
  "NKN": [
    0.00837364,
    0.00831049
  ],
  "ROAM": [
    0.01793535,
    0.01817796
  ],
  "COS": [
    0.00118863,
    0.00119202
  ],
  "PIXEL": [
    0.00755642,
    0.0076343
  ],
  "OBT": [
    0.00103922,
    0.00104112
  ],
  "SOLV": [
    0.0037792,
    0.00382694
  ],
  "RSS3": [
    0.00577869,
    0.00573008
  ],
  "OAS": [
    0.00068093,
    0.00067833
  ],
  "FHE": [
    0.01759141,
    0.01765886
  ],
  "FWOG": [
    0.00449166,
    0.00451117
  ],
  "DMC": [
    0.00069143,
    0.00070351
  ],
  "LYXE": [
    0.23263,
    0.230811
  ],
  "FORTH": [
    0.25493,
    0.244198
  ],
  "RDNT": [
    0.00199073,
    0.00199569
  ],
  "HOOK": [
    0.00852448,
    0.00837648
  ],
  "SAMO": [
    0.00039984,
    0.00040112
  ],
  "GEAR": [
    0.00022503,
    0.0002248
  ],
  "CUDIS": [
    0.00820439,
    0.00819722
  ],
  "PERP": [
    0.02610176,
    0.02634645
  ],
  "PTB": [
    0.00083497,
    0.00083659
  ],
  "EPT": [
    0.0007467,
    0.00074463
  ],
  "SAROS": [
    0.00064315,
    0.00064733
  ],
  "GORK": [
    0.00168065,
    0.00167086
  ],
  "FIS": [
    0.01055919,
    0.01054005
  ],
  "HIPPO": [
    0.00016498,
    0.00016495
  ],
  "FLM": [
    0.00284818,
    0.00271881
  ],
  "DATA": [
    0.00091695,
    0.00091703
  ],
  "INSP": [
    0.00114603,
    0.00119312
  ],
  "ACA": [
    0.00070266,
    0.00070636
  ],
  "FOXY": [
    0.00012009,
    0.00012094
  ],
  "A2Z": [
    0.00007471,
    0.0000763
  ],
  "RFC": [
    0.00059614,
    0.00058311
  ],
  "DUCK": [
    0.00007115,
    0.00007133
  ],
  "SWTCH": [
    0.00326716,
    0.00328105
  ],
  "LOOKS": [
    0.00040493,
    0.00039911
  ],
  "BDXN": [
    0.00191174,
    0.00189819
  ],
  "MOONPIG": [
    0.00030816,
    0.00030506
  ],
  "ROOT": [
    0.00006102,
    0.00005804
  ],
  "CHILLGUY": [
    0.00015375,
    0.00017439
  ],
  "APU": [
    0.00006261,
    0.00006466
  ],
  "CHESS": [
    0.00013528,
    0.00013567
  ],
  "HOLO": [
    0.00001279,
    0.00001265
  ],
  "GMMT": [
    0.00300769,
    0.00297536
  ],
  "RATS": [
    0.00003675,
    0.00003667
  ],
  "ADB": [
    null,
    null
  ]
}