{
  "PUMP": [
    0.00162957,
    0.00163026
  ],
  "STABLE": [
    0.02857712,
    0.02904762
  ],
  "AERO": [
    0.312754,
    0.31186
  ],
  "MON": [
    0.02520976,
    0.02509668
  ],
  "JASMY": [
    0.00526869,
    0.00524479
  ],
  "LIT": [
    0.96832,
    0.954839
  ],
  "CVX": [
    1.69,
    1.7
  ],
  "BAT": [
    0.093916,
    0.094303
  ],
  "SIREN": [
    0.194872,
    0.190762
  ],
  "BANANAS31": [
    0.01311357,
    0.01292421
  ],
  "ATH": [
    0.00642708,
    0.00645349
  ],
  "COW": [
    0.199993,
    0.200611
  ],
  "ONT": [
    0.105001,
    0.107872
  ],
  "TAG": [
    0.00086011,
    0.00091142
  ],
  "CHEEMS": [
    4.27238e-7,
    4.22421e-7
  ],
  "CKB": [
    0.00139375,
    0.00138565
  ],
  "SAHARA": [
    0.02082481,
    0.02112733
  ],
  "SKYAI": [
    0.065184,
    0.064438
  ],
  "NPC": [
    0.00723173,
    0.00726617
  ],
  "BAN": [
    0.059367,
    0.058152
  ],
  "POLYX": [
    0.04433171,
    0.0444226
  ],
  "ARC": [
    0.055103,
    0.05259
  ],
  "BEAT": [
    0.357891,
    0.340956
  ],
  "CSPR": [
    0.00296889,
    0.00294132
  ],
  "IOTX": [
    0.00441544,
    0.00444157
  ],
  "MYX": [
    0.193584,
    0.198067
  ],
  "NOT": [
    0.00034589,
    0.00034599
  ],
  "SNEK": [
    0.00043103,
    0.00042763
  ],
  "DEP": [
    0.00112844,
    0.00114221
  ],
  "ISLM": [
    0.01190526,
    0.01172108
  ],
  "REZ": [
    0.00357179,
    0.00364385
  ],
  "NYM": [
    0.03416532,
    0.03412925
  ],
  "SPELL": [
    0.00015811,
    0.00015863
  ],
  "GUN": [
    0.01557492,
    0.01562184
  ],
  "MERL": [
    0.02235776,
    0.02237021
  ],
  "DEGEN": [
    0.00065886,
    0.00066159
  ],
  "CORN": [
    0.04497388,
    0.04495255
  ],
  "ALLO": [
    0.105383,
    0.105392
  ],
  "NEIRO": [
    0.00005414,
    0.00005404
  ],
  "LRC": [
    0.01785341,
    0.01805255
  ],
  "HUMA": [
    0.01316645,
    0.0129416
  ],
  "SATS": [
    1.0511e-8,
    1.0518e-8
  ],
  "SLP": [
    0.00058846,
    0.00058528
  ],
  "CPOOL": [
    0.02141426,
    0.02131028
  ],
  "MAGMA": [
    0.106102,
    0.105341
  ],
  "AURORA": [
    0.02628721,
    0.0262754
  ],
  "DENT": [
    0.00017736,
    0.00017821
  ],
  "RESOLV": [
    0.04342333,
    0.04359165
  ],
  "BOB": [
    0.00535058,
    0.00538363
  ],
  "NIL": [
    0.0347157,
    0.03524862
  ],
  "INIT": [
    0.080032,
    0.080408
  ],
  "DSYNC": [
    0.01418996,
    0.01399225
  ],
  "NEWT": [
    0.064009,
    0.0648
  ],
  "SONIC": [
    0.03669528,
    0.03691529
  ],
  "DAO": [
    0.05234,
    0.051424
  ],
  "BANK": [
    0.03034709,
    0.030194
  ],
  "L3": [
    0.0089062,
    0.00893829
  ],
  "IKA": [
    0.00410463,
    0.00401813
  ],
  "GRIFFAIN": [
    0.01191524,
    0.01203869
  ],
  "ROAM": [
    0.03394911,
    0.03394392
  ],
  "PAAL": [
    0.01340851,
    0.01279817
  ],
  "HONEY": [
    0.00196145,
    0.00193818
  ],
  "MUBARAK": [
    0.01089455,
    0.01088652
  ],
  "TLM": [
    0.00157831,
    0.00159573
  ],
  "AIN": [
    0.055286,
    0.055759
  ],
  "SWARMS": [
    0.00929036,
    0.00947185
  ],
  "TAI": [
    0.0152955,
    0.01569893
  ],
  "LAT": [
    0.00130294,
    0.00130075
  ],
  "HMSTR": [
    0.00013688,
    0.00013727
  ],
  "SOLV": [
    0.00550424,
    0.00575879
  ],
  "AVL": [
    0.02843292,
    0.02868245
  ],
  "NKN": [
    0.00974547,
    0.00961969
  ],
  "NAVX": [
    0.00911461,
    0.00908457
  ],
  "FUEL": [
    0.0009207,
    0.00091966
  ],
  "COS": [
    0.00130241,
    0.00130751
  ],
  "COQ": [
    9.3608e-8,
    9.4417e-8
  ],
  "PIXEL": [
    0.00692583,
    0.00702694
  ],
  "OBT": [
    0.0009966,
    0.00101156
  ],
  "HIPPO": [
    0.00052684,
    0.00052624
  ],
  "FWOG": [
    0.00488222,
    0.00484383
  ],
  "RSS3": [
    0.00527142,
    0.00518976
  ],
  "FHE": [
    0.01813517,
    0.01842289
  ],
  "DMC": [
    0.00072631,
    0.00072506
  ],
  "LYXE": [
    0.255658,
    0.255143
  ],
  "RDNT": [
    0.00266721,
    0.00272159
  ],
  "GEAR": [
    0.00030304,
    0.00030273
  ],
  "FORTH": [
    0.249064,
    0.249916
  ],
  "DUCK": [
    0.00038282,
    0.0003442
  ],
  "SAMO": [
    0.00041353,
    0.00042093
  ],
  "HOOK": [
    0.00812258,
    0.00813523
  ],
  "OAS": [
    0.00032454,
    0.00032519
  ],
  "PERP": [
    0.02726797,
    0.02691493
  ],
  "FIS": [
    0.01243485,
    0.01241501
  ],
  "CUDIS": [
    0.0077575,
    0.00775072
  ],
  "EPT": [
    0.00072846,
    0.00073574
  ],
  "FLM": [
    0.00280617,
    0.00269057
  ],
  "DATA": [
    0.00100114,
    0.00103777
  ],
  "GORK": [
    0.00136372,
    0.00137361
  ],
  "PTB": [
    0.00065857,
    0.00063169
  ],
  "SAROS": [
    0.00045483,
    0.00047002
  ],
  "INSP": [
    0.00129591,
    0.00125543
  ],
  "ACA": [
    0.00064172,
    0.00064452
  ],
  "SWTCH": [
    0.00497692,
    0.00396226
  ],
  "A2Z": [
    0.00007343,
    0.00007387
  ],
  "FOXY": [
    0.00008876,
    0.0000886
  ],
  "RFC": [
    0.00053861,
    0.00053878
  ],
  "LOOKS": [
    0.00040051,
    0.0003946
  ],
  "BDXN": [
    0.00200652,
    0.00200457
  ],
  "MOONPIG": [
    0.00028968,
    0.00028764
  ],
  "ROOT": [
    0.000058,
    0.000058
  ],
  "CHESS": [
    0.00070379,
    0.00074664
  ],
  "CHILLGUY": [
    0.00006699,
    0.00006699
  ],
  "APU": [
    0.00002926,
    0.00002942
  ],
  "HOLO": [
    0.0000142,
    0.0000142
  ],
  "RATS": [
    0.00004089,
    0.00004009
  ],
  "GMMT": [
    0.00417226,
    0.00416187
  ],
  "ADB": [
    null,
    null
  ]
}