{
  "PUMP": [
    0.00181777,
    0.00181357
  ],
  "STABLE": [
    0.025743,
    0.02562128
  ],
  "SIREN": [
    0.706218,
    0.724189
  ],
  "MON": [
    0.03192568,
    0.03205839
  ],
  "AERO": [
    0.356429,
    0.351533
  ],
  "JASMY": [
    0.00532647,
    0.00531803
  ],
  "LIT": [
    1.022,
    1.04
  ],
  "CVX": [
    1.79,
    1.79
  ],
  "BAT": [
    0.100072,
    0.099944
  ],
  "COW": [
    0.216023,
    0.216192
  ],
  "ATH": [
    0.00602964,
    0.00606868
  ],
  "BANANAS31": [
    0.00976665,
    0.00976928
  ],
  "CHEEMS": [
    4.32734e-7,
    4.43335e-7
  ],
  "ONT": [
    0.081807,
    0.082188
  ],
  "ARC": [
    0.069973,
    0.071773
  ],
  "CKB": [
    0.00146468,
    0.0014587
  ],
  "SAHARA": [
    0.02251142,
    0.02253266
  ],
  "SKYAI": [
    0.070999,
    0.068922
  ],
  "TAG": [
    0.00059134,
    0.00058073
  ],
  "POLYX": [
    0.04942759,
    0.04969528
  ],
  "NPC": [
    0.00709441,
    0.00705385
  ],
  "BAN": [
    0.05532,
    0.054783
  ],
  "CSPR": [
    0.00316088,
    0.00324978
  ],
  "MYX": [
    0.246224,
    0.242265
  ],
  "IOTX": [
    0.00464051,
    0.00463968
  ],
  "BEAT": [
    0.290561,
    0.286271
  ],
  "NOT": [
    0.00035835,
    0.00036006
  ],
  "MAGMA": [
    0.169691,
    0.176944
  ],
  "SNEK": [
    0.00042316,
    0.00043223
  ],
  "DEP": [
    0.00112822,
    0.00112905
  ],
  "MERL": [
    0.0229696,
    0.02549387
  ],
  "ISLM": [
    0.01185546,
    0.01182469
  ],
  "REZ": [
    0.00367715,
    0.00366085
  ],
  "NYM": [
    0.03517897,
    0.03555412
  ],
  "GUN": [
    0.01649396,
    0.01689112
  ],
  "DEGEN": [
    0.00075987,
    0.00075776
  ],
  "SPELL": [
    0.00016082,
    0.00016083
  ],
  "HUMA": [
    0.01500309,
    0.01555702
  ],
  "NEIRO": [
    0.00005899,
    0.00005913
  ],
  "ALLO": [
    0.108096,
    0.108217
  ],
  "CPOOL": [
    0.02435966,
    0.02460628
  ],
  "SATS": [
    1.1095e-8,
    1.1235e-8
  ],
  "BOB": [
    0.00811072,
    0.00782733
  ],
  "SLP": [
    0.00059623,
    0.00059541
  ],
  "LRC": [
    0.01704758,
    0.01725942
  ],
  "CORN": [
    0.03810688,
    0.04019735
  ],
  "AURORA": [
    0.02760808,
    0.02752354
  ],
  "L3": [
    0.01444356,
    0.01333344
  ],
  "SWARMS": [
    0.01725379,
    0.01716263
  ],
  "GRIFFAIN": [
    0.01690261,
    0.01638498
  ],
  "RESOLV": [
    0.04095268,
    0.04078251
  ],
  "DENT": [
    0.00016592,
    0.00016499
  ],
  "DSYNC": [
    0.01521082,
    0.01513118
  ],
  "INIT": [
    0.081873,
    0.080722
  ],
  "NIL": [
    0.03520375,
    0.03497909
  ],
  "NEWT": [
    0.066685,
    0.066957
  ],
  "BANK": [
    0.03368474,
    0.03332001
  ],
  "SONIC": [
    0.03589305,
    0.03601618
  ],
  "DAO": [
    0.050931,
    0.050617
  ],
  "PAAL": [
    0.01329529,
    0.01349465
  ],
  "IKA": [
    0.0039059,
    0.00398083
  ],
  "MUBARAK": [
    0.01179089,
    0.01172987
  ],
  "HONEY": [
    0.00190463,
    0.00190185
  ],
  "TLM": [
    0.00164168,
    0.00165297
  ],
  "AIN": [
    0.056912,
    0.057963
  ],
  "TAI": [
    0.01761001,
    0.01731413
  ],
  "LAT": [
    0.00134492,
    0.00135341
  ],
  "HMSTR": [
    0.00014187,
    0.00014122
  ],
  "AVL": [
    0.02950852,
    0.02962081
  ],
  "ROAM": [
    0.02457612,
    0.02486366
  ],
  "COQ": [
    1.05207e-7,
    1.1033e-7
  ],
  "FUEL": [
    0.00094084,
    0.00094489
  ],
  "NAVX": [
    0.00887739,
    0.00889503
  ],
  "SOLV": [
    0.00491982,
    0.00474478
  ],
  "COS": [
    0.00128177,
    0.00125647
  ],
  "NKN": [
    0.0078935,
    0.00797834
  ],
  "PIXEL": [
    0.00755621,
    0.00769481
  ],
  "OBT": [
    0.00103367,
    0.001069
  ],
  "RSS3": [
    0.00576458,
    0.00578019
  ],
  "FWOG": [
    0.00499608,
    0.00527504
  ],
  "FHE": [
    0.01957038,
    0.0178176
  ],
  "DMC": [
    0.00071659,
    0.00071068
  ],
  "LYXE": [
    0.243025,
    0.243454
  ],
  "RDNT": [
    0.0023512,
    0.00230931
  ],
  "FORTH": [
    0.274061,
    0.271666
  ],
  "GEAR": [
    0.00028772,
    0.00028182
  ],
  "SAMO": [
    0.00042655,
    0.00042245
  ],
  "HOOK": [
    0.00842896,
    0.00839283
  ],
  "PTB": [
    0.00115991,
    0.00116079
  ],
  "OAS": [
    0.00035355,
    0.00035838
  ],
  "HIPPO": [
    0.00021501,
    0.00020754
  ],
  "PERP": [
    0.02909136,
    0.02795555
  ],
  "CUDIS": [
    0.00794271,
    0.00796199
  ],
  "FIS": [
    0.01165502,
    0.01201486
  ],
  "EPT": [
    0.00075895,
    0.00074822
  ],
  "GORK": [
    0.00169047,
    0.00164559
  ],
  "FLM": [
    0.00289013,
    0.00288976
  ],
  "DATA": [
    0.00099262,
    0.0009879
  ],
  "SAROS": [
    0.00037812,
    0.00038266
  ],
  "DUCK": [
    0.00011897,
    0.00012194
  ],
  "INSP": [
    0.00111048,
    0.00116613
  ],
  "ACA": [
    0.00074877,
    0.00075523
  ],
  "A2Z": [
    0.00009106,
    0.00009119
  ],
  "RFC": [
    0.00055826,
    0.00057965
  ],
  "SWTCH": [
    0.00366006,
    0.00348046
  ],
  "FOXY": [
    0.00009223,
    0.00009384
  ],
  "LOOKS": [
    0.00036726,
    0.00036624
  ],
  "BDXN": [
    0.00184759,
    0.00185415
  ],
  "MOONPIG": [
    0.00030102,
    0.0003
  ],
  "ROOT": [
    0.0000577,
    0.0000612
  ],
  "CHILLGUY": [
    0.00006822,
    0.00007296
  ],
  "APU": [
    0.00003443,
    0.00003383
  ],
  "CHESS": [
    0.00013521,
    0.00013657
  ],
  "HOLO": [
    0.00001254,
    0.00001254
  ],
  "GMMT": [
    0.00394018,
    0.00391476
  ],
  "RATS": [
    0.00003627,
    0.0000368
  ],
  "ADB": [
    null,
    null
  ]
}