{
  "PUMP": [
    0.00182838,
    0.00186231
  ],
  "STABLE": [
    0.02631545,
    0.02623037
  ],
  "SIREN": [
    0.78153,
    0.770998
  ],
  "MON": [
    0.03582141,
    0.03630202
  ],
  "AERO": [
    0.395612,
    0.396029
  ],
  "LIT": [
    1.17,
    1.21
  ],
  "JASMY": [
    0.00530491,
    0.00534266
  ],
  "CVX": [
    1.78,
    1.79
  ],
  "BAT": [
    0.097314,
    0.097891
  ],
  "COW": [
    0.226591,
    0.226209
  ],
  "SKYAI": [
    0.126284,
    0.114642
  ],
  "ATH": [
    0.00585504,
    0.00594993
  ],
  "BANANAS31": [
    0.01000026,
    0.01001293
  ],
  "CHEEMS": [
    4.41337e-7,
    4.43074e-7
  ],
  "ONT": [
    0.085427,
    0.085675
  ],
  "TAG": [
    0.00071622,
    0.00074929
  ],
  "ARC": [
    0.073483,
    0.074366
  ],
  "CKB": [
    0.00148472,
    0.0014885
  ],
  "SAHARA": [
    0.02155057,
    0.02172026
  ],
  "NPC": [
    0.00776649,
    0.00782451
  ],
  "POLYX": [
    0.04921416,
    0.04958437
  ],
  "BAN": [
    0.059265,
    0.059509
  ],
  "CSPR": [
    0.00304099,
    0.00304909
  ],
  "IOTX": [
    0.00459665,
    0.00469184
  ],
  "MYX": [
    0.224685,
    0.225773
  ],
  "BEAT": [
    0.304196,
    0.30276
  ],
  "NOT": [
    0.00036898,
    0.00038555
  ],
  "MAGMA": [
    0.18573,
    0.188989
  ],
  "SNEK": [
    0.00044349,
    0.00044293
  ],
  "ISLM": [
    0.01268774,
    0.01274814
  ],
  "DEP": [
    0.00112928,
    0.00113004
  ],
  "REZ": [
    0.00366656,
    0.0036884
  ],
  "MERL": [
    0.02510033,
    0.02506326
  ],
  "NYM": [
    0.03509195,
    0.03507326
  ],
  "GUN": [
    0.01645089,
    0.01660373
  ],
  "DEGEN": [
    0.0007414,
    0.0007434
  ],
  "SPELL": [
    0.00015847,
    0.00015905
  ],
  "HUMA": [
    0.01526968,
    0.01537845
  ],
  "NEIRO": [
    0.00005845,
    0.00005933
  ],
  "ALLO": [
    0.103784,
    0.103556
  ],
  "SATS": [
    1.0935e-8,
    1.1078e-8
  ],
  "CPOOL": [
    0.02357893,
    0.02361358
  ],
  "SLP": [
    0.00060986,
    0.00061621
  ],
  "CORN": [
    0.04087075,
    0.04031294
  ],
  "LRC": [
    0.01642787,
    0.01646277
  ],
  "BOB": [
    0.00687023,
    0.0069149
  ],
  "AURORA": [
    0.02706691,
    0.02702048
  ],
  "SWARMS": [
    0.01435661,
    0.01740992
  ],
  "L3": [
    0.01206647,
    0.01216226
  ],
  "GRIFFAIN": [
    0.01703552,
    0.01677219
  ],
  "DSYNC": [
    0.01646708,
    0.01643821
  ],
  "DENT": [
    0.00016176,
    0.0001635
  ],
  "INIT": [
    0.082651,
    0.082186
  ],
  "NEWT": [
    0.069052,
    0.069178
  ],
  "NIL": [
    0.03425033,
    0.0344955
  ],
  "RESOLV": [
    0.03796514,
    0.03814865
  ],
  "BANK": [
    0.03515842,
    0.03440266
  ],
  "AIN": [
    0.06493,
    0.070932
  ],
  "SONIC": [
    0.03552735,
    0.03586534
  ],
  "DAO": [
    0.04940045,
    0.04996137
  ],
  "MUBARAK": [
    0.01190349,
    0.01212125
  ],
  "PAAL": [
    0.0132491,
    0.01334908
  ],
  "IKA": [
    0.00376914,
    0.00383414
  ],
  "TLM": [
    0.00161835,
    0.00162059
  ],
  "HONEY": [
    0.00180384,
    0.00179621
  ],
  "TAI": [
    0.01748932,
    0.01743661
  ],
  "HMSTR": [
    0.00014575,
    0.00014774
  ],
  "LAT": [
    0.00136305,
    0.00136381
  ],
  "AVL": [
    0.02964451,
    0.02955036
  ],
  "COQ": [
    1.1471e-7,
    1.17085e-7
  ],
  "ROAM": [
    0.02106895,
    0.02176722
  ],
  "FUEL": [
    0.00095857,
    0.00095771
  ],
  "NAVX": [
    0.00874059,
    0.00877606
  ],
  "COS": [
    0.00120842,
    0.00120583
  ],
  "SOLV": [
    0.00417585,
    0.00413638
  ],
  "NKN": [
    0.00753185,
    0.00760894
  ],
  "OBT": [
    0.0010435,
    0.00105391
  ],
  "PIXEL": [
    0.00683245,
    0.00702913
  ],
  "RSS3": [
    0.00547648,
    0.00560566
  ],
  "FWOG": [
    0.00495819,
    0.00484936
  ],
  "DMC": [
    0.00070811,
    0.00070718
  ],
  "FHE": [
    0.01610768,
    0.01596356
  ],
  "LYXE": [
    0.246526,
    0.246526
  ],
  "FORTH": [
    0.266834,
    0.274997
  ],
  "GEAR": [
    0.00028782,
    0.00029192
  ],
  "RDNT": [
    0.00226608,
    0.00225534
  ],
  "SAMO": [
    0.00041844,
    0.00042008
  ],
  "OAS": [
    0.00036885,
    0.00036835
  ],
  "HOOK": [
    0.00837616,
    0.00829864
  ],
  "HIPPO": [
    0.00020564,
    0.00020901
  ],
  "PERP": [
    0.02842999,
    0.02871504
  ],
  "PTB": [
    0.00098647,
    0.00096115
  ],
  "CUDIS": [
    0.00805898,
    0.0080294
  ],
  "FIS": [
    0.01182014,
    0.01191216
  ],
  "EPT": [
    0.00081188,
    0.00076574
  ],
  "FLM": [
    0.00294427,
    0.00293792
  ],
  "GORK": [
    0.00167681,
    0.00166934
  ],
  "DATA": [
    0.00095822,
    0.00096368
  ],
  "SAROS": [
    0.00038426,
    0.00038511
  ],
  "INSP": [
    0.00112776,
    0.00108662
  ],
  "ACA": [
    0.00072103,
    0.00071804
  ],
  "DUCK": [
    0.00010813,
    0.00010125
  ],
  "A2Z": [
    0.000088,
    0.00008868
  ],
  "FOXY": [
    0.00010166,
    0.00010841
  ],
  "SWTCH": [
    0.00380539,
    0.00376757
  ],
  "RFC": [
    0.00055703,
    0.00055419
  ],
  "LOOKS": [
    0.00035637,
    0.00035516
  ],
  "MOONPIG": [
    0.00029893,
    0.00029984
  ],
  "BDXN": [
    0.00181911,
    0.00182584
  ],
  "ROOT": [
    0.0000593,
    0.0000593
  ],
  "CHILLGUY": [
    0.0000735,
    0.0000735
  ],
  "APU": [
    0.0000366,
    0.00003575
  ],
  "CHESS": [
    0.00014548,
    0.00014579
  ],
  "HOLO": [
    0.00001254,
    0.00001254
  ],
  "GMMT": [
    0.00388138,
    0.00389563
  ],
  "RATS": [
    0.0000378,
    0.00003802
  ],
  "ADB": [
    null,
    null
  ]
}