{
  "STABLE": [
    0.03407521,
    0.03394279
  ],
  "SKYAI": [
    0.753437,
    0.749857
  ],
  "PUMP": [
    0.00184713,
    0.00185695
  ],
  "SIREN": [
    0.755908,
    0.749469
  ],
  "AERO": [
    0.46494,
    0.460301
  ],
  "MON": [
    0.03270246,
    0.03221355
  ],
  "JASMY": [
    0.00578549,
    0.00576519
  ],
  "LIT": [
    0.987474,
    0.979887
  ],
  "CVX": [
    1.81,
    1.81
  ],
  "BAT": [
    0.104561,
    0.105051
  ],
  "TAG": [
    0.00131822,
    0.00129295
  ],
  "CHEEMS": [
    6.36711e-7,
    6.37026e-7
  ],
  "ATH": [
    0.00623687,
    0.00621389
  ],
  "BANANAS31": [
    0.01124667,
    0.01117176
  ],
  "COW": [
    0.187802,
    0.185725
  ],
  "SAHARA": [
    0.02497883,
    0.02476597
  ],
  "BAN": [
    0.077533,
    0.077341
  ],
  "BEAT": [
    0.554071,
    0.553115
  ],
  "CKB": [
    0.00154181,
    0.00154257
  ],
  "ONT": [
    0.071973,
    0.071789
  ],
  "ARC": [
    0.068834,
    0.068901
  ],
  "NPC": [
    0.00812434,
    0.00817953
  ],
  "POLYX": [
    0.0495532,
    0.04980607
  ],
  "NOT": [
    0.00050474,
    0.00051973
  ],
  "MERL": [
    0.04066395,
    0.03971071
  ],
  "MYX": [
    0.253385,
    0.249973
  ],
  "MAGMA": [
    0.241554,
    0.240948
  ],
  "REZ": [
    0.00532344,
    0.00537092
  ],
  "CSPR": [
    0.00282345,
    0.00282846
  ],
  "IOTX": [
    0.00460886,
    0.00465615
  ],
  "NEIRO": [
    0.00010194,
    0.00010042
  ],
  "ISLM": [
    0.01151564,
    0.01151266
  ],
  "SNEK": [
    0.00051968,
    0.00052465
  ],
  "HUMA": [
    0.02214466,
    0.02198617
  ],
  "SATS": [
    1.5167e-8,
    1.5358e-8
  ],
  "SWARMS": [
    0.02973322,
    0.03110397
  ],
  "DEP": [
    0.00111361,
    0.00111119
  ],
  "SPELL": [
    0.00017037,
    0.00017123
  ],
  "CPOOL": [
    0.02846299,
    0.02827149
  ],
  "GUN": [
    0.01484565,
    0.01478416
  ],
  "DEGEN": [
    0.00071293,
    0.00071621
  ],
  "SLP": [
    0.00072442,
    0.00072395
  ],
  "ALLO": [
    0.117276,
    0.116474
  ],
  "LRC": [
    0.01702123,
    0.01699738
  ],
  "CORN": [
    0.04020184,
    0.03976405
  ],
  "AURORA": [
    0.02703022,
    0.02702504
  ],
  "AIN": [
    0.099674,
    0.102338
  ],
  "NIL": [
    0.04045391,
    0.04068975
  ],
  "NYM": [
    0.02191736,
    0.02179629
  ],
  "INIT": [
    0.091274,
    0.090825
  ],
  "GRIFFAIN": [
    0.01745209,
    0.01731041
  ],
  "L3": [
    0.01121594,
    0.01120686
  ],
  "BOB": [
    0.00575508,
    0.00571035
  ],
  "NEWT": [
    0.075858,
    0.075884
  ],
  "MUBARAK": [
    0.01615145,
    0.01613061
  ],
  "BANK": [
    0.03316951,
    0.0331893
  ],
  "SONIC": [
    0.03784019,
    0.03774976
  ],
  "DSYNC": [
    0.01293481,
    0.01294397
  ],
  "RESOLV": [
    0.03132064,
    0.03139007
  ],
  "TLM": [
    0.00188616,
    0.00189939
  ],
  "PAAL": [
    0.01301244,
    0.01307582
  ],
  "HONEY": [
    0.0020004,
    0.00198859
  ],
  "FHE": [
    0.04276835,
    0.04545287
  ],
  "HMSTR": [
    0.00017263,
    0.00017277
  ],
  "RSS3": [
    0.00714388,
    0.00716263
  ],
  "IKA": [
    0.00360217,
    0.0036093
  ],
  "COQ": [
    1.47848e-7,
    1.51436e-7
  ],
  "DAO": [
    0.04156352,
    0.04153066
  ],
  "LAT": [
    0.00133425,
    0.00133289
  ],
  "TAI": [
    0.01507899,
    0.01515735
  ],
  "AVL": [
    0.02769869,
    0.02725725
  ],
  "NAVX": [
    0.00894115,
    0.0089937
  ],
  "FUEL": [
    0.00088759,
    0.00090851
  ],
  "SOLV": [
    0.00434175,
    0.00435092
  ],
  "NKN": [
    0.00795683,
    0.0078328
  ],
  "PIXEL": [
    0.00802368,
    0.00804649
  ],
  "COS": [
    0.00113193,
    0.00113054
  ],
  "FWOG": [
    0.0059134,
    0.0060119
  ],
  "OBT": [
    0.00095896,
    0.00095779
  ],
  "DMC": [
    0.00078619,
    0.00076881
  ],
  "LYXE": [
    0.280055,
    0.279112
  ],
  "OAS": [
    0.00063697,
    0.00064877
  ],
  "ROAM": [
    0.01240476,
    0.01234638
  ],
  "DENT": [
    0.00004294,
    0.00004225
  ],
  "GEAR": [
    0.00031054,
    0.0003055
  ],
  "FORTH": [
    0.232898,
    0.239123
  ],
  "RDNT": [
    0.00179007,
    0.00180743
  ],
  "HOOK": [
    0.00797989,
    0.00796993
  ],
  "HIPPO": [
    0.00019986,
    0.00020386
  ],
  "SAMO": [
    0.00034631,
    0.00034762
  ],
  "SAROS": [
    0.00085658,
    0.00075676
  ],
  "CUDIS": [
    0.0080518,
    0.00798687
  ],
  "PERP": [
    0.02557754,
    0.02556186
  ],
  "FIS": [
    0.01070888,
    0.01080748
  ],
  "PTB": [
    0.00080044,
    0.00080509
  ],
  "EPT": [
    0.00071982,
    0.00071339
  ],
  "FLM": [
    0.002761,
    0.00274916
  ],
  "GORK": [
    0.00150416,
    0.00151904
  ],
  "DATA": [
    0.000758,
    0.00075603
  ],
  "INSP": [
    0.00094335,
    0.00094139
  ],
  "ACA": [
    0.00063736,
    0.00063765
  ],
  "DUCK": [
    0.00009819,
    0.0000957
  ],
  "A2Z": [
    0.00008421,
    0.00008403
  ],
  "FOXY": [
    0.00011616,
    0.00011879
  ],
  "SWTCH": [
    0.00411272,
    0.00418408
  ],
  "RFC": [
    0.00058697,
    0.00058967
  ],
  "LOOKS": [
    0.00035198,
    0.000351
  ],
  "MOONPIG": [
    0.00031058,
    0.00030791
  ],
  "BDXN": [
    0.00175596,
    0.00177527
  ],
  "ROOT": [
    0.00005499,
    0.000055
  ],
  "CHILLGUY": [
    0.00010107,
    0.00009777
  ],
  "APU": [
    0.00004243,
    0.00004142
  ],
  "CHESS": [
    0.00019367,
    0.00019364
  ],
  "HOLO": [
    0.00001225,
    0.00001222
  ],
  "GMMT": [
    0.00340558,
    0.00340547
  ],
  "RATS": [
    0.00003903,
    0.00003894
  ],
  "ADB": [
    null,
    null
  ]
}