{
  "PUMP": [
    0.00177797,
    0.00179917
  ],
  "SIREN": [
    0.792214,
    0.791501
  ],
  "STABLE": [
    0.02585311,
    0.02574565
  ],
  "MON": [
    0.0327127,
    0.03367671
  ],
  "AERO": [
    0.355097,
    0.364102
  ],
  "LIT": [
    1.045,
    1.063
  ],
  "JASMY": [
    0.00524109,
    0.00525984
  ],
  "CVX": [
    1.73,
    1.75
  ],
  "BAT": [
    0.095564,
    0.096034
  ],
  "SKYAI": [
    0.124886,
    0.123812
  ],
  "COW": [
    0.211769,
    0.212188
  ],
  "ATH": [
    0.00573584,
    0.00576714
  ],
  "BANANAS31": [
    0.00977711,
    0.00990171
  ],
  "TAG": [
    0.00083024,
    0.00084544
  ],
  "CHEEMS": [
    4.2611e-7,
    4.28718e-7
  ],
  "ONT": [
    0.08243,
    0.082935
  ],
  "ARC": [
    0.076107,
    0.073603
  ],
  "CKB": [
    0.00145533,
    0.00148775
  ],
  "BAN": [
    0.069054,
    0.069896
  ],
  "SAHARA": [
    0.02151954,
    0.02162146
  ],
  "POLYX": [
    0.04926544,
    0.04913159
  ],
  "NPC": [
    0.00735923,
    0.00737326
  ],
  "CSPR": [
    0.00301752,
    0.00295806
  ],
  "BEAT": [
    0.318945,
    0.328661
  ],
  "MYX": [
    0.233096,
    0.228809
  ],
  "IOTX": [
    0.00451403,
    0.00451661
  ],
  "MAGMA": [
    0.198836,
    0.200057
  ],
  "NOT": [
    0.00036205,
    0.0003672
  ],
  "ISLM": [
    0.01230601,
    0.01223261
  ],
  "SNEK": [
    0.00042062,
    0.00042114
  ],
  "DEP": [
    0.00112463,
    0.00112148
  ],
  "HUMA": [
    0.01742425,
    0.01729955
  ],
  "REZ": [
    0.00363913,
    0.00361894
  ],
  "MERL": [
    0.02395107,
    0.02426898
  ],
  "NYM": [
    0.0345071,
    0.03449457
  ],
  "GUN": [
    0.01641636,
    0.01640107
  ],
  "SPELL": [
    0.00015705,
    0.0001591
  ],
  "DEGEN": [
    0.00071717,
    0.00072199
  ],
  "ALLO": [
    0.10695,
    0.10634
  ],
  "NEIRO": [
    0.00005625,
    0.00005693
  ],
  "CPOOL": [
    0.0230826,
    0.02325203
  ],
  "SATS": [
    1.0673e-8,
    1.0729e-8
  ],
  "SLP": [
    0.00059505,
    0.00060435
  ],
  "CORN": [
    0.04047278,
    0.04059493
  ],
  "BOB": [
    0.00709299,
    0.00723938
  ],
  "LRC": [
    0.01622472,
    0.0162972
  ],
  "AURORA": [
    0.02682023,
    0.02689626
  ],
  "SWARMS": [
    0.0175913,
    0.01746976
  ],
  "GRIFFAIN": [
    0.01641406,
    0.01618659
  ],
  "L3": [
    0.01153035,
    0.01138036
  ],
  "RESOLV": [
    0.04107848,
    0.04110054
  ],
  "BANK": [
    0.03832898,
    0.03726046
  ],
  "DSYNC": [
    0.01539794,
    0.01550686
  ],
  "DENT": [
    0.00015796,
    0.00015909
  ],
  "AIN": [
    0.083337,
    0.079428
  ],
  "INIT": [
    0.078781,
    0.078002
  ],
  "NEWT": [
    0.065247,
    0.066015
  ],
  "NIL": [
    0.03298211,
    0.03288153
  ],
  "SONIC": [
    0.03449064,
    0.034807
  ],
  "DAO": [
    0.048788,
    0.04790984
  ],
  "PAAL": [
    0.01291464,
    0.01300339
  ],
  "MUBARAK": [
    0.01135569,
    0.01141639
  ],
  "IKA": [
    0.00377981,
    0.00378259
  ],
  "HONEY": [
    0.00188434,
    0.00190438
  ],
  "TLM": [
    0.0016294,
    0.00162083
  ],
  "TAI": [
    0.01674307,
    0.01670428
  ],
  "LAT": [
    0.00133412,
    0.00133323
  ],
  "HMSTR": [
    0.00014072,
    0.000141
  ],
  "NKN": [
    0.01053326,
    0.01123869
  ],
  "AVL": [
    0.02803167,
    0.0278842
  ],
  "COQ": [
    1.0994e-7,
    1.11447e-7
  ],
  "FUEL": [
    0.00095951,
    0.00095857
  ],
  "ROAM": [
    0.02154356,
    0.02147093
  ],
  "NAVX": [
    0.00856004,
    0.00857255
  ],
  "SOLV": [
    0.00456735,
    0.00445416
  ],
  "COS": [
    0.00122051,
    0.00121635
  ],
  "PIXEL": [
    0.00780513,
    0.00739055
  ],
  "OBT": [
    0.00104999,
    0.00103417
  ],
  "RSS3": [
    0.00574114,
    0.00568233
  ],
  "FWOG": [
    0.00481645,
    0.00481779
  ],
  "DMC": [
    0.00069116,
    0.00069821
  ],
  "FHE": [
    0.01564524,
    0.01585731
  ],
  "LYXE": [
    0.246526,
    0.246526
  ],
  "FORTH": [
    0.273038,
    0.273536
  ],
  "RDNT": [
    0.00214657,
    0.00215288
  ],
  "GEAR": [
    0.00027804,
    0.00027474
  ],
  "HOOK": [
    0.00837856,
    0.00827057
  ],
  "OAS": [
    0.00036623,
    0.00036437
  ],
  "SAMO": [
    0.00041177,
    0.00041321
  ],
  "PERP": [
    0.02649818,
    0.02681845
  ],
  "CUDIS": [
    0.00786418,
    0.00782434
  ],
  "PTB": [
    0.00090645,
    0.00092818
  ],
  "HIPPO": [
    0.00019187,
    0.0001906
  ],
  "FIS": [
    0.01162292,
    0.01165426
  ],
  "EPT": [
    0.00075899,
    0.00074521
  ],
  "FLM": [
    0.00288289,
    0.00287369
  ],
  "GORK": [
    0.00147,
    0.00147871
  ],
  "DATA": [
    0.00094907,
    0.00095118
  ],
  "SAROS": [
    0.00038157,
    0.00038368
  ],
  "INSP": [
    0.00107123,
    0.00106577
  ],
  "ACA": [
    0.00070818,
    0.00070388
  ],
  "DUCK": [
    0.0000936,
    0.00009259
  ],
  "A2Z": [
    0.00008409,
    0.00008238
  ],
  "FOXY": [
    0.00010414,
    0.00010301
  ],
  "SWTCH": [
    0.00352406,
    0.00357894
  ],
  "RFC": [
    0.00055974,
    0.00056282
  ],
  "LOOKS": [
    0.00036712,
    0.00036217
  ],
  "BDXN": [
    0.001847,
    0.00183395
  ],
  "MOONPIG": [
    0.00029405,
    0.0002959
  ],
  "ROOT": [
    0.00005901,
    0.00005882
  ],
  "CHILLGUY": [
    0.0000735,
    0.0000735
  ],
  "APU": [
    0.00003506,
    0.00003628
  ],
  "CHESS": [
    0.00015956,
    0.00015865
  ],
  "HOLO": [
    0.0000126,
    0.0000126
  ],
  "GMMT": [
    0.003765,
    0.00374855
  ],
  "RATS": [
    0.00003696,
    0.00003617
  ],
  "ADB": [
    null,
    null
  ]
}