{
  "PUMP": [
    0.00190298,
    0.00191061
  ],
  "STABLE": [
    0.02633133,
    0.02610272
  ],
  "SIREN": [
    0.675966,
    0.673062
  ],
  "MON": [
    0.03392792,
    0.03410418
  ],
  "AERO": [
    0.407806,
    0.40598
  ],
  "JASMY": [
    0.00577656,
    0.00575729
  ],
  "LIT": [
    0.913699,
    0.908779
  ],
  "CVX": [
    1.87,
    1.87
  ],
  "SKYAI": [
    0.163596,
    0.164229
  ],
  "BAT": [
    0.106273,
    0.10468
  ],
  "CHEEMS": [
    5.86157e-7,
    5.81334e-7
  ],
  "ATH": [
    0.00611428,
    0.00611216
  ],
  "COW": [
    0.190442,
    0.19025
  ],
  "BANANAS31": [
    0.00973971,
    0.00965906
  ],
  "BEAT": [
    0.575902,
    0.576844
  ],
  "ONT": [
    0.078717,
    0.078115
  ],
  "BAN": [
    0.076013,
    0.076805
  ],
  "CKB": [
    0.00152806,
    0.00153966
  ],
  "TAG": [
    0.00065924,
    0.00066585
  ],
  "SAHARA": [
    0.02189358,
    0.02192842
  ],
  "ARC": [
    0.068325,
    0.067421
  ],
  "NPC": [
    0.00848891,
    0.00835806
  ],
  "POLYX": [
    0.052387,
    0.051891
  ],
  "CSPR": [
    0.00297387,
    0.00296094
  ],
  "MYX": [
    0.23762,
    0.240511
  ],
  "IOTX": [
    0.0048287,
    0.00486411
  ],
  "MERL": [
    0.03591167,
    0.03535125
  ],
  "NOT": [
    0.00040827,
    0.00042004
  ],
  "NEIRO": [
    0.0000873,
    0.00009703
  ],
  "SNEK": [
    0.00050558,
    0.00050637
  ],
  "HUMA": [
    0.02134248,
    0.02137549
  ],
  "GUN": [
    0.01823981,
    0.01836811
  ],
  "ISLM": [
    0.01198804,
    0.01201636
  ],
  "SATS": [
    1.4862e-8,
    1.4845e-8
  ],
  "REZ": [
    0.00379445,
    0.00378964
  ],
  "DEP": [
    0.00110748,
    0.00110207
  ],
  "MAGMA": [
    0.156163,
    0.15885
  ],
  "CPOOL": [
    0.02974871,
    0.03007381
  ],
  "SPELL": [
    0.00016791,
    0.00016775
  ],
  "DEGEN": [
    0.00075868,
    0.00076239
  ],
  "NYM": [
    0.03248696,
    0.03240619
  ],
  "ALLO": [
    0.118392,
    0.118492
  ],
  "SLP": [
    0.00067736,
    0.00067781
  ],
  "LRC": [
    0.01732739,
    0.01735645
  ],
  "CORN": [
    0.0407712,
    0.04074544
  ],
  "BOB": [
    0.00699621,
    0.00698343
  ],
  "AURORA": [
    0.02784483,
    0.02784657
  ],
  "SWARMS": [
    0.0179944,
    0.01777609
  ],
  "NEWT": [
    0.08247,
    0.082241
  ],
  "NIL": [
    0.04120595,
    0.04110705
  ],
  "INIT": [
    0.090739,
    0.089854
  ],
  "GRIFFAIN": [
    0.01697613,
    0.0167023
  ],
  "BANK": [
    0.0379719,
    0.03859405
  ],
  "L3": [
    0.01038798,
    0.01044824
  ],
  "DSYNC": [
    0.01577555,
    0.01497371
  ],
  "MUBARAK": [
    0.01405531,
    0.01395952
  ],
  "SONIC": [
    0.03685009,
    0.03679734
  ],
  "RESOLV": [
    0.03271842,
    0.03249932
  ],
  "PAAL": [
    0.01322062,
    0.01331555
  ],
  "TLM": [
    0.00182672,
    0.00181586
  ],
  "DAO": [
    0.04632659,
    0.04656042
  ],
  "HONEY": [
    0.00197631,
    0.00197134
  ],
  "AIN": [
    0.059832,
    0.059581
  ],
  "IKA": [
    0.00352453,
    0.00358911
  ],
  "HMSTR": [
    0.000158,
    0.00015813
  ],
  "TAI": [
    0.01691342,
    0.0166867
  ],
  "COQ": [
    1.41101e-7,
    1.40221e-7
  ],
  "LAT": [
    0.0013555,
    0.00135685
  ],
  "DENT": [
    0.00008235,
    0.00008386
  ],
  "AVL": [
    0.02650636,
    0.02663154
  ],
  "FUEL": [
    0.00094093,
    0.00094035
  ],
  "NAVX": [
    0.00862536,
    0.00861662
  ],
  "NKN": [
    0.00834722,
    0.00850135
  ],
  "COS": [
    0.00119631,
    0.00119555
  ],
  "ROAM": [
    0.01660182,
    0.01823116
  ],
  "PIXEL": [
    0.00772265,
    0.00767125
  ],
  "OBT": [
    0.00103767,
    0.00104241
  ],
  "SOLV": [
    0.00374344,
    0.00375379
  ],
  "RSS3": [
    0.00569559,
    0.00575572
  ],
  "OAS": [
    0.00068576,
    0.00068102
  ],
  "FWOG": [
    0.00447467,
    0.0045062
  ],
  "FHE": [
    0.01765083,
    0.01762296
  ],
  "DMC": [
    0.00069924,
    0.00070111
  ],
  "LYXE": [
    0.237523,
    0.237595
  ],
  "FORTH": [
    0.251652,
    0.252153
  ],
  "RDNT": [
    0.00204454,
    0.00199282
  ],
  "HOOK": [
    0.00843571,
    0.00830487
  ],
  "SAMO": [
    0.00039992,
    0.00040009
  ],
  "GEAR": [
    0.00022296,
    0.000223
  ],
  "CUDIS": [
    0.00813331,
    0.00810061
  ],
  "PERP": [
    0.02595223,
    0.02600843
  ],
  "PTB": [
    0.00086142,
    0.00084435
  ],
  "EPT": [
    0.00074224,
    0.00074811
  ],
  "SAROS": [
    0.00065726,
    0.00064521
  ],
  "HIPPO": [
    0.0001674,
    0.0001681
  ],
  "GORK": [
    0.00170104,
    0.00168885
  ],
  "FIS": [
    0.01067273,
    0.01067471
  ],
  "FLM": [
    0.00282841,
    0.0028321
  ],
  "DATA": [
    0.00090204,
    0.00090069
  ],
  "INSP": [
    0.00106479,
    0.00105765
  ],
  "ACA": [
    0.00071592,
    0.00071638
  ],
  "FOXY": [
    0.0001219,
    0.0001228
  ],
  "A2Z": [
    0.00007591,
    0.0000757
  ],
  "RFC": [
    0.00058449,
    0.00059374
  ],
  "DUCK": [
    0.00007144,
    0.00007052
  ],
  "SWTCH": [
    0.00321109,
    0.00327632
  ],
  "LOOKS": [
    0.00043992,
    0.00044042
  ],
  "MOONPIG": [
    0.0003081,
    0.00030527
  ],
  "BDXN": [
    0.00186472,
    0.00186161
  ],
  "ROOT": [
    0.00005731,
    0.00005732
  ],
  "CHILLGUY": [
    0.00012893,
    0.00014051
  ],
  "APU": [
    0.00007171,
    0.0000712
  ],
  "CHESS": [
    0.00013545,
    0.00013579
  ],
  "HOLO": [
    0.00001265,
    0.00001274
  ],
  "GMMT": [
    0.0029923,
    0.00299644
  ],
  "RATS": [
    0.00003546,
    0.00003594
  ],
  "ADB": [
    null,
    null
  ]
}