{
  "AERO": [
    0.337751,
    0.337422
  ],
  "MON": [
    0.0246179,
    0.02532428
  ],
  "JASMY": [
    0.00559847,
    0.00553846
  ],
  "LIT": [
    0.989156,
    0.984093
  ],
  "BAT": [
    0.110045,
    0.108907
  ],
  "CVX": [
    1.77,
    1.77
  ],
  "ATH": [
    0.00782954,
    0.00774333
  ],
  "BANANAS31": [
    0.0141514,
    0.01411753
  ],
  "COW": [
    0.209478,
    0.209359
  ],
  "CHEEMS": [
    4.88838e-7,
    4.86247e-7
  ],
  "BEAT": [
    0.611779,
    0.591914
  ],
  "CKB": [
    0.00145718,
    0.00144248
  ],
  "MYX": [
    0.316787,
    0.317217
  ],
  "BAN": [
    0.05815,
    0.060076
  ],
  "CSPR": [
    0.00364048,
    0.00360951
  ],
  "IOTX": [
    0.00526716,
    0.00527793
  ],
  "ARC": [
    0.04387207,
    0.04465385
  ],
  "GUN": [
    0.02210023,
    0.02224542
  ],
  "MERL": [
    0.02806031,
    0.02835766
  ],
  "HUMA": [
    0.01897313,
    0.01913898
  ],
  "ISLM": [
    0.01319538,
    0.01313093
  ],
  "DEP": [
    0.00116349,
    0.00116295
  ],
  "LRC": [
    0.02447866,
    0.02433697
  ],
  "DEGEN": [
    0.00074629,
    0.0007434
  ],
  "ALLO": [
    0.122308,
    0.119754
  ],
  "MAGMA": [
    0.134702,
    0.13503
  ],
  "CORN": [
    0.04575477,
    0.04577448
  ],
  "CPOOL": [
    0.02346351,
    0.02322728
  ],
  "DAO": [
    0.076439,
    0.082708
  ],
  "AURORA": [
    0.02886937,
    0.02881693
  ],
  "DENT": [
    0.00020388,
    0.00020219
  ],
  "DSYNC": [
    0.01884509,
    0.01852596
  ],
  "L3": [
    0.0119686,
    0.01217149
  ],
  "BANK": [
    0.03873313,
    0.03885093
  ],
  "HONEY": [
    0.00271951,
    0.00263093
  ],
  "INIT": [
    0.081596,
    0.082279
  ],
  "MUBARAK": [
    0.01250095,
    0.01247016
  ],
  "BOB": [
    0.00543078,
    0.0054099
  ],
  "AIN": [
    0.062269,
    0.062307
  ],
  "GRIFFAIN": [
    0.01096597,
    0.01112703
  ],
  "IKA": [
    0.00331447,
    0.00338564
  ],
  "HMSTR": [
    0.00014485,
    0.00014416
  ],
  "LAT": [
    0.00132581,
    0.00132689
  ],
  "COS": [
    0.0015553,
    0.00168834
  ],
  "FUEL": [
    0.00110489,
    0.00109362
  ],
  "DUCK": [
    0.00106218,
    0.00106907
  ],
  "AVL": [
    0.02692682,
    0.02678771
  ],
  "NAVX": [
    0.00876192,
    0.00872938
  ],
  "COQ": [
    9.8112e-8,
    1.00158e-7
  ],
  "HIPPO": [
    0.0006147,
    0.00061565
  ],
  "FWOG": [
    0.00547797,
    0.00546153
  ],
  "FORTH": [
    0.451594,
    0.453255
  ],
  "LYXE": [
    0.31892,
    0.318417
  ],
  "FHE": [
    0.01952123,
    0.01967191
  ],
  "DMC": [
    0.00076188,
    0.0007596
  ],
  "GEAR": [
    0.00034742,
    0.00034638
  ],
  "HOOK": [
    0.01159423,
    0.01162992
  ],
  "A2Z": [
    0.00035175,
    0.00034519
  ],
  "FIS": [
    0.01631714,
    0.01641712
  ],
  "CUDIS": [
    0.00756561,
    0.00751726
  ],
  "EPT": [
    0.00079787,
    0.00077914
  ],
  "FLM": [
    0.00290058,
    0.0028794
  ],
  "GORK": [
    0.00159768,
    0.00158847
  ],
  "DATA": [
    0.00110674,
    0.00110434
  ],
  "INSP": [
    0.00131384,
    0.00156562
  ],
  "ACA": [
    0.00080875,
    0.0008514
  ],
  "FOXY": [
    0.0001574,
    0.00015003
  ],
  "BDXN": [
    0.00266861,
    0.0025892
  ],
  "LOOKS": [
    0.00040829,
    0.00040094
  ],
  "CHESS": [
    0.00161189,
    0.00161692
  ],
  "MOONPIG": [
    0.00032886,
    0.00032953
  ],
  "CHILLGUY": [
    0.00006385,
    0.00006385
  ],
  "APU": [
    0.00003533,
    0.00003526
  ],
  "HOLO": [
    0.00001432,
    0.00001434
  ],
  "GMMT": [
    0.00356833,
    0.00357007
  ],
  "ADB": [
    null,
    null
  ]
}