{
  "PUMP": [
    0.00181773,
    0.0018363
  ],
  "STABLE": [
    0.02548562,
    0.02556522
  ],
  "SIREN": [
    0.716948,
    0.70186
  ],
  "MON": [
    0.03175182,
    0.03250163
  ],
  "AERO": [
    0.384358,
    0.389946
  ],
  "JASMY": [
    0.00576961,
    0.005753
  ],
  "LIT": [
    0.909856,
    0.910002
  ],
  "CVX": [
    1.79,
    1.82
  ],
  "SKYAI": [
    0.158188,
    0.160417
  ],
  "BAT": [
    0.105316,
    0.106775
  ],
  "ATH": [
    0.00589574,
    0.00592059
  ],
  "CHEEMS": [
    5.24618e-7,
    5.31443e-7
  ],
  "COW": [
    0.183003,
    0.18437
  ],
  "BANANAS31": [
    0.00967301,
    0.00983627
  ],
  "ONT": [
    0.07499,
    0.075562
  ],
  "CKB": [
    0.00150995,
    0.00152343
  ],
  "TAG": [
    0.00064838,
    0.000652
  ],
  "ARC": [
    0.06839,
    0.068355
  ],
  "BAN": [
    0.066911,
    0.06769
  ],
  "SAHARA": [
    0.02122839,
    0.02144174
  ],
  "NPC": [
    0.00797174,
    0.0081881
  ],
  "POLYX": [
    0.050868,
    0.051241
  ],
  "BEAT": [
    0.448649,
    0.464616
  ],
  "GUN": [
    0.02448779,
    0.02847503
  ],
  "MERL": [
    0.0373772,
    0.03837771
  ],
  "CSPR": [
    0.00295245,
    0.00292851
  ],
  "IOTX": [
    0.00472712,
    0.00476756
  ],
  "MYX": [
    0.226279,
    0.234224
  ],
  "NOT": [
    0.00038899,
    0.00039392
  ],
  "SNEK": [
    0.00048135,
    0.00048857
  ],
  "NEIRO": [
    0.00008414,
    0.00008557
  ],
  "HUMA": [
    0.01923146,
    0.01977606
  ],
  "ISLM": [
    0.01217871,
    0.01234213
  ],
  "SATS": [
    1.4581e-8,
    1.4872e-8
  ],
  "REZ": [
    0.00375262,
    0.00376241
  ],
  "DEP": [
    0.00111055,
    0.00111357
  ],
  "MAGMA": [
    0.154007,
    0.156672
  ],
  "SPELL": [
    0.00016471,
    0.00016523
  ],
  "NYM": [
    0.03324866,
    0.03349775
  ],
  "DEGEN": [
    0.00073052,
    0.00073758
  ],
  "CPOOL": [
    0.02726441,
    0.02760445
  ],
  "ALLO": [
    0.11571,
    0.111525
  ],
  "SLP": [
    0.00065153,
    0.00067565
  ],
  "CORN": [
    0.04102972,
    0.04116025
  ],
  "LRC": [
    0.01723971,
    0.01716577
  ],
  "SWARMS": [
    0.01923724,
    0.0199989
  ],
  "AURORA": [
    0.02834049,
    0.02812621
  ],
  "BOB": [
    0.00691201,
    0.00692668
  ],
  "GRIFFAIN": [
    0.01845282,
    0.01847398
  ],
  "INIT": [
    0.096906,
    0.094321
  ],
  "NIL": [
    0.03854916,
    0.03888119
  ],
  "NEWT": [
    0.075328,
    0.076845
  ],
  "L3": [
    0.0108289,
    0.01074981
  ],
  "DSYNC": [
    0.01521421,
    0.01531471
  ],
  "BANK": [
    0.03475069,
    0.03466157
  ],
  "MUBARAK": [
    0.01353125,
    0.01362409
  ],
  "SONIC": [
    0.03609477,
    0.03630416
  ],
  "RESOLV": [
    0.03290379,
    0.03253285
  ],
  "PAAL": [
    0.01338602,
    0.013513
  ],
  "TLM": [
    0.00183303,
    0.0018175
  ],
  "DAO": [
    0.04584091,
    0.04577717
  ],
  "HONEY": [
    0.00196535,
    0.00197092
  ],
  "IKA": [
    0.0033679,
    0.00344034
  ],
  "AIN": [
    0.055448,
    0.055514
  ],
  "HMSTR": [
    0.00015194,
    0.00015492
  ],
  "TAI": [
    0.01686458,
    0.01686533
  ],
  "LAT": [
    0.00134458,
    0.00133671
  ],
  "COQ": [
    1.27765e-7,
    1.29285e-7
  ],
  "AVL": [
    0.02662379,
    0.02596845
  ],
  "FUEL": [
    0.00093958,
    0.00094201
  ],
  "DENT": [
    0.00007037,
    0.00007267
  ],
  "NKN": [
    0.00915546,
    0.00865838
  ],
  "NAVX": [
    0.00839941,
    0.00845412
  ],
  "COS": [
    0.00118962,
    0.00118849
  ],
  "OBT": [
    0.00103442,
    0.001032
  ],
  "PIXEL": [
    0.00749061,
    0.00747679
  ],
  "ROAM": [
    0.01585605,
    0.01615637
  ],
  "SOLV": [
    0.00371271,
    0.00372866
  ],
  "RSS3": [
    0.00564078,
    0.0056685
  ],
  "FWOG": [
    0.00477957,
    0.00478396
  ],
  "FHE": [
    0.01753134,
    0.0177317
  ],
  "OAS": [
    0.00069425,
    0.00066672
  ],
  "DMC": [
    0.00070592,
    0.00069743
  ],
  "LYXE": [
    0.234743,
    0.234743
  ],
  "FORTH": [
    0.240375,
    0.244492
  ],
  "RDNT": [
    0.00195934,
    0.00196836
  ],
  "HOOK": [
    0.0084768,
    0.00837711
  ],
  "SAMO": [
    0.00040824,
    0.00040821
  ],
  "PTB": [
    0.00100715,
    0.00101211
  ],
  "GEAR": [
    0.00024731,
    0.00020768
  ],
  "CUDIS": [
    0.00789964,
    0.00787844
  ],
  "PERP": [
    0.02629109,
    0.02656524
  ],
  "SAROS": [
    0.00066002,
    0.00066615
  ],
  "EPT": [
    0.00074287,
    0.00074217
  ],
  "FIS": [
    0.0107675,
    0.01086229
  ],
  "HIPPO": [
    0.00017129,
    0.00016887
  ],
  "FLM": [
    0.00288625,
    0.00287781
  ],
  "GORK": [
    0.00157693,
    0.0015779
  ],
  "DATA": [
    0.00095206,
    0.00093901
  ],
  "ACA": [
    0.00071477,
    0.00070919
  ],
  "INSP": [
    0.00103697,
    0.0010206
  ],
  "FOXY": [
    0.0001168,
    0.00011803
  ],
  "A2Z": [
    0.00008774,
    0.0000779
  ],
  "DUCK": [
    0.00007022,
    0.00006976
  ],
  "RFC": [
    0.00053069,
    0.00055043
  ],
  "SWTCH": [
    0.00294652,
    0.00289931
  ],
  "LOOKS": [
    0.00039226,
    0.00039389
  ],
  "MOONPIG": [
    0.00030583,
    0.00030215
  ],
  "BDXN": [
    0.00183148,
    0.00182761
  ],
  "ROOT": [
    0.00005671,
    0.00005742
  ],
  "CHILLGUY": [
    0.00012836,
    0.00011538
  ],
  "CHESS": [
    0.00016684,
    0.00016847
  ],
  "APU": [
    0.00003327,
    0.0000344
  ],
  "HOLO": [
    0.00001257,
    0.00001257
  ],
  "GMMT": [
    0.00315534,
    0.00296303
  ],
  "RATS": [
    0.00003448,
    0.00003465
  ],
  "ADB": [
    null,
    null
  ]
}