{
  "PUMP": [
    0.00171301,
    0.00174588
  ],
  "STABLE": [
    0.02659195,
    0.0268011
  ],
  "SIREN": [
    0.588482,
    0.581655
  ],
  "MON": [
    0.02745175,
    0.02925768
  ],
  "AERO": [
    0.320874,
    0.321592
  ],
  "JASMY": [
    0.00532503,
    0.00541639
  ],
  "LIT": [
    1.004,
    1.04
  ],
  "CVX": [
    1.74,
    1.77
  ],
  "BAT": [
    0.097411,
    0.099283
  ],
  "ATH": [
    0.00679745,
    0.00684783
  ],
  "COW": [
    0.209691,
    0.217116
  ],
  "BANANAS31": [
    0.01013742,
    0.01062045
  ],
  "CHEEMS": [
    4.36171e-7,
    4.31999e-7
  ],
  "ONT": [
    0.091134,
    0.091261
  ],
  "CKB": [
    0.00144206,
    0.00147001
  ],
  "TAG": [
    0.00065315,
    0.00063289
  ],
  "SAHARA": [
    0.02187745,
    0.02178089
  ],
  "SKYAI": [
    0.067757,
    0.064628
  ],
  "POLYX": [
    0.04824929,
    0.04858026
  ],
  "NPC": [
    0.00705407,
    0.00726252
  ],
  "BAN": [
    0.056896,
    0.057302
  ],
  "ARC": [
    0.053621,
    0.053129
  ],
  "BEAT": [
    0.348949,
    0.333612
  ],
  "CSPR": [
    0.00292193,
    0.00292192
  ],
  "IOTX": [
    0.00454216,
    0.00460868
  ],
  "MYX": [
    0.222902,
    0.223769
  ],
  "NOT": [
    0.00035385,
    0.00036051
  ],
  "SNEK": [
    0.00043135,
    0.00042997
  ],
  "DEP": [
    0.00114328,
    0.00114432
  ],
  "ISLM": [
    0.01226181,
    0.01202832
  ],
  "NYM": [
    0.0348134,
    0.03498519
  ],
  "MERL": [
    0.02423813,
    0.02419281
  ],
  "REZ": [
    0.00347086,
    0.00351428
  ],
  "SPELL": [
    0.00015947,
    0.00016017
  ],
  "DEGEN": [
    0.00067832,
    0.00068602
  ],
  "NEIRO": [
    0.00005657,
    0.00005804
  ],
  "HUMA": [
    0.01409711,
    0.01386164
  ],
  "L3": [
    0.0184673,
    0.01716949
  ],
  "GUN": [
    0.01369618,
    0.01379789
  ],
  "CORN": [
    0.04498939,
    0.04486945
  ],
  "ALLO": [
    0.107849,
    0.106697
  ],
  "SATS": [
    1.0933e-8,
    1.1117e-8
  ],
  "LRC": [
    0.01734977,
    0.01775589
  ],
  "CPOOL": [
    0.02207078,
    0.02250971
  ],
  "SLP": [
    0.00059071,
    0.00059601
  ],
  "MAGMA": [
    0.105574,
    0.103933
  ],
  "AURORA": [
    0.02585755,
    0.02609293
  ],
  "BOB": [
    0.00581599,
    0.00578643
  ],
  "DENT": [
    0.00016734,
    0.00016465
  ],
  "DSYNC": [
    0.01443943,
    0.01541308
  ],
  "INIT": [
    0.081616,
    0.082247
  ],
  "RESOLV": [
    0.0373906,
    0.03740229
  ],
  "NIL": [
    0.03318553,
    0.03337439
  ],
  "NEWT": [
    0.064865,
    0.065721
  ],
  "SONIC": [
    0.03661219,
    0.03699579
  ],
  "DAO": [
    0.050604,
    0.050923
  ],
  "PAAL": [
    0.01359838,
    0.0142285
  ],
  "IKA": [
    0.00398796,
    0.00413421
  ],
  "HONEY": [
    0.00209374,
    0.00211114
  ],
  "BANK": [
    0.02844346,
    0.02813927
  ],
  "GRIFFAIN": [
    0.01149603,
    0.01161177
  ],
  "MUBARAK": [
    0.01133051,
    0.01157464
  ],
  "TLM": [
    0.00161567,
    0.00164443
  ],
  "ROAM": [
    0.0304843,
    0.0303617
  ],
  "TAI": [
    0.01618996,
    0.01683345
  ],
  "AIN": [
    0.056893,
    0.052592
  ],
  "SWARMS": [
    0.00989813,
    0.00965184
  ],
  "AVL": [
    0.03115536,
    0.03141287
  ],
  "HMSTR": [
    0.00013763,
    0.00014106
  ],
  "LAT": [
    0.00132249,
    0.0013183
  ],
  "NAVX": [
    0.00927843,
    0.00905232
  ],
  "FUEL": [
    0.00093108,
    0.00092966
  ],
  "NKN": [
    0.00895469,
    0.00883728
  ],
  "COQ": [
    9.5645e-8,
    9.6778e-8
  ],
  "COS": [
    0.0012323,
    0.00123159
  ],
  "SOLV": [
    0.00426284,
    0.00417437
  ],
  "OBT": [
    0.00102392,
    0.00101922
  ],
  "RSS3": [
    0.00595152,
    0.00591877
  ],
  "FHE": [
    0.02100838,
    0.02019244
  ],
  "PIXEL": [
    0.00645273,
    0.00645161
  ],
  "FWOG": [
    0.00478576,
    0.00485023
  ],
  "DMC": [
    0.00072318,
    0.00073584
  ],
  "LYXE": [
    0.266724,
    0.264417
  ],
  "HIPPO": [
    0.00040246,
    0.00036921
  ],
  "RDNT": [
    0.00254992,
    0.0025528
  ],
  "FORTH": [
    0.248865,
    0.274628
  ],
  "GEAR": [
    0.00029084,
    0.00028584
  ],
  "HOOK": [
    0.00910093,
    0.0095695
  ],
  "SAMO": [
    0.00043615,
    0.00043791
  ],
  "DUCK": [
    0.00032095,
    0.0003236
  ],
  "OAS": [
    0.00037328,
    0.00037481
  ],
  "FIS": [
    0.01289851,
    0.01317556
  ],
  "CUDIS": [
    0.00787092,
    0.00788947
  ],
  "PTB": [
    0.00096026,
    0.00088883
  ],
  "PERP": [
    0.02616307,
    0.02534273
  ],
  "FLM": [
    0.00311179,
    0.00306857
  ],
  "EPT": [
    0.00075146,
    0.00074561
  ],
  "DATA": [
    0.0009918,
    0.00099268
  ],
  "GORK": [
    0.00129646,
    0.00129318
  ],
  "SAROS": [
    0.00045773,
    0.00045714
  ],
  "INSP": [
    0.00113064,
    0.00115199
  ],
  "ACA": [
    0.00078885,
    0.00076108
  ],
  "A2Z": [
    0.00010188,
    0.00010162
  ],
  "SWTCH": [
    0.00421178,
    0.00439512
  ],
  "FOXY": [
    0.00009549,
    0.00009577
  ],
  "RFC": [
    0.00052859,
    0.00053159
  ],
  "LOOKS": [
    0.00036187,
    0.00036141
  ],
  "BDXN": [
    0.00189368,
    0.00187908
  ],
  "MOONPIG": [
    0.00029874,
    0.00030277
  ],
  "ROOT": [
    0.00006098,
    0.00006489
  ],
  "CHESS": [
    0.00033947,
    0.00033582
  ],
  "CHILLGUY": [
    0.00006723,
    0.00006723
  ],
  "APU": [
    0.00003335,
    0.00003361
  ],
  "HOLO": [
    0.00001248,
    0.00001248
  ],
  "RATS": [
    0.00003943,
    0.00003862
  ],
  "GMMT": [
    0.0038436,
    0.00388284
  ],
  "ADB": [
    null,
    null
  ]
}