{
  "PUMP": [
    0.00184783,
    0.00185812
  ],
  "STABLE": [
    0.02668664,
    0.02670659
  ],
  "SIREN": [
    0.733733,
    0.709045
  ],
  "MON": [
    0.0353329,
    0.03515239
  ],
  "AERO": [
    0.378406,
    0.377694
  ],
  "LIT": [
    1.15,
    1.15
  ],
  "JASMY": [
    0.00542053,
    0.00540146
  ],
  "CVX": [
    1.8,
    1.8
  ],
  "BAT": [
    0.100314,
    0.099611
  ],
  "COW": [
    0.219586,
    0.219607
  ],
  "ATH": [
    0.0060701,
    0.00614818
  ],
  "BANANAS31": [
    0.00959143,
    0.0097357
  ],
  "CHEEMS": [
    4.68985e-7,
    4.69196e-7
  ],
  "ONT": [
    0.079229,
    0.07977
  ],
  "SKYAI": [
    0.073373,
    0.07327
  ],
  "CKB": [
    0.00147054,
    0.00146552
  ],
  "ARC": [
    0.071658,
    0.071358
  ],
  "SAHARA": [
    0.02255685,
    0.02251606
  ],
  "POLYX": [
    0.050526,
    0.050252
  ],
  "TAG": [
    0.00058318,
    0.00057806
  ],
  "NPC": [
    0.00774366,
    0.00781281
  ],
  "BAN": [
    0.057542,
    0.057803
  ],
  "CSPR": [
    0.00323652,
    0.00312273
  ],
  "MYX": [
    0.238797,
    0.24104
  ],
  "MAGMA": [
    0.225484,
    0.237834
  ],
  "IOTX": [
    0.00467986,
    0.00468447
  ],
  "BEAT": [
    0.293838,
    0.298514
  ],
  "NOT": [
    0.00036896,
    0.00036812
  ],
  "SNEK": [
    0.00045706,
    0.00045352
  ],
  "DEP": [
    0.00112914,
    0.00112869
  ],
  "MERL": [
    0.02546834,
    0.02559845
  ],
  "REZ": [
    0.00374146,
    0.0037319
  ],
  "ISLM": [
    0.01175163,
    0.01159543
  ],
  "NYM": [
    0.03523413,
    0.03527834
  ],
  "GUN": [
    0.01655121,
    0.01655563
  ],
  "DEGEN": [
    0.00075642,
    0.00075922
  ],
  "SPELL": [
    0.00016012,
    0.00016008
  ],
  "HUMA": [
    0.01542021,
    0.01566061
  ],
  "NEIRO": [
    0.00005993,
    0.00006003
  ],
  "CPOOL": [
    0.02490639,
    0.02470434
  ],
  "SATS": [
    1.1011e-8,
    1.1057e-8
  ],
  "ALLO": [
    0.10116,
    0.100588
  ],
  "SLP": [
    0.00060559,
    0.00060895
  ],
  "CORN": [
    0.04056514,
    0.04052315
  ],
  "LRC": [
    0.01694488,
    0.0168919
  ],
  "BOB": [
    0.00704803,
    0.00691657
  ],
  "AURORA": [
    0.02800867,
    0.02787621
  ],
  "L3": [
    0.0123679,
    0.01271194
  ],
  "SWARMS": [
    0.01741338,
    0.0171651
  ],
  "GRIFFAIN": [
    0.01662278,
    0.01666219
  ],
  "DSYNC": [
    0.01631344,
    0.01635726
  ],
  "DENT": [
    0.00016249,
    0.00016252
  ],
  "RESOLV": [
    0.03975326,
    0.03990711
  ],
  "INIT": [
    0.08141,
    0.081923
  ],
  "NIL": [
    0.0349133,
    0.03476766
  ],
  "NEWT": [
    0.068396,
    0.068327
  ],
  "BANK": [
    0.03346022,
    0.03327444
  ],
  "SONIC": [
    0.03594509,
    0.03583189
  ],
  "DAO": [
    0.05071,
    0.0505
  ],
  "PAAL": [
    0.01400596,
    0.0140686
  ],
  "MUBARAK": [
    0.01181696,
    0.01199367
  ],
  "IKA": [
    0.00378582,
    0.00376773
  ],
  "HONEY": [
    0.00190853,
    0.00190342
  ],
  "AIN": [
    0.057994,
    0.058422
  ],
  "TLM": [
    0.00163934,
    0.00163879
  ],
  "TAI": [
    0.01748578,
    0.01735461
  ],
  "HMSTR": [
    0.00014348,
    0.00014437
  ],
  "LAT": [
    0.00133131,
    0.00133052
  ],
  "AVL": [
    0.02915437,
    0.02905762
  ],
  "ROAM": [
    0.02240755,
    0.02347958
  ],
  "COQ": [
    1.16326e-7,
    1.1457e-7
  ],
  "FUEL": [
    0.00096536,
    0.00096672
  ],
  "NAVX": [
    0.00872692,
    0.00874023
  ],
  "COS": [
    0.00122524,
    0.00123395
  ],
  "SOLV": [
    0.00411504,
    0.00413701
  ],
  "NKN": [
    0.00741308,
    0.00745075
  ],
  "PIXEL": [
    0.00733808,
    0.00741558
  ],
  "OBT": [
    0.00105174,
    0.00105282
  ],
  "RSS3": [
    0.00565503,
    0.00559631
  ],
  "FWOG": [
    0.00505128,
    0.00503976
  ],
  "DMC": [
    0.00071108,
    0.00071016
  ],
  "FHE": [
    0.01632196,
    0.01640639
  ],
  "LYXE": [
    0.246526,
    0.246526
  ],
  "RDNT": [
    0.00228805,
    0.00233236
  ],
  "FORTH": [
    0.273293,
    0.271983
  ],
  "GEAR": [
    0.00028175,
    0.00027519
  ],
  "HOOK": [
    0.00824768,
    0.00834758
  ],
  "SAMO": [
    0.00041692,
    0.00041231
  ],
  "OAS": [
    0.00036557,
    0.00036207
  ],
  "HIPPO": [
    0.00021722,
    0.00021292
  ],
  "PTB": [
    0.00099728,
    0.00100168
  ],
  "PERP": [
    0.02810083,
    0.02790428
  ],
  "CUDIS": [
    0.00785777,
    0.00784257
  ],
  "FIS": [
    0.0118802,
    0.01174808
  ],
  "GORK": [
    0.00157914,
    0.00174391
  ],
  "EPT": [
    0.00074684,
    0.00074719
  ],
  "FLM": [
    0.00294072,
    0.0028857
  ],
  "DATA": [
    0.00099724,
    0.00099735
  ],
  "SAROS": [
    0.00038605,
    0.00038566
  ],
  "INSP": [
    0.00111104,
    0.00110804
  ],
  "ACA": [
    0.00076288,
    0.00073304
  ],
  "DUCK": [
    0.00010057,
    0.00010243
  ],
  "A2Z": [
    0.00008909,
    0.00008723
  ],
  "FOXY": [
    0.00012451,
    0.00012341
  ],
  "SWTCH": [
    0.00375246,
    0.00389893
  ],
  "RFC": [
    0.00055281,
    0.00056784
  ],
  "LOOKS": [
    0.00035974,
    0.00036102
  ],
  "MOONPIG": [
    0.000308,
    0.00030587
  ],
  "BDXN": [
    0.00182253,
    0.00181709
  ],
  "ROOT": [
    0.0000593,
    0.0000593
  ],
  "CHILLGUY": [
    0.00007367,
    0.0000738
  ],
  "APU": [
    0.00003331,
    0.00003513
  ],
  "CHESS": [
    0.00014412,
    0.00014396
  ],
  "HOLO": [
    0.00001254,
    0.00001254
  ],
  "GMMT": [
    0.00391568,
    0.0039148
  ],
  "RATS": [
    0.00003704,
    0.00003674
  ],
  "ADB": [
    null,
    null
  ]
}