{
  "PUMP": [
    0.00163026,
    0.0016494
  ],
  "STABLE": [
    0.02904762,
    0.028561
  ],
  "AERO": [
    0.31186,
    0.312667
  ],
  "MON": [
    0.02509668,
    0.02614952
  ],
  "JASMY": [
    0.00524479,
    0.00533191
  ],
  "LIT": [
    0.954839,
    0.922469
  ],
  "CVX": [
    1.7,
    1.72
  ],
  "BAT": [
    0.094303,
    0.095682
  ],
  "SIREN": [
    0.190762,
    0.185076
  ],
  "BANANAS31": [
    0.01292421,
    0.0128567
  ],
  "ATH": [
    0.00645349,
    0.00663894
  ],
  "COW": [
    0.200611,
    0.200501
  ],
  "ONT": [
    0.107872,
    0.11305
  ],
  "CHEEMS": [
    4.22421e-7,
    4.27829e-7
  ],
  "TAG": [
    0.00091142,
    0.00075888
  ],
  "CKB": [
    0.00138565,
    0.00141914
  ],
  "SAHARA": [
    0.02112733,
    0.02072667
  ],
  "SKYAI": [
    0.064438,
    0.064394
  ],
  "NPC": [
    0.00726617,
    0.00712635
  ],
  "POLYX": [
    0.0444226,
    0.04512453
  ],
  "BEAT": [
    0.340956,
    0.391629
  ],
  "BAN": [
    0.058152,
    0.05392
  ],
  "ARC": [
    0.05259,
    0.05304
  ],
  "CSPR": [
    0.00294132,
    0.00293848
  ],
  "IOTX": [
    0.00444157,
    0.00455494
  ],
  "MYX": [
    0.198067,
    0.207106
  ],
  "NOT": [
    0.00034599,
    0.00035084
  ],
  "SNEK": [
    0.00042763,
    0.00043635
  ],
  "DEP": [
    0.00114221,
    0.00114376
  ],
  "ISLM": [
    0.01172108,
    0.01229976
  ],
  "REZ": [
    0.00364385,
    0.00352024
  ],
  "NYM": [
    0.03412925,
    0.03418591
  ],
  "SPELL": [
    0.00015863,
    0.00016113
  ],
  "GUN": [
    0.01562184,
    0.01554148
  ],
  "MERL": [
    0.02237021,
    0.02239784
  ],
  "DEGEN": [
    0.00066159,
    0.00066756
  ],
  "CORN": [
    0.04495255,
    0.04505105
  ],
  "NEIRO": [
    0.00005404,
    0.00005615
  ],
  "HUMA": [
    0.0129416,
    0.01345871
  ],
  "ALLO": [
    0.105392,
    0.104895
  ],
  "LRC": [
    0.01805255,
    0.01816408
  ],
  "SATS": [
    1.0518e-8,
    1.0733e-8
  ],
  "MAGMA": [
    0.105341,
    0.115164
  ],
  "SLP": [
    0.00058528,
    0.00059348
  ],
  "CPOOL": [
    0.02131028,
    0.02096184
  ],
  "AURORA": [
    0.0262754,
    0.02609214
  ],
  "DENT": [
    0.00017821,
    0.00018319
  ],
  "RESOLV": [
    0.04359165,
    0.04189487
  ],
  "INIT": [
    0.080408,
    0.084229
  ],
  "NIL": [
    0.03524862,
    0.03590591
  ],
  "BOB": [
    0.00538363,
    0.0054413
  ],
  "DSYNC": [
    0.01399225,
    0.01409723
  ],
  "IKA": [
    0.00401813,
    0.00462502
  ],
  "NEWT": [
    0.0648,
    0.063553
  ],
  "SONIC": [
    0.03691529,
    0.03710287
  ],
  "GRIFFAIN": [
    0.01203869,
    0.01298945
  ],
  "DAO": [
    0.051424,
    0.050959
  ],
  "L3": [
    0.00893829,
    0.009099
  ],
  "PAAL": [
    0.01279817,
    0.01318055
  ],
  "BANK": [
    0.030194,
    0.02703983
  ],
  "ROAM": [
    0.03394392,
    0.03307332
  ],
  "HONEY": [
    0.00193818,
    0.00196582
  ],
  "MUBARAK": [
    0.01088652,
    0.01116921
  ],
  "TLM": [
    0.00159573,
    0.00163252
  ],
  "AIN": [
    0.055759,
    0.056271
  ],
  "AVL": [
    0.02868245,
    0.03499173
  ],
  "TAI": [
    0.01569893,
    0.01615177
  ],
  "HMSTR": [
    0.00013727,
    0.00014209
  ],
  "LAT": [
    0.00130075,
    0.00130102
  ],
  "SWARMS": [
    0.00947185,
    0.00863279
  ],
  "NKN": [
    0.00961969,
    0.00975041
  ],
  "NAVX": [
    0.00908457,
    0.00893174
  ],
  "FUEL": [
    0.00091966,
    0.00092302
  ],
  "SOLV": [
    0.00575879,
    0.00452756
  ],
  "COQ": [
    9.4417e-8,
    9.5795e-8
  ],
  "COS": [
    0.00130751,
    0.00126348
  ],
  "PIXEL": [
    0.00702694,
    0.0069924
  ],
  "OBT": [
    0.00101156,
    0.00100492
  ],
  "HIPPO": [
    0.00052624,
    0.00052522
  ],
  "FWOG": [
    0.00484383,
    0.00490102
  ],
  "RSS3": [
    0.00518976,
    0.00524626
  ],
  "FHE": [
    0.01842289,
    0.01889575
  ],
  "DMC": [
    0.00072506,
    0.000709
  ],
  "LYXE": [
    0.255143,
    0.25487
  ],
  "RDNT": [
    0.00272159,
    0.00268771
  ],
  "GEAR": [
    0.00030273,
    0.00029875
  ],
  "FORTH": [
    0.249916,
    0.245315
  ],
  "DUCK": [
    0.0003442,
    0.00033308
  ],
  "SAMO": [
    0.00042093,
    0.00042414
  ],
  "HOOK": [
    0.00813523,
    0.0083939
  ],
  "OAS": [
    0.00032519,
    0.00033631
  ],
  "FIS": [
    0.01241501,
    0.01241303
  ],
  "CUDIS": [
    0.00775072,
    0.00775417
  ],
  "PERP": [
    0.02691493,
    0.02633999
  ],
  "EPT": [
    0.00073574,
    0.00074337
  ],
  "FLM": [
    0.00269057,
    0.0028175
  ],
  "GORK": [
    0.00137361,
    0.00137417
  ],
  "PTB": [
    0.00063169,
    0.00064189
  ],
  "DATA": [
    0.00103777,
    0.00099519
  ],
  "SAROS": [
    0.00047002,
    0.00047278
  ],
  "A2Z": [
    0.00007387,
    0.00012546
  ],
  "INSP": [
    0.00125543,
    0.00127876
  ],
  "ACA": [
    0.00064452,
    0.00067678
  ],
  "SWTCH": [
    0.00396226,
    0.00408026
  ],
  "FOXY": [
    0.0000886,
    0.00008771
  ],
  "RFC": [
    0.00053878,
    0.00052572
  ],
  "LOOKS": [
    0.0003946,
    0.00039941
  ],
  "BDXN": [
    0.00200457,
    0.00196368
  ],
  "MOONPIG": [
    0.00028764,
    0.00029158
  ],
  "CHESS": [
    0.00074664,
    0.00087041
  ],
  "ROOT": [
    0.000058,
    0.000059
  ],
  "CHILLGUY": [
    0.00006699,
    0.00006699
  ],
  "APU": [
    0.00002942,
    0.0000299
  ],
  "HOLO": [
    0.0000142,
    0.00001436
  ],
  "RATS": [
    0.00004009,
    0.00003768
  ],
  "GMMT": [
    0.00416187,
    0.00413295
  ],
  "ADB": [
    null,
    null
  ]
}