{
  "PUMP": [
    0.00193293,
    0.00191058
  ],
  "STABLE": [
    0.02638235,
    0.02659759
  ],
  "SIREN": [
    0.749002,
    0.722716
  ],
  "MON": [
    0.03608921,
    0.03548114
  ],
  "AERO": [
    0.378196,
    0.375602
  ],
  "LIT": [
    1.12,
    1.1
  ],
  "JASMY": [
    0.00540006,
    0.00537837
  ],
  "CVX": [
    1.81,
    1.8
  ],
  "BAT": [
    0.09672,
    0.097744
  ],
  "SKYAI": [
    0.128971,
    0.128596
  ],
  "COW": [
    0.223122,
    0.217161
  ],
  "ATH": [
    0.00614018,
    0.00616884
  ],
  "BANANAS31": [
    0.01071532,
    0.01105537
  ],
  "CHEEMS": [
    4.92631e-7,
    5.11563e-7
  ],
  "BAN": [
    0.089464,
    0.079517
  ],
  "ONT": [
    0.078822,
    0.079519
  ],
  "TAG": [
    0.00078135,
    0.00072858
  ],
  "CKB": [
    0.00148097,
    0.0014906
  ],
  "ARC": [
    0.0726,
    0.072072
  ],
  "SAHARA": [
    0.02236239,
    0.02263393
  ],
  "POLYX": [
    0.052784,
    0.051768
  ],
  "MYX": [
    0.321304,
    0.341394
  ],
  "NPC": [
    0.00797276,
    0.00794087
  ],
  "BEAT": [
    0.383472,
    0.385371
  ],
  "CSPR": [
    0.00295981,
    0.00295171
  ],
  "IOTX": [
    0.00450249,
    0.00449889
  ],
  "NOT": [
    0.00037305,
    0.00036803
  ],
  "MAGMA": [
    0.190614,
    0.188999
  ],
  "MERL": [
    0.02669403,
    0.02663697
  ],
  "SNEK": [
    0.0004157,
    0.0004217
  ],
  "DEP": [
    0.00112162,
    0.00111717
  ],
  "ISLM": [
    0.01192895,
    0.0118908
  ],
  "HUMA": [
    0.01748756,
    0.01729615
  ],
  "REZ": [
    0.00363534,
    0.00364064
  ],
  "NYM": [
    0.03415069,
    0.03414599
  ],
  "GUN": [
    0.01591605,
    0.01605308
  ],
  "SPELL": [
    0.00015856,
    0.00016015
  ],
  "DEGEN": [
    0.00073688,
    0.00073325
  ],
  "NEIRO": [
    0.00006475,
    0.00006386
  ],
  "ALLO": [
    0.113834,
    0.112785
  ],
  "CPOOL": [
    0.02452384,
    0.02443912
  ],
  "SATS": [
    1.1563e-8,
    1.1404e-8
  ],
  "SLP": [
    0.0006124,
    0.00061795
  ],
  "BOB": [
    0.00780416,
    0.00776669
  ],
  "CORN": [
    0.04039751,
    0.04046531
  ],
  "LRC": [
    0.01606354,
    0.01628139
  ],
  "AURORA": [
    0.02700042,
    0.02714953
  ],
  "DSYNC": [
    0.0165647,
    0.01691165
  ],
  "BANK": [
    0.03677739,
    0.03835815
  ],
  "SWARMS": [
    0.0173945,
    0.0160021
  ],
  "L3": [
    0.01122233,
    0.01123683
  ],
  "NEWT": [
    0.070094,
    0.070668
  ],
  "INIT": [
    0.08026,
    0.081055
  ],
  "DENT": [
    0.00015653,
    0.00015768
  ],
  "RESOLV": [
    0.03828487,
    0.03810182
  ],
  "NIL": [
    0.03396029,
    0.03377128
  ],
  "GRIFFAIN": [
    0.01369856,
    0.01446828
  ],
  "AIN": [
    0.073847,
    0.073514
  ],
  "MUBARAK": [
    0.01344566,
    0.01352714
  ],
  "SONIC": [
    0.03635442,
    0.03596413
  ],
  "PAAL": [
    0.01419049,
    0.01422638
  ],
  "DAO": [
    0.04805352,
    0.04821577
  ],
  "IKA": [
    0.00365515,
    0.0036934
  ],
  "TLM": [
    0.00164826,
    0.0016803
  ],
  "HONEY": [
    0.00181556,
    0.00179351
  ],
  "TAI": [
    0.01689355,
    0.01732666
  ],
  "HMSTR": [
    0.00014736,
    0.00015008
  ],
  "LAT": [
    0.0013538,
    0.00134851
  ],
  "COQ": [
    1.14395e-7,
    1.14001e-7
  ],
  "AVL": [
    0.02629996,
    0.02607019
  ],
  "FUEL": [
    0.00095836,
    0.00095555
  ],
  "NAVX": [
    0.00870539,
    0.00868352
  ],
  "NKN": [
    0.00917802,
    0.00884561
  ],
  "COS": [
    0.00122195,
    0.00124484
  ],
  "SOLV": [
    0.00417676,
    0.00433972
  ],
  "ROAM": [
    0.01969734,
    0.01865683
  ],
  "PIXEL": [
    0.00752585,
    0.00794447
  ],
  "GEAR": [
    0.00028362,
    0.00060182
  ],
  "OBT": [
    0.00103246,
    0.00104248
  ],
  "RSS3": [
    0.00568827,
    0.00578883
  ],
  "FWOG": [
    0.00508175,
    0.00502508
  ],
  "FHE": [
    0.01762306,
    0.01885745
  ],
  "DMC": [
    0.00069812,
    0.00069407
  ],
  "LYXE": [
    0.243885,
    0.242413
  ],
  "FORTH": [
    0.271799,
    0.267854
  ],
  "RDNT": [
    0.00212945,
    0.00212969
  ],
  "SAMO": [
    0.00042022,
    0.00041766
  ],
  "OAS": [
    0.00036107,
    0.00036461
  ],
  "PTB": [
    0.00103568,
    0.00112955
  ],
  "HOOK": [
    0.00826178,
    0.00830127
  ],
  "CUDIS": [
    0.00796863,
    0.00790788
  ],
  "PERP": [
    0.02695825,
    0.02647908
  ],
  "HIPPO": [
    0.00017765,
    0.00017819
  ],
  "EPT": [
    0.00075626,
    0.00076279
  ],
  "FIS": [
    0.01077925,
    0.01115896
  ],
  "FLM": [
    0.00310293,
    0.00303696
  ],
  "GORK": [
    0.00143795,
    0.00140945
  ],
  "DATA": [
    0.00095604,
    0.00096244
  ],
  "SAROS": [
    0.00038847,
    0.00039028
  ],
  "ACA": [
    0.00068881,
    0.0007563
  ],
  "INSP": [
    0.00102672,
    0.00102058
  ],
  "DUCK": [
    0.00009045,
    0.00009232
  ],
  "FOXY": [
    0.00011772,
    0.00011938
  ],
  "A2Z": [
    0.00008,
    0.00007915
  ],
  "SWTCH": [
    0.00356334,
    0.00365159
  ],
  "RFC": [
    0.00057349,
    0.00057085
  ],
  "LOOKS": [
    0.00036501,
    0.00037008
  ],
  "BDXN": [
    0.00187942,
    0.00191346
  ],
  "MOONPIG": [
    0.00030304,
    0.00030011
  ],
  "ROOT": [
    0.0000619,
    0.00006007
  ],
  "CHILLGUY": [
    0.00007723,
    0.00007731
  ],
  "APU": [
    0.00003539,
    0.00003508
  ],
  "CHESS": [
    0.00015852,
    0.00015182
  ],
  "HOLO": [
    0.00001293,
    0.00001283
  ],
  "RATS": [
    0.00003672,
    0.0000367
  ],
  "GMMT": [
    0.00370674,
    0.00377909
  ],
  "ADB": [
    null,
    null
  ]
}