{
  "STABLE": [
    0.03326467,
    0.03266324
  ],
  "PUMP": [
    0.00174934,
    0.00169466
  ],
  "SIREN": [
    0.678041,
    0.675751
  ],
  "AERO": [
    0.458166,
    0.454669
  ],
  "MON": [
    0.02753651,
    0.02662019
  ],
  "JASMY": [
    0.00570265,
    0.00563252
  ],
  "SKYAI": [
    0.249716,
    0.276498
  ],
  "LIT": [
    0.898778,
    0.897325
  ],
  "CVX": [
    1.7,
    1.67
  ],
  "BAT": [
    0.099285,
    0.097779
  ],
  "CHEEMS": [
    5.96795e-7,
    5.88499e-7
  ],
  "ATH": [
    0.00577448,
    0.00567429
  ],
  "COW": [
    0.185871,
    0.184502
  ],
  "BANANAS31": [
    0.00967145,
    0.00970392
  ],
  "BEAT": [
    0.566285,
    0.574876
  ],
  "ARC": [
    0.075051,
    0.075212
  ],
  "BAN": [
    0.072955,
    0.072059
  ],
  "SAHARA": [
    0.02197755,
    0.02189975
  ],
  "CKB": [
    0.00149021,
    0.00146625
  ],
  "ONT": [
    0.070141,
    0.070104
  ],
  "NPC": [
    0.0078224,
    0.00774997
  ],
  "POLYX": [
    0.04779967,
    0.04720343
  ],
  "TAG": [
    0.00055845,
    0.00054412
  ],
  "MYX": [
    0.249592,
    0.247909
  ],
  "CSPR": [
    0.00289916,
    0.0028872
  ],
  "IOTX": [
    0.00457228,
    0.00450894
  ],
  "ISLM": [
    0.01172499,
    0.01175015
  ],
  "MERL": [
    0.03311637,
    0.0323671
  ],
  "MAGMA": [
    0.194099,
    0.197871
  ],
  "NOT": [
    0.00038509,
    0.00037632
  ],
  "NEIRO": [
    0.0000885,
    0.00008576
  ],
  "HUMA": [
    0.02088053,
    0.0206105
  ],
  "REZ": [
    0.0041654,
    0.00409937
  ],
  "SNEK": [
    0.00045618,
    0.0004484
  ],
  "DEP": [
    0.00106754,
    0.00107005
  ],
  "SPELL": [
    0.00016915,
    0.00016783
  ],
  "SATS": [
    1.369e-8,
    1.3179e-8
  ],
  "CPOOL": [
    0.02550788,
    0.02533549
  ],
  "ALLO": [
    0.110226,
    0.110026
  ],
  "DEGEN": [
    0.00067558,
    0.00066855
  ],
  "SLP": [
    0.00069421,
    0.0006795
  ],
  "SWARMS": [
    0.0246288,
    0.0246387
  ],
  "GUN": [
    0.01414887,
    0.01402138
  ],
  "NYM": [
    0.02599446,
    0.02608678
  ],
  "CORN": [
    0.04019889,
    0.04016694
  ],
  "LRC": [
    0.01671875,
    0.01665638
  ],
  "GRIFFAIN": [
    0.01925357,
    0.01987547
  ],
  "AURORA": [
    0.02642422,
    0.02643311
  ],
  "L3": [
    0.01309837,
    0.01264322
  ],
  "INIT": [
    0.09235,
    0.093414
  ],
  "AIN": [
    0.095166,
    0.0952
  ],
  "NIL": [
    0.03855743,
    0.03743333
  ],
  "BOB": [
    0.00570929,
    0.005707
  ],
  "NEWT": [
    0.075518,
    0.074144
  ],
  "BANK": [
    0.03408836,
    0.03372447
  ],
  "MUBARAK": [
    0.01363774,
    0.01339079
  ],
  "SONIC": [
    0.03687584,
    0.03652961
  ],
  "DSYNC": [
    0.01282978,
    0.01253786
  ],
  "TLM": [
    0.00182363,
    0.00179026
  ],
  "PAAL": [
    0.01299669,
    0.01288574
  ],
  "RESOLV": [
    0.0287192,
    0.02891594
  ],
  "HONEY": [
    0.00188875,
    0.00192071
  ],
  "IKA": [
    0.00350968,
    0.00349261
  ],
  "DAO": [
    0.04134878,
    0.04114869
  ],
  "HMSTR": [
    0.00015017,
    0.00014824
  ],
  "TAI": [
    0.0156383,
    0.01559707
  ],
  "COQ": [
    1.35461e-7,
    1.31645e-7
  ],
  "LAT": [
    0.00132001,
    0.00131549
  ],
  "AVL": [
    0.02587552,
    0.02586389
  ],
  "FUEL": [
    0.00091433,
    0.0009131
  ],
  "SOLV": [
    0.0048505,
    0.00482287
  ],
  "NAVX": [
    0.00869805,
    0.00864151
  ],
  "NKN": [
    0.00792057,
    0.00784384
  ],
  "PIXEL": [
    0.00820625,
    0.00793606
  ],
  "COS": [
    0.00115369,
    0.00114537
  ],
  "OBT": [
    0.00099949,
    0.00099189
  ],
  "RSS3": [
    0.00581656,
    0.00564827
  ],
  "DMC": [
    0.00068887,
    0.00068371
  ],
  "ROAM": [
    0.01335798,
    0.01291274
  ],
  "FHE": [
    0.01803477,
    0.01770616
  ],
  "FWOG": [
    0.00449939,
    0.00446643
  ],
  "LYXE": [
    0.249772,
    0.249772
  ],
  "DENT": [
    0.0000399,
    0.00003903
  ],
  "OAS": [
    0.00051478,
    0.00051238
  ],
  "GEAR": [
    0.00028307,
    0.00027401
  ],
  "FORTH": [
    0.233424,
    0.230704
  ],
  "HOOK": [
    0.00806362,
    0.0079955
  ],
  "RDNT": [
    0.00177469,
    0.00177418
  ],
  "SAMO": [
    0.00035958,
    0.00035655
  ],
  "CUDIS": [
    0.00775368,
    0.0077365
  ],
  "PERP": [
    0.02517979,
    0.02506415
  ],
  "EPT": [
    0.00070993,
    0.00070798
  ],
  "FIS": [
    0.01040257,
    0.01039597
  ],
  "PTB": [
    0.00077707,
    0.0007677
  ],
  "HIPPO": [
    0.00015944,
    0.00015852
  ],
  "FLM": [
    0.00258746,
    0.00256399
  ],
  "GORK": [
    0.00143656,
    0.00142559
  ],
  "SAROS": [
    0.00046107,
    0.00045659
  ],
  "DATA": [
    0.00069892,
    0.00069156
  ],
  "INSP": [
    0.00098599,
    0.00099256
  ],
  "ACA": [
    0.0005981,
    0.00060899
  ],
  "FOXY": [
    0.00011594,
    0.00011579
  ],
  "RFC": [
    0.00079089,
    0.00066252
  ],
  "A2Z": [
    0.00007006,
    0.00006932
  ],
  "DUCK": [
    0.00006938,
    0.00007077
  ],
  "SWTCH": [
    0.00311259,
    0.00315974
  ],
  "LOOKS": [
    0.0003529,
    0.00035289
  ],
  "MOONPIG": [
    0.00026192,
    0.00025687
  ],
  "BDXN": [
    0.00149888,
    0.00154861
  ],
  "ROOT": [
    0.00006017,
    0.00006157
  ],
  "CHILLGUY": [
    0.00010451,
    0.00010273
  ],
  "CHESS": [
    0.00019672,
    0.00019687
  ],
  "APU": [
    0.00003826,
    0.00003691
  ],
  "HOLO": [
    0.00001191,
    0.00001191
  ],
  "GMMT": [
    0.00246569,
    0.00241464
  ],
  "RATS": [
    0.00003666,
    0.00003612
  ],
  "ADB": [
    null,
    null
  ]
}