{
  "STABLE": [
    0.03302936,
    0.03362882
  ],
  "PUMP": [
    0.00184146,
    0.00183063
  ],
  "SIREN": [
    0.71099,
    0.699355
  ],
  "AERO": [
    0.463301,
    0.454116
  ],
  "MON": [
    0.02984989,
    0.02963186
  ],
  "SKYAI": [
    0.350104,
    0.347498
  ],
  "JASMY": [
    0.00562898,
    0.0056177
  ],
  "LIT": [
    0.908611,
    0.930384
  ],
  "CVX": [
    1.73,
    1.74
  ],
  "BAT": [
    0.097143,
    0.097219
  ],
  "CHEEMS": [
    6.1251e-7,
    6.12204e-7
  ],
  "ATH": [
    0.00584792,
    0.00585198
  ],
  "COW": [
    0.186807,
    0.185894
  ],
  "BANANAS31": [
    0.00968335,
    0.00969591
  ],
  "TAG": [
    0.00085304,
    0.0008925
  ],
  "BEAT": [
    0.573434,
    0.567291
  ],
  "SAHARA": [
    0.02310091,
    0.02310822
  ],
  "CKB": [
    0.00150529,
    0.00150524
  ],
  "BAN": [
    0.072209,
    0.072712
  ],
  "ARC": [
    0.070571,
    0.07214
  ],
  "ONT": [
    0.070915,
    0.071586
  ],
  "NPC": [
    0.0078916,
    0.00805783
  ],
  "POLYX": [
    0.04806125,
    0.0480413
  ],
  "MYX": [
    0.265167,
    0.264543
  ],
  "CSPR": [
    0.00281488,
    0.00280819
  ],
  "MAGMA": [
    0.226089,
    0.232242
  ],
  "IOTX": [
    0.00448735,
    0.00451158
  ],
  "ISLM": [
    0.01165345,
    0.01183407
  ],
  "MERL": [
    0.03238579,
    0.03248881
  ],
  "NEIRO": [
    0.00009217,
    0.00009176
  ],
  "NOT": [
    0.00038588,
    0.00038511
  ],
  "HUMA": [
    0.02217694,
    0.02206404
  ],
  "REZ": [
    0.00437811,
    0.00444607
  ],
  "SNEK": [
    0.00046226,
    0.00046379
  ],
  "DEP": [
    0.00113485,
    0.00111175
  ],
  "SATS": [
    1.3784e-8,
    1.3883e-8
  ],
  "SPELL": [
    0.00016809,
    0.00016807
  ],
  "ALLO": [
    0.119958,
    0.11939
  ],
  "SWARMS": [
    0.026484,
    0.02661431
  ],
  "CPOOL": [
    0.02602542,
    0.02601859
  ],
  "GUN": [
    0.01447253,
    0.01441274
  ],
  "SLP": [
    0.00070301,
    0.00070223
  ],
  "DEGEN": [
    0.00067965,
    0.00068509
  ],
  "CORN": [
    0.04026268,
    0.04021356
  ],
  "LRC": [
    0.01681127,
    0.01679216
  ],
  "NYM": [
    0.02215397,
    0.02215783
  ],
  "AURORA": [
    0.0263013,
    0.02634111
  ],
  "NIL": [
    0.04039526,
    0.04156927
  ],
  "GRIFFAIN": [
    0.01856389,
    0.01817444
  ],
  "L3": [
    0.01226992,
    0.0121176
  ],
  "INIT": [
    0.091267,
    0.091032
  ],
  "AIN": [
    0.091393,
    0.091579
  ],
  "BOB": [
    0.00606115,
    0.00578941
  ],
  "NEWT": [
    0.074049,
    0.073966
  ],
  "BANK": [
    0.03394152,
    0.03416895
  ],
  "MUBARAK": [
    0.01364034,
    0.01363828
  ],
  "SONIC": [
    0.03774751,
    0.03759252
  ],
  "DSYNC": [
    0.01318337,
    0.0130669
  ],
  "TLM": [
    0.00184281,
    0.00184362
  ],
  "PAAL": [
    0.01319916,
    0.01311929
  ],
  "RESOLV": [
    0.02886468,
    0.0287821
  ],
  "HONEY": [
    0.00180016,
    0.00180411
  ],
  "DAO": [
    0.04096893,
    0.04080715
  ],
  "IKA": [
    0.00336828,
    0.00338175
  ],
  "HMSTR": [
    0.00015487,
    0.00015529
  ],
  "COQ": [
    1.37051e-7,
    1.37573e-7
  ],
  "LAT": [
    0.00133293,
    0.00133176
  ],
  "TAI": [
    0.01490215,
    0.01459048
  ],
  "RSS3": [
    0.00559097,
    0.00556348
  ],
  "AVL": [
    0.02648155,
    0.02637755
  ],
  "FUEL": [
    0.00091375,
    0.00091217
  ],
  "NAVX": [
    0.00873903,
    0.00877893
  ],
  "SOLV": [
    0.00464709,
    0.0046438
  ],
  "NKN": [
    0.00783353,
    0.0079781
  ],
  "PIXEL": [
    0.00805179,
    0.00802135
  ],
  "COS": [
    0.00115233,
    0.00115455
  ],
  "OBT": [
    0.00100489,
    0.00100563
  ],
  "DMC": [
    0.00069849,
    0.00069759
  ],
  "FHE": [
    0.01802983,
    0.01811708
  ],
  "FWOG": [
    0.00452441,
    0.00451677
  ],
  "ROAM": [
    0.01130825,
    0.01140921
  ],
  "DENT": [
    0.00004066,
    0.00004124
  ],
  "LYXE": [
    0.249772,
    0.249772
  ],
  "GEAR": [
    0.00032987,
    0.00032997
  ],
  "OAS": [
    0.00049221,
    0.00049125
  ],
  "FORTH": [
    0.241193,
    0.241228
  ],
  "RDNT": [
    0.00177547,
    0.00178056
  ],
  "HOOK": [
    0.00809574,
    0.00801812
  ],
  "SAMO": [
    0.00036048,
    0.00036085
  ],
  "CUDIS": [
    0.00779164,
    0.00782635
  ],
  "PERP": [
    0.02558686,
    0.02549996
  ],
  "SAROS": [
    0.0006801,
    0.00070229
  ],
  "EPT": [
    0.00072537,
    0.00072733
  ],
  "PTB": [
    0.00079073,
    0.0007927
  ],
  "FIS": [
    0.01060063,
    0.01052336
  ],
  "HIPPO": [
    0.0001625,
    0.0001623
  ],
  "FLM": [
    0.00262878,
    0.0026435
  ],
  "GORK": [
    0.00142105,
    0.00142513
  ],
  "DATA": [
    0.00071656,
    0.00071186
  ],
  "A2Z": [
    0.00010455,
    0.00010696
  ],
  "INSP": [
    0.00093436,
    0.00093446
  ],
  "ACA": [
    0.00063798,
    0.00063903
  ],
  "FOXY": [
    0.000116,
    0.00011689
  ],
  "DUCK": [
    0.00007372,
    0.00007306
  ],
  "RFC": [
    0.00058563,
    0.00058306
  ],
  "SWTCH": [
    0.0033195,
    0.00343793
  ],
  "LOOKS": [
    0.00035992,
    0.00035986
  ],
  "BDXN": [
    0.00160004,
    0.00165812
  ],
  "MOONPIG": [
    0.00026497,
    0.00026398
  ],
  "ROOT": [
    0.00006019,
    0.00005899
  ],
  "CHILLGUY": [
    0.00009074,
    0.00009074
  ],
  "CHESS": [
    0.00019867,
    0.00019825
  ],
  "APU": [
    0.00003989,
    0.00003954
  ],
  "HOLO": [
    0.00001188,
    0.00001181
  ],
  "GMMT": [
    0.00249347,
    0.00248619
  ],
  "RATS": [
    0.00003819,
    0.00003817
  ],
  "ADB": [
    null,
    null
  ]
}