{
  "PUMP": [
    0.00176908,
    0.00178047
  ],
  "STABLE": [
    0.02963543,
    0.02983085
  ],
  "SIREN": [
    0.647701,
    0.656264
  ],
  "AERO": [
    0.435831,
    0.439732
  ],
  "MON": [
    0.0322155,
    0.03251274
  ],
  "JASMY": [
    0.0055698,
    0.00559823
  ],
  "LIT": [
    0.89425,
    0.90338
  ],
  "SKYAI": [
    0.194508,
    0.21498
  ],
  "CVX": [
    1.76,
    1.77
  ],
  "BAT": [
    0.101034,
    0.101608
  ],
  "CHEEMS": [
    5.70391e-7,
    5.73597e-7
  ],
  "ATH": [
    0.00590965,
    0.0059599
  ],
  "COW": [
    0.181739,
    0.182658
  ],
  "BANANAS31": [
    0.01007904,
    0.00985069
  ],
  "BAN": [
    0.080746,
    0.081935
  ],
  "ONT": [
    0.079408,
    0.079701
  ],
  "BEAT": [
    0.539509,
    0.547581
  ],
  "CKB": [
    0.00148273,
    0.00148721
  ],
  "TAG": [
    0.00064555,
    0.00064886
  ],
  "NPC": [
    0.00820054,
    0.00847478
  ],
  "ARC": [
    0.066712,
    0.067005
  ],
  "SAHARA": [
    0.02122606,
    0.02118069
  ],
  "POLYX": [
    0.04982477,
    0.050008
  ],
  "CSPR": [
    0.00290192,
    0.00291463
  ],
  "MYX": [
    0.237453,
    0.242182
  ],
  "MERL": [
    0.03661342,
    0.03650387
  ],
  "IOTX": [
    0.00474479,
    0.00473862
  ],
  "HUMA": [
    0.02534329,
    0.02554551
  ],
  "SNEK": [
    0.000509,
    0.00052727
  ],
  "NOT": [
    0.0003934,
    0.00039582
  ],
  "NEIRO": [
    0.00008679,
    0.0000885
  ],
  "MAGMA": [
    0.193674,
    0.192777
  ],
  "REZ": [
    0.00388637,
    0.00390406
  ],
  "DEP": [
    0.00112788,
    0.00113014
  ],
  "ISLM": [
    0.01177579,
    0.01181954
  ],
  "SATS": [
    1.3883e-8,
    1.4038e-8
  ],
  "CPOOL": [
    0.02810721,
    0.02834569
  ],
  "SPELL": [
    0.00016372,
    0.00016348
  ],
  "GUN": [
    0.01599436,
    0.01573256
  ],
  "ALLO": [
    0.114416,
    0.11493
  ],
  "NYM": [
    0.03118079,
    0.03096227
  ],
  "DEGEN": [
    0.00066309,
    0.00067495
  ],
  "SLP": [
    0.00065634,
    0.00065884
  ],
  "LRC": [
    0.01705532,
    0.01716113
  ],
  "CORN": [
    0.04042484,
    0.04045963
  ],
  "AURORA": [
    0.02768329,
    0.027705
  ],
  "SWARMS": [
    0.01854047,
    0.01869026
  ],
  "GRIFFAIN": [
    0.01748337,
    0.01762196
  ],
  "NIL": [
    0.03962534,
    0.04007312
  ],
  "BOB": [
    0.00594546,
    0.00595886
  ],
  "NEWT": [
    0.076182,
    0.076282
  ],
  "BANK": [
    0.0369024,
    0.03704329
  ],
  "INIT": [
    0.083454,
    0.084005
  ],
  "L3": [
    0.01025765,
    0.01029825
  ],
  "DSYNC": [
    0.01345916,
    0.01357105
  ],
  "MUBARAK": [
    0.01343444,
    0.01340855
  ],
  "SONIC": [
    0.03506442,
    0.03513059
  ],
  "HONEY": [
    0.00243527,
    0.00214842
  ],
  "TLM": [
    0.00178085,
    0.00177727
  ],
  "AIN": [
    0.062196,
    0.06172
  ],
  "PAAL": [
    0.01271788,
    0.01271452
  ],
  "RESOLV": [
    0.02937292,
    0.02932031
  ],
  "DAO": [
    0.04482118,
    0.0449616
  ],
  "IKA": [
    0.00364809,
    0.0036859
  ],
  "COQ": [
    1.45866e-7,
    1.46148e-7
  ],
  "HMSTR": [
    0.00015265,
    0.00015284
  ],
  "TAI": [
    0.01624511,
    0.01627274
  ],
  "LAT": [
    0.00132497,
    0.00132892
  ],
  "AVL": [
    0.02582061,
    0.02577646
  ],
  "FUEL": [
    0.00093834,
    0.00094734
  ],
  "DENT": [
    0.00007973,
    0.00007631
  ],
  "NAVX": [
    0.00858167,
    0.00858279
  ],
  "NKN": [
    0.00881316,
    0.00871461
  ],
  "COS": [
    0.00115686,
    0.0011545
  ],
  "SOLV": [
    0.0039116,
    0.00398171
  ],
  "PIXEL": [
    0.00752443,
    0.00745472
  ],
  "OBT": [
    0.00101959,
    0.00101825
  ],
  "ROAM": [
    0.01665641,
    0.01631969
  ],
  "RSS3": [
    0.00573098,
    0.00571636
  ],
  "FWOG": [
    0.00450551,
    0.00459283
  ],
  "FHE": [
    0.01736667,
    0.01765488
  ],
  "DMC": [
    0.00071029,
    0.00071181
  ],
  "OAS": [
    0.00065102,
    0.00064632
  ],
  "LYXE": [
    0.224656,
    0.224656
  ],
  "GEAR": [
    0.00024895,
    0.00025031
  ],
  "RDNT": [
    0.00193675,
    0.0019282
  ],
  "FORTH": [
    0.230787,
    0.230444
  ],
  "HOOK": [
    0.00828017,
    0.00829742
  ],
  "SAMO": [
    0.00039038,
    0.00039064
  ],
  "CUDIS": [
    0.00791396,
    0.00795919
  ],
  "PERP": [
    0.02562387,
    0.02571935
  ],
  "PTB": [
    0.00082453,
    0.00082565
  ],
  "EPT": [
    0.00073222,
    0.00073491
  ],
  "FIS": [
    0.01052937,
    0.01052833
  ],
  "HIPPO": [
    0.00015994,
    0.00016123
  ],
  "GORK": [
    0.00158524,
    0.00158753
  ],
  "FLM": [
    0.00269995,
    0.00269865
  ],
  "SAROS": [
    0.00056897,
    0.00056147
  ],
  "DATA": [
    0.00086602,
    0.00087264
  ],
  "INSP": [
    0.001262,
    0.00121456
  ],
  "ACA": [
    0.00068424,
    0.000683
  ],
  "FOXY": [
    0.00011898,
    0.00011894
  ],
  "A2Z": [
    0.00007432,
    0.00007348
  ],
  "DUCK": [
    0.00007325,
    0.00007303
  ],
  "RFC": [
    0.00056804,
    0.00056948
  ],
  "SWTCH": [
    0.00335272,
    0.00338951
  ],
  "LOOKS": [
    0.00040152,
    0.00040156
  ],
  "BDXN": [
    0.00185287,
    0.00185855
  ],
  "MOONPIG": [
    0.00029198,
    0.000294
  ],
  "ROOT": [
    0.00006131,
    0.0000594
  ],
  "CHILLGUY": [
    0.00015759,
    0.00015816
  ],
  "APU": [
    0.00005254,
    0.00005317
  ],
  "CHESS": [
    0.0001553,
    0.0001553
  ],
  "HOLO": [
    0.00001233,
    0.00001236
  ],
  "GMMT": [
    0.0027704,
    0.00278669
  ],
  "RATS": [
    0.00003782,
    0.00003796
  ],
  "ADB": [
    null,
    null
  ]
}