{
  "PUMP": [
    0.00167164,
    0.00165118
  ],
  "STABLE": [
    0.0272668,
    0.02824786
  ],
  "SIREN": [
    0.523324,
    0.53491
  ],
  "AERO": [
    0.313158,
    0.311707
  ],
  "MON": [
    0.02722381,
    0.02659619
  ],
  "JASMY": [
    0.00526934,
    0.00520319
  ],
  "LIT": [
    0.985164,
    0.975548
  ],
  "CVX": [
    1.71,
    1.68
  ],
  "BAT": [
    0.095938,
    0.094333
  ],
  "ATH": [
    0.00687744,
    0.00665873
  ],
  "BANANAS31": [
    0.01204245,
    0.01216351
  ],
  "COW": [
    0.204102,
    0.199885
  ],
  "ONT": [
    0.096386,
    0.099273
  ],
  "CHEEMS": [
    4.07058e-7,
    3.97593e-7
  ],
  "SKYAI": [
    0.078502,
    0.075588
  ],
  "TAG": [
    0.0006924,
    0.00067061
  ],
  "SAHARA": [
    0.02343987,
    0.02310105
  ],
  "CKB": [
    0.00146189,
    0.0014295
  ],
  "POLYX": [
    0.052109,
    0.050041
  ],
  "BAN": [
    0.057323,
    0.05861
  ],
  "NPC": [
    0.00709623,
    0.00708747
  ],
  "ARC": [
    0.05505,
    0.053978
  ],
  "CSPR": [
    0.00292236,
    0.00291151
  ],
  "BEAT": [
    0.33381,
    0.321789
  ],
  "MYX": [
    0.235344,
    0.230849
  ],
  "IOTX": [
    0.0044511,
    0.00442129
  ],
  "NOT": [
    0.00035784,
    0.00034945
  ],
  "DEP": [
    0.00114206,
    0.00114213
  ],
  "ISLM": [
    0.01194449,
    0.01209755
  ],
  "SNEK": [
    0.00041559,
    0.00041233
  ],
  "L3": [
    0.0174626,
    0.0219361
  ],
  "REZ": [
    0.00340184,
    0.00356506
  ],
  "MERL": [
    0.02382948,
    0.0239205
  ],
  "NYM": [
    0.03441431,
    0.0343805
  ],
  "SPELL": [
    0.00015975,
    0.00015792
  ],
  "GUN": [
    0.01453588,
    0.0145024
  ],
  "HUMA": [
    0.01384366,
    0.01404232
  ],
  "DEGEN": [
    0.00066756,
    0.00065592
  ],
  "CORN": [
    0.04501776,
    0.04500021
  ],
  "NEIRO": [
    0.00005506,
    0.00005355
  ],
  "ALLO": [
    0.10188,
    0.101892
  ],
  "SATS": [
    1.0712e-8,
    1.0564e-8
  ],
  "MAGMA": [
    0.11275,
    0.116102
  ],
  "LRC": [
    0.01756289,
    0.01742008
  ],
  "SLP": [
    0.0006099,
    0.00058993
  ],
  "CPOOL": [
    0.02276386,
    0.0216723
  ],
  "AURORA": [
    0.02602293,
    0.02604323
  ],
  "DENT": [
    0.00017554,
    0.00017478
  ],
  "BOB": [
    0.00564941,
    0.00577985
  ],
  "RESOLV": [
    0.03970971,
    0.03952163
  ],
  "INIT": [
    0.081957,
    0.081444
  ],
  "DSYNC": [
    0.01461292,
    0.01406228
  ],
  "NIL": [
    0.033405,
    0.03228223
  ],
  "NEWT": [
    0.064953,
    0.063647
  ],
  "SONIC": [
    0.03684471,
    0.03653579
  ],
  "DAO": [
    0.053189,
    0.052032
  ],
  "BANK": [
    0.02831978,
    0.02859529
  ],
  "HONEY": [
    0.00207565,
    0.00208413
  ],
  "AIN": [
    0.058637,
    0.063007
  ],
  "GRIFFAIN": [
    0.01210341,
    0.01167206
  ],
  "IKA": [
    0.00431927,
    0.00398312
  ],
  "PAAL": [
    0.01282523,
    0.01263035
  ],
  "MUBARAK": [
    0.01114607,
    0.01103464
  ],
  "ROAM": [
    0.03141447,
    0.03089526
  ],
  "TLM": [
    0.00165,
    0.00161531
  ],
  "AVL": [
    0.03466898,
    0.03510903
  ],
  "SWARMS": [
    0.01077106,
    0.01012919
  ],
  "TAI": [
    0.01612919,
    0.0159571
  ],
  "LAT": [
    0.00130812,
    0.00130077
  ],
  "HMSTR": [
    0.00013854,
    0.00013573
  ],
  "SOLV": [
    0.0049602,
    0.00565193
  ],
  "NAVX": [
    0.00886617,
    0.00890386
  ],
  "FUEL": [
    0.00093913,
    0.00093852
  ],
  "COS": [
    0.00147173,
    0.00137967
  ],
  "NKN": [
    0.00926208,
    0.00893734
  ],
  "COQ": [
    9.3259e-8,
    9.2656e-8
  ],
  "RSS3": [
    0.00626923,
    0.00624094
  ],
  "OBT": [
    0.00100878,
    0.00101501
  ],
  "PIXEL": [
    0.00647921,
    0.00640336
  ],
  "FWOG": [
    0.0047634,
    0.00474971
  ],
  "FHE": [
    0.01786333,
    0.01787359
  ],
  "DMC": [
    0.00072506,
    0.00071722
  ],
  "HIPPO": [
    0.00041898,
    0.00041398
  ],
  "LYXE": [
    0.260697,
    0.259433
  ],
  "RDNT": [
    0.00259394,
    0.0026212
  ],
  "FORTH": [
    0.252879,
    0.281351
  ],
  "GEAR": [
    0.00030341,
    0.00029363
  ],
  "SAMO": [
    0.00043354,
    0.00042978
  ],
  "DUCK": [
    0.00031492,
    0.00031701
  ],
  "OAS": [
    0.00036259,
    0.00035865
  ],
  "HOOK": [
    0.00786615,
    0.00813916
  ],
  "PTB": [
    0.00084106,
    0.00096383
  ],
  "FIS": [
    0.01289193,
    0.01259983
  ],
  "CUDIS": [
    0.0076994,
    0.00761793
  ],
  "PERP": [
    0.02649601,
    0.02582454
  ],
  "EPT": [
    0.00074514,
    0.000736
  ],
  "FLM": [
    0.00282091,
    0.00280483
  ],
  "DATA": [
    0.00097968,
    0.00098179
  ],
  "GORK": [
    0.00128629,
    0.00126116
  ],
  "SAROS": [
    0.00046669,
    0.00046278
  ],
  "INSP": [
    0.00120416,
    0.00119905
  ],
  "ACA": [
    0.00077529,
    0.00079989
  ],
  "A2Z": [
    0.00010852,
    0.00010251
  ],
  "SWTCH": [
    0.00352767,
    0.00354976
  ],
  "FOXY": [
    0.00009692,
    0.00009572
  ],
  "RFC": [
    0.0005211,
    0.00051763
  ],
  "LOOKS": [
    0.00039216,
    0.00039534
  ],
  "BDXN": [
    0.00197318,
    0.00193606
  ],
  "MOONPIG": [
    0.00029191,
    0.00028794
  ],
  "ROOT": [
    0.0000613,
    0.00006237
  ],
  "CHESS": [
    0.00037377,
    0.00039322
  ],
  "CHILLGUY": [
    0.00006749,
    0.00006737
  ],
  "APU": [
    0.00003046,
    0.00003044
  ],
  "HOLO": [
    0.00001234,
    0.00001221
  ],
  "RATS": [
    0.00003727,
    0.0000371
  ],
  "GMMT": [
    0.00379574,
    0.00373848
  ],
  "ADB": [
    null,
    null
  ]
}