{
  "PUMP": [
    0.00168838,
    0.0017015
  ],
  "STABLE": [
    0.02656459,
    0.02737523
  ],
  "AERO": [
    0.326678,
    0.328851
  ],
  "JASMY": [
    0.00540507,
    0.00540143
  ],
  "MON": [
    0.02440377,
    0.02385761
  ],
  "LIT": [
    0.876317,
    0.894497
  ],
  "SIREN": [
    0.245067,
    0.261528
  ],
  "CVX": [
    1.79,
    1.8
  ],
  "BAT": [
    0.099914,
    0.100288
  ],
  "BANANAS31": [
    0.01324872,
    0.01332678
  ],
  "ATH": [
    0.00696754,
    0.00708219
  ],
  "ONT": [
    0.122852,
    0.125293
  ],
  "COW": [
    0.206595,
    0.207571
  ],
  "CHEEMS": [
    4.74431e-7,
    4.9463e-7
  ],
  "TAG": [
    0.00070368,
    0.00073228
  ],
  "SAHARA": [
    0.02266981,
    0.02272398
  ],
  "CKB": [
    0.00145242,
    0.00145339
  ],
  "NPC": [
    0.00750258,
    0.00759095
  ],
  "SKYAI": [
    0.061916,
    0.060848
  ],
  "BEAT": [
    0.42795,
    0.419841
  ],
  "POLYX": [
    0.04616882,
    0.04619207
  ],
  "ARC": [
    0.05544,
    0.055466
  ],
  "BAN": [
    0.056798,
    0.054958
  ],
  "CSPR": [
    0.00319776,
    0.00318279
  ],
  "IOTX": [
    0.0045413,
    0.00453579
  ],
  "MYX": [
    0.2155,
    0.220544
  ],
  "NOT": [
    0.00036414,
    0.00036336
  ],
  "SNEK": [
    0.00044989,
    0.00045663
  ],
  "DEP": [
    0.00115837,
    0.00116215
  ],
  "ISLM": [
    0.01240193,
    0.01218892
  ],
  "GUN": [
    0.01703655,
    0.01700415
  ],
  "MERL": [
    0.02394457,
    0.02396006
  ],
  "NYM": [
    0.03408714,
    0.03400333
  ],
  "SPELL": [
    0.00016421,
    0.000164
  ],
  "REZ": [
    0.00341325,
    0.00339344
  ],
  "DEGEN": [
    0.00069717,
    0.00069428
  ],
  "HUMA": [
    0.01415362,
    0.01417124
  ],
  "NEIRO": [
    0.00005831,
    0.00005812
  ],
  "LRC": [
    0.01950106,
    0.01925016
  ],
  "ALLO": [
    0.108683,
    0.108774
  ],
  "BANK": [
    0.057474,
    0.056275
  ],
  "CORN": [
    0.04484575,
    0.04496205
  ],
  "SATS": [
    1.0998e-8,
    1.098e-8
  ],
  "SLP": [
    0.00059891,
    0.00060263
  ],
  "CPOOL": [
    0.02245826,
    0.02222889
  ],
  "MAGMA": [
    0.105378,
    0.103871
  ],
  "AURORA": [
    0.02679521,
    0.02680158
  ],
  "DENT": [
    0.00018419,
    0.00018354
  ],
  "DAO": [
    0.05857,
    0.06048
  ],
  "DSYNC": [
    0.01483688,
    0.01515397
  ],
  "RESOLV": [
    0.03924769,
    0.03896029
  ],
  "BOB": [
    0.00525942,
    0.00527076
  ],
  "NEWT": [
    0.069351,
    0.068908
  ],
  "INIT": [
    0.078885,
    0.079168
  ],
  "NIL": [
    0.03402477,
    0.03361911
  ],
  "SONIC": [
    0.03858362,
    0.03840559
  ],
  "L3": [
    0.00955676,
    0.00958639
  ],
  "ROAM": [
    0.0366883,
    0.03667381
  ],
  "PAAL": [
    0.01371108,
    0.0137485
  ],
  "IKA": [
    0.00393373,
    0.00393636
  ],
  "MUBARAK": [
    0.01162019,
    0.01161247
  ],
  "HONEY": [
    0.00195019,
    0.00198181
  ],
  "GRIFFAIN": [
    0.01129308,
    0.01129129
  ],
  "TLM": [
    0.00166319,
    0.00164863
  ],
  "SWARMS": [
    0.0101486,
    0.01025854
  ],
  "AIN": [
    0.053978,
    0.054595
  ],
  "TAI": [
    0.01575741,
    0.01587628
  ],
  "NKN": [
    0.01154778,
    0.01146082
  ],
  "LAT": [
    0.00130535,
    0.00130292
  ],
  "HMSTR": [
    0.0001349,
    0.00013561
  ],
  "AVL": [
    0.02833468,
    0.02779808
  ],
  "NAVX": [
    0.00927857,
    0.00926009
  ],
  "FUEL": [
    0.00092149,
    0.00092254
  ],
  "COS": [
    0.00132589,
    0.00134013
  ],
  "COQ": [
    9.6322e-8,
    9.6501e-8
  ],
  "PIXEL": [
    0.00799987,
    0.00805722
  ],
  "SOLV": [
    0.00376168,
    0.00384226
  ],
  "OBT": [
    0.0010193,
    0.00102808
  ],
  "HIPPO": [
    0.000539,
    0.00054205
  ],
  "RSS3": [
    0.00566343,
    0.00563062
  ],
  "FWOG": [
    0.00517564,
    0.0050478
  ],
  "FHE": [
    0.01841195,
    0.01820791
  ],
  "RDNT": [
    0.00342749,
    0.00345046
  ],
  "DMC": [
    0.00074072,
    0.00072582
  ],
  "LYXE": [
    0.277226,
    0.278954
  ],
  "DUCK": [
    0.0005535,
    0.00048884
  ],
  "FORTH": [
    0.286413,
    0.285263
  ],
  "GEAR": [
    0.00030245,
    0.00030061
  ],
  "HOOK": [
    0.00873975,
    0.00859971
  ],
  "SAMO": [
    0.00042685,
    0.00042286
  ],
  "OAS": [
    0.00033789,
    0.0003393
  ],
  "FIS": [
    0.01363764,
    0.01374282
  ],
  "PERP": [
    0.02878244,
    0.02927256
  ],
  "CUDIS": [
    0.00797311,
    0.00799143
  ],
  "EPT": [
    0.00074477,
    0.00073773
  ],
  "FLM": [
    0.00282082,
    0.00282981
  ],
  "PTB": [
    0.00078788,
    0.00077302
  ],
  "SAROS": [
    0.00054688,
    0.00054283
  ],
  "GORK": [
    0.00142306,
    0.00139626
  ],
  "DATA": [
    0.00098942,
    0.00099434
  ],
  "INSP": [
    0.0014474,
    0.00146636
  ],
  "ACA": [
    0.000756,
    0.00076294
  ],
  "SWTCH": [
    0.00458837,
    0.00462689
  ],
  "A2Z": [
    0.00008307,
    0.00008311
  ],
  "FOXY": [
    0.00009552,
    0.00009717
  ],
  "RFC": [
    0.00056019,
    0.00054888
  ],
  "LOOKS": [
    0.00042265,
    0.00042568
  ],
  "BDXN": [
    0.00195438,
    0.00191064
  ],
  "MOONPIG": [
    0.00030393,
    0.00029686
  ],
  "CHESS": [
    0.0011699,
    0.00117237
  ],
  "ROOT": [
    0.00005899,
    0.00006098
  ],
  "CHILLGUY": [
    0.00006699,
    0.00006699
  ],
  "APU": [
    0.00003383,
    0.00003321
  ],
  "HOLO": [
    0.00001274,
    0.00001343
  ],
  "RATS": [
    0.00003758,
    0.00003785
  ],
  "GMMT": [
    0.00373782,
    0.00375055
  ],
  "ADB": [
    null,
    null
  ]
}