{
  "SIREN": [
    0.796287,
    1.52
  ],
  "PUMP": [
    0.00170923,
    0.00169073
  ],
  "STABLE": [
    0.02632217,
    0.02592583
  ],
  "AERO": [
    0.320223,
    0.319045
  ],
  "JASMY": [
    0.0054071,
    0.00526233
  ],
  "MON": [
    0.02238418,
    0.02206989
  ],
  "LIT": [
    0.880999,
    0.84891
  ],
  "CVX": [
    1.66,
    1.67
  ],
  "BAT": [
    0.093937,
    0.093446
  ],
  "ATH": [
    0.00693479,
    0.00723657
  ],
  "BANANAS31": [
    0.01299907,
    0.01310228
  ],
  "COW": [
    0.195406,
    0.192424
  ],
  "CHEEMS": [
    4.23734e-7,
    4.11075e-7
  ],
  "SAHARA": [
    0.02519616,
    0.02473841
  ],
  "BEAT": [
    0.511943,
    0.508373
  ],
  "CKB": [
    0.0013691,
    0.00135708
  ],
  "SKYAI": [
    0.063235,
    0.063588
  ],
  "TAG": [
    0.0005777,
    0.00058116
  ],
  "NPC": [
    0.00750591,
    0.00740787
  ],
  "BAN": [
    0.056517,
    0.057293
  ],
  "CSPR": [
    0.00324882,
    0.00354584
  ],
  "POLYX": [
    0.04396721,
    0.04412478
  ],
  "ONT": [
    0.052072,
    0.057236
  ],
  "ARC": [
    0.04731851,
    0.0471283
  ],
  "MYX": [
    0.251972,
    0.246572
  ],
  "IOTX": [
    0.00468655,
    0.00474524
  ],
  "NOT": [
    0.00035001,
    0.00034382
  ],
  "SNEK": [
    0.00043299,
    0.00043274
  ],
  "ISLM": [
    0.01320476,
    0.0126584
  ],
  "DEP": [
    0.00115131,
    0.00115058
  ],
  "MERL": [
    0.02446142,
    0.02464256
  ],
  "LRC": [
    0.02271522,
    0.02262615
  ],
  "SPELL": [
    0.00016367,
    0.00016156
  ],
  "GUN": [
    0.01790856,
    0.01686597
  ],
  "NYM": [
    0.03229635,
    0.03245956
  ],
  "HUMA": [
    0.01509515,
    0.01535899
  ],
  "REZ": [
    0.00331627,
    0.00332567
  ],
  "DEGEN": [
    0.00068873,
    0.00068398
  ],
  "CORN": [
    0.04682895,
    0.04677802
  ],
  "MAGMA": [
    0.125021,
    0.127728
  ],
  "ALLO": [
    0.108242,
    0.106006
  ],
  "NEIRO": [
    0.0000556,
    0.00005457
  ],
  "CPOOL": [
    0.02564485,
    0.02347468
  ],
  "SATS": [
    1.0563e-8,
    1.0303e-8
  ],
  "SLP": [
    0.00058184,
    0.00057859
  ],
  "AURORA": [
    0.02820505,
    0.02825619
  ],
  "DENT": [
    0.00020078,
    0.00019836
  ],
  "BANK": [
    0.0410472,
    0.0420957
  ],
  "DAO": [
    0.067431,
    0.071345
  ],
  "DSYNC": [
    0.01720808,
    0.01706179
  ],
  "BOB": [
    0.00588586,
    0.00585784
  ],
  "RESOLV": [
    0.04071393,
    0.0405221
  ],
  "NEWT": [
    0.073123,
    0.070141
  ],
  "INIT": [
    0.076772,
    0.078437
  ],
  "ROAM": [
    0.04128744,
    0.04035194
  ],
  "SONIC": [
    0.03874824,
    0.03813669
  ],
  "NIL": [
    0.03207581,
    0.03055597
  ],
  "L3": [
    0.00951079,
    0.00951514
  ],
  "PAAL": [
    0.01430502,
    0.01439892
  ],
  "HONEY": [
    0.00225652,
    0.00224704
  ],
  "MUBARAK": [
    0.01136382,
    0.01129922
  ],
  "AIN": [
    0.058042,
    0.059526
  ],
  "GRIFFAIN": [
    0.01078746,
    0.01052491
  ],
  "TLM": [
    0.00162474,
    0.00160166
  ],
  "IKA": [
    0.00337525,
    0.00335659
  ],
  "NKN": [
    0.01240418,
    0.01194188
  ],
  "TAI": [
    0.01570877,
    0.01623843
  ],
  "LAT": [
    0.00130127,
    0.00132137
  ],
  "SWARMS": [
    0.00931958,
    0.00896509
  ],
  "HMSTR": [
    0.0001351,
    0.00013361
  ],
  "FUEL": [
    0.0010598,
    0.00106076
  ],
  "COS": [
    0.00154834,
    0.0015165
  ],
  "DUCK": [
    0.00108014,
    0.00107784
  ],
  "AVL": [
    0.02667038,
    0.0254789
  ],
  "NAVX": [
    0.00847617,
    0.00843875
  ],
  "PIXEL": [
    0.00897685,
    0.00878379
  ],
  "COQ": [
    9.657e-8,
    9.7314e-8
  ],
  "OBT": [
    0.00107895,
    0.00109077
  ],
  "RDNT": [
    0.00418228,
    0.00415765
  ],
  "HIPPO": [
    0.00051574,
    0.00051279
  ],
  "FWOG": [
    0.00486592,
    0.00482116
  ],
  "RSS3": [
    0.00554461,
    0.00532084
  ],
  "SOLV": [
    0.00311822,
    0.00302702
  ],
  "FHE": [
    0.01743845,
    0.01795412
  ],
  "LYXE": [
    0.282283,
    0.283035
  ],
  "DMC": [
    0.00070127,
    0.00070854
  ],
  "FORTH": [
    0.357087,
    0.358852
  ],
  "PTB": [
    0.00176001,
    0.00167338
  ],
  "GEAR": [
    0.00029852,
    0.00031341
  ],
  "HOOK": [
    0.00941131,
    0.00938592
  ],
  "FIS": [
    0.01535053,
    0.01530033
  ],
  "SAMO": [
    0.00040397,
    0.00039886
  ],
  "OAS": [
    0.00033794,
    0.00034714
  ],
  "PERP": [
    0.02922747,
    0.02849489
  ],
  "CUDIS": [
    0.00885214,
    0.00790136
  ],
  "A2Z": [
    0.00022482,
    0.00022165
  ],
  "EPT": [
    0.00082092,
    0.00079719
  ],
  "FLM": [
    0.00265325,
    0.00267586
  ],
  "GORK": [
    0.00146053,
    0.00151838
  ],
  "SAROS": [
    0.00053904,
    0.00052405
  ],
  "DATA": [
    0.00103148,
    0.00103344
  ],
  "INSP": [
    0.00124845,
    0.00125056
  ],
  "ACA": [
    0.00078634,
    0.00081412
  ],
  "FOXY": [
    0.00012675,
    0.00012824
  ],
  "SWTCH": [
    0.00315356,
    0.00394443
  ],
  "RFC": [
    0.00052969,
    0.00051707
  ],
  "BDXN": [
    0.0024668,
    0.00246634
  ],
  "LOOKS": [
    0.0003956,
    0.00039414
  ],
  "CHESS": [
    0.0015003,
    0.00153189
  ],
  "MOONPIG": [
    0.00031265,
    0.00030772
  ],
  "ROOT": [
    0.00006993,
    0.00006994
  ],
  "CHILLGUY": [
    0.00006241,
    0.0000623
  ],
  "APU": [
    0.0000321,
    0.00003173
  ],
  "HOLO": [
    0.00001291,
    0.00001281
  ],
  "GMMT": [
    0.00330665,
    0.0032938
  ],
  "RATS": [
    0.00005737,
    0.00005867
  ],
  "ADB": [
    null,
    null
  ]
}