{
  "GAMER": [
    4.47685e-7
  ],
  "CHIP": [
    2.036e-9
  ],
  "LIQR": [
    0.00007303
  ],
  "EGG": [
    0.00085007
  ],
  "PTEK": [
    0.04118321
  ],
  "BULL": [
    4.76413e-10
  ],
  "ECOREAL": [
    0.329267
  ],
  "NBS": [
    0.00008397
  ],
  "GFI": [
    0.00017072
  ],
  "PEG": [
    1.55256e-10
  ],
  "SAFE": [
    1.51
  ],
  "ULTRA": [
    1.013e-9
  ],
  "COPX": [
    0.01899846
  ],
  "ULAB": [
    0.00208429
  ],
  "NUTGV2": [
    0.00010717
  ],
  "NVM": [
    0.407221,
    0.407137
  ],
  "LUMI": [
    0.04099448,
    0.04099448
  ],
  "PUUSH": [
    3.6853e-8
  ],
  "KYROS": [
    0.01923129
  ],
  "CID": [
    0.00018013
  ],
  "BACK": [
    0.00002912
  ],
  "OC": [
    0.02512666
  ],
  "VOPO": [
    6.6285e-10
  ],
  "SOLAREUM": [
    4.88152e-7
  ],
  "HADES": [
    0.00326571
  ],
  "SNORT": [
    0.0001563
  ],
  "AVO": [
    0.00001654
  ],
  "EUSX": [
    1.026
  ],
  "SP": [
    0.0001326
  ],
  "BUCKY": [
    8.0249e-8
  ],
  "CPEN": [
    0.00067821
  ],
  "IDLEUSDCSAFE": [
    1.2
  ],
  "GVC": [
    0.01548189
  ],
  "QWLA": [
    0.081341
  ],
  "F3": [
    0.00037883
  ],
  "UPY": [
    0.080563
  ],
  "COPTER": [
    4.82186e-13
  ],
  "UERII": [
    0.0007617
  ],
  "PEEZY": [
    1.6831e-11
  ],
  "CRAZYBUNNY": [
    4.4264e-11,
    0
  ],
  "DSS": [
    0.01173996
  ],
  "NIX": [
    0.00659891
  ],
  "SCT": [
    0.00250011,
    0.0024994
  ],
  "XCHNG": [
    0.00035118
  ],
  "SAFUU": [
    0.11871
  ],
  "FANC": [
    0.00127337
  ],
  "BDT": [
    0.211709
  ],
  "SPACE": [
    0.00180811
  ],
  "VDAI": [
    0.02604113
  ],
  "HNB": [
    0.00023187,
    0.00022988
  ],
  "GDAI": [
    0.999895
  ],
  "PEANUT": [
    0.00068684
  ],
  "IVIP": [
    8.38914e-7
  ],
  "SKLAY": [
    0.069579
  ],
  "YNG": [
    0.485891
  ],
  "STORM": [
    0.00050656
  ],
  "IUSD": [
    0.46928
  ],
  "TBC": [
    0.553783
  ],
  "TGR": [
    0.01593371
  ],
  "WX": [
    0.0014974
  ],
  "STABAL3": [
    1.03
  ],
  "MAXX": [
    0.00037975
  ],
  "O": [
    0.00000117,
    0.00000117
  ],
  "AITAX": [
    0.00013574,
    0.00013574
  ],
  "GNET": [
    0.01164886,
    0.01149143
  ],
  "HOBBES": [
    1.1513e-8
  ],
  "LONG": [
    0.00004797
  ],
  "WIN": [
    0.00002104
  ],
  "OREO": [
    0.00350686
  ],
  "BAMBOO": [
    0.00024553
  ],
  "PLSX": [
    0.00000616
  ],
  "OMEN": [
    0.00074334
  ],
  "WANXRP": [
    1.38
  ],
  "VTGO": [
    0.778733
  ],
  "MCT": [
    0.08976
  ],
  "SCCN": [
    0.0025967
  ],
  "MPDAO": [
    0.0121
  ],
  "QTC": [
    0.01641341
  ],
  "WWEMIX": [
    0.268792
  ],
  "VISION": [
    0.00007369,
    0.00006466
  ],
  "PKN": [
    0.00002979
  ],
  "ADM": [
    0.00063812
  ],
  "BOBO": [
    2.72e-9
  ],
  "PSYOP": [
    0.00000808
  ],
  "CROB": [
    0.234804
  ],
  "HODL": [
    0.0004703
  ],
  "CANDY": [
    2.9029e-8
  ],
  "POL": [
    0.00021323,
    0.00021321
  ],
  "UW3S": [
    0.0005889
  ],
  "LIUSD": [
    1.17
  ],
  "WE": [
    0.01851439
  ],
  "PANDA": [
    0.00000231
  ],
  "HANK": [
    0.00000565
  ],
  "EURSPKCC": [
    1.15
  ],
  "MCTP": [
    0.04539245
  ],
  "X": [
    0.02726252,
    0.03662559
  ],
  "YVLUSD": [
    1.24
  ],
  "SET": [
    8.05e-16
  ],
  "GFTM": [
    0.107457
  ],
  "PNDR": [
    0.00188174
  ],
  "SKO": [
    0.00021307
  ],
  "XPX": [
    0.0000034
  ],
  "YVUSDC": [
    1.17
  ],
  "SLIME": [
    0.00016454
  ],
  "$PEEP": [
    0.00000184
  ],
  "QUIPU": [
    0.01076874
  ],
  "MULN": [
    0.0000229
  ],
  "FINE": [
    0.0002466,
    0.0002466
  ],
  "EOS": [
    0.076927
  ],
  "SAT": [
    1.046e-9
  ],
  "IDOS": [
    0.01636985
  ],
  "CHECKS": [
    4.1298e-8
  ],
  "FM": [
    0.0079
  ],
  "BG": [
    0.00106905
  ],
  "KEL": [
    0.00083844
  ],
  "BBC": [
    0.00132183,
    0.00129325
  ],
  "MAI": [
    0.175525
  ],
  "NU": [
    0.02048282
  ],
  "OPY": [
    0.00049002
  ],
  "ZKHIVE": [
    0.00061976
  ],
  "NVX": [
    0.00006692
  ],
  "SS": [
    0.00576198,
    0.00576198
  ],
  "ZAM": [
    0.00000827
  ],
  "GM": [
    6.3111e-11
  ],
  "XPP": [
    0.00007696
  ],
  "VIBE": [
    0.00001458,
    0.0000647
  ],
  "MRC": [
    0.00073204
  ],
  "TSD": [
    1.037
  ],
  "APEX": [
    0.00089018
  ],
  "SCARCITY": [
    0.00667457
  ],
  "SRC": [
    0.00879467
  ],
  "USHARK": [
    0.00000495
  ],
  "AMI": [
    0.00138814
  ],
  "VSXP": [
    0.00015614
  ],
  "COP": [
    0.00026645
  ],
  "REAL": [
    0.0035983
  ],
  "PLEB": [
    5.73237e-10,
    2.2911e-11
  ],
  "LYK": [
    0.128807
  ],
  "ZADDY": [
    0.00139511
  ],
  "NACRDX": [
    0.993657
  ],
  "PLSB": [
    0.03538851
  ],
  "AURORA": [
    0.00078684
  ],
  "USDE": [
    0.967654
  ],
  "SNIBBU": [
    2.006e-9
  ],
  "GMI": [
    0.00143017
  ],
  "PARTY": [
    0.00049728
  ],
  "HEWE": [
    0.00046391
  ],
  "ENLVON": [
    1.028,
    1.028
  ],
  "1000SATS": [
    0.00001058
  ],
  "AINU": [
    1.027e-9
  ],
  "QTO": [
    0.110493
  ],
  "PLENTY": [
    0.00100412
  ],
  "RABI": [
    0.00072801
  ],
  "CYLA": [
    0.117865
  ],
  "BRG": [
    0.00005346
  ],
  "ZENIQ": [
    0.02054628
  ],
  "ORE": [
    0.00005238,
    0.00005238
  ],
  "QE": [
    9.4521e-7
  ],
  "AQLA": [
    0.00189398
  ],
  "LOVE": [
    0.00502684
  ],
  "MIRAI": [
    0.00053269
  ],
  "BYTES": [
    0.482532
  ],
  "KING": [
    0.00005371
  ],
  "UTK": [
    0.00968455
  ],
  "GXE": [
    0.00032688
  ],
  "MLP": [
    0.00014236,
    0.00014194
  ],
  "APD": [
    0.01224422
  ],
  "LYUM": [
    0.00043903
  ],
  "FROG": [
    6.97295e-7
  ],
  "SMB": [
    0.212555
  ],
  "OASIS": [
    0.91693
  ],
  "QAN": [
    2.89884e-7
  ],
  "MULTI": [
    0.20892
  ],
  "EFT": [
    5.3304e-8,
    5.2914e-8
  ],
  "PAW": [
    2.4726e-11
  ],
  "AGO": [
    0.00027225
  ],
  "PHIAT": [
    0.00517109
  ],
  "LYD": [
    0.00005902
  ],
  "YFLOW": [
    0.969609
  ],
  "SPADE": [
    0.00529349
  ],
  "JOC": [
    0.064574
  ],
  "RNG": [
    0.00101358
  ],
  "PAYB": [
    0.01109602
  ],
  "BIAO": [
    0.00000353
  ],
  "POCO": [
    0.00010579
  ],
  "FSR": [
    0.00000281
  ],
  "BIRB": [
    0.00144354
  ],
  "S315": [
    0.25271
  ],
  "PIXFI": [
    0.00005547,
    0.00006126
  ],
  "GNX": [
    1.1
  ],
  "USD1": [
    1.028
  ],
  "FID": [
    0.00034795
  ],
  "MORK": [
    0.00010703
  ],
  "D2D": [
    0.0004786
  ],
  "USDS": [
    0.700692
  ],
  "REIGN": [
    0.00065797
  ],
  "MELD": [
    0.00020952
  ],
  "KZEN": [
    0.00035301
  ],
  "DRAGONX": [
    4.48541e-7
  ],
  "UTX": [
    0.00043801
  ],
  "UIS": [
    0.00489622
  ],
  "PEN": [
    4.7947e-8
  ],
  "M2": [
    0.00002654
  ],
  "FRP": [
    0.00206949
  ],
  "YVHEGIC": [
    0.01423748
  ],
  "RWA": [
    0.0000056,
    0.0000056
  ],
  "GO4": [
    0.178908
  ],
  "$UNIT": [
    0.00985966
  ],
  "GLITCH": [
    0.00000426
  ],
  "OPULENCE": [
    0.00326111
  ],
  "LFIT": [
    0.482513
  ],
  "LTP": [
    0.076126
  ],
  "LOBO": [
    0.00001813
  ],
  "YOLO": [
    0.00003238
  ],
  "PIKA": [
    1.913e-9
  ],
  "LIGO": [
    2.32447e-7
  ],
  "DOGECOIN": [
    1.79e-9
  ],
  "SHARDS": [
    0.02071652
  ],
  "ORACLE": [
    0.000025,
    0.000025
  ],
  "PANDO": [
    0.0001672
  ],
  "PSB": [
    0.00103531
  ],
  "FUFU": [
    0.00000405
  ],
  "ZET": [
    0.00136346
  ],
  "TRADE": [
    0.00000536
  ],
  "AIL": [
    0.00019802
  ],
  "HBT": [
    9.8307e-8
  ],
  "B-80BAL-20WETH": [
    0.870473
  ],
  "DEEPR": [
    0.00020683
  ],
  "BITB": [
    0.00000409
  ],
  "BYTE": [
    0.04875946
  ],
  "$DOH": [
    0.00000497
  ],
  "VOYA": [
    0.00312431
  ],
  "PUNK": [
    0.00013631
  ],
  "RBF": [
    0.0000561
  ],
  "CHEWY": [
    6.5277e-8
  ],
  "CRONA": [
    0.00023579
  ],
  "BASE": [
    0.00000109,
    0.01668835
  ],
  "JIMMY": [
    1.4636e-8
  ],
  "AIX": [
    0.04099835
  ],
  "L3USD": [
    0.920697
  ],
  "REE": [
    0.00823295
  ],
  "MORA": [
    0.000006,
    0.000006
  ],
  "EMIT": [
    0.00002756
  ],