{
  "SIREN": [
    1.73,
    1.67
  ],
  "PUMP": [
    0.00179315,
    0.00178411
  ],
  "STABLE": [
    0.02617039,
    0.02609511
  ],
  "AERO": [
    0.329527,
    0.329002
  ],
  "JASMY": [
    0.00533127,
    0.00534257
  ],
  "MON": [
    0.02448401,
    0.02433913
  ],
  "LIT": [
    0.909371,
    0.909545
  ],
  "CVX": [
    1.69,
    1.69
  ],
  "BAT": [
    0.101731,
    0.10163
  ],
  "BANANAS31": [
    0.01399397,
    0.01377781
  ],
  "ATH": [
    0.00741452,
    0.00733307
  ],
  "COW": [
    0.201543,
    0.200306
  ],
  "CHEEMS": [
    4.42303e-7,
    4.4002e-7
  ],
  "SAHARA": [
    0.02624968,
    0.02643967
  ],
  "BEAT": [
    0.584529,
    0.577283
  ],
  "CKB": [
    0.00141286,
    0.00140888
  ],
  "SKYAI": [
    0.068041,
    0.068061
  ],
  "TAG": [
    0.00058572,
    0.0005864
  ],
  "NPC": [
    0.00787208,
    0.00785512
  ],
  "MYX": [
    0.307629,
    0.306792
  ],
  "BAN": [
    0.059112,
    0.058235
  ],
  "POLYX": [
    0.04449761,
    0.04466965
  ],
  "CSPR": [
    0.00331351,
    0.00331923
  ],
  "ONT": [
    0.054537,
    0.056587
  ],
  "IOTX": [
    0.00500569,
    0.00498806
  ],
  "ARC": [
    0.04277592,
    0.04268295
  ],
  "NOT": [
    0.00036188,
    0.00036232
  ],
  "SNEK": [
    0.00044996,
    0.00045015
  ],
  "DEP": [
    0.00116146,
    0.00116156
  ],
  "ISLM": [
    0.01249368,
    0.01239564
  ],
  "MERL": [
    0.02638461,
    0.02621206
  ],
  "GUN": [
    0.01827208,
    0.01807505
  ],
  "HUMA": [
    0.0167747,
    0.0168354
  ],
  "LRC": [
    0.02313802,
    0.02311229
  ],
  "SPELL": [
    0.00016723,
    0.0001668
  ],
  "REZ": [
    0.00349521,
    0.00349819
  ],
  "NYM": [
    0.03260968,
    0.03264943
  ],
  "MAGMA": [
    0.141104,
    0.141164
  ],
  "ALLO": [
    0.118161,
    0.117363
  ],
  "DEGEN": [
    0.00070036,
    0.0006999
  ],
  "NEIRO": [
    0.0000585,
    0.00005836
  ],
  "CORN": [
    0.04621076,
    0.04625168
  ],
  "CPOOL": [
    0.02385849,
    0.02389761
  ],
  "SATS": [
    1.0905e-8,
    1.0902e-8
  ],
  "SLP": [
    0.00059842,
    0.00060184
  ],
  "DENT": [
    0.00021336,
    0.00021568
  ],
  "AURORA": [
    0.02852814,
    0.02853271
  ],
  "DAO": [
    0.069396,
    0.072487
  ],
  "DSYNC": [
    0.01767613,
    0.01767799
  ],
  "BANK": [
    0.04120967,
    0.04134612
  ],
  "RESOLV": [
    0.04007638,
    0.04027576
  ],
  "INIT": [
    0.083959,
    0.083118
  ],
  "NEWT": [
    0.070577,
    0.070198
  ],
  "NIL": [
    0.03476751,
    0.03448207
  ],
  "L3": [
    0.01054839,
    0.01050617
  ],
  "SONIC": [
    0.03990734,
    0.03969848
  ],
  "PAAL": [
    0.01535495,
    0.01556001
  ],
  "HONEY": [
    0.00232743,
    0.00233478
  ],
  "NKN": [
    0.01769173,
    0.01652658
  ],
  "ROAM": [
    0.03794249,
    0.03798467
  ],
  "BOB": [
    0.0057737,
    0.00576801
  ],
  "MUBARAK": [
    0.01179178,
    0.01165875
  ],
  "AIN": [
    0.061408,
    0.061371
  ],
  "GRIFFAIN": [
    0.0113444,
    0.01129408
  ],
  "TLM": [
    0.00170443,
    0.00169573
  ],
  "IKA": [
    0.00334435,
    0.0033407
  ],
  "TAI": [
    0.01649903,
    0.01651311
  ],
  "LAT": [
    0.00131696,
    0.00130833
  ],
  "HMSTR": [
    0.00014034,
    0.00013938
  ],
  "SWARMS": [
    0.00825593,
    0.00831051
  ],
  "FUEL": [
    0.00107185,
    0.0010718
  ],
  "COS": [
    0.00155855,
    0.0015539
  ],
  "DUCK": [
    0.00105627,
    0.00105938
  ],
  "AVL": [
    0.02610361,
    0.02604747
  ],
  "NAVX": [
    0.00855851,
    0.00855555
  ],
  "COQ": [
    9.5973e-8,
    9.7377e-8
  ],
  "PIXEL": [
    0.00823172,
    0.00824946
  ],
  "RDNT": [
    0.00459058,
    0.0045782
  ],
  "HIPPO": [
    0.00055785,
    0.00055499
  ],
  "OBT": [
    0.00101701,
    0.00101666
  ],
  "FWOG": [
    0.00503311,
    0.00502488
  ],
  "RSS3": [
    0.00539553,
    0.00551354
  ],
  "SOLV": [
    0.00323307,
    0.00323671
  ],
  "FHE": [
    0.01821369,
    0.01807866
  ],
  "LYXE": [
    0.297726,
    0.289035
  ],
  "DMC": [
    0.0007218,
    0.0007249
  ],
  "FORTH": [
    0.383262,
    0.376062
  ],
  "PTB": [
    0.00164637,
    0.00169189
  ],
  "GEAR": [
    0.00032503,
    0.00032612
  ],
  "HOOK": [
    0.01003174,
    0.01010704
  ],
  "A2Z": [
    0.00027642,
    0.00029411
  ],
  "SAMO": [
    0.00042932,
    0.0004287
  ],
  "FIS": [
    0.01556309,
    0.01553935
  ],
  "OAS": [
    0.0003611,
    0.00036209
  ],
  "PERP": [
    0.03033392,
    0.03030442
  ],
  "CUDIS": [
    0.00781364,
    0.00777782
  ],
  "EPT": [
    0.00077537,
    0.00077658
  ],
  "FLM": [
    0.00279631,
    0.00279946
  ],
  "GORK": [
    0.00154521,
    0.00157325
  ],
  "SAROS": [
    0.00054877,
    0.00055129
  ],
  "DATA": [
    0.0010993,
    0.00109671
  ],
  "INSP": [
    0.00133205,
    0.0013252
  ],
  "ACA": [
    0.00086903,
    0.00090409
  ],
  "FOXY": [
    0.0001371,
    0.00013756
  ],
  "RFC": [
    0.00055348,
    0.00054638
  ],
  "LOOKS": [
    0.00041779,
    0.00041926
  ],
  "BDXN": [
    0.002521,
    0.00252475
  ],
  "SWTCH": [
    0.00241256,
    0.00231544
  ],
  "CHESS": [
    0.00159313,
    0.00159263
  ],
  "MOONPIG": [
    0.00032361,
    0.00032268
  ],
  "ROOT": [
    0.00006496,
    0.00006787
  ],
  "CHILLGUY": [
    0.0000648,
    0.0000648
  ],
  "APU": [
    0.00003385,
    0.00003372
  ],
  "HOLO": [
    0.00001439,
    0.00001439
  ],
  "GMMT": [
    0.00346507,
    0.0034531
  ],
  "RATS": [
    0.00005875,
    0.00005844
  ],
  "ADB": [
    null,
    null
  ]
}