{
  "SIREN": [
    1.88,
    1.7
  ],
  "PUMP": [
    0.00173944,
    0.00172994
  ],
  "STABLE": [
    0.02608064,
    0.02596425
  ],
  "AERO": [
    0.330426,
    0.32713
  ],
  "JASMY": [
    0.00533244,
    0.00529411
  ],
  "MON": [
    0.02380112,
    0.02377424
  ],
  "LIT": [
    0.870359,
    0.860415
  ],
  "CVX": [
    1.66,
    1.66
  ],
  "BAT": [
    0.095686,
    0.095426
  ],
  "BANANAS31": [
    0.01339124,
    0.01328972
  ],
  "ATH": [
    0.00701008,
    0.00695179
  ],
  "COW": [
    0.200581,
    0.199091
  ],
  "CHEEMS": [
    4.2492e-7,
    4.21605e-7
  ],
  "SAHARA": [
    0.02582169,
    0.02584291
  ],
  "CKB": [
    0.00138305,
    0.00137969
  ],
  "BEAT": [
    0.482043,
    0.467217
  ],
  "SKYAI": [
    0.063697,
    0.06364
  ],
  "TAG": [
    0.000571,
    0.00057108
  ],
  "NPC": [
    0.00759854,
    0.00767401
  ],
  "ONT": [
    0.061076,
    0.061273
  ],
  "BAN": [
    0.056978,
    0.056624
  ],
  "POLYX": [
    0.04466728,
    0.04435414
  ],
  "CSPR": [
    0.00332674,
    0.00341298
  ],
  "ARC": [
    0.051636,
    0.051609
  ],
  "MYX": [
    0.250706,
    0.249388
  ],
  "IOTX": [
    0.00470431,
    0.00470058
  ],
  "NOT": [
    0.00035607,
    0.00035286
  ],
  "SNEK": [
    0.00043213,
    0.00043122
  ],
  "ISLM": [
    0.01280575,
    0.01273227
  ],
  "DEP": [
    0.00116137,
    0.0011624
  ],
  "MERL": [
    0.024918,
    0.02491708
  ],
  "LRC": [
    0.02307087,
    0.02298595
  ],
  "SPELL": [
    0.00016455,
    0.0001647
  ],
  "HUMA": [
    0.0159884,
    0.01590701
  ],
  "NYM": [
    0.03257748,
    0.03252343
  ],
  "GUN": [
    0.01642976,
    0.01640617
  ],
  "REZ": [
    0.00342731,
    0.00338704
  ],
  "DEGEN": [
    0.00068795,
    0.00068726
  ],
  "CORN": [
    0.04660689,
    0.04655697
  ],
  "NEIRO": [
    0.0000565,
    0.00005604
  ],
  "ALLO": [
    0.105092,
    0.105006
  ],
  "MAGMA": [
    0.122796,
    0.12153
  ],
  "CPOOL": [
    0.02414253,
    0.02391088
  ],
  "SATS": [
    1.0681e-8,
    1.0618e-8
  ],
  "SLP": [
    0.00058624,
    0.00058556
  ],
  "AURORA": [
    0.0274375,
    0.02739014
  ],
  "DENT": [
    0.00019176,
    0.0001906
  ],
  "BANK": [
    0.04126555,
    0.04105803
  ],
  "DAO": [
    0.068752,
    0.068226
  ],
  "DSYNC": [
    0.01677953,
    0.01672462
  ],
  "BOB": [
    0.00576093,
    0.0057045
  ],
  "NEWT": [
    0.071176,
    0.070946
  ],
  "RESOLV": [
    0.03949478,
    0.03885877
  ],
  "INIT": [
    0.078946,
    0.079099
  ],
  "SONIC": [
    0.0391162,
    0.03887393
  ],
  "NIL": [
    0.03216979,
    0.03213147
  ],
  "PAAL": [
    0.01509164,
    0.01505361
  ],
  "ROAM": [
    0.03941261,
    0.03937437
  ],
  "L3": [
    0.00968721,
    0.00967855
  ],
  "HONEY": [
    0.00218314,
    0.00215649
  ],
  "MUBARAK": [
    0.01127831,
    0.01120585
  ],
  "GRIFFAIN": [
    0.01109939,
    0.01104833
  ],
  "AIN": [
    0.059174,
    0.059471
  ],
  "TLM": [
    0.00163293,
    0.00162797
  ],
  "IKA": [
    0.00339167,
    0.00337767
  ],
  "TAI": [
    0.01700967,
    0.01676561
  ],
  "LAT": [
    0.00131449,
    0.001311
  ],
  "SWARMS": [
    0.00911445,
    0.00887265
  ],
  "HMSTR": [
    0.00013502,
    0.00013486
  ],
  "NKN": [
    0.01071823,
    0.01097383
  ],
  "DUCK": [
    0.00111467,
    0.0011152
  ],
  "FUEL": [
    0.00103475,
    0.00103564
  ],
  "COS": [
    0.00149847,
    0.00148656
  ],
  "NAVX": [
    0.00877397,
    0.00876293
  ],
  "AVL": [
    0.02536502,
    0.02531438
  ],
  "COQ": [
    9.7605e-8,
    9.7912e-8
  ],
  "PIXEL": [
    0.00844668,
    0.0083302
  ],
  "OBT": [
    0.00103853,
    0.00104065
  ],
  "RDNT": [
    0.00431287,
    0.00424807
  ],
  "HIPPO": [
    0.00052542,
    0.00052234
  ],
  "RSS3": [
    0.00547983,
    0.00545815
  ],
  "FWOG": [
    0.00486506,
    0.00485502
  ],
  "LYXE": [
    0.293179,
    0.292587
  ],
  "DMC": [
    0.00076523,
    0.00074048
  ],
  "SOLV": [
    0.00306598,
    0.00303722
  ],
  "FHE": [
    0.0177508,
    0.0174927
  ],
  "FORTH": [
    0.384417,
    0.393178
  ],
  "GEAR": [
    0.0003086,
    0.00030967
  ],
  "PTB": [
    0.00136874,
    0.00134696
  ],
  "PERP": [
    0.03739505,
    0.03731623
  ],
  "HOOK": [
    0.0093358,
    0.00933586
  ],
  "OAS": [
    0.00036693,
    0.00037502
  ],
  "FIS": [
    0.01505925,
    0.01505771
  ],
  "SAMO": [
    0.00040834,
    0.00040816
  ],
  "CUDIS": [
    0.00782126,
    0.00785337
  ],
  "A2Z": [
    0.00022287,
    0.00021813
  ],
  "EPT": [
    0.00078338,
    0.00076956
  ],
  "GORK": [
    0.00160092,
    0.00159324
  ],
  "FLM": [
    0.0027643,
    0.00277324
  ],
  "SAROS": [
    0.00053248,
    0.00053283
  ],
  "DATA": [
    0.001011,
    0.00101532
  ],
  "SWTCH": [
    0.00646048,
    0.00647539
  ],
  "ACA": [
    0.00085517,
    0.0008601
  ],
  "INSP": [
    0.00119541,
    0.00118645
  ],
  "FOXY": [
    0.00013018,
    0.00013015
  ],
  "RFC": [
    0.00059046,
    0.00059112
  ],
  "BDXN": [
    0.0026422,
    0.00261244
  ],
  "LOOKS": [
    0.00039708,
    0.00039625
  ],
  "CHESS": [
    0.00149468,
    0.00146969
  ],
  "MOONPIG": [
    0.00031563,
    0.00031166
  ],
  "ROOT": [
    0.00007509,
    0.00007509
  ],
  "CHILLGUY": [
    0.00006301,
    0.00006245
  ],
  "APU": [
    0.00003185,
    0.00003154
  ],
  "HOLO": [
    0.00001296,
    0.00001284
  ],
  "GMMT": [
    0.00334283,
    0.00334849
  ],
  "RATS": [
    0.00005008,
    0.00004947
  ],
  "ADB": [
    null,
    null
  ]
}