{
  "SIREN": [
    1.7,
    1.7
  ],
  "PUMP": [
    0.00172994,
    0.00172598
  ],
  "STABLE": [
    0.02596425,
    0.02589912
  ],
  "AERO": [
    0.32713,
    0.32649
  ],
  "JASMY": [
    0.00529411,
    0.00528208
  ],
  "MON": [
    0.02377424,
    0.02370078
  ],
  "LIT": [
    0.860415,
    0.86216
  ],
  "CVX": [
    1.66,
    1.65
  ],
  "BAT": [
    0.095426,
    0.095293
  ],
  "BANANAS31": [
    0.01328972,
    0.01312508
  ],
  "ATH": [
    0.00695179,
    0.0069734
  ],
  "COW": [
    0.199091,
    0.198105
  ],
  "CHEEMS": [
    4.21605e-7,
    4.18943e-7
  ],
  "SAHARA": [
    0.02584291,
    0.02579205
  ],
  "CKB": [
    0.00137969,
    0.00137416
  ],
  "BEAT": [
    0.467217,
    0.468559
  ],
  "SKYAI": [
    0.06364,
    0.063871
  ],
  "TAG": [
    0.00057108,
    0.0005739
  ],
  "NPC": [
    0.00767401,
    0.00765932
  ],
  "ONT": [
    0.061273,
    0.062089
  ],
  "BAN": [
    0.056624,
    0.056661
  ],
  "POLYX": [
    0.04435414,
    0.04466379
  ],
  "CSPR": [
    0.00341298,
    0.00330308
  ],
  "ARC": [
    0.051609,
    0.05143
  ],
  "MYX": [
    0.249388,
    0.249796
  ],
  "IOTX": [
    0.00470058,
    0.00469121
  ],
  "NOT": [
    0.00035286,
    0.00035268
  ],
  "ISLM": [
    0.01273227,
    0.01286632
  ],
  "SNEK": [
    0.00043122,
    0.00042967
  ],
  "DEP": [
    0.0011624,
    0.00116141
  ],
  "MERL": [
    0.02491708,
    0.02487085
  ],
  "LRC": [
    0.02298595,
    0.02298202
  ],
  "SPELL": [
    0.0001647,
    0.00016419
  ],
  "HUMA": [
    0.01590701,
    0.01576625
  ],
  "NYM": [
    0.03252343,
    0.03253885
  ],
  "GUN": [
    0.01640617,
    0.0163114
  ],
  "REZ": [
    0.00338704,
    0.0033334
  ],
  "DEGEN": [
    0.00068726,
    0.00068496
  ],
  "CORN": [
    0.04655697,
    0.04657219
  ],
  "MAGMA": [
    0.12153,
    0.123636
  ],
  "NEIRO": [
    0.00005604,
    0.00005573
  ],
  "ALLO": [
    0.105006,
    0.104995
  ],
  "CPOOL": [
    0.02391088,
    0.02407647
  ],
  "SATS": [
    1.0618e-8,
    1.0555e-8
  ],
  "SLP": [
    0.00058556,
    0.00058395
  ],
  "AURORA": [
    0.02739014,
    0.02736257
  ],
  "DENT": [
    0.0001906,
    0.00018599
  ],
  "BANK": [
    0.04105803,
    0.04098286
  ],
  "DAO": [
    0.068226,
    0.068237
  ],
  "DSYNC": [
    0.01672462,
    0.01661452
  ],
  "BOB": [
    0.0057045,
    0.00573721
  ],
  "NEWT": [
    0.070946,
    0.070922
  ],
  "RESOLV": [
    0.03885877,
    0.03895321
  ],
  "INIT": [
    0.079099,
    0.079063
  ],
  "SONIC": [
    0.03887393,
    0.0387627
  ],
  "NIL": [
    0.03213147,
    0.03233277
  ],
  "ROAM": [
    0.03937437,
    0.0396086
  ],
  "PAAL": [
    0.01505361,
    0.0150101
  ],
  "L3": [
    0.00967855,
    0.0095846
  ],
  "HONEY": [
    0.00215649,
    0.00213712
  ],
  "MUBARAK": [
    0.01120585,
    0.01121681
  ],
  "GRIFFAIN": [
    0.01104833,
    0.01098651
  ],
  "AIN": [
    0.059471,
    0.05879
  ],
  "TLM": [
    0.00162797,
    0.00163989
  ],
  "IKA": [
    0.00337767,
    0.00337146
  ],
  "TAI": [
    0.01676561,
    0.01654901
  ],
  "LAT": [
    0.001311,
    0.00131386
  ],
  "SWARMS": [
    0.00887265,
    0.00884603
  ],
  "HMSTR": [
    0.00013486,
    0.000134
  ],
  "NKN": [
    0.01097383,
    0.01064455
  ],
  "DUCK": [
    0.0011152,
    0.0011179
  ],
  "FUEL": [
    0.00103564,
    0.00103961
  ],
  "COS": [
    0.00148656,
    0.00147435
  ],
  "NAVX": [
    0.00876293,
    0.00876935
  ],
  "COQ": [
    9.7912e-8,
    9.7715e-8
  ],
  "AVL": [
    0.02531438,
    0.02491605
  ],
  "PIXEL": [
    0.0083302,
    0.00828064
  ],
  "RDNT": [
    0.00424807,
    0.00429437
  ],
  "OBT": [
    0.00104065,
    0.00103086
  ],
  "HIPPO": [
    0.00052234,
    0.00052562
  ],
  "RSS3": [
    0.00545815,
    0.00543914
  ],
  "FWOG": [
    0.00485502,
    0.00483447
  ],
  "LYXE": [
    0.292587,
    0.291117
  ],
  "SOLV": [
    0.00303722,
    0.00305689
  ],
  "DMC": [
    0.00074048,
    0.00073112
  ],
  "FHE": [
    0.0174927,
    0.01751004
  ],
  "FORTH": [
    0.393178,
    0.371942
  ],
  "GEAR": [
    0.00030967,
    0.00029271
  ],
  "HOOK": [
    0.00933586,
    0.00919717
  ],
  "PTB": [
    0.00134696,
    0.00126762
  ],
  "PERP": [
    0.03731623,
    0.03439263
  ],
  "OAS": [
    0.00037502,
    0.00035839
  ],
  "SAMO": [
    0.00040816,
    0.00040951
  ],
  "FIS": [
    0.01505771,
    0.01506095
  ],
  "CUDIS": [
    0.00785337,
    0.00784509
  ],
  "A2Z": [
    0.00021813,
    0.00022488
  ],
  "EPT": [
    0.00076956,
    0.00076434
  ],
  "GORK": [
    0.00159324,
    0.00159431
  ],
  "FLM": [
    0.00277324,
    0.00278879
  ],
  "SAROS": [
    0.00053283,
    0.00053195
  ],
  "DATA": [
    0.00101532,
    0.00101599
  ],
  "SWTCH": [
    0.00647539,
    0.00646381
  ],
  "ACA": [
    0.0008601,
    0.00086214
  ],
  "INSP": [
    0.00118645,
    0.00122001
  ],
  "FOXY": [
    0.00013015,
    0.00012997
  ],
  "RFC": [
    0.00059112,
    0.00059156
  ],
  "BDXN": [
    0.00261244,
    0.00263238
  ],
  "LOOKS": [
    0.00039625,
    0.00039817
  ],
  "MOONPIG": [
    0.00031166,
    0.00031264
  ],
  "CHESS": [
    0.00146969,
    0.00147228
  ],
  "ROOT": [
    0.00007509,
    0.00007515
  ],
  "CHILLGUY": [
    0.00006245,
    0.0000626
  ],
  "APU": [
    0.00003154,
    0.00003166
  ],
  "HOLO": [
    0.00001284,
    0.00001286
  ],
  "GMMT": [
    0.00334849,
    0.00334207
  ],
  "RATS": [
    0.00004947,
    0.00004817
  ],
  "ADB": [
    null,
    null
  ]
}