{
  "STABLE": [
    0.03225052,
    0.03207374
  ],
  "PUMP": [
    0.00175106,
    0.00175839
  ],
  "SIREN": [
    0.688674,
    0.674265
  ],
  "AERO": [
    0.459392,
    0.459964
  ],
  "SKYAI": [
    0.291045,
    0.318998
  ],
  "MON": [
    0.026325,
    0.02657307
  ],
  "JASMY": [
    0.00570171,
    0.00574838
  ],
  "LIT": [
    0.924929,
    0.916339
  ],
  "CVX": [
    1.7,
    1.72
  ],
  "BAT": [
    0.097136,
    0.097567
  ],
  "CHEEMS": [
    5.94334e-7,
    6.02299e-7
  ],
  "ATH": [
    0.00581167,
    0.00586389
  ],
  "COW": [
    0.18553,
    0.186099
  ],
  "BANANAS31": [
    0.00969995,
    0.00965784
  ],
  "BEAT": [
    0.570205,
    0.557028
  ],
  "ARC": [
    0.078013,
    0.075744
  ],
  "BAN": [
    0.074371,
    0.074462
  ],
  "SAHARA": [
    0.02217168,
    0.02230473
  ],
  "CKB": [
    0.00147707,
    0.00148461
  ],
  "ONT": [
    0.072209,
    0.071616
  ],
  "NPC": [
    0.00776801,
    0.00786675
  ],
  "TAG": [
    0.00054807,
    0.00056358
  ],
  "POLYX": [
    0.04729685,
    0.04757629
  ],
  "MYX": [
    0.26025,
    0.259072
  ],
  "CSPR": [
    0.00289451,
    0.0028929
  ],
  "IOTX": [
    0.00451635,
    0.00457902
  ],
  "MERL": [
    0.03282478,
    0.033637
  ],
  "ISLM": [
    0.0116133,
    0.01150124
  ],
  "MAGMA": [
    0.210015,
    0.209609
  ],
  "NOT": [
    0.00038311,
    0.00038838
  ],
  "NEIRO": [
    0.00008825,
    0.00009011
  ],
  "HUMA": [
    0.02178721,
    0.02155872
  ],
  "REZ": [
    0.00421741,
    0.00418487
  ],
  "SNEK": [
    0.00046037,
    0.0004613
  ],
  "SATS": [
    1.3566e-8,
    1.3798e-8
  ],
  "SPELL": [
    0.00016573,
    0.00016688
  ],
  "DEP": [
    0.00099143,
    0.00103115
  ],
  "SWARMS": [
    0.0261877,
    0.02640086
  ],
  "CPOOL": [
    0.02545898,
    0.02567637
  ],
  "GUN": [
    0.0146825,
    0.01440483
  ],
  "SLP": [
    0.00069335,
    0.00069716
  ],
  "DEGEN": [
    0.00066533,
    0.00066504
  ],
  "ALLO": [
    0.107298,
    0.108334
  ],
  "CORN": [
    0.04016594,
    0.04024365
  ],
  "NYM": [
    0.02539335,
    0.02539657
  ],
  "LRC": [
    0.01694142,
    0.01689222
  ],
  "GRIFFAIN": [
    0.02117133,
    0.02039099
  ],
  "AURORA": [
    0.02658357,
    0.02661782
  ],
  "L3": [
    0.01257152,
    0.01235117
  ],
  "AIN": [
    0.094612,
    0.09499
  ],
  "INIT": [
    0.091695,
    0.090534
  ],
  "NIL": [
    0.03850045,
    0.03899716
  ],
  "NEWT": [
    0.074152,
    0.074627
  ],
  "BOB": [
    0.00550507,
    0.00565151
  ],
  "BANK": [
    0.03440652,
    0.03418378
  ],
  "SONIC": [
    0.0383248,
    0.03820722
  ],
  "MUBARAK": [
    0.01347668,
    0.01354981
  ],
  "DSYNC": [
    0.01300104,
    0.0130839
  ],
  "TLM": [
    0.00182117,
    0.00183864
  ],
  "HONEY": [
    0.0019016,
    0.00204505
  ],
  "RESOLV": [
    0.02994865,
    0.02964932
  ],
  "PAAL": [
    0.01283225,
    0.01280789
  ],
  "IKA": [
    0.00345964,
    0.0034791
  ],
  "DAO": [
    0.04084099,
    0.04061797
  ],
  "HMSTR": [
    0.00015609,
    0.00015787
  ],
  "COQ": [
    1.32838e-7,
    1.36377e-7
  ],
  "TAI": [
    0.01552174,
    0.01551667
  ],
  "LAT": [
    0.00131719,
    0.00131842
  ],
  "AVL": [
    0.02601778,
    0.02592845
  ],
  "SOLV": [
    0.0049552,
    0.00487236
  ],
  "FUEL": [
    0.00091043,
    0.00090904
  ],
  "NAVX": [
    0.00865694,
    0.00867654
  ],
  "NKN": [
    0.00885768,
    0.00812115
  ],
  "PIXEL": [
    0.00806083,
    0.00804823
  ],
  "COS": [
    0.00114448,
    0.00115005
  ],
  "OBT": [
    0.00099071,
    0.00099432
  ],
  "RSS3": [
    0.00556657,
    0.00551921
  ],
  "FHE": [
    0.01814289,
    0.01822631
  ],
  "DMC": [
    0.00068871,
    0.00068983
  ],
  "FWOG": [
    0.00453625,
    0.00455477
  ],
  "ROAM": [
    0.01264469,
    0.01247276
  ],
  "LYXE": [
    0.249772,
    0.249772
  ],
  "DENT": [
    0.00003867,
    0.00004021
  ],
  "OAS": [
    0.0005007,
    0.0005044
  ],
  "GEAR": [
    0.00031237,
    0.00031279
  ],
  "FORTH": [
    0.234623,
    0.233773
  ],
  "HOOK": [
    0.00790456,
    0.00803499
  ],
  "RDNT": [
    0.00181569,
    0.00175928
  ],
  "SAMO": [
    0.00036268,
    0.00036018
  ],
  "CUDIS": [
    0.00779175,
    0.00774998
  ],
  "PERP": [
    0.02498919,
    0.02541153
  ],
  "FIS": [
    0.01078991,
    0.01095769
  ],
  "EPT": [
    0.00070794,
    0.00070712
  ],
  "HIPPO": [
    0.0001557,
    0.00016228
  ],
  "PTB": [
    0.00077971,
    0.00077993
  ],
  "FLM": [
    0.00261014,
    0.00260775
  ],
  "GORK": [
    0.00134885,
    0.00134848
  ],
  "SAROS": [
    0.00045328,
    0.00045829
  ],
  "DATA": [
    0.00069686,
    0.00069414
  ],
  "INSP": [
    0.00100046,
    0.00099845
  ],
  "ACA": [
    0.00061054,
    0.00061221
  ],
  "FOXY": [
    0.00011493,
    0.00011497
  ],
  "RFC": [
    0.00060906,
    0.00061307
  ],
  "A2Z": [
    0.00006808,
    0.0000691
  ],
  "DUCK": [
    0.00006971,
    0.00007008
  ],
  "SWTCH": [
    0.00298208,
    0.00302312
  ],
  "LOOKS": [
    0.00036646,
    0.00037701
  ],
  "MOONPIG": [
    0.00025988,
    0.00025995
  ],
  "BDXN": [
    0.0015564,
    0.00157557
  ],
  "ROOT": [
    0.00006276,
    0.00006255
  ],
  "CHILLGUY": [
    0.00010053,
    0.00010164
  ],
  "CHESS": [
    0.00019844,
    0.0001985
  ],
  "APU": [
    0.00003814,
    0.00003853
  ],
  "HOLO": [
    0.00001191,
    0.00001191
  ],
  "GMMT": [
    0.00242813,
    0.0024333
  ],
  "RATS": [
    0.00003889,
    0.00003858
  ],
  "ADB": [
    null,
    null
  ]
}