{
  "PUMP": [
    0.00186822,
    0.00185871
  ],
  "STABLE": [
    0.02633826,
    0.0263448
  ],
  "SIREN": [
    0.649377,
    0.635046
  ],
  "MON": [
    0.033953,
    0.0340538
  ],
  "AERO": [
    0.427518,
    0.43183
  ],
  "JASMY": [
    0.00577357,
    0.00576784
  ],
  "LIT": [
    0.896844,
    0.898198
  ],
  "SKYAI": [
    0.170131,
    0.168132
  ],
  "CVX": [
    1.84,
    1.84
  ],
  "BAT": [
    0.10331,
    0.103227
  ],
  "CHEEMS": [
    5.99826e-7,
    5.92022e-7
  ],
  "ATH": [
    0.00605476,
    0.00601585
  ],
  "COW": [
    0.188995,
    0.187504
  ],
  "BANANAS31": [
    0.00918736,
    0.00917845
  ],
  "BAN": [
    0.083876,
    0.084534
  ],
  "BEAT": [
    0.565072,
    0.562138
  ],
  "ONT": [
    0.077077,
    0.077048
  ],
  "CKB": [
    0.00151145,
    0.00150523
  ],
  "TAG": [
    0.00065853,
    0.00065537
  ],
  "NPC": [
    0.008551,
    0.00853942
  ],
  "SAHARA": [
    0.02189545,
    0.02176609
  ],
  "ARC": [
    0.06581,
    0.065211
  ],
  "POLYX": [
    0.051094,
    0.050982
  ],
  "MERL": [
    0.03916831,
    0.03922762
  ],
  "CSPR": [
    0.00295069,
    0.00295264
  ],
  "MYX": [
    0.243197,
    0.243861
  ],
  "IOTX": [
    0.00477259,
    0.00475609
  ],
  "HUMA": [
    0.02436011,
    0.02433297
  ],
  "NOT": [
    0.00041041,
    0.00040687
  ],
  "SNEK": [
    0.0005423,
    0.00054158
  ],
  "NEIRO": [
    0.00010052,
    0.00009589
  ],
  "MAGMA": [
    0.201556,
    0.194396
  ],
  "ISLM": [
    0.01211025,
    0.01199794
  ],
  "SATS": [
    1.4991e-8,
    1.4769e-8
  ],
  "REZ": [
    0.00376409,
    0.00376196
  ],
  "DEP": [
    0.00111186,
    0.00111232
  ],
  "CPOOL": [
    0.02912212,
    0.02956057
  ],
  "DEGEN": [
    0.00077009,
    0.00077045
  ],
  "SPELL": [
    0.00016576,
    0.00016542
  ],
  "GUN": [
    0.01578999,
    0.01586817
  ],
  "ALLO": [
    0.121053,
    0.121405
  ],
  "NYM": [
    0.03145218,
    0.03143122
  ],
  "SLP": [
    0.00067363,
    0.00067035
  ],
  "LRC": [
    0.0173267,
    0.01728945
  ],
  "CORN": [
    0.04061727,
    0.04059711
  ],
  "AURORA": [
    0.027902,
    0.02789405
  ],
  "BOB": [
    0.00685699,
    0.00679761
  ],
  "SWARMS": [
    0.01861047,
    0.01859975
  ],
  "NIL": [
    0.04014334,
    0.03965491
  ],
  "NEWT": [
    0.079341,
    0.078867
  ],
  "GRIFFAIN": [
    0.0169901,
    0.01695524
  ],
  "INIT": [
    0.090118,
    0.090244
  ],
  "BANK": [
    0.03748976,
    0.03738874
  ],
  "L3": [
    0.0104254,
    0.0104175
  ],
  "DSYNC": [
    0.01488161,
    0.01489427
  ],
  "MUBARAK": [
    0.0138552,
    0.01370699
  ],
  "SONIC": [
    0.03637134,
    0.03630491
  ],
  "RESOLV": [
    0.03213972,
    0.03189274
  ],
  "HONEY": [
    0.00207428,
    0.0020958
  ],
  "PAAL": [
    0.01310724,
    0.01310951
  ],
  "TLM": [
    0.0017944,
    0.00179238
  ],
  "DAO": [
    0.04528704,
    0.04569003
  ],
  "IKA": [
    0.0036443,
    0.00363134
  ],
  "AIN": [
    0.058995,
    0.058622
  ],
  "COQ": [
    1.52631e-7,
    1.5163e-7
  ],
  "HMSTR": [
    0.00015671,
    0.00015633
  ],
  "TAI": [
    0.01649727,
    0.01648112
  ],
  "LAT": [
    0.00133637,
    0.00133865
  ],
  "AVL": [
    0.0264405,
    0.0265331
  ],
  "DENT": [
    0.00008234,
    0.00008048
  ],
  "FUEL": [
    0.00094368,
    0.00094408
  ],
  "NAVX": [
    0.00863052,
    0.00863939
  ],
  "NKN": [
    0.00832862,
    0.00836099
  ],
  "ROAM": [
    0.01815045,
    0.01851086
  ],
  "COS": [
    0.00118851,
    0.00118772
  ],
  "PIXEL": [
    0.00752846,
    0.00761049
  ],
  "OBT": [
    0.00103226,
    0.001022
  ],
  "SOLV": [
    0.00380592,
    0.0037806
  ],
  "RSS3": [
    0.0057983,
    0.00578203
  ],
  "OAS": [
    0.00067754,
    0.00068729
  ],
  "FHE": [
    0.01833638,
    0.01804602
  ],
  "FWOG": [
    0.00463067,
    0.00459994
  ],
  "DMC": [
    0.00070924,
    0.0007083
  ],
  "LYXE": [
    0.231851,
    0.231924
  ],
  "RDNT": [
    0.00202319,
    0.00203325
  ],
  "FORTH": [
    0.241191,
    0.240908
  ],
  "GEAR": [
    0.0002513,
    0.00025121
  ],
  "HOOK": [
    0.00839587,
    0.00837773
  ],
  "SAMO": [
    0.00039756,
    0.00039748
  ],
  "CUDIS": [
    0.00822024,
    0.00821243
  ],
  "PERP": [
    0.02601041,
    0.02590008
  ],
  "GORK": [
    0.0017056,
    0.00169251
  ],
  "SAROS": [
    0.00064469,
    0.00064214
  ],
  "EPT": [
    0.00074825,
    0.00072439
  ],
  "FIS": [
    0.01070519,
    0.01068007
  ],
  "PTB": [
    0.00081229,
    0.00079845
  ],
  "HIPPO": [
    0.00016211,
    0.00016211
  ],
  "FLM": [
    0.00267637,
    0.00266445
  ],
  "DATA": [
    0.00088163,
    0.00088136
  ],
  "INSP": [
    0.00159826,
    0.00136054
  ],
  "ACA": [
    0.00069295,
    0.00068847
  ],
  "FOXY": [
    0.00012004,
    0.00012002
  ],
  "A2Z": [
    0.000076,
    0.00007573
  ],
  "RFC": [
    0.00058305,
    0.00058559
  ],
  "DUCK": [
    0.00007099,
    0.00007007
  ],
  "SWTCH": [
    0.00331573,
    0.0033222
  ],
  "LOOKS": [
    0.00038113,
    0.00038209
  ],
  "BDXN": [
    0.00191429,
    0.00190074
  ],
  "MOONPIG": [
    0.00029895,
    0.00029898
  ],
  "CHILLGUY": [
    0.00020114,
    0.00021106
  ],
  "ROOT": [
    0.00005741,
    0.00005731
  ],
  "APU": [
    0.0000543,
    0.0000602
  ],
  "CHESS": [
    0.00013696,
    0.00013725
  ],
  "HOLO": [
    0.00001264,
    0.00001266
  ],
  "GMMT": [
    0.00283418,
    0.00284568
  ],
  "RATS": [
    0.00003687,
    0.00003718
  ],
  "ADB": [
    null,
    null
  ]
}