{
  "PUMP": [
    0.00186166,
    0.00184248
  ],
  "STABLE": [
    0.02593776,
    0.02701562
  ],
  "SIREN": [
    0.697272,
    0.688798
  ],
  "MON": [
    0.03334075,
    0.03279433
  ],
  "AERO": [
    0.391862,
    0.379566
  ],
  "JASMY": [
    0.00568732,
    0.00568663
  ],
  "LIT": [
    0.91273,
    0.903059
  ],
  "CVX": [
    1.83,
    1.81
  ],
  "BAT": [
    0.105851,
    0.10506
  ],
  "SKYAI": [
    0.163094,
    0.157587
  ],
  "CHEEMS": [
    5.50872e-7,
    5.60741e-7
  ],
  "ATH": [
    0.00594454,
    0.00587403
  ],
  "COW": [
    0.186924,
    0.184725
  ],
  "BANANAS31": [
    0.00969004,
    0.00965062
  ],
  "ONT": [
    0.076982,
    0.078414
  ],
  "BAN": [
    0.070576,
    0.074182
  ],
  "BEAT": [
    0.477853,
    0.529206
  ],
  "TAG": [
    0.00066945,
    0.00066692
  ],
  "CKB": [
    0.00149789,
    0.00148967
  ],
  "SAHARA": [
    0.02177423,
    0.02146537
  ],
  "NPC": [
    0.00812921,
    0.00820993
  ],
  "ARC": [
    0.065241,
    0.06569
  ],
  "POLYX": [
    0.0512,
    0.050738
  ],
  "CSPR": [
    0.00295239,
    0.00294532
  ],
  "MYX": [
    0.250101,
    0.244498
  ],
  "IOTX": [
    0.00471738,
    0.0046532
  ],
  "MERL": [
    0.03616772,
    0.03507994
  ],
  "NOT": [
    0.00038907,
    0.00038829
  ],
  "HUMA": [
    0.02083616,
    0.02139921
  ],
  "SNEK": [
    0.00049099,
    0.00049146
  ],
  "NEIRO": [
    0.0000839,
    0.00008268
  ],
  "GUN": [
    0.02478551,
    0.01993439
  ],
  "ISLM": [
    0.01207599,
    0.01197235
  ],
  "SATS": [
    1.4464e-8,
    1.4674e-8
  ],
  "REZ": [
    0.00379072,
    0.00372415
  ],
  "DEP": [
    0.00110587,
    0.00110571
  ],
  "MAGMA": [
    0.156025,
    0.152152
  ],
  "SPELL": [
    0.00016662,
    0.00016583
  ],
  "CPOOL": [
    0.02819711,
    0.02816074
  ],
  "NYM": [
    0.03347053,
    0.03310845
  ],
  "DEGEN": [
    0.00074398,
    0.00073718
  ],
  "ALLO": [
    0.118803,
    0.120624
  ],
  "SLP": [
    0.00065851,
    0.000659
  ],
  "CORN": [
    0.04136778,
    0.04115606
  ],
  "LRC": [
    0.01729484,
    0.01716226
  ],
  "AURORA": [
    0.02809247,
    0.02793271
  ],
  "BOB": [
    0.00690999,
    0.00686352
  ],
  "NEWT": [
    0.090598,
    0.085754
  ],
  "SWARMS": [
    0.01910073,
    0.01817579
  ],
  "GRIFFAIN": [
    0.01843119,
    0.01732993
  ],
  "NIL": [
    0.04168882,
    0.04018986
  ],
  "INIT": [
    0.093777,
    0.088772
  ],
  "BANK": [
    0.0366212,
    0.03849924
  ],
  "L3": [
    0.01047515,
    0.01048094
  ],
  "DSYNC": [
    0.01547403,
    0.01469666
  ],
  "MUBARAK": [
    0.01360063,
    0.01352218
  ],
  "SONIC": [
    0.036467,
    0.03593698
  ],
  "RESOLV": [
    0.03190823,
    0.03197884
  ],
  "HONEY": [
    0.00202368,
    0.00206877
  ],
  "TLM": [
    0.00183284,
    0.00179983
  ],
  "PAAL": [
    0.01319664,
    0.01308437
  ],
  "DAO": [
    0.04615454,
    0.04620433
  ],
  "AIN": [
    0.057245,
    0.056662
  ],
  "IKA": [
    0.00353065,
    0.00347505
  ],
  "HMSTR": [
    0.00015563,
    0.00015338
  ],
  "TAI": [
    0.01671766,
    0.01652763
  ],
  "COQ": [
    1.35957e-7,
    1.35559e-7
  ],
  "LAT": [
    0.00134735,
    0.00135309
  ],
  "DENT": [
    0.00009948,
    0.00009211
  ],
  "AVL": [
    0.02625661,
    0.02676301
  ],
  "FUEL": [
    0.00093898,
    0.00093904
  ],
  "NAVX": [
    0.00857764,
    0.00852087
  ],
  "NKN": [
    0.00828238,
    0.00828707
  ],
  "COS": [
    0.0011913,
    0.00118417
  ],
  "PIXEL": [
    0.00749668,
    0.00758677
  ],
  "OBT": [
    0.00105814,
    0.00104046
  ],
  "ROAM": [
    0.01815115,
    0.0167357
  ],
  "SOLV": [
    0.00364377,
    0.00370753
  ],
  "RSS3": [
    0.00556995,
    0.00560296
  ],
  "OAS": [
    0.00068665,
    0.00067535
  ],
  "FHE": [
    0.01753535,
    0.01753346
  ],
  "FWOG": [
    0.00444026,
    0.00445402
  ],
  "DMC": [
    0.00071019,
    0.00070807
  ],
  "LYXE": [
    0.232308,
    0.229616
  ],
  "FORTH": [
    0.247309,
    0.243341
  ],
  "RDNT": [
    0.0019812,
    0.00196625
  ],
  "HOOK": [
    0.00832254,
    0.00839247
  ],
  "GEAR": [
    0.00024112,
    0.00024063
  ],
  "SAMO": [
    0.00040155,
    0.0003997
  ],
  "CUDIS": [
    0.00802846,
    0.00819311
  ],
  "PERP": [
    0.02580858,
    0.02597655
  ],
  "SAROS": [
    0.0006832,
    0.00067911
  ],
  "PTB": [
    0.00087527,
    0.00084141
  ],
  "EPT": [
    0.00075259,
    0.00073811
  ],
  "HIPPO": [
    0.00016776,
    0.0001627
  ],
  "FLM": [
    0.00292513,
    0.00285894
  ],
  "FIS": [
    0.01059073,
    0.01045767
  ],
  "GORK": [
    0.0015304,
    0.00162204
  ],
  "DATA": [
    0.00089433,
    0.0008851
  ],
  "INSP": [
    0.00104407,
    0.00104536
  ],
  "ACA": [
    0.00069142,
    0.00069855
  ],
  "FOXY": [
    0.0001193,
    0.00012084
  ],
  "A2Z": [
    0.00007674,
    0.00007779
  ],
  "DUCK": [
    0.0000699,
    0.00006885
  ],
  "RFC": [
    0.00053638,
    0.00053139
  ],
  "SWTCH": [
    0.00317602,
    0.00301934
  ],
  "LOOKS": [
    0.00038148,
    0.00037992
  ],
  "BDXN": [
    0.00190141,
    0.001872
  ],
  "MOONPIG": [
    0.00030573,
    0.0003049
  ],
  "ROOT": [
    0.00005971,
    0.00005948
  ],
  "CHILLGUY": [
    0.00010629,
    0.00010044
  ],
  "APU": [
    0.0000436,
    0.00007267
  ],
  "CHESS": [
    0.00012565,
    0.00013312
  ],
  "HOLO": [
    0.00001257,
    0.00001257
  ],
  "GMMT": [
    0.00294408,
    0.00293609
  ],
  "RATS": [
    0.00003457,
    0.00003461
  ],
  "ADB": [
    null,
    null
  ]
}