{
  "STABLE": [
    0.03251409,
    0.03261791
  ],
  "PUMP": [
    0.00176187,
    0.00176003
  ],
  "SIREN": [
    0.659897,
    0.668904
  ],
  "AERO": [
    0.442837,
    0.442427
  ],
  "SKYAI": [
    0.356596,
    0.349043
  ],
  "MON": [
    0.02713988,
    0.02703321
  ],
  "JASMY": [
    0.0056387,
    0.00564079
  ],
  "LIT": [
    0.89127,
    0.886517
  ],
  "CVX": [
    1.68,
    1.67
  ],
  "BAT": [
    0.096577,
    0.096627
  ],
  "CHEEMS": [
    6.34821e-7,
    6.22763e-7
  ],
  "ATH": [
    0.00584172,
    0.00582044
  ],
  "COW": [
    0.183856,
    0.184238
  ],
  "BANANAS31": [
    0.00982687,
    0.00977777
  ],
  "BEAT": [
    0.551461,
    0.546972
  ],
  "ARC": [
    0.074143,
    0.074128
  ],
  "SAHARA": [
    0.02199658,
    0.0220592
  ],
  "TAG": [
    0.00064561,
    0.00066282
  ],
  "BAN": [
    0.071274,
    0.072073
  ],
  "CKB": [
    0.00146848,
    0.00147075
  ],
  "ONT": [
    0.070552,
    0.070846
  ],
  "NPC": [
    0.00783136,
    0.00782839
  ],
  "POLYX": [
    0.04720528,
    0.0473591
  ],
  "MYX": [
    0.260531,
    0.264629
  ],
  "CSPR": [
    0.00282705,
    0.002824
  ],
  "MAGMA": [
    0.22964,
    0.229493
  ],
  "IOTX": [
    0.00452724,
    0.00453127
  ],
  "ISLM": [
    0.01153642,
    0.01154323
  ],
  "MERL": [
    0.03272275,
    0.03274978
  ],
  "NOT": [
    0.00038258,
    0.00038328
  ],
  "HUMA": [
    0.02169163,
    0.02187736
  ],
  "REZ": [
    0.00451001,
    0.00449786
  ],
  "NEIRO": [
    0.000088,
    0.00008755
  ],
  "SNEK": [
    0.00047168,
    0.00047251
  ],
  "DEP": [
    0.00110922,
    0.00110648
  ],
  "SATS": [
    1.3654e-8,
    1.366e-8
  ],
  "SPELL": [
    0.00016644,
    0.00016658
  ],
  "SWARMS": [
    0.02636447,
    0.02646421
  ],
  "ALLO": [
    0.116244,
    0.117396
  ],
  "GUN": [
    0.01491889,
    0.01494566
  ],
  "CPOOL": [
    0.02572208,
    0.0258826
  ],
  "SLP": [
    0.00068944,
    0.00068696
  ],
  "DEGEN": [
    0.00067444,
    0.0006742
  ],
  "CORN": [
    0.04026648,
    0.04026137
  ],
  "LRC": [
    0.01656851,
    0.01659485
  ],
  "NYM": [
    0.02360098,
    0.02331577
  ],
  "L3": [
    0.01288224,
    0.01278439
  ],
  "GRIFFAIN": [
    0.0180656,
    0.01849898
  ],
  "AURORA": [
    0.02651824,
    0.02620839
  ],
  "INIT": [
    0.091197,
    0.090903
  ],
  "NIL": [
    0.0385873,
    0.03887479
  ],
  "AIN": [
    0.094602,
    0.093453
  ],
  "NEWT": [
    0.073972,
    0.073976
  ],
  "BOB": [
    0.00549117,
    0.0055292
  ],
  "BANK": [
    0.03387001,
    0.03373141
  ],
  "SONIC": [
    0.03795575,
    0.03775062
  ],
  "MUBARAK": [
    0.01337671,
    0.0134034
  ],
  "DSYNC": [
    0.01293258,
    0.0128928
  ],
  "TLM": [
    0.00182879,
    0.00182246
  ],
  "PAAL": [
    0.01269119,
    0.01262359
  ],
  "RESOLV": [
    0.02920997,
    0.02923702
  ],
  "HONEY": [
    0.00190533,
    0.00185925
  ],
  "DAO": [
    0.04076329,
    0.0408019
  ],
  "IKA": [
    0.00343372,
    0.00338861
  ],
  "HMSTR": [
    0.00015208,
    0.00015232
  ],
  "COQ": [
    1.34534e-7,
    1.34954e-7
  ],
  "LAT": [
    0.001321,
    0.0013189
  ],
  "TAI": [
    0.01519484,
    0.01518264
  ],
  "RSS3": [
    0.0055075,
    0.00547957
  ],
  "AVL": [
    0.02583363,
    0.02579693
  ],
  "FUEL": [
    0.0009144,
    0.00091515
  ],
  "NAVX": [
    0.00872147,
    0.00868976
  ],
  "SOLV": [
    0.00453109,
    0.00455597
  ],
  "NKN": [
    0.00808086,
    0.00792513
  ],
  "PIXEL": [
    0.00807914,
    0.00804778
  ],
  "COS": [
    0.00112427,
    0.00112319
  ],
  "OBT": [
    0.00099661,
    0.00099485
  ],
  "DMC": [
    0.00069125,
    0.00068989
  ],
  "FHE": [
    0.01786333,
    0.01762441
  ],
  "FWOG": [
    0.00446874,
    0.00447899
  ],
  "ROAM": [
    0.01224014,
    0.01217507
  ],
  "LYXE": [
    0.249772,
    0.249772
  ],
  "DENT": [
    0.00003879,
    0.00003814
  ],
  "GEAR": [
    0.00032651,
    0.00032049
  ],
  "OAS": [
    0.0004831,
    0.000481
  ],
  "FORTH": [
    0.238193,
    0.239507
  ],
  "HOOK": [
    0.00818978,
    0.00811342
  ],
  "RDNT": [
    0.00180053,
    0.00180147
  ],
  "SAMO": [
    0.00035575,
    0.00035547
  ],
  "CUDIS": [
    0.00779131,
    0.00780637
  ],
  "PERP": [
    0.025398,
    0.02531165
  ],
  "EPT": [
    0.00070393,
    0.00070431
  ],
  "FIS": [
    0.01063376,
    0.01040077
  ],
  "HIPPO": [
    0.00015817,
    0.00015752
  ],
  "PTB": [
    0.00075769,
    0.00075963
  ],
  "FLM": [
    0.00258122,
    0.00259459
  ],
  "GORK": [
    0.00137139,
    0.00137149
  ],
  "SAROS": [
    0.00046496,
    0.00046351
  ],
  "DATA": [
    0.00070443,
    0.00070234
  ],
  "A2Z": [
    0.00009067,
    0.00009357
  ],
  "INSP": [
    0.00097488,
    0.00097566
  ],
  "ACA": [
    0.00067441,
    0.00066388
  ],
  "FOXY": [
    0.00011592,
    0.00011502
  ],
  "RFC": [
    0.00062091,
    0.00062069
  ],
  "DUCK": [
    0.00007208,
    0.00007314
  ],
  "SWTCH": [
    0.00328591,
    0.00330868
  ],
  "LOOKS": [
    0.00035151,
    0.00035343
  ],
  "BDXN": [
    0.00163025,
    0.00161604
  ],
  "MOONPIG": [
    0.00026283,
    0.00025985
  ],
  "ROOT": [
    0.00005806,
    0.00005916
  ],
  "CHILLGUY": [
    0.00010098,
    0.00010098
  ],
  "CHESS": [
    0.00020649,
    0.00020636
  ],
  "APU": [
    0.00003787,
    0.00003804
  ],
  "HOLO": [
    0.00001191,
    0.00001191
  ],
  "GMMT": [
    0.00244933,
    0.00244894
  ],
  "RATS": [
    0.00003806,
    0.00003831
  ],
  "ADB": [
    null,
    null
  ]
}