{
  "STABLE": [
    0.03353178,
    0.033284
  ],
  "PUMP": [
    0.00181418,
    0.0018208
  ],
  "SIREN": [
    0.705555,
    0.707511
  ],
  "AERO": [
    0.450443,
    0.450819
  ],
  "SKYAI": [
    0.35796,
    0.41091
  ],
  "MON": [
    0.03005258,
    0.03022175
  ],
  "JASMY": [
    0.00559324,
    0.00561854
  ],
  "LIT": [
    0.902784,
    0.890469
  ],
  "CVX": [
    1.72,
    1.73
  ],
  "BAT": [
    0.097421,
    0.097263
  ],
  "CHEEMS": [
    6.03308e-7,
    6.03274e-7
  ],
  "ATH": [
    0.00581485,
    0.00578692
  ],
  "COW": [
    0.184383,
    0.184685
  ],
  "BANANAS31": [
    0.00964786,
    0.00971284
  ],
  "TAG": [
    0.00085202,
    0.00080996
  ],
  "BEAT": [
    0.566593,
    0.573595
  ],
  "SAHARA": [
    0.02322458,
    0.02292175
  ],
  "ARC": [
    0.075084,
    0.074834
  ],
  "BAN": [
    0.073127,
    0.072864
  ],
  "CKB": [
    0.00149422,
    0.00148821
  ],
  "ONT": [
    0.071794,
    0.07119
  ],
  "NPC": [
    0.00788384,
    0.00788291
  ],
  "POLYX": [
    0.04777218,
    0.04802184
  ],
  "MYX": [
    0.262016,
    0.258448
  ],
  "MAGMA": [
    0.242209,
    0.248224
  ],
  "CSPR": [
    0.00279853,
    0.00280395
  ],
  "IOTX": [
    0.00453939,
    0.0045116
  ],
  "ISLM": [
    0.01176379,
    0.01171216
  ],
  "REZ": [
    0.0048533,
    0.00471471
  ],
  "MERL": [
    0.03202674,
    0.0317803
  ],
  "HUMA": [
    0.02209088,
    0.02203664
  ],
  "NEIRO": [
    0.00008984,
    0.00009048
  ],
  "NOT": [
    0.00038255,
    0.00038147
  ],
  "SNEK": [
    0.00046561,
    0.00046504
  ],
  "DEP": [
    0.00111333,
    0.001113
  ],
  "SATS": [
    1.377e-8,
    1.3852e-8
  ],
  "SPELL": [
    0.00016631,
    0.00016702
  ],
  "SWARMS": [
    0.02557829,
    0.02652587
  ],
  "ALLO": [
    0.117583,
    0.117181
  ],
  "GUN": [
    0.01432197,
    0.01431009
  ],
  "CPOOL": [
    0.02604468,
    0.02540744
  ],
  "SLP": [
    0.0006958,
    0.00069717
  ],
  "DEGEN": [
    0.00065962,
    0.00066077
  ],
  "CORN": [
    0.0402029,
    0.04030467
  ],
  "LRC": [
    0.01668925,
    0.01669044
  ],
  "AURORA": [
    0.02644672,
    0.026426
  ],
  "L3": [
    0.01231646,
    0.01258315
  ],
  "NIL": [
    0.04058089,
    0.04013308
  ],
  "GRIFFAIN": [
    0.01800121,
    0.01787655
  ],
  "INIT": [
    0.090477,
    0.090352
  ],
  "NYM": [
    0.02080382,
    0.02080149
  ],
  "AIN": [
    0.090071,
    0.092477
  ],
  "BOB": [
    0.00561614,
    0.00575467
  ],
  "NEWT": [
    0.073634,
    0.074107
  ],
  "BANK": [
    0.03331776,
    0.03333725
  ],
  "SONIC": [
    0.0374433,
    0.03774176
  ],
  "MUBARAK": [
    0.01344178,
    0.01353721
  ],
  "DSYNC": [
    0.01289312,
    0.01292934
  ],
  "TLM": [
    0.00183123,
    0.00183145
  ],
  "PAAL": [
    0.01347988,
    0.01319441
  ],
  "RESOLV": [
    0.02862741,
    0.0287383
  ],
  "HONEY": [
    0.0018063,
    0.00180175
  ],
  "DAO": [
    0.04065443,
    0.04110508
  ],
  "IKA": [
    0.00335132,
    0.00334735
  ],
  "HMSTR": [
    0.00015239,
    0.0001527
  ],
  "COQ": [
    1.35064e-7,
    1.35939e-7
  ],
  "LAT": [
    0.00133071,
    0.00132777
  ],
  "TAI": [
    0.01515703,
    0.01522408
  ],
  "RSS3": [
    0.00555499,
    0.00551636
  ],
  "AVL": [
    0.02707593,
    0.02639209
  ],
  "FUEL": [
    0.00090941,
    0.00090726
  ],
  "NAVX": [
    0.00874123,
    0.00876261
  ],
  "SOLV": [
    0.00465952,
    0.00456957
  ],
  "NKN": [
    0.00803134,
    0.00804537
  ],
  "PIXEL": [
    0.00781198,
    0.00785853
  ],
  "COS": [
    0.00114792,
    0.00114998
  ],
  "OBT": [
    0.00101247,
    0.00101382
  ],
  "FHE": [
    0.01804229,
    0.01835044
  ],
  "DMC": [
    0.00069187,
    0.00069191
  ],
  "FWOG": [
    0.00453657,
    0.00454871
  ],
  "LYXE": [
    0.254955,
    0.256066
  ],
  "DENT": [
    0.00004165,
    0.00004051
  ],
  "ROAM": [
    0.01101584,
    0.01073517
  ],
  "OAS": [
    0.00048775,
    0.00049946
  ],
  "GEAR": [
    0.00032313,
    0.00032426
  ],
  "FORTH": [
    0.241951,
    0.242136
  ],
  "HOOK": [
    0.00805034,
    0.00805256
  ],
  "RDNT": [
    0.0017792,
    0.0017833
  ],
  "SAMO": [
    0.00035174,
    0.00035173
  ],
  "CUDIS": [
    0.00783349,
    0.00777456
  ],
  "PERP": [
    0.02591302,
    0.0256931
  ],
  "SAROS": [
    0.00062469,
    0.00066451
  ],
  "EPT": [
    0.00071678,
    0.00072726
  ],
  "HIPPO": [
    0.00016213,
    0.00016456
  ],
  "PTB": [
    0.00079167,
    0.00078523
  ],
  "FIS": [
    0.01035641,
    0.01019689
  ],
  "FLM": [
    0.00256669,
    0.00255828
  ],
  "GORK": [
    0.00141022,
    0.0013983
  ],
  "DATA": [
    0.00070877,
    0.00071062
  ],
  "A2Z": [
    0.0001076,
    0.00009719
  ],
  "ACA": [
    0.00066235,
    0.00067457
  ],
  "INSP": [
    0.00094574,
    0.00095809
  ],
  "FOXY": [
    0.00011607,
    0.00011603
  ],
  "DUCK": [
    0.00007325,
    0.00007274
  ],
  "RFC": [
    0.00057779,
    0.00057882
  ],
  "SWTCH": [
    0.00337817,
    0.00333902
  ],
  "LOOKS": [
    0.00035992,
    0.00035692
  ],
  "MOONPIG": [
    0.0002619,
    0.00026542
  ],
  "BDXN": [
    0.00159358,
    0.00161489
  ],
  "ROOT": [
    0.00006178,
    0.00006059
  ],
  "CHILLGUY": [
    0.00009074,
    0.00009074
  ],
  "APU": [
    0.00004345,
    0.00004332
  ],
  "CHESS": [
    0.0001988,
    0.00019413
  ],
  "HOLO": [
    0.00001187,
    0.00001187
  ],
  "GMMT": [
    0.00248784,
    0.00249067
  ],
  "RATS": [
    0.00003914,
    0.00003881
  ],
  "ADB": [
    null,
    null
  ]
}