{
  "PUMP": [
    0.00177246,
    0.00175602
  ],
  "STABLE": [
    0.03443941,
    0.0356773
  ],
  "SIREN": [
    0.638132,
    0.621774
  ],
  "AERO": [
    0.450201,
    0.455572
  ],
  "MON": [
    0.0318743,
    0.03188801
  ],
  "JASMY": [
    0.00590145,
    0.00597169
  ],
  "LIT": [
    0.870475,
    0.874593
  ],
  "SKYAI": [
    0.179473,
    0.175311
  ],
  "CVX": [
    1.75,
    1.75
  ],
  "BAT": [
    0.103044,
    0.103489
  ],
  "CHEEMS": [
    5.77059e-7,
    5.83092e-7
  ],
  "ATH": [
    0.00583348,
    0.0058549
  ],
  "COW": [
    0.188314,
    0.188126
  ],
  "BANANAS31": [
    0.00936863,
    0.0098266
  ],
  "BAN": [
    0.079117,
    0.077216
  ],
  "SAHARA": [
    0.02291526,
    0.02307447
  ],
  "CKB": [
    0.00152732,
    0.00151785
  ],
  "TAG": [
    0.00067065,
    0.00067292
  ],
  "BEAT": [
    0.525608,
    0.524677
  ],
  "ONT": [
    0.070452,
    0.070436
  ],
  "ARC": [
    0.067494,
    0.067686
  ],
  "NPC": [
    0.00825494,
    0.00832222
  ],
  "POLYX": [
    0.04948408,
    0.04976312
  ],
  "MERL": [
    0.0389881,
    0.0404055
  ],
  "MYX": [
    0.243852,
    0.245838
  ],
  "CSPR": [
    0.00289262,
    0.00291438
  ],
  "IOTX": [
    0.00471719,
    0.00476427
  ],
  "HUMA": [
    0.02352072,
    0.0237018
  ],
  "NOT": [
    0.00040833,
    0.00039667
  ],
  "MAGMA": [
    0.19906,
    0.197452
  ],
  "NEIRO": [
    0.00008566,
    0.00008618
  ],
  "SNEK": [
    0.00047905,
    0.00048231
  ],
  "REZ": [
    0.00391565,
    0.00395803
  ],
  "SPELL": [
    0.00018087,
    0.00018826
  ],
  "ISLM": [
    0.0118406,
    0.01192097
  ],
  "DEP": [
    0.00109195,
    0.00109283
  ],
  "SATS": [
    1.406e-8,
    1.4215e-8
  ],
  "SLP": [
    0.00070442,
    0.0007005
  ],
  "CPOOL": [
    0.02530487,
    0.02539386
  ],
  "DEGEN": [
    0.00067024,
    0.00067895
  ],
  "ALLO": [
    0.112771,
    0.110184
  ],
  "GUN": [
    0.01407124,
    0.01424354
  ],
  "SWARMS": [
    0.02156729,
    0.02428568
  ],
  "NYM": [
    0.02914571,
    0.02897629
  ],
  "LRC": [
    0.01688731,
    0.01695704
  ],
  "CORN": [
    0.03991835,
    0.03993649
  ],
  "NIL": [
    0.04223337,
    0.04214681
  ],
  "AURORA": [
    0.02783861,
    0.02647672
  ],
  "GRIFFAIN": [
    0.01725827,
    0.01793172
  ],
  "INIT": [
    0.08771,
    0.0874
  ],
  "NEWT": [
    0.076391,
    0.076604
  ],
  "BOB": [
    0.00565804,
    0.00576367
  ],
  "AIN": [
    0.088533,
    0.086924
  ],
  "SONIC": [
    0.03989431,
    0.04166512
  ],
  "L3": [
    0.0103861,
    0.01030104
  ],
  "BANK": [
    0.03363565,
    0.03365921
  ],
  "DSYNC": [
    0.01362804,
    0.01377004
  ],
  "MUBARAK": [
    0.01326301,
    0.01332218
  ],
  "TLM": [
    0.0018209,
    0.0018299
  ],
  "HONEY": [
    0.00203084,
    0.00202392
  ],
  "PAAL": [
    0.0124146,
    0.01260508
  ],
  "RESOLV": [
    0.02879746,
    0.02861314
  ],
  "DAO": [
    0.04159493,
    0.04236711
  ],
  "IKA": [
    0.0035346,
    0.00353933
  ],
  "HMSTR": [
    0.000154,
    0.00015452
  ],
  "COQ": [
    1.38591e-7,
    1.40568e-7
  ],
  "TAI": [
    0.01649053,
    0.01657266
  ],
  "LAT": [
    0.0013175,
    0.00131944
  ],
  "AVL": [
    0.02615045,
    0.02618532
  ],
  "FUEL": [
    0.00092673,
    0.0009261
  ],
  "NAVX": [
    0.00881464,
    0.00887343
  ],
  "NKN": [
    0.00840591,
    0.00841661
  ],
  "PIXEL": [
    0.00819265,
    0.00822389
  ],
  "COS": [
    0.00116338,
    0.00118709
  ],
  "SOLV": [
    0.00404429,
    0.00402582
  ],
  "OBT": [
    0.00100969,
    0.00100814
  ],
  "DENT": [
    0.00005128,
    0.0000564
  ],
  "RSS3": [
    0.00573459,
    0.00566738
  ],
  "ROAM": [
    0.01549631,
    0.01522157
  ],
  "DMC": [
    0.00070289,
    0.0007098
  ],
  "FWOG": [
    0.00473833,
    0.00471205
  ],
  "FHE": [
    0.01777179,
    0.01797858
  ],
  "LYXE": [
    0.252104,
    0.252755
  ],
  "OAS": [
    0.00056262,
    0.00056479
  ],
  "FORTH": [
    0.239191,
    0.237819
  ],
  "HOOK": [
    0.00848245,
    0.0083319
  ],
  "RDNT": [
    0.00183241,
    0.00182473
  ],
  "GEAR": [
    0.00022627,
    0.00022687
  ],
  "SAMO": [
    0.00037308,
    0.0003734
  ],
  "CUDIS": [
    0.00784774,
    0.00785386
  ],
  "PERP": [
    0.02599061,
    0.02595226
  ],
  "PTB": [
    0.00088478,
    0.00087833
  ],
  "EPT": [
    0.00074503,
    0.00073492
  ],
  "FIS": [
    0.01067306,
    0.01058168
  ],
  "HIPPO": [
    0.00016068,
    0.00015929
  ],
  "FLM": [
    0.00267498,
    0.0026739
  ],
  "GORK": [
    0.00148506,
    0.00149142
  ],
  "SAROS": [
    0.00050167,
    0.00049954
  ],
  "DATA": [
    0.00072244,
    0.00072414
  ],
  "INSP": [
    0.00107127,
    0.00107838
  ],
  "ACA": [
    0.00068502,
    0.00067755
  ],
  "FOXY": [
    0.00011771,
    0.00011617
  ],
  "A2Z": [
    0.00007314,
    0.00007583
  ],
  "RFC": [
    0.00058965,
    0.00058671
  ],
  "SWTCH": [
    0.00344755,
    0.00338946
  ],
  "DUCK": [
    0.00006864,
    0.00006793
  ],
  "LOOKS": [
    0.00036311,
    0.00036905
  ],
  "MOONPIG": [
    0.00029268,
    0.00027201
  ],
  "BDXN": [
    0.0014978,
    0.00160705
  ],
  "ROOT": [
    0.0000599,
    0.00006217
  ],
  "CHILLGUY": [
    0.00012807,
    0.0001284
  ],
  "APU": [
    0.00003883,
    0.00003903
  ],
  "CHESS": [
    0.00017016,
    0.00017068
  ],
  "HOLO": [
    0.00001228,
    0.00001228
  ],
  "GMMT": [
    0.00252793,
    0.00252657
  ],
  "RATS": [
    0.00003764,
    0.00003757
  ],
  "ADB": [
    null,
    null
  ]
}