{
  "PUMP": [
    0.00182654,
    0.00188113
  ],
  "STABLE": [
    0.02588836,
    0.02653673
  ],
  "SIREN": [
    0.718729,
    0.70792
  ],
  "MON": [
    0.03672207,
    0.03561487
  ],
  "AERO": [
    0.368236,
    0.366244
  ],
  "LIT": [
    1.11,
    1.11
  ],
  "JASMY": [
    0.00532494,
    0.00536461
  ],
  "CVX": [
    1.78,
    1.78
  ],
  "BAT": [
    0.099994,
    0.100027
  ],
  "COW": [
    0.217377,
    0.215756
  ],
  "ATH": [
    0.00617146,
    0.00610175
  ],
  "BANANAS31": [
    0.00949776,
    0.00946667
  ],
  "CHEEMS": [
    4.63863e-7,
    4.53216e-7
  ],
  "ONT": [
    0.078421,
    0.08259
  ],
  "SKYAI": [
    0.074375,
    0.072134
  ],
  "CKB": [
    0.00146146,
    0.0014657
  ],
  "ARC": [
    0.071138,
    0.070375
  ],
  "SAHARA": [
    0.02259292,
    0.02238585
  ],
  "TAG": [
    0.0005784,
    0.00058088
  ],
  "POLYX": [
    0.050442,
    0.04992901
  ],
  "BAN": [
    0.056973,
    0.056899
  ],
  "NPC": [
    0.00684137,
    0.0070119
  ],
  "CSPR": [
    0.00303023,
    0.00303392
  ],
  "MYX": [
    0.240135,
    0.243775
  ],
  "MAGMA": [
    0.224579,
    0.241883
  ],
  "IOTX": [
    0.00464319,
    0.00469481
  ],
  "BEAT": [
    0.272449,
    0.303553
  ],
  "NOT": [
    0.00035832,
    0.00035577
  ],
  "SNEK": [
    0.00042807,
    0.00042218
  ],
  "MERL": [
    0.02594835,
    0.02584957
  ],
  "DEP": [
    0.00112746,
    0.00112503
  ],
  "REZ": [
    0.0037156,
    0.00366235
  ],
  "ISLM": [
    0.01167619,
    0.01168657
  ],
  "GUN": [
    0.01694277,
    0.01726028
  ],
  "NYM": [
    0.03511736,
    0.03510757
  ],
  "DEGEN": [
    0.00075586,
    0.00074536
  ],
  "HUMA": [
    0.01653673,
    0.01582728
  ],
  "SPELL": [
    0.00015951,
    0.00015933
  ],
  "NEIRO": [
    0.00005921,
    0.00005842
  ],
  "CPOOL": [
    0.02418262,
    0.0243325
  ],
  "ALLO": [
    0.104643,
    0.103005
  ],
  "SATS": [
    1.1009e-8,
    1.0914e-8
  ],
  "SLP": [
    0.00059975,
    0.00059437
  ],
  "CORN": [
    0.04054791,
    0.04051483
  ],
  "LRC": [
    0.01707282,
    0.01697214
  ],
  "BOB": [
    0.00722923,
    0.00710751
  ],
  "AURORA": [
    0.02825446,
    0.02815113
  ],
  "L3": [
    0.01268983,
    0.01235978
  ],
  "SWARMS": [
    0.01674754,
    0.01734375
  ],
  "GRIFFAIN": [
    0.01672158,
    0.01696119
  ],
  "RESOLV": [
    0.0409999,
    0.04069395
  ],
  "DENT": [
    0.00016239,
    0.00016401
  ],
  "DSYNC": [
    0.01543577,
    0.01533513
  ],
  "INIT": [
    0.081326,
    0.081249
  ],
  "NEWT": [
    0.067284,
    0.067925
  ],
  "NIL": [
    0.03415886,
    0.03388603
  ],
  "BANK": [
    0.03333715,
    0.03304789
  ],
  "SONIC": [
    0.03548913,
    0.03532066
  ],
  "DAO": [
    0.05021,
    0.050203
  ],
  "PAAL": [
    0.01328438,
    0.01332979
  ],
  "MUBARAK": [
    0.01165563,
    0.01140947
  ],
  "IKA": [
    0.00381398,
    0.00368723
  ],
  "HONEY": [
    0.00191041,
    0.00191139
  ],
  "AIN": [
    0.056446,
    0.057699
  ],
  "TLM": [
    0.00163653,
    0.00163526
  ],
  "TAI": [
    0.01699256,
    0.01722775
  ],
  "LAT": [
    0.00133892,
    0.00132356
  ],
  "HMSTR": [
    0.00013827,
    0.00013807
  ],
  "AVL": [
    0.02837314,
    0.02929753
  ],
  "ROAM": [
    0.02372332,
    0.02355093
  ],
  "COQ": [
    1.17612e-7,
    1.11701e-7
  ],
  "FUEL": [
    0.00095775,
    0.0009585
  ],
  "NAVX": [
    0.00878927,
    0.00863685
  ],
  "SOLV": [
    0.00475391,
    0.0045047
  ],
  "COS": [
    0.00123527,
    0.00125438
  ],
  "NKN": [
    0.00770706,
    0.00760488
  ],
  "PIXEL": [
    0.00758851,
    0.00748084
  ],
  "OBT": [
    0.00103874,
    0.00103811
  ],
  "RSS3": [
    0.00563257,
    0.00566739
  ],
  "FWOG": [
    0.00514905,
    0.0051626
  ],
  "DMC": [
    0.00069043,
    0.00068689
  ],
  "FHE": [
    0.01619172,
    0.01678708
  ],
  "LYXE": [
    0.240874,
    0.240543
  ],
  "RDNT": [
    0.00233927,
    0.00231201
  ],
  "FORTH": [
    0.271503,
    0.273622
  ],
  "GEAR": [
    0.0002904,
    0.00027659
  ],
  "SAMO": [
    0.00042408,
    0.0004144
  ],
  "HOOK": [
    0.00807847,
    0.00814148
  ],
  "OAS": [
    0.00035477,
    0.00035832
  ],
  "HIPPO": [
    0.00022185,
    0.00022525
  ],
  "PTB": [
    0.00095511,
    0.00098317
  ],
  "PERP": [
    0.02798693,
    0.02800188
  ],
  "CUDIS": [
    0.00781714,
    0.00776979
  ],
  "FIS": [
    0.01226464,
    0.01222246
  ],
  "EPT": [
    0.00075194,
    0.0007499
  ],
  "GORK": [
    0.00166162,
    0.0016065
  ],
  "FLM": [
    0.00288855,
    0.00282695
  ],
  "DATA": [
    0.00099311,
    0.00098296
  ],
  "SAROS": [
    0.00038512,
    0.00038602
  ],
  "INSP": [
    0.00115365,
    0.00120675
  ],
  "ACA": [
    0.00073647,
    0.00072616
  ],
  "DUCK": [
    0.00009673,
    0.00009848
  ],
  "A2Z": [
    0.00008908,
    0.00009014
  ],
  "SWTCH": [
    0.00341741,
    0.00349122
  ],
  "FOXY": [
    0.00009513,
    0.00009505
  ],
  "RFC": [
    0.0005697,
    0.00054508
  ],
  "LOOKS": [
    0.00036273,
    0.00036301
  ],
  "BDXN": [
    0.00184241,
    0.00181782
  ],
  "MOONPIG": [
    0.00029997,
    0.00029605
  ],
  "ROOT": [
    0.00006111,
    0.0000604
  ],
  "CHILLGUY": [
    0.00007238,
    0.00007182
  ],
  "APU": [
    0.00003336,
    0.00003335
  ],
  "CHESS": [
    0.000138,
    0.00013871
  ],
  "HOLO": [
    0.00001254,
    0.00001254
  ],
  "GMMT": [
    0.00388197,
    0.00387109
  ],
  "RATS": [
    0.00003649,
    0.00003663
  ],
  "ADB": [
    null,
    null
  ]
}