{
  "PUMP": [
    0.00179993,
    0.00179325
  ],
  "STABLE": [
    0.02915614,
    0.02981069
  ],
  "SIREN": [
    0.699469,
    0.690976
  ],
  "MON": [
    0.03231311,
    0.03238888
  ],
  "AERO": [
    0.406577,
    0.407501
  ],
  "JASMY": [
    0.00563275,
    0.00563264
  ],
  "LIT": [
    0.900105,
    0.898491
  ],
  "SKYAI": [
    0.179333,
    0.182185
  ],
  "CVX": [
    1.77,
    1.76
  ],
  "BAT": [
    0.100045,
    0.100918
  ],
  "CHEEMS": [
    5.7579e-7,
    5.68081e-7
  ],
  "ATH": [
    0.00583242,
    0.00583912
  ],
  "COW": [
    0.182735,
    0.18266
  ],
  "BANANAS31": [
    0.00929928,
    0.0094558
  ],
  "BEAT": [
    0.57792,
    0.569462
  ],
  "BAN": [
    0.079968,
    0.079012
  ],
  "ONT": [
    0.076111,
    0.075987
  ],
  "CKB": [
    0.00147948,
    0.00147993
  ],
  "TAG": [
    0.00064609,
    0.00064907
  ],
  "SAHARA": [
    0.02126363,
    0.02125418
  ],
  "ARC": [
    0.066461,
    0.066338
  ],
  "NPC": [
    0.00831235,
    0.00820685
  ],
  "POLYX": [
    0.04956212,
    0.04979852
  ],
  "CSPR": [
    0.00294944,
    0.00294225
  ],
  "MERL": [
    0.03746557,
    0.03669259
  ],
  "MYX": [
    0.237181,
    0.233899
  ],
  "IOTX": [
    0.00470214,
    0.00467371
  ],
  "HUMA": [
    0.02454593,
    0.02536669
  ],
  "NOT": [
    0.00039183,
    0.00039255
  ],
  "MAGMA": [
    0.198815,
    0.200159
  ],
  "SNEK": [
    0.00049702,
    0.00050638
  ],
  "NEIRO": [
    0.00008796,
    0.00008825
  ],
  "DEP": [
    0.00111496,
    0.00111223
  ],
  "ISLM": [
    0.01182665,
    0.01182279
  ],
  "REZ": [
    0.00365746,
    0.00367261
  ],
  "SATS": [
    1.3816e-8,
    1.3897e-8
  ],
  "DEGEN": [
    0.00076342,
    0.00076371
  ],
  "CPOOL": [
    0.02838356,
    0.02796536
  ],
  "SPELL": [
    0.00016264,
    0.00016259
  ],
  "GUN": [
    0.01596007,
    0.01567022
  ],
  "NYM": [
    0.03149651,
    0.03142791
  ],
  "ALLO": [
    0.113082,
    0.11329
  ],
  "SLP": [
    0.00065411,
    0.00065598
  ],
  "CORN": [
    0.04045654,
    0.04049638
  ],
  "LRC": [
    0.01694897,
    0.01694801
  ],
  "AURORA": [
    0.02780356,
    0.02780843
  ],
  "BOB": [
    0.00654879,
    0.00657491
  ],
  "SWARMS": [
    0.01849936,
    0.01838538
  ],
  "NIL": [
    0.03936647,
    0.03922564
  ],
  "NEWT": [
    0.076152,
    0.076138
  ],
  "GRIFFAIN": [
    0.01633265,
    0.01631016
  ],
  "BANK": [
    0.03689619,
    0.0373041
  ],
  "INIT": [
    0.084628,
    0.084854
  ],
  "L3": [
    0.01030122,
    0.01028363
  ],
  "DSYNC": [
    0.01404748,
    0.0139072
  ],
  "MUBARAK": [
    0.01334079,
    0.01337848
  ],
  "SONIC": [
    0.03513293,
    0.03522811
  ],
  "HONEY": [
    0.00215533,
    0.00214803
  ],
  "PAAL": [
    0.01269931,
    0.01279908
  ],
  "TLM": [
    0.00173948,
    0.00175594
  ],
  "RESOLV": [
    0.02949793,
    0.02919655
  ],
  "DAO": [
    0.04472495,
    0.04484506
  ],
  "AIN": [
    0.058019,
    0.058005
  ],
  "IKA": [
    0.00357135,
    0.00357154
  ],
  "COQ": [
    1.49129e-7,
    1.47748e-7
  ],
  "HMSTR": [
    0.00015248,
    0.00015284
  ],
  "TAI": [
    0.01634564,
    0.01633033
  ],
  "LAT": [
    0.00132982,
    0.00133171
  ],
  "AVL": [
    0.02636576,
    0.02642541
  ],
  "NKN": [
    0.00875974,
    0.00968651
  ],
  "DENT": [
    0.00008776,
    0.00008043
  ],
  "FUEL": [
    0.00093386,
    0.00093684
  ],
  "NAVX": [
    0.0086487,
    0.00867313
  ],
  "ROAM": [
    0.01852077,
    0.01850386
  ],
  "COS": [
    0.00116172,
    0.00116035
  ],
  "PIXEL": [
    0.0074194,
    0.00744372
  ],
  "OBT": [
    0.00101652,
    0.00101497
  ],
  "SOLV": [
    0.00373388,
    0.00376797
  ],
  "RSS3": [
    0.00563751,
    0.00565886
  ],
  "FWOG": [
    0.00448566,
    0.00452405
  ],
  "DMC": [
    0.00070949,
    0.00070988
  ],
  "OAS": [
    0.00065803,
    0.00065954
  ],
  "FHE": [
    0.01724065,
    0.01726789
  ],
  "LYXE": [
    0.231924,
    0.223523
  ],
  "RDNT": [
    0.00193939,
    0.00195023
  ],
  "GEAR": [
    0.00024865,
    0.00024969
  ],
  "FORTH": [
    0.2348,
    0.233799
  ],
  "HOOK": [
    0.00841024,
    0.00833687
  ],
  "SAMO": [
    0.00039285,
    0.00039331
  ],
  "CUDIS": [
    0.00804541,
    0.0080045
  ],
  "PERP": [
    0.02613618,
    0.02547028
  ],
  "EPT": [
    0.00073542,
    0.00073555
  ],
  "PTB": [
    0.00082831,
    0.00081741
  ],
  "FIS": [
    0.01052395,
    0.01043127
  ],
  "HIPPO": [
    0.00016113,
    0.00016084
  ],
  "GORK": [
    0.00160572,
    0.00160782
  ],
  "FLM": [
    0.00270422,
    0.00269454
  ],
  "SAROS": [
    0.00057781,
    0.00056884
  ],
  "DATA": [
    0.00086999,
    0.00086743
  ],
  "INSP": [
    0.00140707,
    0.00143721
  ],
  "ACA": [
    0.00068361,
    0.0006836
  ],
  "FOXY": [
    0.00011908,
    0.00012
  ],
  "A2Z": [
    0.00007395,
    0.00007399
  ],
  "DUCK": [
    0.00007618,
    0.00007474
  ],
  "RFC": [
    0.00057002,
    0.00056963
  ],
  "SWTCH": [
    0.0032608,
    0.00327234
  ],
  "LOOKS": [
    0.00039194,
    0.00037196
  ],
  "BDXN": [
    0.00189258,
    0.00188409
  ],
  "MOONPIG": [
    0.00029489,
    0.0002968
  ],
  "ROOT": [
    0.00006041,
    0.00006031
  ],
  "CHILLGUY": [
    0.00015595,
    0.00015743
  ],
  "APU": [
    0.00004859,
    0.00004936
  ],
  "CHESS": [
    0.00013656,
    0.00013597
  ],
  "HOLO": [
    0.00001231,
    0.00001231
  ],
  "GMMT": [
    0.00277966,
    0.00277412
  ],
  "RATS": [
    0.00003632,
    0.0000369
  ],
  "ADB": [
    null,
    null
  ]
}