{
  "STABLE": [
    0.03289036,
    0.03483491
  ],
  "PUMP": [
    0.00181001,
    0.00181371
  ],
  "SIREN": [
    0.725685,
    0.715523
  ],
  "AERO": [
    0.461789,
    0.454709
  ],
  "SKYAI": [
    0.392758,
    0.373852
  ],
  "MON": [
    0.0299793,
    0.02999944
  ],
  "JASMY": [
    0.00560164,
    0.00562422
  ],
  "LIT": [
    0.891365,
    0.882898
  ],
  "CVX": [
    1.73,
    1.73
  ],
  "BAT": [
    0.097046,
    0.097057
  ],
  "CHEEMS": [
    5.96349e-7,
    6.05731e-7
  ],
  "ATH": [
    0.00577644,
    0.00579078
  ],
  "COW": [
    0.184465,
    0.184457
  ],
  "BANANAS31": [
    0.00976859,
    0.0098138
  ],
  "TAG": [
    0.00082427,
    0.00087588
  ],
  "BEAT": [
    0.576831,
    0.583299
  ],
  "SAHARA": [
    0.023111,
    0.02303031
  ],
  "ARC": [
    0.075161,
    0.074632
  ],
  "CKB": [
    0.00148799,
    0.00149186
  ],
  "BAN": [
    0.07328,
    0.071934
  ],
  "ONT": [
    0.07071,
    0.070931
  ],
  "NPC": [
    0.0078977,
    0.00789759
  ],
  "POLYX": [
    0.04759337,
    0.04762867
  ],
  "MYX": [
    0.25895,
    0.256505
  ],
  "CSPR": [
    0.00279814,
    0.00280345
  ],
  "IOTX": [
    0.004483,
    0.00447224
  ],
  "ISLM": [
    0.0117808,
    0.01181718
  ],
  "MAGMA": [
    0.229685,
    0.216059
  ],
  "REZ": [
    0.00468045,
    0.00480125
  ],
  "MERL": [
    0.03160077,
    0.03148532
  ],
  "NEIRO": [
    0.0000896,
    0.00009024
  ],
  "NOT": [
    0.00038184,
    0.00038126
  ],
  "HUMA": [
    0.021997,
    0.02158154
  ],
  "SNEK": [
    0.00046069,
    0.00045864
  ],
  "DEP": [
    0.0011088,
    0.00111477
  ],
  "SATS": [
    1.3896e-8,
    1.4271e-8
  ],
  "SPELL": [
    0.00016613,
    0.00016659
  ],
  "ALLO": [
    0.11845,
    0.119611
  ],
  "SWARMS": [
    0.02650874,
    0.02618141
  ],
  "GUN": [
    0.01427272,
    0.01431157
  ],
  "SLP": [
    0.00069945,
    0.00069747
  ],
  "CPOOL": [
    0.02522676,
    0.02533297
  ],
  "DEGEN": [
    0.00066428,
    0.00067516
  ],
  "CORN": [
    0.0402384,
    0.04020029
  ],
  "LRC": [
    0.01671412,
    0.01689267
  ],
  "AURORA": [
    0.02639505,
    0.02639743
  ],
  "NIL": [
    0.04031066,
    0.04099375
  ],
  "GRIFFAIN": [
    0.01791521,
    0.01790814
  ],
  "L3": [
    0.01233018,
    0.01215196
  ],
  "AIN": [
    0.094306,
    0.094588
  ],
  "INIT": [
    0.088846,
    0.089425
  ],
  "NYM": [
    0.02082279,
    0.02041448
  ],
  "BOB": [
    0.00569559,
    0.00566991
  ],
  "NEWT": [
    0.073717,
    0.073831
  ],
  "BANK": [
    0.03335912,
    0.03343703
  ],
  "SONIC": [
    0.03737089,
    0.03739781
  ],
  "MUBARAK": [
    0.01341943,
    0.01342294
  ],
  "DSYNC": [
    0.01295269,
    0.01295842
  ],
  "TLM": [
    0.00183691,
    0.00183983
  ],
  "PAAL": [
    0.01318777,
    0.0131081
  ],
  "RESOLV": [
    0.02856924,
    0.0285495
  ],
  "HONEY": [
    0.00180418,
    0.00180688
  ],
  "DAO": [
    0.04131914,
    0.041424
  ],
  "IKA": [
    0.00333067,
    0.00333279
  ],
  "HMSTR": [
    0.00015261,
    0.00015294
  ],
  "COQ": [
    1.35265e-7,
    1.34978e-7
  ],
  "LAT": [
    0.00132625,
    0.00132811
  ],
  "TAI": [
    0.01517159,
    0.01508114
  ],
  "RSS3": [
    0.00556281,
    0.00553739
  ],
  "AVL": [
    0.02639507,
    0.02673384
  ],
  "FUEL": [
    0.0009101,
    0.00090932
  ],
  "NAVX": [
    0.00877454,
    0.00876298
  ],
  "SOLV": [
    0.00460458,
    0.004572
  ],
  "NKN": [
    0.0078349,
    0.00788429
  ],
  "PIXEL": [
    0.0078273,
    0.00785502
  ],
  "COS": [
    0.00114934,
    0.00115312
  ],
  "OBT": [
    0.00100606,
    0.00100345
  ],
  "FHE": [
    0.01827904,
    0.01833717
  ],
  "DMC": [
    0.00069003,
    0.00069094
  ],
  "FWOG": [
    0.00452853,
    0.0045298
  ],
  "OAS": [
    0.00065366,
    0.00060709
  ],
  "LYXE": [
    0.256066,
    0.256066
  ],
  "DENT": [
    0.00004047,
    0.00003992
  ],
  "ROAM": [
    0.0107813,
    0.01058914
  ],
  "GEAR": [
    0.00032426,
    0.00032042
  ],
  "FORTH": [
    0.237774,
    0.238246
  ],
  "RDNT": [
    0.00177706,
    0.0017909
  ],
  "HOOK": [
    0.00805171,
    0.00790083
  ],
  "SAMO": [
    0.00035074,
    0.00035766
  ],
  "CUDIS": [
    0.00783769,
    0.00782843
  ],
  "PERP": [
    0.02562133,
    0.02549363
  ],
  "EPT": [
    0.00072594,
    0.00072401
  ],
  "HIPPO": [
    0.00016231,
    0.0001623
  ],
  "SAROS": [
    0.00065655,
    0.00061447
  ],
  "PTB": [
    0.00078134,
    0.00077469
  ],
  "FIS": [
    0.01020735,
    0.01029157
  ],
  "FLM": [
    0.00255545,
    0.00255155
  ],
  "GORK": [
    0.00139333,
    0.00138517
  ],
  "DATA": [
    0.00070718,
    0.00070798
  ],
  "A2Z": [
    0.00009976,
    0.00009611
  ],
  "ACA": [
    0.00066629,
    0.00065935
  ],
  "INSP": [
    0.00094648,
    0.00094416
  ],
  "FOXY": [
    0.0001169,
    0.00011504
  ],
  "DUCK": [
    0.00007223,
    0.00007244
  ],
  "RFC": [
    0.00058401,
    0.00058291
  ],
  "SWTCH": [
    0.00336808,
    0.00326268
  ],
  "LOOKS": [
    0.00035295,
    0.00035288
  ],
  "BDXN": [
    0.00164669,
    0.00163286
  ],
  "MOONPIG": [
    0.00026248,
    0.00026296
  ],
  "ROOT": [
    0.00005898,
    0.00005948
  ],
  "CHILLGUY": [
    0.00009074,
    0.00009074
  ],
  "APU": [
    0.0000433,
    0.00004354
  ],
  "CHESS": [
    0.00019277,
    0.00019165
  ],
  "HOLO": [
    0.00001187,
    0.00001187
  ],
  "GMMT": [
    0.00249411,
    0.00248835
  ],
  "RATS": [
    0.00003887,
    0.00003844
  ],
  "ADB": [
    null,
    null
  ]
}