{
  "PUMP": [
    0.00180933,
    0.0018225
  ],
  "STABLE": [
    0.0265913,
    0.02657757
  ],
  "SIREN": [
    0.537152,
    0.56966
  ],
  "MON": [
    0.03027463,
    0.03196718
  ],
  "AERO": [
    0.339821,
    0.340734
  ],
  "JASMY": [
    0.00539096,
    0.00542447
  ],
  "LIT": [
    1.057,
    1.032
  ],
  "CVX": [
    1.82,
    1.82
  ],
  "BAT": [
    0.101576,
    0.101786
  ],
  "COW": [
    0.219469,
    0.222906
  ],
  "ATH": [
    0.00683232,
    0.00674277
  ],
  "BANANAS31": [
    0.0095542,
    0.00938915
  ],
  "CHEEMS": [
    4.59814e-7,
    4.5493e-7
  ],
  "ONT": [
    0.081862,
    0.080555
  ],
  "CKB": [
    0.00149602,
    0.00149283
  ],
  "SAHARA": [
    0.02242107,
    0.02229694
  ],
  "SKYAI": [
    0.06459,
    0.064577
  ],
  "TAG": [
    0.00058984,
    0.00058525
  ],
  "ARC": [
    0.062046,
    0.062752
  ],
  "POLYX": [
    0.04886553,
    0.04884547
  ],
  "NPC": [
    0.00743371,
    0.00744908
  ],
  "BAN": [
    0.055731,
    0.057224
  ],
  "CSPR": [
    0.00302824,
    0.0029447
  ],
  "MYX": [
    0.239464,
    0.241893
  ],
  "IOTX": [
    0.00472812,
    0.0046216
  ],
  "BEAT": [
    0.302169,
    0.292124
  ],
  "NOT": [
    0.00037306,
    0.00037075
  ],
  "SNEK": [
    0.00042711,
    0.00042697
  ],
  "DEP": [
    0.00114533,
    0.00114628
  ],
  "ISLM": [
    0.01198117,
    0.01200186
  ],
  "REZ": [
    0.00363978,
    0.00359212
  ],
  "GUN": [
    0.01671192,
    0.01689528
  ],
  "NYM": [
    0.03508524,
    0.03491558
  ],
  "MERL": [
    0.02387963,
    0.02378492
  ],
  "SPELL": [
    0.00016253,
    0.00016286
  ],
  "DEGEN": [
    0.00074898,
    0.00075586
  ],
  "HUMA": [
    0.01463545,
    0.01478194
  ],
  "NEIRO": [
    0.00005985,
    0.00005983
  ],
  "ALLO": [
    0.108155,
    0.108382
  ],
  "SATS": [
    1.1386e-8,
    1.1289e-8
  ],
  "CPOOL": [
    0.02408601,
    0.02337863
  ],
  "LRC": [
    0.01733174,
    0.01749823
  ],
  "SLP": [
    0.00059826,
    0.00059408
  ],
  "BOB": [
    0.00721775,
    0.00757955
  ],
  "L3": [
    0.01613119,
    0.01433642
  ],
  "MAGMA": [
    0.10298,
    0.105219
  ],
  "AURORA": [
    0.02769556,
    0.02776888
  ],
  "CORN": [
    0.03955663,
    0.03349306
  ],
  "DENT": [
    0.00016689,
    0.0001663
  ],
  "NIL": [
    0.03685986,
    0.03656473
  ],
  "DSYNC": [
    0.01553797,
    0.01556025
  ],
  "RESOLV": [
    0.03887922,
    0.03997501
  ],
  "INIT": [
    0.084608,
    0.083346
  ],
  "SWARMS": [
    0.01510517,
    0.01520083
  ],
  "NEWT": [
    0.067378,
    0.067476
  ],
  "GRIFFAIN": [
    0.01494741,
    0.01412791
  ],
  "BANK": [
    0.03480911,
    0.03358633
  ],
  "SONIC": [
    0.03758606,
    0.03723382
  ],
  "DAO": [
    0.051403,
    0.051435
  ],
  "PAAL": [
    0.0140042,
    0.01409616
  ],
  "IKA": [
    0.00421047,
    0.00417494
  ],
  "MUBARAK": [
    0.01205323,
    0.01226893
  ],
  "HONEY": [
    0.00199747,
    0.00195939
  ],
  "AIN": [
    0.060439,
    0.058547
  ],
  "TLM": [
    0.00166332,
    0.00165219
  ],
  "TAI": [
    0.01725043,
    0.01799387
  ],
  "ROAM": [
    0.02884015,
    0.02850004
  ],
  "LAT": [
    0.00136631,
    0.00136823
  ],
  "HMSTR": [
    0.00014377,
    0.00014127
  ],
  "AVL": [
    0.03011829,
    0.03076717
  ],
  "SOLV": [
    0.00433578,
    0.00501216
  ],
  "NAVX": [
    0.0089454,
    0.00895386
  ],
  "FUEL": [
    0.00090291,
    0.00090944
  ],
  "COQ": [
    1.11918e-7,
    9.825e-8
  ],
  "NKN": [
    0.00843713,
    0.00819231
  ],
  "COS": [
    0.00125627,
    0.00125568
  ],
  "OBT": [
    0.00103709,
    0.00105566
  ],
  "RSS3": [
    0.00597673,
    0.00583511
  ],
  "PIXEL": [
    0.0068512,
    0.00671047
  ],
  "FWOG": [
    0.00513275,
    0.00507714
  ],
  "FHE": [
    0.01883188,
    0.01887964
  ],
  "DMC": [
    0.00071998,
    0.00070361
  ],
  "LYXE": [
    0.242423,
    0.251792
  ],
  "RDNT": [
    0.00239046,
    0.00250398
  ],
  "GEAR": [
    0.00031127,
    0.00031128
  ],
  "FORTH": [
    0.269892,
    0.264993
  ],
  "HOOK": [
    0.00874861,
    0.00883775
  ],
  "SAMO": [
    0.00043361,
    0.00043205
  ],
  "PERP": [
    0.02626461,
    0.0303816
  ],
  "OAS": [
    0.0003442,
    0.00034769
  ],
  "HIPPO": [
    0.00027491,
    0.00021605
  ],
  "PTB": [
    0.00102452,
    0.00097808
  ],
  "CUDIS": [
    0.00819838,
    0.00820719
  ],
  "FIS": [
    0.01297079,
    0.01277175
  ],
  "EPT": [
    0.00075991,
    0.00075889
  ],
  "FLM": [
    0.00282577,
    0.00292105
  ],
  "DUCK": [
    0.00021902,
    0.00021396
  ],
  "GORK": [
    0.00153308,
    0.00154731
  ],
  "DATA": [
    0.00101204,
    0.00101376
  ],
  "SAROS": [
    0.00040165,
    0.00038589
  ],
  "ACA": [
    0.0007513,
    0.00077456
  ],
  "INSP": [
    0.00110305,
    0.00105495
  ],
  "A2Z": [
    0.00009805,
    0.00009467
  ],
  "SWTCH": [
    0.00349832,
    0.00348261
  ],
  "RFC": [
    0.00058017,
    0.00057748
  ],
  "FOXY": [
    0.00009581,
    0.00009375
  ],
  "LOOKS": [
    0.00038052,
    0.00036017
  ],
  "MOONPIG": [
    0.00030082,
    0.00030289
  ],
  "BDXN": [
    0.00180759,
    0.00182936
  ],
  "ROOT": [
    0.00006425,
    0.00006269
  ],
  "CHILLGUY": [
    0.00006822,
    0.00006822
  ],
  "APU": [
    0.00003333,
    0.00003456
  ],
  "CHESS": [
    0.00012903,
    0.00012872
  ],
  "HOLO": [
    0.00001287,
    0.00001293
  ],
  "GMMT": [
    0.00393081,
    0.00392781
  ],
  "RATS": [
    0.00003859,
    0.00003827
  ],
  "ADB": [
    null,
    null
  ]
}