{
  "PUMP": [
    0.0017797,
    0.00175934
  ],
  "STABLE": [
    0.02612625,
    0.02639046
  ],
  "SIREN": [
    0.584212,
    0.566339
  ],
  "MON": [
    0.03134257,
    0.0306264
  ],
  "AERO": [
    0.333307,
    0.338083
  ],
  "JASMY": [
    0.00532822,
    0.00529892
  ],
  "LIT": [
    1.017,
    1.03
  ],
  "CVX": [
    1.81,
    1.8
  ],
  "BAT": [
    0.099963,
    0.100398
  ],
  "COW": [
    0.220586,
    0.216295
  ],
  "ATH": [
    0.00655235,
    0.00650651
  ],
  "BANANAS31": [
    0.00930578,
    0.00939042
  ],
  "CHEEMS": [
    4.45014e-7,
    4.396e-7
  ],
  "SKYAI": [
    0.066784,
    0.074005
  ],
  "ONT": [
    0.079386,
    0.078811
  ],
  "CKB": [
    0.00147262,
    0.00146538
  ],
  "SAHARA": [
    0.02256819,
    0.02261708
  ],
  "TAG": [
    0.00058399,
    0.00057882
  ],
  "POLYX": [
    0.04901653,
    0.04969635
  ],
  "ARC": [
    0.061139,
    0.060628
  ],
  "NPC": [
    0.00724394,
    0.0072981
  ],
  "BAN": [
    0.05611,
    0.056875
  ],
  "CSPR": [
    0.00296283,
    0.00351739
  ],
  "MYX": [
    0.236192,
    0.240117
  ],
  "IOTX": [
    0.00464932,
    0.00467209
  ],
  "BEAT": [
    0.304182,
    0.312867
  ],
  "NOT": [
    0.00035866,
    0.00035716
  ],
  "DEP": [
    0.00114896,
    0.0011493
  ],
  "SNEK": [
    0.0004227,
    0.00042151
  ],
  "ISLM": [
    0.01197799,
    0.0120227
  ],
  "REZ": [
    0.00356629,
    0.00362164
  ],
  "GUN": [
    0.01702095,
    0.01698342
  ],
  "NYM": [
    0.03484511,
    0.03493318
  ],
  "SPELL": [
    0.00016127,
    0.00016157
  ],
  "MERL": [
    0.02295591,
    0.02283938
  ],
  "DEGEN": [
    0.00072954,
    0.00073282
  ],
  "MAGMA": [
    0.106738,
    0.138241
  ],
  "ALLO": [
    0.106576,
    0.110401
  ],
  "NEIRO": [
    0.00005787,
    0.0000581
  ],
  "HUMA": [
    0.01415122,
    0.014098
  ],
  "SATS": [
    1.1107e-8,
    1.1145e-8
  ],
  "CPOOL": [
    0.02341674,
    0.02365884
  ],
  "SLP": [
    0.00058819,
    0.00060994
  ],
  "LRC": [
    0.0170707,
    0.01758011
  ],
  "L3": [
    0.01516233,
    0.01532048
  ],
  "BOB": [
    0.00720337,
    0.00725591
  ],
  "AURORA": [
    0.02766771,
    0.02764908
  ],
  "RESOLV": [
    0.04246453,
    0.04188468
  ],
  "GRIFFAIN": [
    0.01528103,
    0.01631425
  ],
  "CORN": [
    0.03071414,
    0.03085061
  ],
  "SWARMS": [
    0.01545102,
    0.01584253
  ],
  "DENT": [
    0.00016191,
    0.0001652
  ],
  "NIL": [
    0.03668028,
    0.03582716
  ],
  "DSYNC": [
    0.01535981,
    0.01534735
  ],
  "INIT": [
    0.08352,
    0.082572
  ],
  "NEWT": [
    0.066788,
    0.067064
  ],
  "BANK": [
    0.03300256,
    0.03288022
  ],
  "SONIC": [
    0.03645987,
    0.03650406
  ],
  "DAO": [
    0.051315,
    0.051784
  ],
  "PAAL": [
    0.01411075,
    0.01434451
  ],
  "IKA": [
    0.00417355,
    0.00424553
  ],
  "MUBARAK": [
    0.0120151,
    0.01193155
  ],
  "TLM": [
    0.00162729,
    0.00181657
  ],
  "HONEY": [
    0.00191153,
    0.00192741
  ],
  "AIN": [
    0.057078,
    0.05685
  ],
  "TAI": [
    0.01696915,
    0.01716975
  ],
  "LAT": [
    0.00137204,
    0.00137114
  ],
  "HMSTR": [
    0.00013943,
    0.00014231
  ],
  "ROAM": [
    0.02691528,
    0.02629208
  ],
  "AVL": [
    0.03040444,
    0.03030963
  ],
  "FUEL": [
    0.00091471,
    0.00092717
  ],
  "NAVX": [
    0.00889395,
    0.00875692
  ],
  "SOLV": [
    0.00471484,
    0.00465245
  ],
  "COQ": [
    9.6489e-8,
    9.5878e-8
  ],
  "NKN": [
    0.00787446,
    0.00831814
  ],
  "COS": [
    0.00126926,
    0.00127416
  ],
  "OBT": [
    0.00105397,
    0.00104068
  ],
  "PIXEL": [
    0.00671365,
    0.00688816
  ],
  "RSS3": [
    0.00581496,
    0.00585405
  ],
  "FWOG": [
    0.00502189,
    0.00496627
  ],
  "FHE": [
    0.01860168,
    0.01892894
  ],
  "DMC": [
    0.00071154,
    0.00071435
  ],
  "LYXE": [
    0.244794,
    0.241941
  ],
  "RDNT": [
    0.00237562,
    0.00239568
  ],
  "GEAR": [
    0.00029277,
    0.00029453
  ],
  "FORTH": [
    0.263159,
    0.268222
  ],
  "SAMO": [
    0.00043802,
    0.00043281
  ],
  "HOOK": [
    0.00868866,
    0.00839598
  ],
  "OAS": [
    0.000348,
    0.00035307
  ],
  "HIPPO": [
    0.0002237,
    0.00022833
  ],
  "PTB": [
    0.00099871,
    0.0010614
  ],
  "PERP": [
    0.02930204,
    0.02738881
  ],
  "CUDIS": [
    0.00807733,
    0.0079717
  ],
  "FIS": [
    0.01327508,
    0.0126183
  ],
  "EPT": [
    0.00074589,
    0.00076549
  ],
  "FLM": [
    0.00292447,
    0.00288939
  ],
  "GORK": [
    0.00151416,
    0.00154216
  ],
  "DUCK": [
    0.00019571,
    0.0001796
  ],
  "DATA": [
    0.00100828,
    0.0010116
  ],
  "SAROS": [
    0.00037452,
    0.00037528
  ],
  "ACA": [
    0.00075369,
    0.00074856
  ],
  "INSP": [
    0.00107917,
    0.00105915
  ],
  "A2Z": [
    0.00009164,
    0.00009141
  ],
  "SWTCH": [
    0.00336575,
    0.00343998
  ],
  "FOXY": [
    0.00009396,
    0.00009315
  ],
  "RFC": [
    0.00057154,
    0.00056633
  ],
  "LOOKS": [
    0.00035386,
    0.00036438
  ],
  "MOONPIG": [
    0.00029986,
    0.00029897
  ],
  "BDXN": [
    0.00183121,
    0.00180758
  ],
  "ROOT": [
    0.00006349,
    0.00006239
  ],
  "CHILLGUY": [
    0.00006822,
    0.00006822
  ],
  "APU": [
    0.00003382,
    0.00003328
  ],
  "CHESS": [
    0.00013956,
    0.00013971
  ],
  "HOLO": [
    0.00001256,
    0.00001263
  ],
  "GMMT": [
    0.0038994,
    0.00388171
  ],
  "RATS": [
    0.00003864,
    0.00003869
  ],
  "ADB": [
    null,
    null
  ]
}