{
  "PUMP": [
    0.0016494,
    0.00166937
  ],
  "STABLE": [
    0.028561,
    0.02840845
  ],
  "AERO": [
    0.312667,
    0.317044
  ],
  "MON": [
    0.02614952,
    0.02703867
  ],
  "JASMY": [
    0.00533191,
    0.00530923
  ],
  "LIT": [
    0.922469,
    1.019
  ],
  "CVX": [
    1.72,
    1.72
  ],
  "BAT": [
    0.095682,
    0.096622
  ],
  "SIREN": [
    0.185076,
    0.177561
  ],
  "BANANAS31": [
    0.0128567,
    0.01276452
  ],
  "ATH": [
    0.00663894,
    0.00679992
  ],
  "COW": [
    0.200501,
    0.199717
  ],
  "ONT": [
    0.11305,
    0.112668
  ],
  "CHEEMS": [
    4.27829e-7,
    4.2171e-7
  ],
  "TAG": [
    0.00075888,
    0.00072824
  ],
  "CKB": [
    0.00141914,
    0.00145832
  ],
  "SAHARA": [
    0.02072667,
    0.02115566
  ],
  "SKYAI": [
    0.064394,
    0.063526
  ],
  "BEAT": [
    0.391629,
    0.440456
  ],
  "NPC": [
    0.00712635,
    0.00710126
  ],
  "POLYX": [
    0.04512453,
    0.04509119
  ],
  "BAN": [
    0.05392,
    0.053788
  ],
  "ARC": [
    0.05304,
    0.052027
  ],
  "CSPR": [
    0.00293848,
    0.00296129
  ],
  "IOTX": [
    0.00455494,
    0.00457762
  ],
  "MYX": [
    0.207106,
    0.209709
  ],
  "NOT": [
    0.00035084,
    0.00035105
  ],
  "SNEK": [
    0.00043635,
    0.00043733
  ],
  "DEP": [
    0.00114376,
    0.00114271
  ],
  "ISLM": [
    0.01229976,
    0.01220671
  ],
  "NYM": [
    0.03418591,
    0.03411627
  ],
  "REZ": [
    0.00352024,
    0.00339043
  ],
  "SPELL": [
    0.00016113,
    0.00016107
  ],
  "MERL": [
    0.02239784,
    0.02234731
  ],
  "GUN": [
    0.01554148,
    0.01541985
  ],
  "DEGEN": [
    0.00066756,
    0.00068337
  ],
  "NEIRO": [
    0.00005615,
    0.00005632
  ],
  "HUMA": [
    0.01345871,
    0.01364056
  ],
  "CORN": [
    0.04505105,
    0.04490227
  ],
  "ALLO": [
    0.104895,
    0.104731
  ],
  "LRC": [
    0.01816408,
    0.01809972
  ],
  "SATS": [
    1.0733e-8,
    1.0728e-8
  ],
  "SLP": [
    0.00059348,
    0.00059509
  ],
  "MAGMA": [
    0.115164,
    0.112142
  ],
  "CPOOL": [
    0.02096184,
    0.02137614
  ],
  "AURORA": [
    0.02609214,
    0.02608213
  ],
  "DENT": [
    0.00018319,
    0.0001824
  ],
  "RESOLV": [
    0.04189487,
    0.0413291
  ],
  "BOB": [
    0.0054413,
    0.0054404
  ],
  "INIT": [
    0.084229,
    0.08247
  ],
  "NIL": [
    0.03590591,
    0.03549893
  ],
  "DSYNC": [
    0.01409723,
    0.01426969
  ],
  "IKA": [
    0.00462502,
    0.00464957
  ],
  "NEWT": [
    0.063553,
    0.064242
  ],
  "SONIC": [
    0.03710287,
    0.03726383
  ],
  "DAO": [
    0.050959,
    0.05131
  ],
  "BANK": [
    0.02703983,
    0.02993772
  ],
  "L3": [
    0.009099,
    0.00883354
  ],
  "GRIFFAIN": [
    0.01298945,
    0.01210604
  ],
  "PAAL": [
    0.01318055,
    0.01300421
  ],
  "MUBARAK": [
    0.01116921,
    0.01119462
  ],
  "HONEY": [
    0.00196582,
    0.00192421
  ],
  "TLM": [
    0.00163252,
    0.00162203
  ],
  "AIN": [
    0.056271,
    0.056438
  ],
  "AVL": [
    0.03499173,
    0.03570734
  ],
  "ROAM": [
    0.03307332,
    0.02976902
  ],
  "TAI": [
    0.01615177,
    0.01634448
  ],
  "HMSTR": [
    0.00014209,
    0.00014105
  ],
  "LAT": [
    0.00130102,
    0.00129922
  ],
  "SWARMS": [
    0.00863279,
    0.00861982
  ],
  "NKN": [
    0.00975041,
    0.01018105
  ],
  "NAVX": [
    0.00893174,
    0.00891968
  ],
  "FUEL": [
    0.00092302,
    0.00092049
  ],
  "COQ": [
    9.5795e-8,
    9.9703e-8
  ],
  "COS": [
    0.00126348,
    0.00122125
  ],
  "SOLV": [
    0.00452756,
    0.00422426
  ],
  "OBT": [
    0.00100492,
    0.00100463
  ],
  "PIXEL": [
    0.0069924,
    0.00679594
  ],
  "HIPPO": [
    0.00052522,
    0.0005232
  ],
  "FWOG": [
    0.00490102,
    0.00497325
  ],
  "RSS3": [
    0.00524626,
    0.00522474
  ],
  "FHE": [
    0.01889575,
    0.01859656
  ],
  "DMC": [
    0.000709,
    0.00071248
  ],
  "LYXE": [
    0.25487,
    0.25487
  ],
  "RDNT": [
    0.00268771,
    0.00270013
  ],
  "GEAR": [
    0.00029875,
    0.00029631
  ],
  "FORTH": [
    0.245315,
    0.243387
  ],
  "DUCK": [
    0.00033308,
    0.00032909
  ],
  "SAMO": [
    0.00042414,
    0.00042234
  ],
  "HOOK": [
    0.0083939,
    0.00789419
  ],
  "OAS": [
    0.00033631,
    0.00034192
  ],
  "FIS": [
    0.01241303,
    0.01274258
  ],
  "PERP": [
    0.02633999,
    0.02728607
  ],
  "CUDIS": [
    0.00775417,
    0.00761082
  ],
  "EPT": [
    0.00074337,
    0.00073997
  ],
  "FLM": [
    0.0028175,
    0.00295109
  ],
  "GORK": [
    0.00137417,
    0.00135887
  ],
  "DATA": [
    0.00099519,
    0.00098982
  ],
  "PTB": [
    0.00064189,
    0.00062597
  ],
  "SAROS": [
    0.00047278,
    0.00047147
  ],
  "INSP": [
    0.00127876,
    0.00125656
  ],
  "A2Z": [
    0.00012546,
    0.00010859
  ],
  "ACA": [
    0.00067678,
    0.00067015
  ],
  "SWTCH": [
    0.00408026,
    0.00404042
  ],
  "RFC": [
    0.00052572,
    0.00052563
  ],
  "FOXY": [
    0.00008771,
    0.00008512
  ],
  "LOOKS": [
    0.00039941,
    0.00039786
  ],
  "BDXN": [
    0.00196368,
    0.00199488
  ],
  "MOONPIG": [
    0.00029158,
    0.00029337
  ],
  "ROOT": [
    0.000059,
    0.00005989
  ],
  "CHESS": [
    0.00087041,
    0.00059271
  ],
  "CHILLGUY": [
    0.00006699,
    0.00006699
  ],
  "APU": [
    0.0000299,
    0.00003024
  ],
  "HOLO": [
    0.00001436,
    0.00001446
  ],
  "RATS": [
    0.00003768,
    0.00003771
  ],
  "GMMT": [
    0.00413295,
    0.0041659
  ],
  "ADB": [
    null,
    null
  ]
}