{
  "PUMP": [
    0.00188113,
    0.00185894
  ],
  "STABLE": [
    0.02653673,
    0.02641312
  ],
  "SIREN": [
    0.70792,
    0.699606
  ],
  "MON": [
    0.03561487,
    0.03564931
  ],
  "AERO": [
    0.366244,
    0.370672
  ],
  "LIT": [
    1.11,
    1.12
  ],
  "JASMY": [
    0.00536461,
    0.00537381
  ],
  "CVX": [
    1.78,
    1.8
  ],
  "BAT": [
    0.100027,
    0.100099
  ],
  "COW": [
    0.215756,
    0.217385
  ],
  "ATH": [
    0.00610175,
    0.00594266
  ],
  "BANANAS31": [
    0.00946667,
    0.00962492
  ],
  "CHEEMS": [
    4.53216e-7,
    4.58119e-7
  ],
  "ARC": [
    0.070375,
    0.074961
  ],
  "ONT": [
    0.08259,
    0.080036
  ],
  "SKYAI": [
    0.072134,
    0.072344
  ],
  "CKB": [
    0.0014657,
    0.00146893
  ],
  "SAHARA": [
    0.02238585,
    0.02253501
  ],
  "POLYX": [
    0.04992901,
    0.050392
  ],
  "TAG": [
    0.00058088,
    0.00058006
  ],
  "NPC": [
    0.0070119,
    0.00725067
  ],
  "BAN": [
    0.056899,
    0.05676
  ],
  "CSPR": [
    0.00303392,
    0.00311532
  ],
  "MYX": [
    0.243775,
    0.239878
  ],
  "MAGMA": [
    0.241883,
    0.234683
  ],
  "IOTX": [
    0.00469481,
    0.00468223
  ],
  "BEAT": [
    0.303553,
    0.307239
  ],
  "NOT": [
    0.00035577,
    0.00035869
  ],
  "SNEK": [
    0.00042218,
    0.00043081
  ],
  "MERL": [
    0.02584957,
    0.02649207
  ],
  "DEP": [
    0.00112503,
    0.00112695
  ],
  "REZ": [
    0.00366235,
    0.00370543
  ],
  "ISLM": [
    0.01168657,
    0.0117626
  ],
  "NYM": [
    0.03510757,
    0.03540514
  ],
  "GUN": [
    0.01726028,
    0.01684161
  ],
  "DEGEN": [
    0.00074536,
    0.0007486
  ],
  "SPELL": [
    0.00015933,
    0.00016077
  ],
  "HUMA": [
    0.01582728,
    0.01579672
  ],
  "NEIRO": [
    0.00005842,
    0.00005919
  ],
  "CPOOL": [
    0.0243325,
    0.02465738
  ],
  "SATS": [
    1.0914e-8,
    1.0959e-8
  ],
  "ALLO": [
    0.103005,
    0.10109
  ],
  "SLP": [
    0.00059437,
    0.00061198
  ],
  "CORN": [
    0.04051483,
    0.04048884
  ],
  "LRC": [
    0.01697214,
    0.01696985
  ],
  "BOB": [
    0.00710751,
    0.0070467
  ],
  "AURORA": [
    0.02815113,
    0.02807841
  ],
  "SWARMS": [
    0.01734375,
    0.01768739
  ],
  "L3": [
    0.01235978,
    0.01228963
  ],
  "GRIFFAIN": [
    0.01696119,
    0.01647537
  ],
  "DSYNC": [
    0.01533513,
    0.0158651
  ],
  "DENT": [
    0.00016401,
    0.00016239
  ],
  "RESOLV": [
    0.04069395,
    0.03985856
  ],
  "INIT": [
    0.081249,
    0.08074
  ],
  "NEWT": [
    0.067925,
    0.068453
  ],
  "NIL": [
    0.03388603,
    0.03409588
  ],
  "BANK": [
    0.03304789,
    0.03299523
  ],
  "SONIC": [
    0.03532066,
    0.03569263
  ],
  "DAO": [
    0.050203,
    0.050563
  ],
  "PAAL": [
    0.01332979,
    0.01334167
  ],
  "MUBARAK": [
    0.01140947,
    0.01153122
  ],
  "IKA": [
    0.00368723,
    0.00369577
  ],
  "HONEY": [
    0.00191139,
    0.00191161
  ],
  "TLM": [
    0.00163526,
    0.00164456
  ],
  "AIN": [
    0.057699,
    0.057146
  ],
  "TAI": [
    0.01722775,
    0.01765509
  ],
  "HMSTR": [
    0.00013807,
    0.00014733
  ],
  "LAT": [
    0.00132356,
    0.00132902
  ],
  "AVL": [
    0.02929753,
    0.02921037
  ],
  "ROAM": [
    0.02355093,
    0.02304573
  ],
  "COQ": [
    1.11701e-7,
    1.11389e-7
  ],
  "FUEL": [
    0.0009585,
    0.00096491
  ],
  "NAVX": [
    0.00863685,
    0.00871735
  ],
  "COS": [
    0.00125438,
    0.00124974
  ],
  "SOLV": [
    0.0045047,
    0.00431167
  ],
  "NKN": [
    0.00760488,
    0.00763192
  ],
  "PIXEL": [
    0.00748084,
    0.00732972
  ],
  "OBT": [
    0.00103811,
    0.00103474
  ],
  "RSS3": [
    0.00566739,
    0.00574853
  ],
  "FWOG": [
    0.0051626,
    0.00523852
  ],
  "DMC": [
    0.00068689,
    0.00070117
  ],
  "FHE": [
    0.01678708,
    0.01664609
  ],
  "LYXE": [
    0.240543,
    0.246571
  ],
  "RDNT": [
    0.00231201,
    0.0023083
  ],
  "FORTH": [
    0.273622,
    0.271874
  ],
  "GEAR": [
    0.00027659,
    0.00027333
  ],
  "HOOK": [
    0.00814148,
    0.00838005
  ],
  "SAMO": [
    0.0004144,
    0.00041282
  ],
  "OAS": [
    0.00035832,
    0.00036112
  ],
  "HIPPO": [
    0.00022525,
    0.00021987
  ],
  "PERP": [
    0.02800188,
    0.0283351
  ],
  "PTB": [
    0.00098317,
    0.00098227
  ],
  "CUDIS": [
    0.00776979,
    0.00782286
  ],
  "FIS": [
    0.01222246,
    0.0118692
  ],
  "EPT": [
    0.0007499,
    0.00075763
  ],
  "FLM": [
    0.00282695,
    0.00289827
  ],
  "GORK": [
    0.0016065,
    0.00156531
  ],
  "DATA": [
    0.00098296,
    0.00100345
  ],
  "SAROS": [
    0.00038602,
    0.00038927
  ],
  "INSP": [
    0.00120675,
    0.00114787
  ],
  "ACA": [
    0.00072616,
    0.00072776
  ],
  "DUCK": [
    0.00009848,
    0.00010444
  ],
  "A2Z": [
    0.00009014,
    0.00009026
  ],
  "FOXY": [
    0.00009505,
    0.00010919
  ],
  "SWTCH": [
    0.00349122,
    0.00348851
  ],
  "RFC": [
    0.00054508,
    0.00054853
  ],
  "LOOKS": [
    0.00036301,
    0.00035551
  ],
  "MOONPIG": [
    0.00029605,
    0.00030511
  ],
  "BDXN": [
    0.00181782,
    0.00182408
  ],
  "ROOT": [
    0.0000604,
    0.00006341
  ],
  "CHILLGUY": [
    0.00007182,
    0.00007349
  ],
  "APU": [
    0.00003335,
    0.0000335
  ],
  "CHESS": [
    0.00013871,
    0.0001417
  ],
  "HOLO": [
    0.00001254,
    0.00001254
  ],
  "GMMT": [
    0.00387109,
    0.00387473
  ],
  "RATS": [
    0.00003663,
    0.0000364
  ],
  "ADB": [
    null,
    null
  ]
}