{
  "AERO": [
    0.319064,
    0.319849
  ],
  "JASMY": [
    0.00550799,
    0.0055067
  ],
  "MON": [
    0.02278188,
    0.02285603
  ],
  "LIT": [
    0.974229,
    0.97173
  ],
  "BAT": [
    0.11291,
    0.11179
  ],
  "CVX": [
    1.76,
    1.75
  ],
  "BANANAS31": [
    0.0135946,
    0.01382426
  ],
  "ATH": [
    0.00679798,
    0.00677836
  ],
  "COW": [
    0.200443,
    0.200278
  ],
  "CHEEMS": [
    4.74156e-7,
    4.72882e-7
  ],
  "BEAT": [
    0.619216,
    0.612328
  ],
  "CKB": [
    0.00142497,
    0.00142426
  ],
  "MYX": [
    0.326959,
    0.325362
  ],
  "BAN": [
    0.057365,
    0.058036
  ],
  "CSPR": [
    0.00357333,
    0.00355881
  ],
  "IOTX": [
    0.00540722,
    0.00537038
  ],
  "ARC": [
    0.04548092,
    0.04546403
  ],
  "GUN": [
    0.02268761,
    0.02282159
  ],
  "ISLM": [
    0.01387442,
    0.01391654
  ],
  "HUMA": [
    0.01907456,
    0.01912881
  ],
  "DEP": [
    0.00116081,
    0.00116069
  ],
  "MERL": [
    0.02634777,
    0.02627936
  ],
  "LRC": [
    0.02506244,
    0.02478079
  ],
  "MAGMA": [
    0.14151,
    0.140761
  ],
  "ALLO": [
    0.117918,
    0.118883
  ],
  "DEGEN": [
    0.00070616,
    0.00070513
  ],
  "CORN": [
    0.04324891,
    0.04324098
  ],
  "CPOOL": [
    0.02248108,
    0.02250793
  ],
  "AURORA": [
    0.02888525,
    0.0288665
  ],
  "DENT": [
    0.00019688,
    0.00019661
  ],
  "DSYNC": [
    0.01789289,
    0.01792487
  ],
  "INIT": [
    0.090647,
    0.08979
  ],
  "BANK": [
    0.03870776,
    0.03898919
  ],
  "HONEY": [
    0.00251364,
    0.00251007
  ],
  "L3": [
    0.00953193,
    0.00950518
  ],
  "DAO": [
    0.050827,
    0.050515
  ],
  "BOB": [
    0.00563115,
    0.00564248
  ],
  "MUBARAK": [
    0.01239746,
    0.01239904
  ],
  "AIN": [
    0.062282,
    0.062171
  ],
  "IKA": [
    0.00341808,
    0.00343936
  ],
  "GRIFFAIN": [
    0.00998248,
    0.00998641
  ],
  "HMSTR": [
    0.0001443,
    0.0001442
  ],
  "LAT": [
    0.00132183,
    0.00131948
  ],
  "FUEL": [
    0.00110378,
    0.00110367
  ],
  "COS": [
    0.00148544,
    0.00148482
  ],
  "DUCK": [
    0.0010292,
    0.00102911
  ],
  "AVL": [
    0.02593593,
    0.02579056
  ],
  "NAVX": [
    0.00852953,
    0.00857178
  ],
  "COQ": [
    9.7486e-8,
    9.7471e-8
  ],
  "HIPPO": [
    0.00053774,
    0.00053585
  ],
  "FWOG": [
    0.00549501,
    0.00539947
  ],
  "FHE": [
    0.02047528,
    0.02046143
  ],
  "LYXE": [
    0.32133,
    0.320944
  ],
  "DMC": [
    0.00078261,
    0.00078523
  ],
  "FORTH": [
    0.378171,
    0.385042
  ],
  "GEAR": [
    0.00032558,
    0.0003258
  ],
  "HOOK": [
    0.01136528,
    0.01132469
  ],
  "A2Z": [
    0.00034686,
    0.00032884
  ],
  "FIS": [
    0.01489054,
    0.01489449
  ],
  "CUDIS": [
    0.00760086,
    0.00760918
  ],
  "EPT": [
    0.00081152,
    0.00077978
  ],
  "GORK": [
    0.001633,
    0.00163261
  ],
  "FLM": [
    0.00284895,
    0.00284594
  ],
  "DATA": [
    0.0009055,
    0.0009095
  ],
  "INSP": [
    0.00132859,
    0.00132129
  ],
  "FOXY": [
    0.0001688,
    0.00016943
  ],
  "ACA": [
    0.000808,
    0.00080274
  ],
  "BDXN": [
    0.00261458,
    0.00264964
  ],
  "LOOKS": [
    0.00041502,
    0.00041469
  ],
  "MOONPIG": [
    0.00033983,
    0.0003396
  ],
  "CHESS": [
    0.00155836,
    0.00154697
  ],
  "CHILLGUY": [
    0.00006385,
    0.00006385
  ],
  "APU": [
    0.00003627,
    0.00003596
  ],
  "HOLO": [
    0.000014,
    0.00001392
  ],
  "GMMT": [
    0.00350119,
    0.00350679
  ],
  "ADB": [
    null,
    null
  ]
}