{
  "PUMP": [
    0.00177015,
    0.00177797
  ],
  "SIREN": [
    0.821218,
    0.792214
  ],
  "STABLE": [
    0.02600049,
    0.02585311
  ],
  "MON": [
    0.03189365,
    0.0327127
  ],
  "AERO": [
    0.363975,
    0.355097
  ],
  "LIT": [
    1.062,
    1.045
  ],
  "JASMY": [
    0.00524432,
    0.00524109
  ],
  "CVX": [
    1.73,
    1.73
  ],
  "BAT": [
    0.095833,
    0.095564
  ],
  "SKYAI": [
    0.127461,
    0.124886
  ],
  "COW": [
    0.211839,
    0.211769
  ],
  "ATH": [
    0.00575207,
    0.00573584
  ],
  "BANANAS31": [
    0.00970476,
    0.00977711
  ],
  "TAG": [
    0.00083228,
    0.00083024
  ],
  "CHEEMS": [
    4.33226e-7,
    4.2611e-7
  ],
  "ONT": [
    0.082271,
    0.08243
  ],
  "ARC": [
    0.077916,
    0.076107
  ],
  "CKB": [
    0.00145193,
    0.00145533
  ],
  "BAN": [
    0.069941,
    0.069054
  ],
  "SAHARA": [
    0.02161562,
    0.02151954
  ],
  "POLYX": [
    0.04834677,
    0.04926544
  ],
  "NPC": [
    0.00741188,
    0.00735923
  ],
  "CSPR": [
    0.00301265,
    0.00301752
  ],
  "MYX": [
    0.22933,
    0.233096
  ],
  "BEAT": [
    0.319179,
    0.318945
  ],
  "IOTX": [
    0.00451887,
    0.00451403
  ],
  "MAGMA": [
    0.188447,
    0.198836
  ],
  "NOT": [
    0.00036499,
    0.00036205
  ],
  "ISLM": [
    0.01224451,
    0.01230601
  ],
  "SNEK": [
    0.00041869,
    0.00042062
  ],
  "DEP": [
    0.00111957,
    0.00112463
  ],
  "HUMA": [
    0.01702399,
    0.01742425
  ],
  "REZ": [
    0.00357985,
    0.00363913
  ],
  "NYM": [
    0.03407697,
    0.0345071
  ],
  "MERL": [
    0.02372526,
    0.02395107
  ],
  "GUN": [
    0.01664305,
    0.01641636
  ],
  "SPELL": [
    0.00015766,
    0.00015705
  ],
  "DEGEN": [
    0.00072426,
    0.00071717
  ],
  "ALLO": [
    0.107503,
    0.10695
  ],
  "NEIRO": [
    0.00005652,
    0.00005625
  ],
  "CPOOL": [
    0.02292429,
    0.0230826
  ],
  "SATS": [
    1.0652e-8,
    1.0673e-8
  ],
  "SLP": [
    0.00060838,
    0.00059505
  ],
  "CORN": [
    0.04038537,
    0.04047278
  ],
  "LRC": [
    0.01668568,
    0.01622472
  ],
  "BOB": [
    0.00702701,
    0.00709299
  ],
  "AURORA": [
    0.02674234,
    0.02682023
  ],
  "SWARMS": [
    0.01747841,
    0.0175913
  ],
  "GRIFFAIN": [
    0.01638936,
    0.01641406
  ],
  "L3": [
    0.01163411,
    0.01153035
  ],
  "BANK": [
    0.03733386,
    0.03832898
  ],
  "RESOLV": [
    0.0403987,
    0.04107848
  ],
  "AIN": [
    0.092076,
    0.083337
  ],
  "DSYNC": [
    0.01540644,
    0.01539794
  ],
  "DENT": [
    0.00016067,
    0.00015796
  ],
  "INIT": [
    0.079436,
    0.078781
  ],
  "NIL": [
    0.03290864,
    0.03298211
  ],
  "NEWT": [
    0.065866,
    0.065247
  ],
  "SONIC": [
    0.03482593,
    0.03449064
  ],
  "DAO": [
    0.04806223,
    0.048788
  ],
  "PAAL": [
    0.01308658,
    0.01291464
  ],
  "MUBARAK": [
    0.01143551,
    0.01135569
  ],
  "IKA": [
    0.0038013,
    0.00377981
  ],
  "HONEY": [
    0.00187483,
    0.00188434
  ],
  "TLM": [
    0.00163714,
    0.0016294
  ],
  "TAI": [
    0.01717567,
    0.01674307
  ],
  "LAT": [
    0.00133686,
    0.00133412
  ],
  "HMSTR": [
    0.0001433,
    0.00014072
  ],
  "NKN": [
    0.01090186,
    0.01053326
  ],
  "AVL": [
    0.02828493,
    0.02803167
  ],
  "COQ": [
    1.10833e-7,
    1.0994e-7
  ],
  "FUEL": [
    0.00095819,
    0.00095951
  ],
  "ROAM": [
    0.02140683,
    0.02154356
  ],
  "NAVX": [
    0.00862658,
    0.00856004
  ],
  "SOLV": [
    0.00451849,
    0.00456735
  ],
  "COS": [
    0.00122769,
    0.00122051
  ],
  "PIXEL": [
    0.00786839,
    0.00780513
  ],
  "OBT": [
    0.00103918,
    0.00104999
  ],
  "RSS3": [
    0.0057249,
    0.00574114
  ],
  "FWOG": [
    0.00487303,
    0.00481645
  ],
  "DMC": [
    0.00069175,
    0.00069116
  ],
  "FHE": [
    0.01558895,
    0.01564524
  ],
  "LYXE": [
    0.246526,
    0.246526
  ],
  "FORTH": [
    0.273339,
    0.273038
  ],
  "GEAR": [
    0.00027401,
    0.00027804
  ],
  "RDNT": [
    0.00219457,
    0.00214657
  ],
  "HOOK": [
    0.00853481,
    0.00837856
  ],
  "OAS": [
    0.0003624,
    0.00036623
  ],
  "SAMO": [
    0.00041427,
    0.00041177
  ],
  "CUDIS": [
    0.00792622,
    0.00786418
  ],
  "HIPPO": [
    0.00019178,
    0.00019187
  ],
  "PERP": [
    0.02742555,
    0.02649818
  ],
  "PTB": [
    0.00091212,
    0.00090645
  ],
  "FIS": [
    0.01179756,
    0.01162292
  ],
  "EPT": [
    0.00076101,
    0.00075899
  ],
  "FLM": [
    0.00289695,
    0.00288289
  ],
  "GORK": [
    0.00146159,
    0.00147
  ],
  "DATA": [
    0.00095226,
    0.00094907
  ],
  "SAROS": [
    0.0003811,
    0.00038157
  ],
  "INSP": [
    0.001073,
    0.00107123
  ],
  "ACA": [
    0.00071004,
    0.00070818
  ],
  "DUCK": [
    0.00009721,
    0.0000936
  ],
  "A2Z": [
    0.00008638,
    0.00008409
  ],
  "FOXY": [
    0.00010409,
    0.00010414
  ],
  "SWTCH": [
    0.00361735,
    0.00352406
  ],
  "RFC": [
    0.00056712,
    0.00055974
  ],
  "LOOKS": [
    0.00036946,
    0.00036712
  ],
  "BDXN": [
    0.00183684,
    0.001847
  ],
  "MOONPIG": [
    0.00028805,
    0.00029405
  ],
  "ROOT": [
    0.00005901,
    0.00005901
  ],
  "CHILLGUY": [
    0.0000735,
    0.0000735
  ],
  "APU": [
    0.00003525,
    0.00003506
  ],
  "CHESS": [
    0.00015949,
    0.00015956
  ],
  "HOLO": [
    0.0000126,
    0.0000126
  ],
  "GMMT": [
    0.00376663,
    0.003765
  ],
  "RATS": [
    0.00003755,
    0.00003696
  ],
  "ADB": [
    null,
    null
  ]
}