{
  "PUMP": [
    0.00173216,
    0.00173571
  ],
  "STABLE": [
    0.03370634,
    0.03349897
  ],
  "SIREN": [
    0.725629,
    0.754368
  ],
  "AERO": [
    0.422193,
    0.423224
  ],
  "MON": [
    0.02993574,
    0.03091478
  ],
  "JASMY": [
    0.00565824,
    0.00567338
  ],
  "LIT": [
    0.905912,
    0.906998
  ],
  "SKYAI": [
    0.203778,
    0.204527
  ],
  "CVX": [
    1.78,
    1.79
  ],
  "BAT": [
    0.10327,
    0.103808
  ],
  "CHEEMS": [
    5.77718e-7,
    5.80355e-7
  ],
  "ATH": [
    0.00599075,
    0.00600553
  ],
  "COW": [
    0.187599,
    0.18807
  ],
  "BAN": [
    0.098115,
    0.094666
  ],
  "BANANAS31": [
    0.00918237,
    0.00930187
  ],
  "BEAT": [
    0.547871,
    0.556952
  ],
  "ONT": [
    0.074743,
    0.075141
  ],
  "CKB": [
    0.00150789,
    0.00151016
  ],
  "SAHARA": [
    0.02304486,
    0.02317221
  ],
  "TAG": [
    0.00065648,
    0.00065539
  ],
  "ARC": [
    0.067264,
    0.067461
  ],
  "NPC": [
    0.0082666,
    0.00824653
  ],
  "POLYX": [
    0.050981,
    0.050923
  ],
  "MYX": [
    0.241573,
    0.243808
  ],
  "CSPR": [
    0.00291701,
    0.00291375
  ],
  "IOTX": [
    0.00477097,
    0.00481826
  ],
  "MERL": [
    0.03633064,
    0.0363791
  ],
  "HUMA": [
    0.0248128,
    0.02531031
  ],
  "NOT": [
    0.00040933,
    0.0004099
  ],
  "SNEK": [
    0.00049534,
    0.00049291
  ],
  "MAGMA": [
    0.189845,
    0.192858
  ],
  "NEIRO": [
    0.00008651,
    0.00008672
  ],
  "REZ": [
    0.00392877,
    0.00390977
  ],
  "DEP": [
    0.0011165,
    0.00111676
  ],
  "ISLM": [
    0.01176566,
    0.01176374
  ],
  "SATS": [
    1.4212e-8,
    1.4433e-8
  ],
  "SPELL": [
    0.0001641,
    0.00016463
  ],
  "CPOOL": [
    0.02714162,
    0.027174
  ],
  "SLP": [
    0.0007267,
    0.0007375
  ],
  "GUN": [
    0.01540387,
    0.01536433
  ],
  "ALLO": [
    0.115739,
    0.115636
  ],
  "NYM": [
    0.03121845,
    0.03119813
  ],
  "INIT": [
    0.093998,
    0.090409
  ],
  "DEGEN": [
    0.00064591,
    0.00065158
  ],
  "CORN": [
    0.04008243,
    0.04006313
  ],
  "LRC": [
    0.01684124,
    0.0167954
  ],
  "AURORA": [
    0.02775859,
    0.02775182
  ],
  "NIL": [
    0.0407977,
    0.04122926
  ],
  "SWARMS": [
    0.01841346,
    0.01836329
  ],
  "GRIFFAIN": [
    0.01796442,
    0.0179021
  ],
  "NEWT": [
    0.079864,
    0.079976
  ],
  "BOB": [
    0.00575909,
    0.00580106
  ],
  "L3": [
    0.01026144,
    0.01028415
  ],
  "DSYNC": [
    0.01424397,
    0.01425892
  ],
  "BANK": [
    0.03346858,
    0.03341231
  ],
  "MUBARAK": [
    0.0135012,
    0.01359756
  ],
  "SONIC": [
    0.03735631,
    0.03738405
  ],
  "TLM": [
    0.00189344,
    0.00190286
  ],
  "HONEY": [
    0.0020634,
    0.00207955
  ],
  "AIN": [
    0.063524,
    0.063537
  ],
  "IKA": [
    0.00383169,
    0.0038074
  ],
  "DAO": [
    0.04455582,
    0.04446061
  ],
  "PAAL": [
    0.01221786,
    0.01229217
  ],
  "RESOLV": [
    0.02727332,
    0.02773965
  ],
  "HMSTR": [
    0.00015516,
    0.00015568
  ],
  "COQ": [
    1.45161e-7,
    1.4234e-7
  ],
  "TAI": [
    0.01657162,
    0.01660532
  ],
  "LAT": [
    0.00133271,
    0.00133016
  ],
  "AVL": [
    0.02661719,
    0.02684747
  ],
  "FUEL": [
    0.0009357,
    0.00093612
  ],
  "NAVX": [
    0.00869684,
    0.00867449
  ],
  "NKN": [
    0.0085786,
    0.00846972
  ],
  "PIXEL": [
    0.0081607,
    0.00821928
  ],
  "DENT": [
    0.00006463,
    0.00006432
  ],
  "SOLV": [
    0.00405027,
    0.00410937
  ],
  "COS": [
    0.00116557,
    0.00116503
  ],
  "OBT": [
    0.00104467,
    0.00104293
  ],
  "ROAM": [
    0.01601518,
    0.01629044
  ],
  "RSS3": [
    0.00584745,
    0.00587071
  ],
  "FWOG": [
    0.00451274,
    0.00476203
  ],
  "DMC": [
    0.00071011,
    0.00070921
  ],
  "FHE": [
    0.01765551,
    0.01779471
  ],
  "OAS": [
    0.00060654,
    0.00060695
  ],
  "LYXE": [
    0.234115,
    0.234128
  ],
  "FORTH": [
    0.258555,
    0.261955
  ],
  "RDNT": [
    0.00187028,
    0.00189695
  ],
  "HOOK": [
    0.00840264,
    0.00848329
  ],
  "GEAR": [
    0.00022439,
    0.0002248
  ],
  "SAMO": [
    0.00038079,
    0.00038226
  ],
  "CUDIS": [
    0.00800786,
    0.00799753
  ],
  "PERP": [
    0.02620003,
    0.02633225
  ],
  "EPT": [
    0.00074078,
    0.00074062
  ],
  "PTB": [
    0.00080985,
    0.00081223
  ],
  "FIS": [
    0.01058441,
    0.01062177
  ],
  "HIPPO": [
    0.00015945,
    0.00015823
  ],
  "GORK": [
    0.00150332,
    0.00150254
  ],
  "FLM": [
    0.00262327,
    0.00261986
  ],
  "SAROS": [
    0.00050001,
    0.0005002
  ],
  "DATA": [
    0.00074895,
    0.00075358
  ],
  "INSP": [
    0.00109887,
    0.00109813
  ],
  "ACA": [
    0.00065695,
    0.00065917
  ],
  "FOXY": [
    0.00011982,
    0.00011809
  ],
  "RFC": [
    0.00059264,
    0.00059925
  ],
  "A2Z": [
    0.00006882,
    0.00006837
  ],
  "SWTCH": [
    0.0034672,
    0.00348534
  ],
  "DUCK": [
    0.00006982,
    0.0000696
  ],
  "LOOKS": [
    0.00037068,
    0.00037164
  ],
  "MOONPIG": [
    0.00029701,
    0.00029108
  ],
  "BDXN": [
    0.00156323,
    0.00155863
  ],
  "ROOT": [
    0.0000614,
    0.00005892
  ],
  "CHILLGUY": [
    0.00013301,
    0.00013296
  ],
  "APU": [
    0.00004828,
    0.0000479
  ],
  "CHESS": [
    0.00015256,
    0.00015256
  ],
  "HOLO": [
    0.00001212,
    0.00001211
  ],
  "GMMT": [
    0.00261343,
    0.00261275
  ],
  "RATS": [
    0.0000374,
    0.00003731
  ],
  "ADB": [
    null,
    null
  ]
}