{
  "PUMP": [
    0.00180927,
    0.00185338
  ],
  "STABLE": [
    0.02654931,
    0.02695367
  ],
  "SIREN": [
    0.797913,
    0.777632
  ],
  "MON": [
    0.03375216,
    0.03448105
  ],
  "AERO": [
    0.367304,
    0.371839
  ],
  "LIT": [
    1.081,
    1.11
  ],
  "JASMY": [
    0.00531318,
    0.00531781
  ],
  "CVX": [
    1.74,
    1.76
  ],
  "BAT": [
    0.094794,
    0.095715
  ],
  "ATH": [
    0.0064849,
    0.00642802
  ],
  "COW": [
    0.215592,
    0.215717
  ],
  "SKYAI": [
    0.111609,
    0.108374
  ],
  "BANANAS31": [
    0.01053791,
    0.0103782
  ],
  "CHEEMS": [
    4.95253e-7,
    4.8267e-7
  ],
  "BAN": [
    0.086209,
    0.087187
  ],
  "TAG": [
    0.00080899,
    0.00077214
  ],
  "ONT": [
    0.081707,
    0.081873
  ],
  "ARC": [
    0.073031,
    0.073085
  ],
  "CKB": [
    0.00147661,
    0.00147856
  ],
  "SAHARA": [
    0.02211992,
    0.02216634
  ],
  "POLYX": [
    0.04891074,
    0.04924007
  ],
  "NPC": [
    0.00750441,
    0.00770231
  ],
  "BEAT": [
    0.385018,
    0.373019
  ],
  "CSPR": [
    0.00301475,
    0.00297395
  ],
  "IOTX": [
    0.00447297,
    0.00444206
  ],
  "MYX": [
    0.212146,
    0.21229
  ],
  "MAGMA": [
    0.188357,
    0.205802
  ],
  "NOT": [
    0.00035997,
    0.00036678
  ],
  "SNEK": [
    0.00042654,
    0.00042514
  ],
  "DEP": [
    0.00111838,
    0.0011203
  ],
  "ISLM": [
    0.01165397,
    0.01178752
  ],
  "HUMA": [
    0.01764863,
    0.01745893
  ],
  "MERL": [
    0.02284486,
    0.0251112
  ],
  "REZ": [
    0.00357235,
    0.00359635
  ],
  "NYM": [
    0.03431469,
    0.03433596
  ],
  "SPELL": [
    0.00015798,
    0.0001581
  ],
  "GUN": [
    0.01573467,
    0.01550442
  ],
  "DEGEN": [
    0.0007185,
    0.00072593
  ],
  "ALLO": [
    0.108091,
    0.112291
  ],
  "NEIRO": [
    0.00005736,
    0.00006012
  ],
  "SATS": [
    1.0995e-8,
    1.1653e-8
  ],
  "CPOOL": [
    0.02372157,
    0.0237992
  ],
  "BOB": [
    0.00835829,
    0.00813027
  ],
  "SLP": [
    0.00060159,
    0.00060504
  ],
  "CORN": [
    0.04044975,
    0.04054944
  ],
  "LRC": [
    0.01598318,
    0.01605903
  ],
  "AURORA": [
    0.02677125,
    0.02689741
  ],
  "SWARMS": [
    0.0169379,
    0.01650604
  ],
  "GRIFFAIN": [
    0.01602896,
    0.01606635
  ],
  "L3": [
    0.01121751,
    0.01125239
  ],
  "DSYNC": [
    0.01547703,
    0.01567493
  ],
  "BANK": [
    0.0361732,
    0.03635344
  ],
  "RESOLV": [
    0.03956327,
    0.03962818
  ],
  "DENT": [
    0.00015547,
    0.0001579
  ],
  "NEWT": [
    0.069883,
    0.069779
  ],
  "INIT": [
    0.07946,
    0.078937
  ],
  "AIN": [
    0.071786,
    0.075623
  ],
  "NIL": [
    0.03345704,
    0.03315688
  ],
  "MUBARAK": [
    0.01291248,
    0.01338929
  ],
  "SONIC": [
    0.03491112,
    0.03510439
  ],
  "PAAL": [
    0.01323009,
    0.01341572
  ],
  "DAO": [
    0.04794999,
    0.04777606
  ],
  "IKA": [
    0.0035575,
    0.00362917
  ],
  "TLM": [
    0.0016443,
    0.00164853
  ],
  "HONEY": [
    0.00179962,
    0.00180035
  ],
  "TAI": [
    0.01640371,
    0.01661658
  ],
  "LAT": [
    0.00136146,
    0.00136128
  ],
  "HMSTR": [
    0.00013888,
    0.00014226
  ],
  "COQ": [
    1.12119e-7,
    1.12714e-7
  ],
  "AVL": [
    0.02609375,
    0.02654174
  ],
  "NKN": [
    0.00903721,
    0.00936043
  ],
  "FUEL": [
    0.00095734,
    0.00095889
  ],
  "NAVX": [
    0.00851829,
    0.00866874
  ],
  "ROAM": [
    0.01946815,
    0.02020373
  ],
  "COS": [
    0.00120963,
    0.00121018
  ],
  "SOLV": [
    0.00424478,
    0.00421379
  ],
  "PIXEL": [
    0.00757105,
    0.0077441
  ],
  "OBT": [
    0.00104287,
    0.001053
  ],
  "RSS3": [
    0.0056344,
    0.00571412
  ],
  "FWOG": [
    0.0048327,
    0.00486841
  ],
  "DMC": [
    0.00070243,
    0.00069058
  ],
  "FHE": [
    0.0161578,
    0.01688698
  ],
  "LYXE": [
    0.242426,
    0.241391
  ],
  "FORTH": [
    0.265427,
    0.268895
  ],
  "RDNT": [
    0.00209604,
    0.00210385
  ],
  "GEAR": [
    0.00026435,
    0.00026352
  ],
  "HOOK": [
    0.00818088,
    0.00826806
  ],
  "SAMO": [
    0.00041477,
    0.0004095
  ],
  "OAS": [
    0.00035653,
    0.00035447
  ],
  "CUDIS": [
    0.0079891,
    0.00800853
  ],
  "HIPPO": [
    0.00019091,
    0.00019497
  ],
  "PERP": [
    0.02659079,
    0.02666263
  ],
  "PTB": [
    0.00089891,
    0.00089799
  ],
  "EPT": [
    0.00074934,
    0.00075096
  ],
  "FLM": [
    0.0030676,
    0.00302012
  ],
  "FIS": [
    0.01078748,
    0.01070174
  ],
  "GORK": [
    0.00138993,
    0.00141934
  ],
  "DATA": [
    0.00094156,
    0.00094978
  ],
  "SAROS": [
    0.00037929,
    0.00037943
  ],
  "INSP": [
    0.00103693,
    0.00102281
  ],
  "ACA": [
    0.00070595,
    0.00069434
  ],
  "DUCK": [
    0.00009384,
    0.00009185
  ],
  "A2Z": [
    0.00007693,
    0.00008028
  ],
  "FOXY": [
    0.00010793,
    0.00010992
  ],
  "SWTCH": [
    0.00336766,
    0.00349508
  ],
  "RFC": [
    0.00055815,
    0.00055323
  ],
  "LOOKS": [
    0.00035039,
    0.0003516
  ],
  "BDXN": [
    0.00185881,
    0.00187952
  ],
  "MOONPIG": [
    0.00029497,
    0.00029794
  ],
  "ROOT": [
    0.00006282,
    0.0000606
  ],
  "CHILLGUY": [
    0.00007241,
    0.00007336
  ],
  "APU": [
    0.00003516,
    0.00003539
  ],
  "CHESS": [
    0.00016,
    0.00016011
  ],
  "HOLO": [
    0.00001248,
    0.00001235
  ],
  "RATS": [
    0.00003675,
    0.00003668
  ],
  "GMMT": [
    0.00380256,
    0.0038475
  ],
  "ADB": [
    null,
    null
  ]
}