{
  "XPOWER": [
    0.00049655
  ],
  "MEV": [
    0.00300362
  ],
  "DUBCAT": [
    0.00155078
  ],
  "CLIPCOIN": [
    0.00002543
  ],
  "ICE": [
    0.117247
  ],
  "ARUSD": [
    1.3
  ],
  "PUMPOPOLY": [
    0.532932
  ],
  "PLUG": [
    0.00000881
  ],
  "AGO": [
    0.00027225
  ],
  "PANDA": [
    0.00000244
  ],
  "GRACY": [
    0.00655966
  ],
  "CHONK": [
    2.1669e-8
  ],
  "ULX": [
    0.00076041
  ],
  "IOBUSD": [
    0.719095
  ],
  "DOOK": [
    6.8725e-11
  ],
  "DEVVE": [
    0.02678112
  ],
  "ELDG": [
    0.00029546
  ],
  "DOM": [
    0.232939
  ],
  "COPE": [
    2.83895e-10
  ],
  "DUST": [
    0.324815
  ],
  "$MANIA": [
    0.00016611
  ],
  "VIZSLASWAP": [
    0.00019755
  ],
  "MCEUR": [
    1.16
  ],
  "GNX": [
    1.1
  ],
  "BSW": [
    0.00015376
  ],
  "BAD": [
    3.7254e-11
  ],
  "D2X": [
    0.00172694
  ],
  "COREUM": [
    0.01306247
  ],
  "3BUBU": [
    5.0469e-7
  ],
  "AMC.D": [
    2.74e-12
  ],
  "BROS": [
    0.00001555
  ],
  "ARTS": [
    0.00003627
  ],
  "ASH": [
    4.929e-9
  ],
  "GNFT": [
    0.0632
  ],
  "CID": [
    0.0001796
  ],
  "EGS": [
    0.00026822
  ],
  "PRO": [
    0.375175
  ],
  "AGRO": [
    0.00014646
  ],
  "DEXED": [
    0.00005687
  ],
  "VADER": [
    0.00000392
  ],
  "GARY": [
    0.02114262,
    0.02108531
  ],
  "VMPX": [
    0.00097505
  ],
  "BYAT": [
    0.00000281
  ],
  "ONE": [
    0.00039373
  ],
  "TUIT": [
    0.00013496
  ],
  "COFFEE": [
    0.00184158
  ],
  "NIX": [
    0.00649306
  ],
  "SCALE": [
    0.03544044
  ],
  "ESG": [
    0.00357693
  ],
  "W3S": [
    0.272112
  ],
  "BDT": [
    0.211709
  ],
  "SOA": [
    0.00000275
  ],
  "DUSD": [
    0.085704
  ],
  "SOLANA": [
    0.00001447
  ],
  "ALITA": [
    2.72888e-7
  ],
  "9-5": [
    0.00000681
  ],
  "BTBTX": [
    1.66
  ],
  "FRONK": [
    2.245e-9
  ],
  "WWD": [
    0.00254542
  ],
  "LSULP": [
    0.001834
  ],
  "UMY": [
    0.00083029
  ],
  "BTTOLD": [
    3.81381e-7
  ],
  "MAJIN": [
    1.9334e-11
  ],
  "CNC": [
    0.00001429
  ],
  "DD": [
    0.03827267
  ],
  "AI": [
    0.00000814,
    0.00010211
  ],
  "RENEW": [
    0.00003
  ],
  "TTT": [
    0.00008284
  ],
  "BLOCK": [
    0.00000247
  ],
  "TFT": [
    0.00349114
  ],
  "ZENIQ": [
    0.00513056,
    0.00513105
  ],
  "CDN": [
    0.00354971
  ],
  "BOYSCLUB": [
    3.7922e-8
  ],
  "TMT": [
    1e-18
  ],
  "LOVE": [
    0.00502684
  ],
  "NQAI": [
    0.00022259,
    0.00022259
  ],
  "PHAME": [
    0.01517144
  ],
  "NENG": [
    3.01885e-7
  ],
  "FKETH": [
    0.00001085
  ],
  "TALK": [
    0.0016259
  ],
  "NRV": [
    0.00039214
  ],
  "MKX": [
    0.00418894
  ],
  "ERW": [
    7.31274e-7
  ],
  "MONAT": [
    0.00000612
  ],
  "TEXAN": [
    1.43621e-7
  ],
  "HWL": [
    0.00001883
  ],
  "HERO": [
    0.00004347
  ],
  "PC0000085": [
    1,
    1
  ],
  "STARS": [
    0.00178295
  ],
  "IOEN": [
    0.00072525
  ],
  "POLYBUNNY": [
    0.00307292
  ],
  "BC": [
    0.00113505
  ],
  "TKG": [
    1.1
  ],
  "STBL": [
    0.821988
  ],
  "SONIK": [
    6.06278e-7
  ],
  "ABC": [
    0.397556
  ],
  "STA": [
    0.00002287
  ],
  "YVSUSD": [
    0.790465
  ],
  "FEED": [
    0.00001532
  ],
  "GFTM": [
    0.107457
  ],
  "$GINI": [
    0.04030639
  ],
  "RGAME": [
    0.00001791
  ],
  "SIAM": [
    4.17425e-10
  ],
  "USDM": [
    0.997368
  ],
  "XMT": [
    0.01051266
  ],
  "LSWAX": [
    0.00898549
  ],
  "HO": [
    0.00365247
  ],
  "ION": [
    0.00214664
  ],
  "ICHI": [
    0.110699
  ],
  "MEDIA": [
    0.00012022,
    0.00012022
  ],
  "EVERMOON": [
    0.00005426
  ],
  "BLAZE": [
    0.00218385
  ],
  "LARIX": [
    0.00001594
  ],
  "SFTY": [
    0.00003564
  ],
  "RDP": [
    0.0435177
  ],
  "YVTUSD": [
    1.054
  ],
  "MYUS": [
    0.0000827
  ],
  "CTP": [
    0.00093664
  ],
  "LIF3": [
    0.00187737
  ],
  "SHPING": [
    0.00115468
  ],
  "NIAO": [
    1.48285e-10
  ],
  "TXT": [
    0.00049598,
    0.00049598
  ],
  "ING": [
    0.00000352
  ],
  "POPG": [
    0.04804643
  ],
  "VFIL": [
    0.01906848
  ],
  "BTRST": [
    0.067024
  ],
  "MGP": [
    2.8454e-8
  ],
  "CDT": [
    0.999851
  ],
  "VLINK": [
    0.186166
  ],
  "OXY": [
    0.00012058
  ],
  "SPOT": [
    0.539654
  ],
  "KOM": [
    0.00014745
  ],
  "AMC": [
    0.148795
  ],
  "ASTRA": [
    0.00026456
  ],
  "VXVS": [
    0.056375
  ],
  "FUTARDIO": [
    0.00410861
  ],
  "LEOPARD": [
    2.79506e-13
  ],
  "TRUU": [
    0.00005008
  ],
  "RATS": [
    0.00004799
  ],
  "STORY": [
    0.0000087
  ],
  "BLUEAGENT": [
    7.34999e-7
  ],
  "TKN": [
    0.02907909
  ],
  "VDAI": [
    0.02597645
  ],
  "T23": [
    3.605e-12
  ],
  "HNB": [
    0.00024203
  ],
  "TNGBL": [
    0.378964
  ],
  "ALT": [
    0.00077065
  ],
  "SARA": [
    0.00139058
  ],
  "REUR": [
    1.16
  ],
  "ABIC": [
    0.00044949
  ],
  "RETRO": [
    0.00044363
  ],
  "1000SATS": [
    0.00001101
  ],
  "PVC": [
    0.00484839
  ],
  "VICS": [
    0.02493277
  ],
  "C1USD": [
    0.99782
  ],
  "NFTPUNK": [
    4.643e-12
  ],
  "CVGT": [
    0.00002575
  ],
  "WCX": [
    0.00001581
  ],
  "DGC": [
    0.00141388
  ],
  "TRR": [
    0.00002372
  ],
  "GX": [
    0.00003445
  ],
  "OMEN": [
    0.00075178
  ],
  "TONG": [
    8.8887e-8
  ],
  "BUDDY": [
    0.00003216
  ],
  "PNDO": [
    0.00063621
  ],
  "REWD": [
    0.00000344
  ],
  "XMPWR": [
    0.00029294
  ],
  "ANON": [
    0.00043505
  ],
  "ZAILGO": [
    0.00007034
  ],
  "QAN": [
    2.89891e-7
  ],
  "MULTI": [
    0.215326
  ],
  "INFTEE": [
    0.00010171
  ],
  "ADACASH": [
    3.60017e-10
  ],
  "BLUE": [
    0.00002822,
    0.00003671
  ],
  "WORK": [
    0.00008139,
    0.00008139
  ],
  "STT": [
    0.056982,
    0.056251
  ],
  "A1X": [
    0.0003289,
    0.00032909
  ],
  "LLAMA": [
    0.00681711,
    0.00681711
  ],
  "ARTL": [
    0.00850008,
    0.00850008
  ],
  "KINGY": [
    0.02507994,
    0.02515446
  ],
  "GFI": [
    0.00017465
  ],
  "HANEP": [
    0.01864377
  ],
  "QUIPU": [
    0.01076874
  ],
  "BTCPAY": [
    0.00324635,
    0.00315901
  ],
  "WIZZ": [
    0.00023254
  ],
  "ACRDX": [
    1.012,
    1.012
  ],
  "BLERF": [
    0.00000146,
    0.00000146
  ],
  "BAC": [
    0.00234327,
    0.0023433
  ],
  "MAAL": [
    0.161486,
    0.161486
  ],
  "MORK": [
    0.00010703,
    0.00010703
  ],
  "DEFAI": [
    0.00001393,
    0.00001393
  ],
  "NU": [
    0.02116942
  ],
  "CKC": [
    0.00012039,
    0.00012055
  ],
  "YFX": [
    0.00432117,
    0.92682
  ],
  "DAPP": [
    0.00003462
  ],
  "CSTAR": [
    0.00000305,
    0.00000305
  ],
  "YVHEGIC": [
    0.01576942,
    0.01561958
  ],
  "COLS": [
    0.0141807,
    0.01418574
  ],
  "CFG": [
    0.132723,
    0.133523
  ],
  "CAT": [
    8.5838e-11,
    8.5838e-11
  ],
  "MXY": [
    0.00006381
  ],
  "LRST": [
    0.00006785,
    0.00006794
  ],
  "LOBO": [
    0.00001813,
    0.00001813
  ],
  "MCO2": [
    0.076163
  ],
  "DRGX": [
    0.02992231,
    0.02974095
  ],
  "YND": [
    0.00076128,
    0.00076116
  ],
  "CRAB": [
    0.00108544,
    0.00108544
  ],
  "PIG": [
    1.3976e-8,
    1.3975e-8
  ],
  "PC0000081": [
    1,
    1
  ],
  "CBE": [
    5.3675e-8,
    5.3675e-8
  ],
  "GRAPE": [
    0.00006199,
    0.00006199
  ],
  "MPH": [
    0.00999888,
    0.01065581
  ],
  "ZET": [
    0.00142321,
    0.00142321
  ],
  "DODO": [
    1.045e-9
  ],
  "TOWELI": [
    0.0000441,
    0.0000441
  ],
  "LYK": [
    0.128732,
    0.128497
  ],
  "GEM": [
    0.00058876,
    0.00058877
  ],
  "KNET": [
    0.00025817,
    0.00025817
  ],
  "STONKS": [
    0.00118864
  ],
  "DRC": [
    0.289713,
    0.289714
  ],
  "BOOP": [
    0.00852385,
    0.00852385
  ],
  "SHREDN": [
    0.00000549
  ],
  "BEANS": [
    0.00252491,
    0.00252504
  ],
  "CARAT": [
    0.237831,
    0.237831
  ],
  "ELIX": [
    0.00030369,
    0.00030583
  ],
  "$MEMEME": [
    0.00000106,
    0.00000106
  ],
  "SPY.D": [
    6.7882e-10,
    6.7882e-10
  ],
  "$TIVA": [
    0.091361,
    0.091152
  ],