{
  "PUMP": [
    0.00186194,
    0.00185242
  ],
  "STABLE": [
    0.02555847,
    0.02566355
  ],
  "SIREN": [
    0.648374,
    0.637173
  ],
  "MON": [
    0.03315234,
    0.03290731
  ],
  "AERO": [
    0.390403,
    0.391496
  ],
  "JASMY": [
    0.00569626,
    0.00576393
  ],
  "LIT": [
    0.93853,
    0.931868
  ],
  "SKYAI": [
    0.168965,
    0.16881
  ],
  "CVX": [
    1.82,
    1.8
  ],
  "BAT": [
    0.100736,
    0.100316
  ],
  "ATH": [
    0.00596631,
    0.00594988
  ],
  "CHEEMS": [
    5.20201e-7,
    5.28526e-7
  ],
  "COW": [
    0.185383,
    0.184837
  ],
  "BANANAS31": [
    0.00965521,
    0.0096317
  ],
  "ONT": [
    0.077094,
    0.076392
  ],
  "TAG": [
    0.0006794,
    0.0006866
  ],
  "CKB": [
    0.00153645,
    0.00153528
  ],
  "BEAT": [
    0.49672,
    0.505692
  ],
  "BAN": [
    0.06888,
    0.068639
  ],
  "ARC": [
    0.066936,
    0.068108
  ],
  "SAHARA": [
    0.02163637,
    0.02163624
  ],
  "POLYX": [
    0.051186,
    0.051836
  ],
  "NPC": [
    0.00759375,
    0.00757705
  ],
  "MERL": [
    0.03722247,
    0.04100252
  ],
  "CSPR": [
    0.00293117,
    0.0029396
  ],
  "IOTX": [
    0.00466657,
    0.00466166
  ],
  "MYX": [
    0.232148,
    0.227017
  ],
  "NOT": [
    0.00038855,
    0.00039242
  ],
  "NEIRO": [
    0.00009224,
    0.00009152
  ],
  "SNEK": [
    0.00048951,
    0.00049933
  ],
  "MAGMA": [
    0.189314,
    0.190505
  ],
  "HUMA": [
    0.01930127,
    0.01918188
  ],
  "ISLM": [
    0.01199591,
    0.01211685
  ],
  "DEP": [
    0.00111068,
    0.00111109
  ],
  "SATS": [
    1.5062e-8,
    1.4585e-8
  ],
  "REZ": [
    0.00371954,
    0.00370295
  ],
  "SPELL": [
    0.00016529,
    0.00016552
  ],
  "NYM": [
    0.03367127,
    0.03406902
  ],
  "DEGEN": [
    0.00075621,
    0.00075539
  ],
  "CPOOL": [
    0.02716334,
    0.02711307
  ],
  "GUN": [
    0.0150771,
    0.0154613
  ],
  "SLP": [
    0.00065172,
    0.0006528
  ],
  "ALLO": [
    0.10029,
    0.10025
  ],
  "LRC": [
    0.01712372,
    0.01774182
  ],
  "CORN": [
    0.0414321,
    0.04118577
  ],
  "AURORA": [
    0.02892801,
    0.02908492
  ],
  "GRIFFAIN": [
    0.02104588,
    0.0195346
  ],
  "BOB": [
    0.00699121,
    0.00692068
  ],
  "SWARMS": [
    0.01703448,
    0.01799387
  ],
  "INIT": [
    0.095199,
    0.095986
  ],
  "NIL": [
    0.04091591,
    0.03984857
  ],
  "DSYNC": [
    0.01594205,
    0.0158065
  ],
  "NEWT": [
    0.073172,
    0.072756
  ],
  "L3": [
    0.01058525,
    0.0106036
  ],
  "MUBARAK": [
    0.01391411,
    0.01403908
  ],
  "BANK": [
    0.03295547,
    0.03252173
  ],
  "SONIC": [
    0.03614185,
    0.03607057
  ],
  "RESOLV": [
    0.03240955,
    0.03243102
  ],
  "PAAL": [
    0.01345297,
    0.01340592
  ],
  "TLM": [
    0.00181134,
    0.00181788
  ],
  "DAO": [
    0.04707953,
    0.04676127
  ],
  "HONEY": [
    0.00199742,
    0.0020165
  ],
  "AIN": [
    0.060235,
    0.059566
  ],
  "IKA": [
    0.00360652,
    0.00354275
  ],
  "HMSTR": [
    0.00015129,
    0.00015252
  ],
  "TAI": [
    0.01724664,
    0.01659562
  ],
  "COQ": [
    1.34197e-7,
    1.33978e-7
  ],
  "LAT": [
    0.00131903,
    0.0013469
  ],
  "DENT": [
    0.00008427,
    0.00008355
  ],
  "AVL": [
    0.02709995,
    0.02728583
  ],
  "NAVX": [
    0.0091885,
    0.00902259
  ],
  "FUEL": [
    0.00094227,
    0.0009417
  ],
  "NKN": [
    0.00826144,
    0.00839742
  ],
  "COS": [
    0.00116284,
    0.00118195
  ],
  "OBT": [
    0.0010567,
    0.00105686
  ],
  "PIXEL": [
    0.00774393,
    0.00755996
  ],
  "ROAM": [
    0.01552253,
    0.01571382
  ],
  "RSS3": [
    0.0059368,
    0.00588298
  ],
  "SOLV": [
    0.00365456,
    0.00359417
  ],
  "FWOG": [
    0.00480736,
    0.00474153
  ],
  "FHE": [
    0.01852648,
    0.01822634
  ],
  "DMC": [
    0.0006994,
    0.00070622
  ],
  "OAS": [
    0.00062933,
    0.0006263
  ],
  "LYXE": [
    0.242227,
    0.242227
  ],
  "GEAR": [
    0.00030247,
    0.00027641
  ],
  "FORTH": [
    0.254827,
    0.253108
  ],
  "RDNT": [
    0.00202647,
    0.00201179
  ],
  "HOOK": [
    0.00854307,
    0.00838846
  ],
  "SAMO": [
    0.00041096,
    0.00041029
  ],
  "SAROS": [
    0.00096221,
    0.00088025
  ],
  "PTB": [
    0.00100309,
    0.00099933
  ],
  "CUDIS": [
    0.00812195,
    0.00801565
  ],
  "PERP": [
    0.02623606,
    0.02632835
  ],
  "EPT": [
    0.00075221,
    0.00075273
  ],
  "FLM": [
    0.00293147,
    0.00290152
  ],
  "FIS": [
    0.01102441,
    0.0104966
  ],
  "HIPPO": [
    0.00016433,
    0.00016314
  ],
  "GORK": [
    0.00150555,
    0.00149447
  ],
  "DATA": [
    0.00096906,
    0.00097028
  ],
  "ACA": [
    0.00070495,
    0.00072625
  ],
  "INSP": [
    0.00100631,
    0.00101623
  ],
  "A2Z": [
    0.000094,
    0.00009118
  ],
  "FOXY": [
    0.00012308,
    0.00012145
  ],
  "DUCK": [
    0.00006991,
    0.00007086
  ],
  "RFC": [
    0.00054658,
    0.00053546
  ],
  "SWTCH": [
    0.00311408,
    0.00311661
  ],
  "LOOKS": [
    0.00040545,
    0.00040471
  ],
  "MOONPIG": [
    0.00031794,
    0.00032004
  ],
  "BDXN": [
    0.00181311,
    0.00180815
  ],
  "ROOT": [
    0.00005621,
    0.00005781
  ],
  "CHILLGUY": [
    0.00008099,
    0.00008092
  ],
  "APU": [
    0.00003475,
    0.00003526
  ],
  "CHESS": [
    0.00016669,
    0.00016655
  ],
  "HOLO": [
    0.00001257,
    0.00001257
  ],
  "GMMT": [
    0.0029982,
    0.00306977
  ],
  "RATS": [
    0.00003502,
    0.0000348
  ],
  "ADB": [
    null,
    null
  ]
}