{
  "PUMP": [
    0.00169131,
    0.00171301
  ],
  "STABLE": [
    0.02693346,
    0.02659195
  ],
  "SIREN": [
    0.527746,
    0.588482
  ],
  "MON": [
    0.02838309,
    0.02745175
  ],
  "AERO": [
    0.315335,
    0.320874
  ],
  "JASMY": [
    0.00527165,
    0.00532503
  ],
  "LIT": [
    1.005,
    1.004
  ],
  "CVX": [
    1.72,
    1.74
  ],
  "BAT": [
    0.095038,
    0.097411
  ],
  "ATH": [
    0.00678439,
    0.00679745
  ],
  "COW": [
    0.204356,
    0.209691
  ],
  "BANANAS31": [
    0.01053571,
    0.01013742
  ],
  "CHEEMS": [
    4.23426e-7,
    4.36171e-7
  ],
  "ONT": [
    0.092437,
    0.091134
  ],
  "TAG": [
    0.00064836,
    0.00065315
  ],
  "CKB": [
    0.00141695,
    0.00144206
  ],
  "SAHARA": [
    0.02246312,
    0.02187745
  ],
  "SKYAI": [
    0.07414,
    0.067757
  ],
  "POLYX": [
    0.04901179,
    0.04824929
  ],
  "BAN": [
    0.058907,
    0.056896
  ],
  "NPC": [
    0.00701779,
    0.00705407
  ],
  "ARC": [
    0.053594,
    0.053621
  ],
  "BEAT": [
    0.341368,
    0.348949
  ],
  "CSPR": [
    0.00291309,
    0.00292193
  ],
  "IOTX": [
    0.00445706,
    0.00454216
  ],
  "MYX": [
    0.225916,
    0.222902
  ],
  "NOT": [
    0.00034603,
    0.00035385
  ],
  "SNEK": [
    0.00041531,
    0.00043135
  ],
  "DEP": [
    0.00114115,
    0.00114328
  ],
  "ISLM": [
    0.01236895,
    0.01226181
  ],
  "MERL": [
    0.02351402,
    0.02423813
  ],
  "NYM": [
    0.03477037,
    0.0348134
  ],
  "REZ": [
    0.00356536,
    0.00347086
  ],
  "SPELL": [
    0.0001608,
    0.00015947
  ],
  "L3": [
    0.01781693,
    0.0184673
  ],
  "DEGEN": [
    0.00066561,
    0.00067832
  ],
  "HUMA": [
    0.01443941,
    0.01409711
  ],
  "NEIRO": [
    0.00005506,
    0.00005657
  ],
  "ALLO": [
    0.107687,
    0.107849
  ],
  "GUN": [
    0.01397041,
    0.01369618
  ],
  "CORN": [
    0.04505311,
    0.04498939
  ],
  "SATS": [
    1.0522e-8,
    1.0933e-8
  ],
  "LRC": [
    0.0174106,
    0.01734977
  ],
  "CPOOL": [
    0.0228735,
    0.02207078
  ],
  "SLP": [
    0.00058554,
    0.00059071
  ],
  "MAGMA": [
    0.107293,
    0.105574
  ],
  "AURORA": [
    0.02573935,
    0.02585755
  ],
  "BOB": [
    0.00611675,
    0.00581599
  ],
  "DENT": [
    0.00017174,
    0.00016734
  ],
  "INIT": [
    0.079615,
    0.081616
  ],
  "RESOLV": [
    0.03623515,
    0.0373906
  ],
  "DSYNC": [
    0.01440107,
    0.01443943
  ],
  "NIL": [
    0.03262893,
    0.03318553
  ],
  "NEWT": [
    0.063964,
    0.064865
  ],
  "SONIC": [
    0.03624654,
    0.03661219
  ],
  "DAO": [
    0.052205,
    0.050604
  ],
  "PAAL": [
    0.01342852,
    0.01359838
  ],
  "BANK": [
    0.02862876,
    0.02844346
  ],
  "HONEY": [
    0.00211039,
    0.00209374
  ],
  "IKA": [
    0.00411505,
    0.00398796
  ],
  "GRIFFAIN": [
    0.01152202,
    0.01149603
  ],
  "MUBARAK": [
    0.0112277,
    0.01133051
  ],
  "ROAM": [
    0.03003662,
    0.0304843
  ],
  "TLM": [
    0.00161037,
    0.00161567
  ],
  "AIN": [
    0.055725,
    0.056893
  ],
  "SWARMS": [
    0.00992902,
    0.00989813
  ],
  "TAI": [
    0.01589474,
    0.01618996
  ],
  "AVL": [
    0.03134558,
    0.03115536
  ],
  "LAT": [
    0.00132083,
    0.00132249
  ],
  "HMSTR": [
    0.00013698,
    0.00013763
  ],
  "NAVX": [
    0.00894885,
    0.00927843
  ],
  "FUEL": [
    0.0009312,
    0.00093108
  ],
  "NKN": [
    0.00890735,
    0.00895469
  ],
  "COQ": [
    9.3354e-8,
    9.5645e-8
  ],
  "COS": [
    0.00127921,
    0.0012323
  ],
  "SOLV": [
    0.00436519,
    0.00426284
  ],
  "OBT": [
    0.00106954,
    0.00102392
  ],
  "RSS3": [
    0.00607936,
    0.00595152
  ],
  "FHE": [
    0.02038298,
    0.02100838
  ],
  "PIXEL": [
    0.00654026,
    0.00645273
  ],
  "FWOG": [
    0.00479689,
    0.00478576
  ],
  "DMC": [
    0.00071066,
    0.00072318
  ],
  "LYXE": [
    0.264449,
    0.266724
  ],
  "HIPPO": [
    0.00043333,
    0.00040246
  ],
  "RDNT": [
    0.0024991,
    0.00254992
  ],
  "GEAR": [
    0.00028543,
    0.00029084
  ],
  "FORTH": [
    0.277679,
    0.248865
  ],
  "HOOK": [
    0.00927236,
    0.00910093
  ],
  "SAMO": [
    0.00043318,
    0.00043615
  ],
  "DUCK": [
    0.00032769,
    0.00032095
  ],
  "OAS": [
    0.00036985,
    0.00037328
  ],
  "FIS": [
    0.01266104,
    0.01289851
  ],
  "PTB": [
    0.0010784,
    0.00096026
  ],
  "CUDIS": [
    0.00763108,
    0.00787092
  ],
  "PERP": [
    0.02594908,
    0.02616307
  ],
  "FLM": [
    0.00296607,
    0.00311179
  ],
  "EPT": [
    0.00076436,
    0.00075146
  ],
  "DATA": [
    0.00098243,
    0.0009918
  ],
  "GORK": [
    0.00126467,
    0.00129646
  ],
  "SAROS": [
    0.00046698,
    0.00045773
  ],
  "ACA": [
    0.00079347,
    0.00078885
  ],
  "INSP": [
    0.00117981,
    0.00113064
  ],
  "A2Z": [
    0.00010024,
    0.00010188
  ],
  "SWTCH": [
    0.00422955,
    0.00421178
  ],
  "FOXY": [
    0.00010598,
    0.00009549
  ],
  "RFC": [
    0.00052625,
    0.00052859
  ],
  "LOOKS": [
    0.00036368,
    0.00036187
  ],
  "BDXN": [
    0.00187529,
    0.00189368
  ],
  "MOONPIG": [
    0.00030076,
    0.00029874
  ],
  "ROOT": [
    0.00006008,
    0.00006098
  ],
  "CHESS": [
    0.00039384,
    0.00033947
  ],
  "CHILLGUY": [
    0.00006723,
    0.00006723
  ],
  "APU": [
    0.0000335,
    0.00003335
  ],
  "HOLO": [
    0.00001249,
    0.00001248
  ],
  "RATS": [
    0.00003866,
    0.00003943
  ],
  "GMMT": [
    0.0037534,
    0.0038436
  ],
  "ADB": [
    null,
    null
  ]
}