{
  "STABLE": [
    0.03387273,
    0.03387323
  ],
  "PUMP": [
    0.00184073,
    0.00183999
  ],
  "SKYAI": [
    0.526817,
    0.610933
  ],
  "SIREN": [
    0.750379,
    0.749312
  ],
  "AERO": [
    0.453399,
    0.451581
  ],
  "MON": [
    0.03025968,
    0.0310795
  ],
  "JASMY": [
    0.00570028,
    0.00578434
  ],
  "LIT": [
    0.920109,
    0.96424
  ],
  "CVX": [
    1.79,
    1.79
  ],
  "BAT": [
    0.106427,
    0.105672
  ],
  "TAG": [
    0.00137979,
    0.00138792
  ],
  "CHEEMS": [
    6.44317e-7,
    6.39703e-7
  ],
  "BANANAS31": [
    0.01232373,
    0.01211921
  ],
  "ATH": [
    0.00622708,
    0.00624818
  ],
  "COW": [
    0.192965,
    0.192832
  ],
  "SAHARA": [
    0.02452264,
    0.02444805
  ],
  "BEAT": [
    0.552811,
    0.557125
  ],
  "BAN": [
    0.075474,
    0.076152
  ],
  "CKB": [
    0.00153098,
    0.00152512
  ],
  "ONT": [
    0.072404,
    0.072006
  ],
  "ARC": [
    0.067978,
    0.067785
  ],
  "POLYX": [
    0.04951301,
    0.04955526
  ],
  "NPC": [
    0.00745333,
    0.00744673
  ],
  "NOT": [
    0.00051145,
    0.0004984
  ],
  "MERL": [
    0.03996542,
    0.04044109
  ],
  "MYX": [
    0.241957,
    0.242955
  ],
  "MAGMA": [
    0.242921,
    0.242511
  ],
  "REZ": [
    0.00536641,
    0.00534694
  ],
  "CSPR": [
    0.002797,
    0.00280691
  ],
  "NEIRO": [
    0.0001018,
    0.00010208
  ],
  "IOTX": [
    0.00457216,
    0.00454873
  ],
  "ISLM": [
    0.01143194,
    0.01121132
  ],
  "HUMA": [
    0.02171141,
    0.02185301
  ],
  "SNEK": [
    0.00048907,
    0.00049618
  ],
  "SATS": [
    1.5095e-8,
    1.5191e-8
  ],
  "DEP": [
    0.00111287,
    0.00111401
  ],
  "SPELL": [
    0.00017057,
    0.00016992
  ],
  "CPOOL": [
    0.02735721,
    0.02739279
  ],
  "SWARMS": [
    0.02713153,
    0.02691807
  ],
  "GUN": [
    0.01475259,
    0.01467634
  ],
  "ALLO": [
    0.117539,
    0.117163
  ],
  "SLP": [
    0.00072574,
    0.00072165
  ],
  "DEGEN": [
    0.00069816,
    0.00069662
  ],
  "CORN": [
    0.04025623,
    0.04023755
  ],
  "LRC": [
    0.01693359,
    0.01691806
  ],
  "AURORA": [
    0.02700532,
    0.02700174
  ],
  "NYM": [
    0.0217595,
    0.02191028
  ],
  "NIL": [
    0.0401717,
    0.04002401
  ],
  "INIT": [
    0.090864,
    0.090696
  ],
  "AIN": [
    0.095221,
    0.094994
  ],
  "GRIFFAIN": [
    0.01728384,
    0.01720646
  ],
  "L3": [
    0.01128724,
    0.01128476
  ],
  "BOB": [
    0.00569568,
    0.00572441
  ],
  "NEWT": [
    0.075893,
    0.075808
  ],
  "MUBARAK": [
    0.01619023,
    0.01604442
  ],
  "BANK": [
    0.0335236,
    0.03354848
  ],
  "SONIC": [
    0.0376872,
    0.03775466
  ],
  "DSYNC": [
    0.01287085,
    0.01295908
  ],
  "TLM": [
    0.00187641,
    0.0018679
  ],
  "HONEY": [
    0.00202712,
    0.00202728
  ],
  "RSS3": [
    0.00770254,
    0.00775865
  ],
  "HMSTR": [
    0.00017964,
    0.00018978
  ],
  "RESOLV": [
    0.03082337,
    0.03036738
  ],
  "PAAL": [
    0.01314357,
    0.01311643
  ],
  "IKA": [
    0.00348197,
    0.00348287
  ],
  "DAO": [
    0.04119272,
    0.04137759
  ],
  "COQ": [
    1.38419e-7,
    1.39759e-7
  ],
  "LAT": [
    0.00132617,
    0.00132895
  ],
  "TAI": [
    0.01513825,
    0.01512222
  ],
  "AVL": [
    0.02741442,
    0.02737213
  ],
  "NAVX": [
    0.00891358,
    0.00891654
  ],
  "FUEL": [
    0.00088901,
    0.00088912
  ],
  "FHE": [
    0.02904005,
    0.02689427
  ],
  "SOLV": [
    0.00434628,
    0.00441717
  ],
  "DMC": [
    0.00085666,
    0.00100062
  ],
  "NKN": [
    0.00799345,
    0.00796746
  ],
  "FWOG": [
    0.00637993,
    0.00642242
  ],
  "PIXEL": [
    0.00797874,
    0.00795775
  ],
  "COS": [
    0.00114023,
    0.00113971
  ],
  "OBT": [
    0.00097928,
    0.00097866
  ],
  "LYXE": [
    0.277955,
    0.277955
  ],
  "ROAM": [
    0.01229556,
    0.0123703
  ],
  "OAS": [
    0.00057199,
    0.00057967
  ],
  "DENT": [
    0.00004,
    0.00004003
  ],
  "GEAR": [
    0.00031998,
    0.00032072
  ],
  "FORTH": [
    0.238552,
    0.239718
  ],
  "RDNT": [
    0.00180624,
    0.00178628
  ],
  "HOOK": [
    0.00794745,
    0.00795812
  ],
  "SAMO": [
    0.00034549,
    0.00034498
  ],
  "CUDIS": [
    0.00788587,
    0.00793048
  ],
  "HIPPO": [
    0.00019323,
    0.000192
  ],
  "PERP": [
    0.02597591,
    0.02569725
  ],
  "SAROS": [
    0.00070772,
    0.00069286
  ],
  "FIS": [
    0.01087655,
    0.01096064
  ],
  "PTB": [
    0.00081925,
    0.00081428
  ],
  "EPT": [
    0.00070624,
    0.00070596
  ],
  "FLM": [
    0.00268945,
    0.00267906
  ],
  "GORK": [
    0.00145657,
    0.0014627
  ],
  "DUCK": [
    0.00013728,
    0.00012927
  ],
  "DATA": [
    0.00075236,
    0.00075636
  ],
  "INSP": [
    0.00096398,
    0.00096247
  ],
  "ACA": [
    0.00063451,
    0.00064108
  ],
  "A2Z": [
    0.00008744,
    0.00008693
  ],
  "FOXY": [
    0.00011794,
    0.0001171
  ],
  "SWTCH": [
    0.00363091,
    0.00360179
  ],
  "RFC": [
    0.0005742,
    0.0005761
  ],
  "LOOKS": [
    0.00035784,
    0.00035686
  ],
  "MOONPIG": [
    0.00028884,
    0.00029944
  ],
  "BDXN": [
    0.00175906,
    0.00176212
  ],
  "ROOT": [
    0.00005458,
    0.00005469
  ],
  "CHILLGUY": [
    0.00009815,
    0.00009838
  ],
  "APU": [
    0.00004211,
    0.00004307
  ],
  "CHESS": [
    0.00019318,
    0.00019226
  ],
  "HOLO": [
    0.00001187,
    0.00001187
  ],
  "GMMT": [
    0.00348093,
    0.00349906
  ],
  "RATS": [
    0.00003861,
    0.0000385
  ],
  "ADB": [
    null,
    null
  ]
}