{
  "PUMP": [
    0.0017663,
    0.00181658
  ],
  "STABLE": [
    0.03334932,
    0.03361909
  ],
  "SIREN": [
    0.678795,
    0.679807
  ],
  "AERO": [
    0.461287,
    0.476499
  ],
  "MON": [
    0.03217949,
    0.03259733
  ],
  "JASMY": [
    0.00594584,
    0.00596136
  ],
  "LIT": [
    0.91361,
    0.929369
  ],
  "SKYAI": [
    0.19006,
    0.188795
  ],
  "CVX": [
    1.79,
    1.8
  ],
  "BAT": [
    0.105475,
    0.105607
  ],
  "CHEEMS": [
    6.00202e-7,
    5.97038e-7
  ],
  "ATH": [
    0.00605548,
    0.00629086
  ],
  "COW": [
    0.191685,
    0.19442
  ],
  "BANANAS31": [
    0.00957596,
    0.00956707
  ],
  "BAN": [
    0.082068,
    0.080485
  ],
  "CKB": [
    0.00162049,
    0.00161049
  ],
  "BEAT": [
    0.555806,
    0.557394
  ],
  "SAHARA": [
    0.02409842,
    0.02364778
  ],
  "TAG": [
    0.00068033,
    0.00067828
  ],
  "ONT": [
    0.072195,
    0.072402
  ],
  "NPC": [
    0.00851749,
    0.00853678
  ],
  "ARC": [
    0.068751,
    0.06868
  ],
  "POLYX": [
    0.051106,
    0.050906
  ],
  "MERL": [
    0.04140172,
    0.04031859
  ],
  "MYX": [
    0.256614,
    0.253343
  ],
  "CSPR": [
    0.00290486,
    0.0029392
  ],
  "IOTX": [
    0.00478099,
    0.00478686
  ],
  "HUMA": [
    0.02377748,
    0.02471567
  ],
  "NOT": [
    0.00042128,
    0.00042635
  ],
  "NEIRO": [
    0.00008828,
    0.00009077
  ],
  "MAGMA": [
    0.198437,
    0.196791
  ],
  "SNEK": [
    0.00049224,
    0.00049869
  ],
  "REZ": [
    0.00402627,
    0.00401736
  ],
  "SATS": [
    1.4664e-8,
    1.4808e-8
  ],
  "ISLM": [
    0.01188871,
    0.01189318
  ],
  "DEP": [
    0.00110643,
    0.00110768
  ],
  "SPELL": [
    0.00016574,
    0.00016597
  ],
  "CPOOL": [
    0.02668627,
    0.02630399
  ],
  "SLP": [
    0.00071656,
    0.00072086
  ],
  "ALLO": [
    0.113035,
    0.114505
  ],
  "GUN": [
    0.01490979,
    0.01481195
  ],
  "DEGEN": [
    0.00068859,
    0.00068635
  ],
  "INIT": [
    0.090542,
    0.092891
  ],
  "NYM": [
    0.02949282,
    0.02948238
  ],
  "LRC": [
    0.01710346,
    0.01713363
  ],
  "CORN": [
    0.04017642,
    0.04003845
  ],
  "NIL": [
    0.04443459,
    0.04360746
  ],
  "AURORA": [
    0.02782075,
    0.02783346
  ],
  "SWARMS": [
    0.01851235,
    0.01890899
  ],
  "GRIFFAIN": [
    0.01756652,
    0.01743011
  ],
  "NEWT": [
    0.080293,
    0.079796
  ],
  "SONIC": [
    0.03883205,
    0.04753323
  ],
  "BOB": [
    0.00579873,
    0.00575229
  ],
  "L3": [
    0.01084626,
    0.01065651
  ],
  "AIN": [
    0.080337,
    0.082625
  ],
  "BANK": [
    0.03425041,
    0.03417008
  ],
  "DSYNC": [
    0.01405838,
    0.01421463
  ],
  "MUBARAK": [
    0.01357715,
    0.01372724
  ],
  "TLM": [
    0.00187695,
    0.00187856
  ],
  "HONEY": [
    0.00205483,
    0.00212928
  ],
  "RESOLV": [
    0.02976278,
    0.03014612
  ],
  "PAAL": [
    0.01273078,
    0.01271625
  ],
  "IKA": [
    0.00372806,
    0.00373711
  ],
  "DAO": [
    0.04415502,
    0.04373778
  ],
  "HMSTR": [
    0.00015817,
    0.00015791
  ],
  "COQ": [
    1.43608e-7,
    1.44759e-7
  ],
  "TAI": [
    0.01657433,
    0.01685171
  ],
  "LAT": [
    0.00133067,
    0.00133399
  ],
  "AVL": [
    0.02660872,
    0.02658683
  ],
  "FUEL": [
    0.0009321,
    0.00093186
  ],
  "NAVX": [
    0.00882814,
    0.00883343
  ],
  "NKN": [
    0.00856022,
    0.00853157
  ],
  "PIXEL": [
    0.00823663,
    0.00813558
  ],
  "COS": [
    0.00117633,
    0.00117653
  ],
  "SOLV": [
    0.00409073,
    0.00410303
  ],
  "OBT": [
    0.00102897,
    0.00103699
  ],
  "DENT": [
    0.00005942,
    0.00005868
  ],
  "ROAM": [
    0.01634362,
    0.01546748
  ],
  "RSS3": [
    0.00581162,
    0.00578496
  ],
  "FWOG": [
    0.00488796,
    0.00492579
  ],
  "DMC": [
    0.00070891,
    0.00070214
  ],
  "FHE": [
    0.01804118,
    0.01815854
  ],
  "LYXE": [
    0.245365,
    0.247441
  ],
  "OAS": [
    0.00057933,
    0.0005848
  ],
  "FORTH": [
    0.240913,
    0.243871
  ],
  "RDNT": [
    0.00185929,
    0.00189129
  ],
  "HOOK": [
    0.00840346,
    0.00841973
  ],
  "GEAR": [
    0.00023065,
    0.00023226
  ],
  "SAMO": [
    0.00038198,
    0.00037966
  ],
  "CUDIS": [
    0.0079076,
    0.00792789
  ],
  "PERP": [
    0.02613847,
    0.02591842
  ],
  "PTB": [
    0.00081441,
    0.00084607
  ],
  "EPT": [
    0.00074272,
    0.00073316
  ],
  "FIS": [
    0.01056203,
    0.01061675
  ],
  "HIPPO": [
    0.00016044,
    0.00016392
  ],
  "FLM": [
    0.00272573,
    0.00274308
  ],
  "GORK": [
    0.00150033,
    0.00150178
  ],
  "SAROS": [
    0.00050849,
    0.00050484
  ],
  "DATA": [
    0.00073433,
    0.00073691
  ],
  "INSP": [
    0.00107215,
    0.00106506
  ],
  "ACA": [
    0.0006697,
    0.00067103
  ],
  "FOXY": [
    0.00012092,
    0.00011999
  ],
  "A2Z": [
    0.0000701,
    0.00007086
  ],
  "RFC": [
    0.00058591,
    0.0005868
  ],
  "SWTCH": [
    0.00343637,
    0.00344136
  ],
  "DUCK": [
    0.00006961,
    0.00006978
  ],
  "LOOKS": [
    0.00036099,
    0.00036593
  ],
  "MOONPIG": [
    0.00029619,
    0.00029905
  ],
  "BDXN": [
    0.00149711,
    0.00146484
  ],
  "ROOT": [
    0.00005941,
    0.0000617
  ],
  "CHILLGUY": [
    0.00013968,
    0.0001369
  ],
  "APU": [
    0.0000434,
    0.00004011
  ],
  "CHESS": [
    0.00017029,
    0.00016938
  ],
  "HOLO": [
    0.00001228,
    0.00001228
  ],
  "GMMT": [
    0.00265893,
    0.00266463
  ],
  "RATS": [
    0.0000371,
    0.00003802
  ],
  "ADB": [
    null,
    null
  ]
}