{
  "PUMP": [
    0.00169543,
    0.00171687
  ],
  "STABLE": [
    0.02573995,
    0.02579968
  ],
  "SIREN": [
    0.578454,
    0.584105
  ],
  "MON": [
    0.02610938,
    0.0261825
  ],
  "AERO": [
    0.308759,
    0.308639
  ],
  "LIT": [
    1.048,
    1.067
  ],
  "JASMY": [
    0.00511856,
    0.00516623
  ],
  "CVX": [
    1.68,
    1.67
  ],
  "BAT": [
    0.096543,
    0.098401
  ],
  "ATH": [
    0.00644383,
    0.00639695
  ],
  "COW": [
    0.205481,
    0.20613
  ],
  "BANANAS31": [
    0.00959525,
    0.00986845
  ],
  "CHEEMS": [
    4.32395e-7,
    4.31868e-7
  ],
  "ONT": [
    0.080837,
    0.080503
  ],
  "SKYAI": [
    0.06713,
    0.070802
  ],
  "CKB": [
    0.00140893,
    0.00141839
  ],
  "SAHARA": [
    0.02213966,
    0.02183836
  ],
  "TAG": [
    0.00060723,
    0.00060471
  ],
  "POLYX": [
    0.04822269,
    0.0480368
  ],
  "ARC": [
    0.056179,
    0.057372
  ],
  "NPC": [
    0.00690478,
    0.00687502
  ],
  "BAN": [
    0.055711,
    0.0552
  ],
  "BEAT": [
    0.299156,
    0.359502
  ],
  "CSPR": [
    0.00283488,
    0.00286645
  ],
  "IOTX": [
    0.00454204,
    0.00450818
  ],
  "MYX": [
    0.220934,
    0.215842
  ],
  "NOT": [
    0.00034052,
    0.00034131
  ],
  "DEP": [
    0.00114095,
    0.00114216
  ],
  "ISLM": [
    0.01213564,
    0.01202595
  ],
  "SNEK": [
    0.00040219,
    0.00040207
  ],
  "NYM": [
    0.03485964,
    0.03475807
  ],
  "REZ": [
    0.00345489,
    0.00348886
  ],
  "GUN": [
    0.01518927,
    0.01615327
  ],
  "MERL": [
    0.02253007,
    0.02243688
  ],
  "SPELL": [
    0.00015541,
    0.00015551
  ],
  "HUMA": [
    0.01463823,
    0.01435371
  ],
  "DEGEN": [
    0.00066389,
    0.00066119
  ],
  "ALLO": [
    0.106924,
    0.103905
  ],
  "NEIRO": [
    0.00005457,
    0.0000548
  ],
  "SATS": [
    1.0747e-8,
    1.0704e-8
  ],
  "CPOOL": [
    0.02218844,
    0.0225283
  ],
  "CORN": [
    0.03979335,
    0.03988828
  ],
  "LRC": [
    0.0166362,
    0.01671038
  ],
  "SLP": [
    0.0005655,
    0.00056067
  ],
  "BOB": [
    0.00728078,
    0.00696478
  ],
  "AURORA": [
    0.0269376,
    0.0277504
  ],
  "MAGMA": [
    0.100545,
    0.100879
  ],
  "L3": [
    0.01258717,
    0.01262238
  ],
  "DENT": [
    0.00016249,
    0.00016178
  ],
  "INIT": [
    0.081445,
    0.080488
  ],
  "NIL": [
    0.03436488,
    0.03417844
  ],
  "RESOLV": [
    0.03775978,
    0.03758124
  ],
  "GRIFFAIN": [
    0.01340641,
    0.01424747
  ],
  "BANK": [
    0.03483837,
    0.0333399
  ],
  "DSYNC": [
    0.01432847,
    0.01414396
  ],
  "NEWT": [
    0.066757,
    0.064813
  ],
  "SWARMS": [
    0.01111522,
    0.0134154
  ],
  "SONIC": [
    0.03625963,
    0.03572108
  ],
  "DAO": [
    0.04971295,
    0.050111
  ],
  "IKA": [
    0.00400732,
    0.00406321
  ],
  "PAAL": [
    0.01288126,
    0.01307344
  ],
  "MUBARAK": [
    0.01129857,
    0.01120909
  ],
  "HONEY": [
    0.00200748,
    0.00193802
  ],
  "AIN": [
    0.055285,
    0.055381
  ],
  "TLM": [
    0.00158103,
    0.00156873
  ],
  "LAT": [
    0.00136525,
    0.0014153
  ],
  "TAI": [
    0.01659529,
    0.01656811
  ],
  "ROAM": [
    0.02897393,
    0.02795925
  ],
  "AVL": [
    0.02822096,
    0.02965222
  ],
  "HMSTR": [
    0.00013443,
    0.00013283
  ],
  "NAVX": [
    0.00883797,
    0.00877665
  ],
  "FUEL": [
    0.00088932,
    0.00089437
  ],
  "NKN": [
    0.00788195,
    0.00802251
  ],
  "COQ": [
    9.2967e-8,
    9.2082e-8
  ],
  "SOLV": [
    0.00475649,
    0.00430495
  ],
  "COS": [
    0.00121221,
    0.00120759
  ],
  "OBT": [
    0.00101056,
    0.00101561
  ],
  "RSS3": [
    0.00576994,
    0.00573353
  ],
  "PIXEL": [
    0.00653563,
    0.00659777
  ],
  "FHE": [
    0.01870708,
    0.01902228
  ],
  "FWOG": [
    0.00465448,
    0.00462168
  ],
  "DMC": [
    0.00068082,
    0.00069091
  ],
  "LYXE": [
    0.234873,
    0.234095
  ],
  "HIPPO": [
    0.00030444,
    0.00032258
  ],
  "GEAR": [
    0.00029795,
    0.00029835
  ],
  "RDNT": [
    0.00230243,
    0.00229771
  ],
  "FORTH": [
    0.257771,
    0.262625
  ],
  "HOOK": [
    0.00848033,
    0.00858386
  ],
  "SAMO": [
    0.00042756,
    0.00042031
  ],
  "PTB": [
    0.00110255,
    0.00105641
  ],
  "OAS": [
    0.00032848,
    0.00032503
  ],
  "CUDIS": [
    0.00815292,
    0.00803771
  ],
  "FIS": [
    0.01264581,
    0.01256434
  ],
  "DUCK": [
    0.00027232,
    0.0002501
  ],
  "PERP": [
    0.02512315,
    0.02490449
  ],
  "EPT": [
    0.00074453,
    0.00073521
  ],
  "FLM": [
    0.00277525,
    0.00284868
  ],
  "GORK": [
    0.00133772,
    0.00130866
  ],
  "DATA": [
    0.00097338,
    0.0009645
  ],
  "SAROS": [
    0.0004174,
    0.00041824
  ],
  "INSP": [
    0.00102551,
    0.0010839
  ],
  "ACA": [
    0.00074355,
    0.00073802
  ],
  "A2Z": [
    0.00009403,
    0.00009357
  ],
  "SWTCH": [
    0.00354557,
    0.0036339
  ],
  "FOXY": [
    0.00009501,
    0.00009505
  ],
  "RFC": [
    0.00053856,
    0.00054193
  ],
  "LOOKS": [
    0.00037292,
    0.00036343
  ],
  "BDXN": [
    0.00190583,
    0.00183684
  ],
  "MOONPIG": [
    0.00029367,
    0.00029064
  ],
  "ROOT": [
    0.00006588,
    0.00006388
  ],
  "CHILLGUY": [
    0.00006822,
    0.00006822
  ],
  "CHESS": [
    0.00029547,
    0.00027309
  ],
  "APU": [
    0.00003178,
    0.00003068
  ],
  "HOLO": [
    0.00001209,
    0.00001202
  ],
  "RATS": [
    0.00003523,
    0.00003661
  ],
  "GMMT": [
    0.00382396,
    0.00382226
  ],
  "ADB": [
    null,
    null
  ]
}