{
  "PUMP": [
    0.00187262,
    0.0019275
  ],
  "STABLE": [
    0.02652257,
    0.02669236
  ],
  "SIREN": [
    0.70269,
    0.684819
  ],
  "MON": [
    0.03345868,
    0.03390905
  ],
  "AERO": [
    0.399132,
    0.412071
  ],
  "JASMY": [
    0.00572449,
    0.00578075
  ],
  "LIT": [
    0.905423,
    0.922841
  ],
  "CVX": [
    1.84,
    1.88
  ],
  "SKYAI": [
    0.161911,
    0.160698
  ],
  "BAT": [
    0.106131,
    0.106414
  ],
  "CHEEMS": [
    5.98147e-7,
    5.92113e-7
  ],
  "ATH": [
    0.00599337,
    0.00609201
  ],
  "COW": [
    0.188782,
    0.191158
  ],
  "BANANAS31": [
    0.00964676,
    0.00978912
  ],
  "ONT": [
    0.078212,
    0.079306
  ],
  "BEAT": [
    0.547713,
    0.565047
  ],
  "BAN": [
    0.077427,
    0.076439
  ],
  "CKB": [
    0.00151191,
    0.00153235
  ],
  "TAG": [
    0.00066437,
    0.00066502
  ],
  "SAHARA": [
    0.02153765,
    0.02187137
  ],
  "ARC": [
    0.066953,
    0.067829
  ],
  "POLYX": [
    0.051491,
    0.052134
  ],
  "NPC": [
    0.00810293,
    0.00811318
  ],
  "CSPR": [
    0.00295963,
    0.00297007
  ],
  "MYX": [
    0.239597,
    0.240245
  ],
  "IOTX": [
    0.00470086,
    0.00476571
  ],
  "MERL": [
    0.03458415,
    0.03482849
  ],
  "NOT": [
    0.00040233,
    0.00040786
  ],
  "HUMA": [
    0.02135083,
    0.02177519
  ],
  "SNEK": [
    0.00049296,
    0.00049879
  ],
  "NEIRO": [
    0.00008543,
    0.00008743
  ],
  "GUN": [
    0.01928673,
    0.01885497
  ],
  "SATS": [
    1.4846e-8,
    1.5044e-8
  ],
  "REZ": [
    0.00375374,
    0.00381456
  ],
  "ISLM": [
    0.01204781,
    0.01196912
  ],
  "DEP": [
    0.00110648,
    0.00110781
  ],
  "MAGMA": [
    0.155746,
    0.154101
  ],
  "SPELL": [
    0.00016698,
    0.00016842
  ],
  "DEGEN": [
    0.00075237,
    0.00076278
  ],
  "CPOOL": [
    0.02746941,
    0.02832559
  ],
  "ALLO": [
    0.119512,
    0.119799
  ],
  "NYM": [
    0.03225173,
    0.03250263
  ],
  "SLP": [
    0.00067043,
    0.0006761
  ],
  "LRC": [
    0.01717631,
    0.01731878
  ],
  "CORN": [
    0.04107185,
    0.04079399
  ],
  "BOB": [
    0.00694948,
    0.00703105
  ],
  "AURORA": [
    0.02772551,
    0.02786126
  ],
  "SWARMS": [
    0.01838145,
    0.01824487
  ],
  "NEWT": [
    0.082262,
    0.082817
  ],
  "NIL": [
    0.04044329,
    0.04077045
  ],
  "GRIFFAIN": [
    0.01681478,
    0.01703829
  ],
  "INIT": [
    0.088748,
    0.091304
  ],
  "BANK": [
    0.03734384,
    0.03763831
  ],
  "DSYNC": [
    0.01558908,
    0.01589059
  ],
  "L3": [
    0.01034209,
    0.01053983
  ],
  "MUBARAK": [
    0.01396327,
    0.01423533
  ],
  "SONIC": [
    0.03643678,
    0.03677156
  ],
  "RESOLV": [
    0.0326862,
    0.03284733
  ],
  "TLM": [
    0.00182152,
    0.00183419
  ],
  "PAAL": [
    0.01309869,
    0.01330407
  ],
  "DAO": [
    0.04598104,
    0.04627508
  ],
  "HONEY": [
    0.00195276,
    0.00196659
  ],
  "AIN": [
    0.059904,
    0.060285
  ],
  "IKA": [
    0.00338502,
    0.003445
  ],
  "HMSTR": [
    0.00015707,
    0.0001588
  ],
  "COQ": [
    1.41038e-7,
    1.41466e-7
  ],
  "TAI": [
    0.01647397,
    0.01666442
  ],
  "LAT": [
    0.00134964,
    0.0013551
  ],
  "DENT": [
    0.00007762,
    0.00009076
  ],
  "AVL": [
    0.02657757,
    0.02657774
  ],
  "FUEL": [
    0.00094103,
    0.00093884
  ],
  "NAVX": [
    0.00853713,
    0.00859462
  ],
  "NKN": [
    0.00837389,
    0.00846321
  ],
  "COS": [
    0.00119551,
    0.00120026
  ],
  "PIXEL": [
    0.00766233,
    0.00770688
  ],
  "OBT": [
    0.00103617,
    0.00104197
  ],
  "ROAM": [
    0.01635222,
    0.0166046
  ],
  "SOLV": [
    0.00378067,
    0.00379985
  ],
  "RSS3": [
    0.00563385,
    0.00566143
  ],
  "OAS": [
    0.00070484,
    0.00070062
  ],
  "FWOG": [
    0.00449478,
    0.00453916
  ],
  "FHE": [
    0.0175477,
    0.01775004
  ],
  "DMC": [
    0.00069064,
    0.00069606
  ],
  "LYXE": [
    0.23065,
    0.23065
  ],
  "RDNT": [
    0.00207824,
    0.0021485
  ],
  "FORTH": [
    0.245817,
    0.245412
  ],
  "HOOK": [
    0.00830714,
    0.00839398
  ],
  "SAMO": [
    0.0004005,
    0.00039924
  ],
  "GEAR": [
    0.00021982,
    0.0002224
  ],
  "CUDIS": [
    0.00800307,
    0.00813558
  ],
  "PERP": [
    0.02597812,
    0.02603474
  ],
  "PTB": [
    0.00086548,
    0.00087267
  ],
  "SAROS": [
    0.00067353,
    0.00067149
  ],
  "GORK": [
    0.00167826,
    0.00173988
  ],
  "EPT": [
    0.00073971,
    0.00074726
  ],
  "HIPPO": [
    0.00016816,
    0.00016909
  ],
  "FLM": [
    0.00279702,
    0.00292623
  ],
  "FIS": [
    0.01048211,
    0.01057836
  ],
  "DATA": [
    0.00089977,
    0.00090322
  ],
  "INSP": [
    0.00106192,
    0.00105863
  ],
  "ACA": [
    0.00071547,
    0.00071711
  ],
  "FOXY": [
    0.00012184,
    0.000122
  ],
  "A2Z": [
    0.00007807,
    0.00007682
  ],
  "RFC": [
    0.00055328,
    0.00058748
  ],
  "DUCK": [
    0.0000714,
    0.00007052
  ],
  "SWTCH": [
    0.00312277,
    0.00313434
  ],
  "LOOKS": [
    0.00037937,
    0.00038481
  ],
  "MOONPIG": [
    0.00030609,
    0.00030613
  ],
  "BDXN": [
    0.00186665,
    0.00186151
  ],
  "ROOT": [
    0.00005821,
    0.0000582
  ],
  "CHILLGUY": [
    0.00010645,
    0.00013196
  ],
  "APU": [
    0.00007873,
    0.00008371
  ],
  "CHESS": [
    0.00013509,
    0.00013549
  ],
  "HOLO": [
    0.00001259,
    0.00001267
  ],
  "GMMT": [
    0.00297776,
    0.00301774
  ],
  "RATS": [
    0.00003486,
    0.00003527
  ],
  "ADB": [
    null,
    null
  ]
}