{
  "STABLE": [
    0.03352643,
    0.03373252
  ],
  "SKYAI": [
    0.707165,
    0.675406
  ],
  "PUMP": [
    0.00182317,
    0.00183349
  ],
  "SIREN": [
    0.769484,
    0.770708
  ],
  "AERO": [
    0.446164,
    0.448315
  ],
  "MON": [
    0.02969006,
    0.02968798
  ],
  "JASMY": [
    0.00554072,
    0.00557657
  ],
  "LIT": [
    0.907372,
    0.905325
  ],
  "CVX": [
    1.76,
    1.77
  ],
  "BAT": [
    0.103178,
    0.104158
  ],
  "TAG": [
    0.0012935,
    0.00130884
  ],
  "CHEEMS": [
    6.26603e-7,
    6.30821e-7
  ],
  "BANANAS31": [
    0.01234124,
    0.01221269
  ],
  "ATH": [
    0.00604095,
    0.0061658
  ],
  "COW": [
    0.190877,
    0.190705
  ],
  "SAHARA": [
    0.02424938,
    0.02440296
  ],
  "BEAT": [
    0.557595,
    0.559847
  ],
  "CKB": [
    0.00148972,
    0.00150459
  ],
  "BAN": [
    0.075017,
    0.073027
  ],
  "ONT": [
    0.071825,
    0.073046
  ],
  "ARC": [
    0.066908,
    0.067051
  ],
  "POLYX": [
    0.04805765,
    0.0484676
  ],
  "NPC": [
    0.00760845,
    0.0073858
  ],
  "MERL": [
    0.03894953,
    0.03921716
  ],
  "NOT": [
    0.00045183,
    0.0004792
  ],
  "REZ": [
    0.00541862,
    0.00554977
  ],
  "MAGMA": [
    0.240198,
    0.24527
  ],
  "MYX": [
    0.241646,
    0.240615
  ],
  "CSPR": [
    0.00276979,
    0.00277912
  ],
  "IOTX": [
    0.00453049,
    0.00454073
  ],
  "ISLM": [
    0.01128112,
    0.01142973
  ],
  "NEIRO": [
    0.00009345,
    0.00009462
  ],
  "HUMA": [
    0.02147157,
    0.0217749
  ],
  "SNEK": [
    0.00046595,
    0.00046165
  ],
  "SWARMS": [
    0.03350886,
    0.03381899
  ],
  "SATS": [
    1.4795e-8,
    1.4956e-8
  ],
  "DEP": [
    0.00111077,
    0.00111277
  ],
  "SPELL": [
    0.00016777,
    0.00016859
  ],
  "GUN": [
    0.01487062,
    0.01513754
  ],
  "CPOOL": [
    0.02882914,
    0.02748302
  ],
  "ALLO": [
    0.116015,
    0.116468
  ],
  "SLP": [
    0.00070687,
    0.00071302
  ],
  "DEGEN": [
    0.00067868,
    0.000686
  ],
  "CORN": [
    0.04015355,
    0.04021152
  ],
  "LRC": [
    0.01677814,
    0.01686433
  ],
  "AURORA": [
    0.02690268,
    0.02688887
  ],
  "GRIFFAIN": [
    0.01799116,
    0.01799069
  ],
  "NIL": [
    0.03973204,
    0.03977448
  ],
  "INIT": [
    0.089626,
    0.090702
  ],
  "AIN": [
    0.094594,
    0.093752
  ],
  "MUBARAK": [
    0.01725848,
    0.01690926
  ],
  "L3": [
    0.01119136,
    0.01119665
  ],
  "BOB": [
    0.00565985,
    0.00563967
  ],
  "NYM": [
    0.01969571,
    0.01969699
  ],
  "NEWT": [
    0.07444,
    0.075595
  ],
  "BANK": [
    0.03356803,
    0.0338349
  ],
  "SONIC": [
    0.03691602,
    0.03700946
  ],
  "DSYNC": [
    0.01274908,
    0.01274518
  ],
  "RSS3": [
    0.00863491,
    0.00817932
  ],
  "TLM": [
    0.00184217,
    0.00185575
  ],
  "RESOLV": [
    0.03128447,
    0.03072941
  ],
  "PAAL": [
    0.01300779,
    0.01301807
  ],
  "HMSTR": [
    0.00016976,
    0.00017818
  ],
  "HONEY": [
    0.00192797,
    0.00193653
  ],
  "DAO": [
    0.04137318,
    0.04075367
  ],
  "IKA": [
    0.00343172,
    0.00343558
  ],
  "LAT": [
    0.0013343,
    0.00133608
  ],
  "TAI": [
    0.01521118,
    0.0151913
  ],
  "COQ": [
    1.278e-7,
    1.28459e-7
  ],
  "AVL": [
    0.02897166,
    0.02749906
  ],
  "NAVX": [
    0.00880882,
    0.00880609
  ],
  "FUEL": [
    0.00089222,
    0.00089375
  ],
  "FWOG": [
    0.0066994,
    0.0066755
  ],
  "SOLV": [
    0.004353,
    0.00437639
  ],
  "FHE": [
    0.02496385,
    0.02576785
  ],
  "NKN": [
    0.007879,
    0.00783734
  ],
  "PIXEL": [
    0.00777217,
    0.00784474
  ],
  "COS": [
    0.00115272,
    0.00115866
  ],
  "DMC": [
    0.000917,
    0.00084729
  ],
  "OBT": [
    0.00096907,
    0.00097586
  ],
  "LYXE": [
    0.277955,
    0.277955
  ],
  "ROAM": [
    0.01196382,
    0.01238107
  ],
  "DENT": [
    0.00004005,
    0.00004033
  ],
  "OAS": [
    0.0005733,
    0.00056256
  ],
  "GEAR": [
    0.00031954,
    0.00032096
  ],
  "FORTH": [
    0.240978,
    0.243731
  ],
  "HOOK": [
    0.00795004,
    0.00794667
  ],
  "RDNT": [
    0.00178035,
    0.00176887
  ],
  "SAMO": [
    0.00034515,
    0.00034495
  ],
  "CUDIS": [
    0.00795825,
    0.00791977
  ],
  "HIPPO": [
    0.00018922,
    0.00018753
  ],
  "PERP": [
    0.02470368,
    0.02471598
  ],
  "PTB": [
    0.00080977,
    0.00083093
  ],
  "EPT": [
    0.00070687,
    0.0007072
  ],
  "FIS": [
    0.01039967,
    0.01040082
  ],
  "FLM": [
    0.00266846,
    0.00268109
  ],
  "GORK": [
    0.00147303,
    0.00148782
  ],
  "SAROS": [
    0.00055658,
    0.00056121
  ],
  "DATA": [
    0.00074723,
    0.00074606
  ],
  "ACA": [
    0.00064268,
    0.00064072
  ],
  "INSP": [
    0.0009203,
    0.00092788
  ],
  "A2Z": [
    0.0000888,
    0.00008817
  ],
  "FOXY": [
    0.00011624,
    0.00011688
  ],
  "DUCK": [
    0.00007193,
    0.00007946
  ],
  "SWTCH": [
    0.00379209,
    0.00359586
  ],
  "RFC": [
    0.00057087,
    0.00056513
  ],
  "LOOKS": [
    0.00034902,
    0.00035422
  ],
  "MOONPIG": [
    0.00027389,
    0.00027391
  ],
  "BDXN": [
    0.00161743,
    0.00161735
  ],
  "ROOT": [
    0.00005559,
    0.00005569
  ],
  "CHILLGUY": [
    0.00009779,
    0.00009827
  ],
  "APU": [
    0.0000431,
    0.00004331
  ],
  "CHESS": [
    0.0001924,
    0.0001927
  ],
  "HOLO": [
    0.00001187,
    0.00001187
  ],
  "RATS": [
    0.00003853,
    0.00003873
  ],
  "GMMT": [
    0.00350522,
    0.00346878
  ],
  "ADB": [
    null,
    null
  ]
}