{
  "PUMP": [
    0.0019906,
    0.00202024
  ],
  "STABLE": [
    0.02635936,
    0.02626014
  ],
  "SIREN": [
    0.654765,
    0.635224
  ],
  "MON": [
    0.0338276,
    0.03584039
  ],
  "AERO": [
    0.417476,
    0.464101
  ],
  "JASMY": [
    0.00564606,
    0.00581825
  ],
  "LIT": [
    1.047,
    1.053
  ],
  "SKYAI": [
    0.149224,
    0.185187
  ],
  "CVX": [
    1.89,
    1.94
  ],
  "BAT": [
    0.105037,
    0.105296
  ],
  "ATH": [
    0.00626655,
    0.00643937
  ],
  "CHEEMS": [
    5.35036e-7,
    5.464e-7
  ],
  "COW": [
    0.194237,
    0.198024
  ],
  "BANANAS31": [
    0.01067212,
    0.01023997
  ],
  "TAG": [
    0.00071002,
    0.00073044
  ],
  "ONT": [
    0.074102,
    0.078755
  ],
  "CKB": [
    0.00158111,
    0.00161306
  ],
  "SAHARA": [
    0.02298222,
    0.0234726
  ],
  "BAN": [
    0.070799,
    0.07217
  ],
  "ARC": [
    0.070947,
    0.071225
  ],
  "POLYX": [
    0.053747,
    0.054527
  ],
  "NPC": [
    0.00788493,
    0.00818498
  ],
  "BEAT": [
    0.457535,
    0.452481
  ],
  "MYX": [
    0.261679,
    0.262335
  ],
  "CSPR": [
    0.00306211,
    0.00310321
  ],
  "IOTX": [
    0.00499227,
    0.00488607
  ],
  "MERL": [
    0.03755291,
    0.0382157
  ],
  "NEIRO": [
    0.00009995,
    0.0001034
  ],
  "NOT": [
    0.00041311,
    0.00041663
  ],
  "MAGMA": [
    0.20099,
    0.207196
  ],
  "SNEK": [
    0.00048144,
    0.00052341
  ],
  "SATS": [
    1.8999e-8,
    1.7784e-8
  ],
  "REZ": [
    0.00408331,
    0.00413504
  ],
  "ISLM": [
    0.01234793,
    0.01248149
  ],
  "HUMA": [
    0.01794622,
    0.01821695
  ],
  "DEP": [
    0.00111029,
    0.00111189
  ],
  "DEGEN": [
    0.00077227,
    0.0007983
  ],
  "SPELL": [
    0.00016709,
    0.00017118
  ],
  "GUN": [
    0.01712823,
    0.01699721
  ],
  "NYM": [
    0.03297355,
    0.03320612
  ],
  "CPOOL": [
    0.02523216,
    0.02619658
  ],
  "ALLO": [
    0.113344,
    0.113216
  ],
  "SLP": [
    0.00065098,
    0.00066386
  ],
  "BOB": [
    0.00826327,
    0.00823782
  ],
  "LRC": [
    0.01951879,
    0.01838697
  ],
  "CORN": [
    0.04129256,
    0.04124115
  ],
  "AURORA": [
    0.02736964,
    0.02748635
  ],
  "SWARMS": [
    0.01801868,
    0.01824625
  ],
  "NIL": [
    0.03954568,
    0.04124988
  ],
  "GRIFFAIN": [
    0.01646054,
    0.01734253
  ],
  "DSYNC": [
    0.0165982,
    0.01733781
  ],
  "INIT": [
    0.088919,
    0.091422
  ],
  "NEWT": [
    0.076427,
    0.078583
  ],
  "BANK": [
    0.03956268,
    0.03834804
  ],
  "L3": [
    0.010846,
    0.01090826
  ],
  "MUBARAK": [
    0.01535665,
    0.01540337
  ],
  "SONIC": [
    0.03850038,
    0.03873468
  ],
  "AIN": [
    0.071044,
    0.072618
  ],
  "RESOLV": [
    0.0341878,
    0.03462424
  ],
  "PAAL": [
    0.01460785,
    0.01482049
  ],
  "DAO": [
    0.04778067,
    0.04843045
  ],
  "TLM": [
    0.00183021,
    0.00183001
  ],
  "HONEY": [
    0.00200002,
    0.00205397
  ],
  "IKA": [
    0.00393311,
    0.00386012
  ],
  "DENT": [
    0.00012274,
    0.00011721
  ],
  "COQ": [
    1.37771e-7,
    1.63289e-7
  ],
  "HMSTR": [
    0.0001602,
    0.00016232
  ],
  "TAI": [
    0.01621314,
    0.01682852
  ],
  "LAT": [
    0.00134146,
    0.00136458
  ],
  "NKN": [
    0.00899726,
    0.01005987
  ],
  "AVL": [
    0.02738606,
    0.02755552
  ],
  "NAVX": [
    0.00914355,
    0.00927719
  ],
  "FUEL": [
    0.00094152,
    0.00094356
  ],
  "SOLV": [
    0.00437326,
    0.00446182
  ],
  "COS": [
    0.00123819,
    0.00124112
  ],
  "PIXEL": [
    0.00818026,
    0.0082115
  ],
  "OAS": [
    0.00046333,
    0.00091046
  ],
  "ROAM": [
    0.01670151,
    0.01655168
  ],
  "OBT": [
    0.00105162,
    0.0010709
  ],
  "RSS3": [
    0.00605725,
    0.00620907
  ],
  "FWOG": [
    0.00487565,
    0.00531256
  ],
  "FHE": [
    0.01900733,
    0.01970674
  ],
  "DMC": [
    0.00069909,
    0.00070321
  ],
  "LYXE": [
    0.245466,
    0.245466
  ],
  "GEAR": [
    0.0003341,
    0.00032175
  ],
  "FORTH": [
    0.26977,
    0.2641
  ],
  "RDNT": [
    0.00209766,
    0.00211132
  ],
  "SAMO": [
    0.00042535,
    0.00043863
  ],
  "HOOK": [
    0.0083019,
    0.00836383
  ],
  "PTB": [
    0.00115056,
    0.00114322
  ],
  "CUDIS": [
    0.00812366,
    0.00827065
  ],
  "PERP": [
    0.02723375,
    0.02736865
  ],
  "EPT": [
    0.00076464,
    0.0007668
  ],
  "FIS": [
    0.01076603,
    0.01120845
  ],
  "FLM": [
    0.0030107,
    0.00301821
  ],
  "HIPPO": [
    0.00016965,
    0.00017199
  ],
  "GORK": [
    0.0015187,
    0.0015191
  ],
  "SAROS": [
    0.00048263,
    0.00056413
  ],
  "DATA": [
    0.00095342,
    0.00097787
  ],
  "INSP": [
    0.00108023,
    0.00107603
  ],
  "ACA": [
    0.00071483,
    0.00075099
  ],
  "A2Z": [
    0.00009354,
    0.00009322
  ],
  "FOXY": [
    0.00011126,
    0.00012267
  ],
  "RFC": [
    0.00061053,
    0.00062804
  ],
  "DUCK": [
    0.00007797,
    0.00007612
  ],
  "SWTCH": [
    0.00335122,
    0.00337116
  ],
  "LOOKS": [
    0.00039431,
    0.00040017
  ],
  "MOONPIG": [
    0.0003078,
    0.0003059
  ],
  "BDXN": [
    0.00183218,
    0.00186715
  ],
  "ROOT": [
    0.00005711,
    0.00005722
  ],
  "CHILLGUY": [
    0.00008088,
    0.00008471
  ],
  "APU": [
    0.00003366,
    0.00003676
  ],
  "CHESS": [
    0.00016776,
    0.00016544
  ],
  "HOLO": [
    0.0000129,
    0.00001312
  ],
  "GMMT": [
    0.003341,
    0.00344064
  ],
  "RATS": [
    0.00003851,
    0.00004026
  ],
  "ADB": [
    null,
    null
  ]
}