{
  "STABLE": [
    0.03300822,
    0.03297161
  ],
  "PUMP": [
    0.00180653,
    0.00181304
  ],
  "SIREN": [
    0.745111,
    0.748965
  ],
  "SKYAI": [
    0.455747,
    0.464454
  ],
  "AERO": [
    0.452196,
    0.451546
  ],
  "MON": [
    0.02917586,
    0.02916041
  ],
  "JASMY": [
    0.00562172,
    0.00561254
  ],
  "LIT": [
    0.937028,
    0.93098
  ],
  "BAT": [
    0.107365,
    0.106431
  ],
  "CVX": [
    1.76,
    1.76
  ],
  "TAG": [
    0.00129199,
    0.00134945
  ],
  "CHEEMS": [
    6.20792e-7,
    6.16318e-7
  ],
  "ATH": [
    0.00591085,
    0.00591477
  ],
  "BANANAS31": [
    0.01087002,
    0.01070681
  ],
  "COW": [
    0.186835,
    0.187176
  ],
  "BEAT": [
    0.592959,
    0.588956
  ],
  "SAHARA": [
    0.02468631,
    0.02472976
  ],
  "BAN": [
    0.075352,
    0.075393
  ],
  "CKB": [
    0.00148908,
    0.00149257
  ],
  "ONT": [
    0.070081,
    0.070292
  ],
  "ARC": [
    0.069172,
    0.068918
  ],
  "NPC": [
    0.00773829,
    0.00773927
  ],
  "POLYX": [
    0.04758852,
    0.04777864
  ],
  "MERL": [
    0.03809569,
    0.03899128
  ],
  "MYX": [
    0.247654,
    0.248835
  ],
  "CSPR": [
    0.00280506,
    0.00281239
  ],
  "MAGMA": [
    0.237647,
    0.234308
  ],
  "REZ": [
    0.00527524,
    0.00524391
  ],
  "IOTX": [
    0.00455369,
    0.00456501
  ],
  "ISLM": [
    0.0117396,
    0.01176808
  ],
  "NOT": [
    0.00040144,
    0.00040586
  ],
  "NEIRO": [
    0.0000943,
    0.00009468
  ],
  "HUMA": [
    0.02167185,
    0.0217279
  ],
  "SNEK": [
    0.00046451,
    0.00046532
  ],
  "SATS": [
    1.4786e-8,
    1.498e-8
  ],
  "CPOOL": [
    0.03125833,
    0.03142504
  ],
  "DEP": [
    0.00111227,
    0.00111245
  ],
  "SPELL": [
    0.00016785,
    0.00016785
  ],
  "GUN": [
    0.01455568,
    0.01524287
  ],
  "ALLO": [
    0.119923,
    0.119468
  ],
  "SWARMS": [
    0.02659788,
    0.02663806
  ],
  "SLP": [
    0.00070432,
    0.00070457
  ],
  "DEGEN": [
    0.00067701,
    0.00068051
  ],
  "CORN": [
    0.04022478,
    0.04027862
  ],
  "LRC": [
    0.01686121,
    0.01681274
  ],
  "NIL": [
    0.04282879,
    0.04233394
  ],
  "AIN": [
    0.099709,
    0.101063
  ],
  "AURORA": [
    0.02668285,
    0.02668637
  ],
  "L3": [
    0.01185641,
    0.01186374
  ],
  "GRIFFAIN": [
    0.01766458,
    0.01751542
  ],
  "INIT": [
    0.087927,
    0.087894
  ],
  "NYM": [
    0.01982134,
    0.01981553
  ],
  "BOB": [
    0.00550095,
    0.00550731
  ],
  "NEWT": [
    0.074837,
    0.074738
  ],
  "MUBARAK": [
    0.01496624,
    0.01495608
  ],
  "BANK": [
    0.03333626,
    0.03326139
  ],
  "SONIC": [
    0.03751493,
    0.03751406
  ],
  "DSYNC": [
    0.01294628,
    0.01292646
  ],
  "TLM": [
    0.00185276,
    0.00185476
  ],
  "PAAL": [
    0.01282044,
    0.01281432
  ],
  "RESOLV": [
    0.02826697,
    0.02824809
  ],
  "HONEY": [
    0.00180584,
    0.00180702
  ],
  "DAO": [
    0.04090361,
    0.04145811
  ],
  "HMSTR": [
    0.00015693,
    0.00015768
  ],
  "IKA": [
    0.00332678,
    0.00332482
  ],
  "RSS3": [
    0.00639988,
    0.00632246
  ],
  "LAT": [
    0.00132539,
    0.00132771
  ],
  "TAI": [
    0.01505649,
    0.01509486
  ],
  "COQ": [
    1.25004e-7,
    1.25615e-7
  ],
  "AVL": [
    0.02692151,
    0.02685216
  ],
  "NAVX": [
    0.00881233,
    0.00877262
  ],
  "FUEL": [
    0.000901,
    0.0009
  ],
  "SOLV": [
    0.00449643,
    0.00448324
  ],
  "NKN": [
    0.00784262,
    0.00784293
  ],
  "PIXEL": [
    0.00785813,
    0.00782865
  ],
  "COS": [
    0.00115535,
    0.00115932
  ],
  "OBT": [
    0.00097934,
    0.00097825
  ],
  "FHE": [
    0.02054661,
    0.02075631
  ],
  "FWOG": [
    0.00476892,
    0.00477919
  ],
  "DMC": [
    0.00070912,
    0.00070821
  ],
  "LYXE": [
    0.275555,
    0.275458
  ],
  "DENT": [
    0.0000394,
    0.00003958
  ],
  "ROAM": [
    0.01069375,
    0.01077076
  ],
  "OAS": [
    0.00051789,
    0.0005126
  ],
  "GEAR": [
    0.00032196,
    0.00032153
  ],
  "FORTH": [
    0.240027,
    0.241482
  ],
  "HOOK": [
    0.00818482,
    0.00819519
  ],
  "RDNT": [
    0.00179247,
    0.00179452
  ],
  "CUDIS": [
    0.00797837,
    0.00789636
  ],
  "SAMO": [
    0.00032933,
    0.00033584
  ],
  "PERP": [
    0.02530108,
    0.02532479
  ],
  "PTB": [
    0.00082547,
    0.00083262
  ],
  "HIPPO": [
    0.00016349,
    0.00016343
  ],
  "EPT": [
    0.00070609,
    0.00070482
  ],
  "FIS": [
    0.01013494,
    0.01014362
  ],
  "FLM": [
    0.00270923,
    0.00270483
  ],
  "SAROS": [
    0.00056439,
    0.00056615
  ],
  "GORK": [
    0.00150221,
    0.00148499
  ],
  "DATA": [
    0.00077339,
    0.00073859
  ],
  "ACA": [
    0.00065343,
    0.00065437
  ],
  "INSP": [
    0.00092164,
    0.00093946
  ],
  "A2Z": [
    0.00008524,
    0.00008528
  ],
  "FOXY": [
    0.00011692,
    0.00011604
  ],
  "RFC": [
    0.00055597,
    0.00056644
  ],
  "DUCK": [
    0.00006946,
    0.00006903
  ],
  "SWTCH": [
    0.00316713,
    0.00313778
  ],
  "LOOKS": [
    0.00035595,
    0.00035495
  ],
  "BDXN": [
    0.00173794,
    0.0017205
  ],
  "MOONPIG": [
    0.00027587,
    0.00027482
  ],
  "ROOT": [
    0.00006037,
    0.00005827
  ],
  "CHILLGUY": [
    0.00010391,
    0.00010409
  ],
  "APU": [
    0.00004274,
    0.00004276
  ],
  "CHESS": [
    0.00019939,
    0.00019854
  ],
  "HOLO": [
    0.00001187,
    0.00001187
  ],
  "RATS": [
    0.0000394,
    0.0000391
  ],
  "GMMT": [
    0.00356257,
    0.00350723
  ],
  "ADB": [
    null,
    null
  ]
}