{
  "PUMP": [
    0.00174034,
    0.00174234
  ],
  "STABLE": [
    0.03509915,
    0.03535038
  ],
  "SIREN": [
    0.680286,
    0.685862
  ],
  "AERO": [
    0.46089,
    0.454201
  ],
  "MON": [
    0.03035324,
    0.03020334
  ],
  "JASMY": [
    0.00584249,
    0.00585386
  ],
  "LIT": [
    0.856613,
    0.859178
  ],
  "SKYAI": [
    0.165782,
    0.166366
  ],
  "CVX": [
    1.72,
    1.72
  ],
  "BAT": [
    0.101942,
    0.102038
  ],
  "CHEEMS": [
    5.82588e-7,
    5.80499e-7
  ],
  "ATH": [
    0.00578734,
    0.00579726
  ],
  "COW": [
    0.187106,
    0.186747
  ],
  "BANANAS31": [
    0.00945778,
    0.00940396
  ],
  "TAG": [
    0.00072569,
    0.00072591
  ],
  "ARC": [
    0.079693,
    0.078062
  ],
  "BEAT": [
    0.544072,
    0.550371
  ],
  "SAHARA": [
    0.02254307,
    0.02244908
  ],
  "CKB": [
    0.00148075,
    0.00147676
  ],
  "ONT": [
    0.071707,
    0.071646
  ],
  "BAN": [
    0.071667,
    0.071041
  ],
  "NPC": [
    0.00804934,
    0.00813476
  ],
  "POLYX": [
    0.04879768,
    0.04890621
  ],
  "MYX": [
    0.259828,
    0.260157
  ],
  "MERL": [
    0.03919541,
    0.03881259
  ],
  "CSPR": [
    0.00289149,
    0.00289213
  ],
  "IOTX": [
    0.00468385,
    0.00468845
  ],
  "NOT": [
    0.00039942,
    0.00039986
  ],
  "HUMA": [
    0.02293717,
    0.02265549
  ],
  "NEIRO": [
    0.00008645,
    0.00008669
  ],
  "MAGMA": [
    0.190147,
    0.188554
  ],
  "SNEK": [
    0.00047632,
    0.00047629
  ],
  "SPELL": [
    0.00018509,
    0.00018884
  ],
  "REZ": [
    0.00389548,
    0.00392876
  ],
  "ISLM": [
    0.01178678,
    0.01175253
  ],
  "DEP": [
    0.00107892,
    0.00107923
  ],
  "SATS": [
    1.4025e-8,
    1.3982e-8
  ],
  "SLP": [
    0.00070322,
    0.00070521
  ],
  "CPOOL": [
    0.02489291,
    0.0249601
  ],
  "GUN": [
    0.01423742,
    0.01442057
  ],
  "DEGEN": [
    0.00067212,
    0.0006705
  ],
  "ALLO": [
    0.109378,
    0.108792
  ],
  "NYM": [
    0.02855511,
    0.02734329
  ],
  "SWARMS": [
    0.02161513,
    0.0219438
  ],
  "CORN": [
    0.04016033,
    0.04010344
  ],
  "LRC": [
    0.01674458,
    0.01676463
  ],
  "AURORA": [
    0.02644755,
    0.02648602
  ],
  "NIL": [
    0.04073914,
    0.0406591
  ],
  "INIT": [
    0.090088,
    0.090313
  ],
  "GRIFFAIN": [
    0.01742083,
    0.01748124
  ],
  "AIN": [
    0.089432,
    0.089098
  ],
  "NEWT": [
    0.076668,
    0.076403
  ],
  "BOB": [
    0.0058443,
    0.00575911
  ],
  "L3": [
    0.01031044,
    0.01052083
  ],
  "SONIC": [
    0.04053024,
    0.0406555
  ],
  "BANK": [
    0.03341004,
    0.03343044
  ],
  "DSYNC": [
    0.01346398,
    0.01334983
  ],
  "MUBARAK": [
    0.01320545,
    0.01319104
  ],
  "TLM": [
    0.00183988,
    0.00182768
  ],
  "HONEY": [
    0.00207303,
    0.00205786
  ],
  "RESOLV": [
    0.02962721,
    0.02986897
  ],
  "PAAL": [
    0.01249677,
    0.01249784
  ],
  "DAO": [
    0.04148192,
    0.04167521
  ],
  "IKA": [
    0.00334449,
    0.00333326
  ],
  "HMSTR": [
    0.00015384,
    0.00015385
  ],
  "TAI": [
    0.0165142,
    0.01661613
  ],
  "COQ": [
    1.36992e-7,
    1.37037e-7
  ],
  "LAT": [
    0.00131362,
    0.00131499
  ],
  "AVL": [
    0.02547975,
    0.02564561
  ],
  "FUEL": [
    0.00092151,
    0.00092198
  ],
  "NAVX": [
    0.00879755,
    0.00875091
  ],
  "NKN": [
    0.00818918,
    0.00816781
  ],
  "PIXEL": [
    0.00836069,
    0.00823526
  ],
  "COS": [
    0.00117082,
    0.00116028
  ],
  "SOLV": [
    0.0040176,
    0.00398585
  ],
  "OBT": [
    0.00101193,
    0.00101235
  ],
  "ROAM": [
    0.01512699,
    0.01524231
  ],
  "RSS3": [
    0.00563027,
    0.00554659
  ],
  "DMC": [
    0.00071979,
    0.0007009
  ],
  "FHE": [
    0.01800234,
    0.01818161
  ],
  "FWOG": [
    0.00457699,
    0.00458134
  ],
  "DENT": [
    0.00004951,
    0.00004384
  ],
  "LYXE": [
    0.246527,
    0.246527
  ],
  "OAS": [
    0.0005478,
    0.00055312
  ],
  "FORTH": [
    0.238493,
    0.241142
  ],
  "HOOK": [
    0.00829335,
    0.00819404
  ],
  "RDNT": [
    0.00183712,
    0.00182185
  ],
  "GEAR": [
    0.00022706,
    0.00022836
  ],
  "SAMO": [
    0.00037109,
    0.00037174
  ],
  "CUDIS": [
    0.00776783,
    0.00775313
  ],
  "PERP": [
    0.0257551,
    0.02576652
  ],
  "EPT": [
    0.00073649,
    0.00072765
  ],
  "FIS": [
    0.01053678,
    0.01064296
  ],
  "PTB": [
    0.0007971,
    0.00079602
  ],
  "HIPPO": [
    0.00015958,
    0.00015989
  ],
  "FLM": [
    0.00265291,
    0.00264857
  ],
  "GORK": [
    0.00143795,
    0.00143911
  ],
  "SAROS": [
    0.00050087,
    0.00049913
  ],
  "DATA": [
    0.00071854,
    0.00071825
  ],
  "INSP": [
    0.00098496,
    0.00097729
  ],
  "ACA": [
    0.00066142,
    0.00066022
  ],
  "FOXY": [
    0.00011501,
    0.00011502
  ],
  "A2Z": [
    0.00007498,
    0.00007309
  ],
  "RFC": [
    0.00057088,
    0.0005694
  ],
  "DUCK": [
    0.00006828,
    0.00006854
  ],
  "SWTCH": [
    0.0032841,
    0.00331264
  ],
  "LOOKS": [
    0.00035962,
    0.00035972
  ],
  "MOONPIG": [
    0.00027365,
    0.00027388
  ],
  "BDXN": [
    0.00159696,
    0.00156206
  ],
  "ROOT": [
    0.00006073,
    0.00006047
  ],
  "CHILLGUY": [
    0.00012388,
    0.00012262
  ],
  "APU": [
    0.00004586,
    0.00004345
  ],
  "CHESS": [
    0.00017179,
    0.00017108
  ],
  "HOLO": [
    0.00001184,
    0.0000119
  ],
  "GMMT": [
    0.00249395,
    0.00249914
  ],
  "RATS": [
    0.00003784,
    0.00003794
  ],
  "ADB": [
    null,
    null
  ]
}