{
  "STABLE": [
    0.03394845,
    0.03371218
  ],
  "PUMP": [
    0.00183942,
    0.00182958
  ],
  "SIREN": [
    0.696817,
    0.703267
  ],
  "SKYAI": [
    0.499566,
    0.476282
  ],
  "AERO": [
    0.452273,
    0.451297
  ],
  "MON": [
    0.03101678,
    0.03079147
  ],
  "JASMY": [
    0.00571448,
    0.00569774
  ],
  "LIT": [
    0.90351,
    0.903455
  ],
  "CVX": [
    1.75,
    1.74
  ],
  "TAG": [
    0.00174484,
    0.00138235
  ],
  "BAT": [
    0.097472,
    0.097149
  ],
  "CHEEMS": [
    6.33024e-7,
    6.26953e-7
  ],
  "ATH": [
    0.00588419,
    0.00585734
  ],
  "COW": [
    0.186298,
    0.185661
  ],
  "BANANAS31": [
    0.01013433,
    0.01002485
  ],
  "BEAT": [
    0.603063,
    0.597972
  ],
  "SAHARA": [
    0.0238467,
    0.0238045
  ],
  "CKB": [
    0.00150256,
    0.00149938
  ],
  "BAN": [
    0.072609,
    0.072147
  ],
  "ARC": [
    0.071583,
    0.0708
  ],
  "ONT": [
    0.071093,
    0.070726
  ],
  "NPC": [
    0.00779897,
    0.00778583
  ],
  "POLYX": [
    0.04777548,
    0.04774705
  ],
  "MYX": [
    0.253233,
    0.252645
  ],
  "CSPR": [
    0.00280034,
    0.00280084
  ],
  "MAGMA": [
    0.230966,
    0.226628
  ],
  "IOTX": [
    0.00453615,
    0.00453803
  ],
  "MERL": [
    0.03404535,
    0.03443421
  ],
  "ISLM": [
    0.01176748,
    0.01176776
  ],
  "NEIRO": [
    0.00009888,
    0.00009835
  ],
  "REZ": [
    0.00481974,
    0.00478337
  ],
  "NOT": [
    0.00040471,
    0.00040258
  ],
  "HUMA": [
    0.02203511,
    0.02184885
  ],
  "SNEK": [
    0.00046157,
    0.00046105
  ],
  "SATS": [
    1.6195e-8,
    1.5984e-8
  ],
  "DEP": [
    0.00111169,
    0.00111915
  ],
  "SPELL": [
    0.0001674,
    0.00016683
  ],
  "ALLO": [
    0.122975,
    0.124727
  ],
  "SWARMS": [
    0.02631974,
    0.02596404
  ],
  "CPOOL": [
    0.02562108,
    0.02585881
  ],
  "GUN": [
    0.0142831,
    0.01431877
  ],
  "SLP": [
    0.00070499,
    0.00070376
  ],
  "DEGEN": [
    0.00066421,
    0.00066204
  ],
  "CORN": [
    0.04027283,
    0.04025843
  ],
  "LRC": [
    0.01686193,
    0.01691271
  ],
  "NIL": [
    0.04243087,
    0.04235446
  ],
  "AURORA": [
    0.02641508,
    0.02645307
  ],
  "L3": [
    0.01224323,
    0.0122735
  ],
  "GRIFFAIN": [
    0.01787924,
    0.01782818
  ],
  "AIN": [
    0.095915,
    0.095267
  ],
  "INIT": [
    0.087017,
    0.087736
  ],
  "NYM": [
    0.01967474,
    0.0197101
  ],
  "BOB": [
    0.00560706,
    0.00560132
  ],
  "NEWT": [
    0.075868,
    0.07565
  ],
  "BANK": [
    0.03326419,
    0.03343685
  ],
  "MUBARAK": [
    0.01392608,
    0.01393209
  ],
  "SONIC": [
    0.03826073,
    0.03810118
  ],
  "DSYNC": [
    0.01319473,
    0.01319906
  ],
  "TLM": [
    0.00186685,
    0.00186605
  ],
  "PAAL": [
    0.01281966,
    0.0128242
  ],
  "RESOLV": [
    0.02904173,
    0.02928228
  ],
  "RSS3": [
    0.00705078,
    0.00706161
  ],
  "HONEY": [
    0.00181252,
    0.00179987
  ],
  "DAO": [
    0.04174118,
    0.04117605
  ],
  "IKA": [
    0.00337842,
    0.00338143
  ],
  "HMSTR": [
    0.00015629,
    0.00015675
  ],
  "COQ": [
    1.34232e-7,
    1.32952e-7
  ],
  "LAT": [
    0.00133245,
    0.00133331
  ],
  "TAI": [
    0.01519289,
    0.01525677
  ],
  "AVL": [
    0.02714637,
    0.02690884
  ],
  "NAVX": [
    0.00880686,
    0.00881264
  ],
  "FUEL": [
    0.00090135,
    0.00090206
  ],
  "SOLV": [
    0.00451544,
    0.00448749
  ],
  "NKN": [
    0.00802784,
    0.00801123
  ],
  "PIXEL": [
    0.00795296,
    0.00790573
  ],
  "COS": [
    0.00116202,
    0.00116065
  ],
  "OBT": [
    0.00099999,
    0.0010049
  ],
  "FHE": [
    0.02135648,
    0.02124403
  ],
  "DMC": [
    0.00069003,
    0.0006919
  ],
  "FWOG": [
    0.00451516,
    0.00452046
  ],
  "LYXE": [
    0.256066,
    0.256066
  ],
  "DENT": [
    0.00004038,
    0.00004019
  ],
  "ROAM": [
    0.01092421,
    0.01087979
  ],
  "OAS": [
    0.00053595,
    0.00053271
  ],
  "GEAR": [
    0.00032563,
    0.00032499
  ],
  "FORTH": [
    0.237309,
    0.237786
  ],
  "RDNT": [
    0.00180483,
    0.00179945
  ],
  "HOOK": [
    0.00815656,
    0.00805623
  ],
  "SAMO": [
    0.00035858,
    0.00035553
  ],
  "CUDIS": [
    0.00792036,
    0.0079316
  ],
  "PERP": [
    0.0255668,
    0.02554866
  ],
  "EPT": [
    0.00071538,
    0.00072148
  ],
  "HIPPO": [
    0.0001634,
    0.00016353
  ],
  "PTB": [
    0.00077434,
    0.00078054
  ],
  "FIS": [
    0.01008533,
    0.01012377
  ],
  "SAROS": [
    0.00058682,
    0.00059125
  ],
  "FLM": [
    0.00255047,
    0.00260133
  ],
  "GORK": [
    0.00141393,
    0.00140305
  ],
  "DATA": [
    0.00071031,
    0.0007095
  ],
  "ACA": [
    0.00068947,
    0.00067884
  ],
  "A2Z": [
    0.00009609,
    0.00009439
  ],
  "INSP": [
    0.00095311,
    0.00095018
  ],
  "FOXY": [
    0.00011671,
    0.00011599
  ],
  "SWTCH": [
    0.00351943,
    0.00352493
  ],
  "DUCK": [
    0.00007036,
    0.00007067
  ],
  "RFC": [
    0.00055111,
    0.00055457
  ],
  "LOOKS": [
    0.00036186,
    0.00036175
  ],
  "BDXN": [
    0.00180573,
    0.0017996
  ],
  "MOONPIG": [
    0.00026605,
    0.000267
  ],
  "ROOT": [
    0.00005727,
    0.00005718
  ],
  "CHILLGUY": [
    0.00009464,
    0.00009448
  ],
  "APU": [
    0.0000444,
    0.00004387
  ],
  "CHESS": [
    0.00019252,
    0.00019217
  ],
  "HOLO": [
    0.00001187,
    0.00001187
  ],
  "GMMT": [
    0.0024938,
    0.00249464
  ],
  "RATS": [
    0.00004005,
    0.00003937
  ],
  "ADB": [
    null,
    null
  ]
}