{
  "SIREN": [
    1.69,
    1.57
  ],
  "PUMP": [
    0.00170567,
    0.00171757
  ],
  "STABLE": [
    0.0257382,
    0.02534031
  ],
  "AERO": [
    0.32454,
    0.324978
  ],
  "JASMY": [
    0.00528305,
    0.00534705
  ],
  "MON": [
    0.02328596,
    0.02285388
  ],
  "LIT": [
    0.8577,
    0.861781
  ],
  "CVX": [
    1.64,
    1.64
  ],
  "BAT": [
    0.093982,
    0.093444
  ],
  "BANANAS31": [
    0.01311999,
    0.01323756
  ],
  "ATH": [
    0.00683587,
    0.00692567
  ],
  "COW": [
    0.196389,
    0.197352
  ],
  "CHEEMS": [
    4.12705e-7,
    4.33776e-7
  ],
  "SAHARA": [
    0.02561302,
    0.02487898
  ],
  "BEAT": [
    0.498184,
    0.498046
  ],
  "CKB": [
    0.00138217,
    0.00135691
  ],
  "SKYAI": [
    0.063757,
    0.064195
  ],
  "TAG": [
    0.00057175,
    0.00058045
  ],
  "NPC": [
    0.00759459,
    0.00750938
  ],
  "ONT": [
    0.063941,
    0.060696
  ],
  "POLYX": [
    0.04472357,
    0.04478475
  ],
  "BAN": [
    0.056486,
    0.056427
  ],
  "ARC": [
    0.051783,
    0.053112
  ],
  "CSPR": [
    0.00334941,
    0.00326191
  ],
  "MYX": [
    0.24706,
    0.241387
  ],
  "IOTX": [
    0.00467893,
    0.00472992
  ],
  "NOT": [
    0.00034676,
    0.00035047
  ],
  "DEP": [
    0.0011627,
    0.00116076
  ],
  "ISLM": [
    0.01277324,
    0.0123109
  ],
  "SNEK": [
    0.00042806,
    0.00040803
  ],
  "GUN": [
    0.01611568,
    0.01795286
  ],
  "MERL": [
    0.02457139,
    0.02443386
  ],
  "LRC": [
    0.02301356,
    0.02277715
  ],
  "HUMA": [
    0.01573376,
    0.01620626
  ],
  "SPELL": [
    0.00016278,
    0.00016253
  ],
  "NYM": [
    0.03252981,
    0.03247927
  ],
  "REZ": [
    0.00324056,
    0.00332704
  ],
  "DEGEN": [
    0.00068032,
    0.00067753
  ],
  "CORN": [
    0.04654844,
    0.04641548
  ],
  "MAGMA": [
    0.125916,
    0.127403
  ],
  "NEIRO": [
    0.00005515,
    0.00005562
  ],
  "ALLO": [
    0.104977,
    0.106078
  ],
  "SATS": [
    1.0481e-8,
    1.0454e-8
  ],
  "CPOOL": [
    0.02355549,
    0.0221138
  ],
  "SLP": [
    0.00058197,
    0.0005792
  ],
  "AURORA": [
    0.02734867,
    0.02735046
  ],
  "DENT": [
    0.00018524,
    0.0001884
  ],
  "BANK": [
    0.04109695,
    0.04153094
  ],
  "DSYNC": [
    0.01643748,
    0.0165952
  ],
  "DAO": [
    0.068263,
    0.060863
  ],
  "BOB": [
    0.00559267,
    0.00558055
  ],
  "NEWT": [
    0.070957,
    0.069806
  ],
  "INIT": [
    0.07869,
    0.078657
  ],
  "RESOLV": [
    0.03823849,
    0.03746823
  ],
  "SONIC": [
    0.03841156,
    0.03946438
  ],
  "NIL": [
    0.03184284,
    0.03258491
  ],
  "L3": [
    0.00956187,
    0.00980657
  ],
  "ROAM": [
    0.03939804,
    0.03937705
  ],
  "PAAL": [
    0.01490224,
    0.01480694
  ],
  "HONEY": [
    0.0021508,
    0.00211046
  ],
  "MUBARAK": [
    0.01113077,
    0.01125038
  ],
  "GRIFFAIN": [
    0.01099802,
    0.01090482
  ],
  "AIN": [
    0.058476,
    0.058643
  ],
  "TLM": [
    0.00163306,
    0.00162696
  ],
  "TAI": [
    0.0162905,
    0.01700667
  ],
  "IKA": [
    0.00330871,
    0.00331676
  ],
  "SWARMS": [
    0.00888991,
    0.00914904
  ],
  "LAT": [
    0.00130732,
    0.00130804
  ],
  "HMSTR": [
    0.00013252,
    0.00013259
  ],
  "NKN": [
    0.01071281,
    0.01063759
  ],
  "DUCK": [
    0.00111717,
    0.00110912
  ],
  "COS": [
    0.00146624,
    0.00152719
  ],
  "FUEL": [
    0.00103989,
    0.00102046
  ],
  "NAVX": [
    0.00862198,
    0.00855952
  ],
  "AVL": [
    0.02478991,
    0.02495507
  ],
  "COQ": [
    9.6879e-8,
    9.7826e-8
  ],
  "PIXEL": [
    0.00826207,
    0.00826573
  ],
  "RDNT": [
    0.00420404,
    0.0042725
  ],
  "OBT": [
    0.00102917,
    0.00102246
  ],
  "HIPPO": [
    0.00051796,
    0.00051841
  ],
  "RSS3": [
    0.00542855,
    0.00588728
  ],
  "FWOG": [
    0.00481738,
    0.00488632
  ],
  "SOLV": [
    0.00305944,
    0.00315476
  ],
  "DMC": [
    0.00072695,
    0.00073669
  ],
  "LYXE": [
    0.288869,
    0.289818
  ],
  "FHE": [
    0.01740031,
    0.01719622
  ],
  "FORTH": [
    0.368405,
    0.376964
  ],
  "GEAR": [
    0.00029295,
    0.00030323
  ],
  "HOOK": [
    0.00908342,
    0.00932889
  ],
  "PTB": [
    0.00122364,
    0.00117821
  ],
  "OAS": [
    0.00035583,
    0.00036768
  ],
  "PERP": [
    0.0344293,
    0.0320194
  ],
  "SAMO": [
    0.00040489,
    0.00039742
  ],
  "FIS": [
    0.01498447,
    0.0139548
  ],
  "CUDIS": [
    0.00781013,
    0.00773198
  ],
  "A2Z": [
    0.00022517,
    0.00022689
  ],
  "EPT": [
    0.00075349,
    0.00074805
  ],
  "GORK": [
    0.00157444,
    0.00155875
  ],
  "FLM": [
    0.0027821,
    0.00272105
  ],
  "SAROS": [
    0.00053021,
    0.00052026
  ],
  "DATA": [
    0.0010031,
    0.00100295
  ],
  "SWTCH": [
    0.00608733,
    0.00708564
  ],
  "INSP": [
    0.00121737,
    0.00131314
  ],
  "ACA": [
    0.00085685,
    0.00084843
  ],
  "FOXY": [
    0.00013146,
    0.00012808
  ],
  "RFC": [
    0.00057958,
    0.00058564
  ],
  "BDXN": [
    0.00261046,
    0.00254202
  ],
  "LOOKS": [
    0.00039901,
    0.00039672
  ],
  "MOONPIG": [
    0.00031065,
    0.00031363
  ],
  "CHESS": [
    0.00142174,
    0.0014491
  ],
  "ROOT": [
    0.00007515,
    0.00007393
  ],
  "CHILLGUY": [
    0.00006209,
    0.00006243
  ],
  "APU": [
    0.00003122,
    0.00003134
  ],
  "HOLO": [
    0.00001269,
    0.00001286
  ],
  "GMMT": [
    0.00333355,
    0.00334732
  ],
  "RATS": [
    0.00004835,
    0.00004899
  ],
  "ADB": [
    null,
    null
  ]
}