{
  "STABLE": [
    0.03352823,
    0.03343305
  ],
  "PUMP": [
    0.00183677,
    0.00183369
  ],
  "SIREN": [
    0.696338,
    0.699573
  ],
  "SKYAI": [
    0.482834,
    0.492805
  ],
  "AERO": [
    0.452109,
    0.452067
  ],
  "MON": [
    0.0305832,
    0.03044053
  ],
  "JASMY": [
    0.00571509,
    0.00571238
  ],
  "LIT": [
    0.903114,
    0.906782
  ],
  "CVX": [
    1.74,
    1.75
  ],
  "BAT": [
    0.097193,
    0.09754
  ],
  "TAG": [
    0.00135776,
    0.00129941
  ],
  "CHEEMS": [
    6.25945e-7,
    6.2645e-7
  ],
  "ATH": [
    0.00587438,
    0.00586262
  ],
  "COW": [
    0.185696,
    0.185581
  ],
  "BANANAS31": [
    0.0100123,
    0.01015017
  ],
  "BEAT": [
    0.609329,
    0.629223
  ],
  "SAHARA": [
    0.0239959,
    0.02387567
  ],
  "BAN": [
    0.072848,
    0.075797
  ],
  "CKB": [
    0.00150348,
    0.00150374
  ],
  "ARC": [
    0.070743,
    0.071355
  ],
  "ONT": [
    0.071087,
    0.071127
  ],
  "NPC": [
    0.00779556,
    0.00779532
  ],
  "POLYX": [
    0.04791317,
    0.04793088
  ],
  "MYX": [
    0.254126,
    0.253721
  ],
  "CSPR": [
    0.00281118,
    0.00281526
  ],
  "MAGMA": [
    0.227398,
    0.229126
  ],
  "IOTX": [
    0.00453821,
    0.00453515
  ],
  "MERL": [
    0.03534966,
    0.03466087
  ],
  "REZ": [
    0.00502332,
    0.00499363
  ],
  "ISLM": [
    0.01176865,
    0.01174828
  ],
  "NEIRO": [
    0.00009775,
    0.0000976
  ],
  "NOT": [
    0.00040112,
    0.00039955
  ],
  "HUMA": [
    0.02209703,
    0.0221047
  ],
  "SNEK": [
    0.00046174,
    0.00046489
  ],
  "SATS": [
    1.5713e-8,
    1.5655e-8
  ],
  "DEP": [
    0.00111439,
    0.00111754
  ],
  "SPELL": [
    0.00016688,
    0.00016801
  ],
  "ALLO": [
    0.121879,
    0.121212
  ],
  "SWARMS": [
    0.02620009,
    0.02652162
  ],
  "CPOOL": [
    0.02588607,
    0.02590098
  ],
  "SLP": [
    0.00070513,
    0.00070471
  ],
  "GUN": [
    0.0143411,
    0.01428724
  ],
  "DEGEN": [
    0.00066516,
    0.00066617
  ],
  "LRC": [
    0.01692708,
    0.01693257
  ],
  "CORN": [
    0.04022147,
    0.04020149
  ],
  "NIL": [
    0.0422856,
    0.04166074
  ],
  "AURORA": [
    0.02639878,
    0.026386
  ],
  "L3": [
    0.0121276,
    0.01218656
  ],
  "AIN": [
    0.095005,
    0.095358
  ],
  "GRIFFAIN": [
    0.01754586,
    0.01755919
  ],
  "INIT": [
    0.08792,
    0.088011
  ],
  "NYM": [
    0.02034882,
    0.02010862
  ],
  "NEWT": [
    0.076129,
    0.076105
  ],
  "BOB": [
    0.00540772,
    0.00553679
  ],
  "BANK": [
    0.03365581,
    0.03348289
  ],
  "MUBARAK": [
    0.01394784,
    0.01393934
  ],
  "SONIC": [
    0.03813217,
    0.03814024
  ],
  "DSYNC": [
    0.01310271,
    0.01306869
  ],
  "TLM": [
    0.00186562,
    0.00186166
  ],
  "RSS3": [
    0.00732533,
    0.00797389
  ],
  "PAAL": [
    0.0129106,
    0.01300416
  ],
  "RESOLV": [
    0.02951841,
    0.02954984
  ],
  "HONEY": [
    0.00179493,
    0.00179721
  ],
  "DAO": [
    0.04111504,
    0.04099795
  ],
  "IKA": [
    0.00338731,
    0.00338814
  ],
  "HMSTR": [
    0.00015681,
    0.00015642
  ],
  "LAT": [
    0.00133087,
    0.00133177
  ],
  "COQ": [
    1.32381e-7,
    1.31508e-7
  ],
  "TAI": [
    0.01531076,
    0.01507716
  ],
  "AVL": [
    0.0267924,
    0.02691345
  ],
  "NAVX": [
    0.00881184,
    0.00882113
  ],
  "FUEL": [
    0.00089947,
    0.00090057
  ],
  "SOLV": [
    0.00449855,
    0.00447303
  ],
  "NKN": [
    0.00798858,
    0.00798344
  ],
  "PIXEL": [
    0.00792875,
    0.00789066
  ],
  "COS": [
    0.00115674,
    0.00116131
  ],
  "OBT": [
    0.00100167,
    0.00099
  ],
  "FHE": [
    0.02134084,
    0.02170267
  ],
  "DMC": [
    0.00069046,
    0.00069537
  ],
  "FWOG": [
    0.00451987,
    0.00452339
  ],
  "LYXE": [
    0.256066,
    0.256066
  ],
  "DENT": [
    0.00004058,
    0.00003937
  ],
  "ROAM": [
    0.010876,
    0.01069623
  ],
  "OAS": [
    0.00053031,
    0.00052834
  ],
  "GEAR": [
    0.00032503,
    0.00032505
  ],
  "FORTH": [
    0.237557,
    0.237502
  ],
  "RDNT": [
    0.00179917,
    0.00180872
  ],
  "HOOK": [
    0.0081051,
    0.00808942
  ],
  "SAMO": [
    0.00035489,
    0.00035549
  ],
  "CUDIS": [
    0.00789584,
    0.00789681
  ],
  "PERP": [
    0.02531402,
    0.02530393
  ],
  "EPT": [
    0.00071583,
    0.00072567
  ],
  "HIPPO": [
    0.0001636,
    0.00016333
  ],
  "PTB": [
    0.00078621,
    0.00078357
  ],
  "SAROS": [
    0.00060625,
    0.00061733
  ],
  "FIS": [
    0.01013726,
    0.01010378
  ],
  "FLM": [
    0.00259281,
    0.00259194
  ],
  "GORK": [
    0.00141101,
    0.00140168
  ],
  "DATA": [
    0.00070981,
    0.00071196
  ],
  "A2Z": [
    0.00009387,
    0.00009489
  ],
  "ACA": [
    0.00067409,
    0.0006684
  ],
  "INSP": [
    0.00095552,
    0.0009557
  ],
  "FOXY": [
    0.00011689,
    0.00011609
  ],
  "SWTCH": [
    0.00346302,
    0.00344044
  ],
  "DUCK": [
    0.00007069,
    0.00007091
  ],
  "RFC": [
    0.00055151,
    0.00055274
  ],
  "LOOKS": [
    0.00035982,
    0.00035982
  ],
  "BDXN": [
    0.00173991,
    0.00173845
  ],
  "MOONPIG": [
    0.00026547,
    0.00026724
  ],
  "ROOT": [
    0.00005967,
    0.00005977
  ],
  "CHILLGUY": [
    0.0000982,
    0.00009821
  ],
  "APU": [
    0.00004265,
    0.00004304
  ],
  "CHESS": [
    0.00019133,
    0.00019135
  ],
  "HOLO": [
    0.00001187,
    0.00001187
  ],
  "GMMT": [
    0.00249242,
    0.00249226
  ],
  "RATS": [
    0.00003945,
    0.00003932
  ],
  "ADB": [
    null,
    null
  ]
}