{
  "STABLE": [
    0.0347135,
    0.03394802
  ],
  "SKYAI": [
    0.721971,
    0.710649
  ],
  "PUMP": [
    0.00183278,
    0.00183375
  ],
  "SIREN": [
    0.770281,
    0.765222
  ],
  "AERO": [
    0.447355,
    0.447328
  ],
  "MON": [
    0.02994295,
    0.02995049
  ],
  "JASMY": [
    0.00557878,
    0.00557266
  ],
  "LIT": [
    0.915839,
    0.911886
  ],
  "CVX": [
    1.77,
    1.77
  ],
  "BAT": [
    0.103644,
    0.103204
  ],
  "TAG": [
    0.00131481,
    0.0013084
  ],
  "CHEEMS": [
    6.36817e-7,
    6.35547e-7
  ],
  "BANANAS31": [
    0.01217219,
    0.01236079
  ],
  "ATH": [
    0.00608897,
    0.00606182
  ],
  "COW": [
    0.19204,
    0.191148
  ],
  "SAHARA": [
    0.02466051,
    0.02448392
  ],
  "BEAT": [
    0.56054,
    0.560491
  ],
  "BAN": [
    0.075028,
    0.075101
  ],
  "CKB": [
    0.0015003,
    0.00149543
  ],
  "ONT": [
    0.070957,
    0.07104
  ],
  "ARC": [
    0.067421,
    0.067826
  ],
  "POLYX": [
    0.04817138,
    0.04819491
  ],
  "NPC": [
    0.0076161,
    0.00760403
  ],
  "MERL": [
    0.0398234,
    0.03996833
  ],
  "MYX": [
    0.243517,
    0.241787
  ],
  "MAGMA": [
    0.240978,
    0.240144
  ],
  "REZ": [
    0.00542227,
    0.00535734
  ],
  "NOT": [
    0.00043992,
    0.00044738
  ],
  "CSPR": [
    0.0027811,
    0.00278464
  ],
  "IOTX": [
    0.00457038,
    0.00456862
  ],
  "ISLM": [
    0.01086932,
    0.01142982
  ],
  "NEIRO": [
    0.00009378,
    0.00009399
  ],
  "HUMA": [
    0.02179258,
    0.02155313
  ],
  "SNEK": [
    0.00046192,
    0.00046676
  ],
  "SWARMS": [
    0.03303071,
    0.033664
  ],
  "SATS": [
    1.4847e-8,
    1.4865e-8
  ],
  "DEP": [
    0.00110935,
    0.00111169
  ],
  "CPOOL": [
    0.02885495,
    0.02897364
  ],
  "SPELL": [
    0.00016797,
    0.00016782
  ],
  "GUN": [
    0.01497658,
    0.01492494
  ],
  "ALLO": [
    0.117666,
    0.116309
  ],
  "SLP": [
    0.00071128,
    0.00070907
  ],
  "DEGEN": [
    0.00067891,
    0.00068041
  ],
  "CORN": [
    0.04024573,
    0.0402321
  ],
  "LRC": [
    0.01684781,
    0.01682594
  ],
  "AURORA": [
    0.02687169,
    0.02688534
  ],
  "GRIFFAIN": [
    0.0184388,
    0.0181963
  ],
  "NIL": [
    0.04062473,
    0.04033769
  ],
  "INIT": [
    0.090335,
    0.090151
  ],
  "MUBARAK": [
    0.01714335,
    0.01736561
  ],
  "AIN": [
    0.087346,
    0.09348
  ],
  "BOB": [
    0.0058685,
    0.00577694
  ],
  "L3": [
    0.01141854,
    0.01131312
  ],
  "NYM": [
    0.01978492,
    0.01969655
  ],
  "NEWT": [
    0.075041,
    0.074988
  ],
  "RSS3": [
    0.0086807,
    0.00951495
  ],
  "BANK": [
    0.03347966,
    0.03360865
  ],
  "SONIC": [
    0.03706347,
    0.03699965
  ],
  "DSYNC": [
    0.01271863,
    0.01291917
  ],
  "TLM": [
    0.0018574,
    0.00184589
  ],
  "RESOLV": [
    0.03094637,
    0.0309642
  ],
  "PAAL": [
    0.01301309,
    0.01309877
  ],
  "HONEY": [
    0.0020791,
    0.00194149
  ],
  "HMSTR": [
    0.00016926,
    0.00017023
  ],
  "IKA": [
    0.00343378,
    0.00344236
  ],
  "DAO": [
    0.04146529,
    0.04097508
  ],
  "LAT": [
    0.00133676,
    0.00133633
  ],
  "TAI": [
    0.01546053,
    0.01527651
  ],
  "COQ": [
    1.26936e-7,
    1.2735e-7
  ],
  "AVL": [
    0.02850932,
    0.02831145
  ],
  "NAVX": [
    0.00880973,
    0.00880916
  ],
  "FUEL": [
    0.00089307,
    0.00089532
  ],
  "DMC": [
    0.00081357,
    0.00102422
  ],
  "FWOG": [
    0.0067558,
    0.00671366
  ],
  "SOLV": [
    0.00439012,
    0.00434916
  ],
  "NKN": [
    0.00781775,
    0.00786801
  ],
  "FHE": [
    0.02469011,
    0.024498
  ],
  "PIXEL": [
    0.00787719,
    0.00781884
  ],
  "COS": [
    0.00115839,
    0.00115212
  ],
  "OBT": [
    0.00095703,
    0.00096466
  ],
  "LYXE": [
    0.277955,
    0.277955
  ],
  "ROAM": [
    0.01179527,
    0.0121577
  ],
  "OAS": [
    0.00056867,
    0.00057906
  ],
  "DENT": [
    0.00004012,
    0.00004037
  ],
  "GEAR": [
    0.0003211,
    0.00032061
  ],
  "FORTH": [
    0.238051,
    0.243459
  ],
  "RDNT": [
    0.0017925,
    0.00178313
  ],
  "HOOK": [
    0.00789114,
    0.00789298
  ],
  "SAMO": [
    0.00035262,
    0.00034546
  ],
  "CUDIS": [
    0.00792953,
    0.00797336
  ],
  "HIPPO": [
    0.00018095,
    0.00019083
  ],
  "PERP": [
    0.02493458,
    0.02467288
  ],
  "PTB": [
    0.00080862,
    0.00081293
  ],
  "EPT": [
    0.00068733,
    0.00071124
  ],
  "FIS": [
    0.01061384,
    0.01040737
  ],
  "FLM": [
    0.00267263,
    0.00266254
  ],
  "SAROS": [
    0.00055934,
    0.00055832
  ],
  "GORK": [
    0.0014716,
    0.00146625
  ],
  "DATA": [
    0.00074639,
    0.0007474
  ],
  "ACA": [
    0.00063955,
    0.00064155
  ],
  "A2Z": [
    0.00008802,
    0.00008907
  ],
  "INSP": [
    0.00092461,
    0.00091655
  ],
  "FOXY": [
    0.00011781,
    0.00011715
  ],
  "SWTCH": [
    0.00370313,
    0.00376871
  ],
  "DUCK": [
    0.00007376,
    0.00007265
  ],
  "RFC": [
    0.00056389,
    0.00056655
  ],
  "LOOKS": [
    0.00035978,
    0.00035376
  ],
  "MOONPIG": [
    0.0002749,
    0.00027294
  ],
  "BDXN": [
    0.00163195,
    0.001632
  ],
  "ROOT": [
    0.00005549,
    0.00005549
  ],
  "CHILLGUY": [
    0.00009822,
    0.00009815
  ],
  "APU": [
    0.00004264,
    0.00004298
  ],
  "CHESS": [
    0.0001924,
    0.0001924
  ],
  "HOLO": [
    0.00001187,
    0.00001187
  ],
  "RATS": [
    0.00003823,
    0.00003798
  ],
  "GMMT": [
    0.00351575,
    0.00352615
  ],
  "ADB": [
    null,
    null
  ]
}