{
  "PUMP": [
    0.00174786,
    0.00175725
  ],
  "STABLE": [
    0.03355692,
    0.03389278
  ],
  "SIREN": [
    0.679606,
    0.678799
  ],
  "AERO": [
    0.450632,
    0.450214
  ],
  "MON": [
    0.03080633,
    0.0308724
  ],
  "JASMY": [
    0.00587497,
    0.00588357
  ],
  "LIT": [
    0.931898,
    0.929509
  ],
  "SKYAI": [
    0.182478,
    0.184877
  ],
  "CVX": [
    1.78,
    1.78
  ],
  "BAT": [
    0.105371,
    0.104883
  ],
  "ATH": [
    0.00608625,
    0.00609815
  ],
  "CHEEMS": [
    5.73292e-7,
    5.70257e-7
  ],
  "COW": [
    0.192044,
    0.191629
  ],
  "BANANAS31": [
    0.00952059,
    0.00948858
  ],
  "BAN": [
    0.08799,
    0.089707
  ],
  "SAHARA": [
    0.02400565,
    0.02666729
  ],
  "CKB": [
    0.00163313,
    0.00161064
  ],
  "BEAT": [
    0.539435,
    0.554473
  ],
  "ONT": [
    0.074104,
    0.074293
  ],
  "TAG": [
    0.00067488,
    0.00067048
  ],
  "NPC": [
    0.00829014,
    0.00841849
  ],
  "ARC": [
    0.064845,
    0.064925
  ],
  "POLYX": [
    0.051084,
    0.051113
  ],
  "MYX": [
    0.252992,
    0.254659
  ],
  "MERL": [
    0.03681373,
    0.03745966
  ],
  "CSPR": [
    0.00288835,
    0.00289399
  ],
  "IOTX": [
    0.00483254,
    0.00482567
  ],
  "NOT": [
    0.00042794,
    0.00042334
  ],
  "HUMA": [
    0.02424741,
    0.02398804
  ],
  "NEIRO": [
    0.00009067,
    0.00009069
  ],
  "SNEK": [
    0.00049991,
    0.00050154
  ],
  "MAGMA": [
    0.197585,
    0.195595
  ],
  "REZ": [
    0.0040069,
    0.00398874
  ],
  "SATS": [
    1.4605e-8,
    1.4648e-8
  ],
  "ISLM": [
    0.01182286,
    0.01189234
  ],
  "DEP": [
    0.0011131,
    0.00111216
  ],
  "SPELL": [
    0.00016616,
    0.00016608
  ],
  "CPOOL": [
    0.02706061,
    0.02696793
  ],
  "ALLO": [
    0.117065,
    0.116339
  ],
  "GUN": [
    0.01507408,
    0.01510329
  ],
  "SLP": [
    0.00071369,
    0.00071446
  ],
  "DEGEN": [
    0.00066897,
    0.0006664
  ],
  "NYM": [
    0.02950217,
    0.02952739
  ],
  "INIT": [
    0.090965,
    0.090313
  ],
  "LRC": [
    0.01705795,
    0.01703123
  ],
  "CORN": [
    0.04003825,
    0.04006385
  ],
  "NIL": [
    0.04343164,
    0.0439478
  ],
  "AURORA": [
    0.0277753,
    0.02777393
  ],
  "SWARMS": [
    0.01860803,
    0.0186945
  ],
  "GRIFFAIN": [
    0.01773121,
    0.01773498
  ],
  "NEWT": [
    0.082202,
    0.081333
  ],
  "BOB": [
    0.00597532,
    0.00599635
  ],
  "L3": [
    0.01044461,
    0.01106647
  ],
  "BANK": [
    0.03430257,
    0.03421705
  ],
  "DSYNC": [
    0.01436601,
    0.01445306
  ],
  "SONIC": [
    0.03866901,
    0.03822983
  ],
  "MUBARAK": [
    0.01356486,
    0.01356688
  ],
  "TLM": [
    0.00188935,
    0.00189013
  ],
  "HONEY": [
    0.00206866,
    0.00207454
  ],
  "AIN": [
    0.063918,
    0.062566
  ],
  "PAAL": [
    0.01260516,
    0.01249398
  ],
  "IKA": [
    0.00374148,
    0.00374175
  ],
  "DAO": [
    0.04389754,
    0.04361881
  ],
  "RESOLV": [
    0.02752543,
    0.02754424
  ],
  "HMSTR": [
    0.00015736,
    0.00015742
  ],
  "COQ": [
    1.45379e-7,
    1.44108e-7
  ],
  "TAI": [
    0.0165862,
    0.01661823
  ],
  "LAT": [
    0.00133256,
    0.00133243
  ],
  "AVL": [
    0.0266558,
    0.02678413
  ],
  "FUEL": [
    0.00093767,
    0.00093595
  ],
  "NAVX": [
    0.0087572,
    0.00872175
  ],
  "NKN": [
    0.00855768,
    0.00835697
  ],
  "PIXEL": [
    0.00803544,
    0.0080298
  ],
  "SOLV": [
    0.00425118,
    0.00412685
  ],
  "COS": [
    0.00118324,
    0.00118172
  ],
  "OBT": [
    0.00104153,
    0.00104061
  ],
  "DENT": [
    0.00005936,
    0.00006056
  ],
  "ROAM": [
    0.01623244,
    0.01621984
  ],
  "RSS3": [
    0.00578145,
    0.00577674
  ],
  "FWOG": [
    0.00474714,
    0.00474421
  ],
  "DMC": [
    0.00070927,
    0.00070695
  ],
  "FHE": [
    0.0181672,
    0.01821363
  ],
  "OAS": [
    0.00058393,
    0.00058748
  ],
  "LYXE": [
    0.236563,
    0.236462
  ],
  "FORTH": [
    0.247754,
    0.248898
  ],
  "RDNT": [
    0.00188295,
    0.00187959
  ],
  "HOOK": [
    0.0084157,
    0.00840025
  ],
  "GEAR": [
    0.00022755,
    0.00022759
  ],
  "SAMO": [
    0.00038577,
    0.00038255
  ],
  "CUDIS": [
    0.00796957,
    0.00793858
  ],
  "PERP": [
    0.02624391,
    0.02625654
  ],
  "EPT": [
    0.00074122,
    0.00074202
  ],
  "PTB": [
    0.00082022,
    0.00081729
  ],
  "FIS": [
    0.01055778,
    0.01058652
  ],
  "HIPPO": [
    0.00016051,
    0.00016181
  ],
  "GORK": [
    0.00153469,
    0.00153184
  ],
  "FLM": [
    0.0026926,
    0.00269157
  ],
  "SAROS": [
    0.00050756,
    0.00050415
  ],
  "DATA": [
    0.00075371,
    0.00074782
  ],
  "INSP": [
    0.00109075,
    0.00108659
  ],
  "ACA": [
    0.00066529,
    0.00068137
  ],
  "FOXY": [
    0.00011901,
    0.00011896
  ],
  "RFC": [
    0.00060105,
    0.00059974
  ],
  "A2Z": [
    0.0000696,
    0.00006902
  ],
  "SWTCH": [
    0.00336214,
    0.00339422
  ],
  "DUCK": [
    0.00006962,
    0.00006941
  ],
  "LOOKS": [
    0.00035528,
    0.00035367
  ],
  "MOONPIG": [
    0.00030389,
    0.0003046
  ],
  "BDXN": [
    0.00162982,
    0.00163457
  ],
  "ROOT": [
    0.0000624,
    0.00006022
  ],
  "CHILLGUY": [
    0.00014201,
    0.00014197
  ],
  "APU": [
    0.00004449,
    0.00004473
  ],
  "CHESS": [
    0.00016297,
    0.00016299
  ],
  "HOLO": [
    0.00001224,
    0.00001224
  ],
  "GMMT": [
    0.00254559,
    0.0025439
  ],
  "RATS": [
    0.00003803,
    0.00003751
  ],
  "ADB": [
    null,
    null
  ]
}