{
  "SIREN": [
    1.73,
    1.8
  ],
  "PUMP": [
    0.00170573,
    0.00172009
  ],
  "STABLE": [
    0.02378798,
    0.02384933
  ],
  "AERO": [
    0.319751,
    0.320612
  ],
  "JASMY": [
    0.00529611,
    0.00529385
  ],
  "MON": [
    0.02228407,
    0.0222504
  ],
  "LIT": [
    0.831116,
    0.830495
  ],
  "CVX": [
    1.65,
    1.67
  ],
  "BAT": [
    0.091787,
    0.091758
  ],
  "BANANAS31": [
    0.01302004,
    0.01332747
  ],
  "ATH": [
    0.00688135,
    0.00693892
  ],
  "COW": [
    0.197094,
    0.198132
  ],
  "CHEEMS": [
    4.12918e-7,
    4.14415e-7
  ],
  "SAHARA": [
    0.02464984,
    0.02485478
  ],
  "BEAT": [
    0.492833,
    0.493919
  ],
  "CKB": [
    0.00134137,
    0.00134671
  ],
  "TAG": [
    0.00056835,
    0.00057721
  ],
  "SKYAI": [
    0.059394,
    0.05907
  ],
  "NPC": [
    0.00718714,
    0.00719921
  ],
  "BAN": [
    0.057597,
    0.057568
  ],
  "POLYX": [
    0.0448518,
    0.04494814
  ],
  "ONT": [
    0.059563,
    0.059423
  ],
  "CSPR": [
    0.00334311,
    0.00328469
  ],
  "ARC": [
    0.0495715,
    0.04928457
  ],
  "MYX": [
    0.243147,
    0.242012
  ],
  "IOTX": [
    0.00473383,
    0.00477896
  ],
  "NOT": [
    0.00034063,
    0.00034437
  ],
  "DEP": [
    0.00116304,
    0.0011634
  ],
  "ISLM": [
    0.01200721,
    0.01205492
  ],
  "SNEK": [
    0.00040455,
    0.0004048
  ],
  "MERL": [
    0.02402595,
    0.02424274
  ],
  "SPELL": [
    0.0001616,
    0.00016299
  ],
  "LRC": [
    0.02161231,
    0.02168866
  ],
  "NYM": [
    0.0325598,
    0.03247183
  ],
  "REZ": [
    0.00330013,
    0.0033354
  ],
  "GUN": [
    0.01596146,
    0.01573711
  ],
  "HUMA": [
    0.01473571,
    0.01488903
  ],
  "DEGEN": [
    0.00066679,
    0.0006686
  ],
  "CORN": [
    0.04612765,
    0.04617482
  ],
  "MAGMA": [
    0.124297,
    0.123911
  ],
  "NEIRO": [
    0.0000544,
    0.00005487
  ],
  "ALLO": [
    0.101844,
    0.102333
  ],
  "SATS": [
    1.0246e-8,
    1.0283e-8
  ],
  "CPOOL": [
    0.02243326,
    0.02216034
  ],
  "SLP": [
    0.00056709,
    0.00057075
  ],
  "AURORA": [
    0.02719787,
    0.02713401
  ],
  "DENT": [
    0.00019359,
    0.00018881
  ],
  "BANK": [
    0.04143197,
    0.04146411
  ],
  "DSYNC": [
    0.01627116,
    0.01642099
  ],
  "BOB": [
    0.00548457,
    0.00549859
  ],
  "NEWT": [
    0.069384,
    0.069543
  ],
  "RESOLV": [
    0.03769893,
    0.03785955
  ],
  "INIT": [
    0.076678,
    0.077373
  ],
  "DAO": [
    0.056659,
    0.056693
  ],
  "SONIC": [
    0.03861355,
    0.03885201
  ],
  "L3": [
    0.0098958,
    0.00999006
  ],
  "ROAM": [
    0.03932066,
    0.03960088
  ],
  "NIL": [
    0.03154229,
    0.03169521
  ],
  "PAAL": [
    0.01441138,
    0.01472088
  ],
  "HONEY": [
    0.00206361,
    0.00206742
  ],
  "NKN": [
    0.01381875,
    0.01479803
  ],
  "GRIFFAIN": [
    0.01131672,
    0.011303
  ],
  "MUBARAK": [
    0.01099696,
    0.01122776
  ],
  "AIN": [
    0.059731,
    0.059778
  ],
  "TLM": [
    0.00159598,
    0.00160134
  ],
  "TAI": [
    0.01682645,
    0.01705705
  ],
  "IKA": [
    0.00323048,
    0.00323291
  ],
  "SWARMS": [
    0.00918337,
    0.00928698
  ],
  "LAT": [
    0.00130553,
    0.00130946
  ],
  "HMSTR": [
    0.00013299,
    0.00013309
  ],
  "DUCK": [
    0.00109143,
    0.00109407
  ],
  "FUEL": [
    0.00101589,
    0.00101729
  ],
  "COS": [
    0.00144344,
    0.00144599
  ],
  "AVL": [
    0.02514618,
    0.02535913
  ],
  "NAVX": [
    0.00845,
    0.0084805
  ],
  "COQ": [
    9.4095e-8,
    9.428e-8
  ],
  "PIXEL": [
    0.00783355,
    0.00775492
  ],
  "RDNT": [
    0.00444133,
    0.00433702
  ],
  "OBT": [
    0.00102367,
    0.00102148
  ],
  "HIPPO": [
    0.00051372,
    0.00051958
  ],
  "DMC": [
    0.00083764,
    0.0008389
  ],
  "RSS3": [
    0.00521629,
    0.00528226
  ],
  "FWOG": [
    0.00471564,
    0.00482043
  ],
  "SOLV": [
    0.00301074,
    0.00301513
  ],
  "LYXE": [
    0.285694,
    0.286551
  ],
  "FHE": [
    0.01641727,
    0.01672147
  ],
  "FORTH": [
    0.363104,
    0.369605
  ],
  "GEAR": [
    0.00029475,
    0.00029311
  ],
  "HOOK": [
    0.00892682,
    0.00904527
  ],
  "OAS": [
    0.00036188,
    0.00035752
  ],
  "SAMO": [
    0.00038769,
    0.00038783
  ],
  "PERP": [
    0.03250061,
    0.0307484
  ],
  "PTB": [
    0.00107705,
    0.00106832
  ],
  "FIS": [
    0.01378493,
    0.01362198
  ],
  "CUDIS": [
    0.00775458,
    0.00776043
  ],
  "A2Z": [
    0.0002191,
    0.00021515
  ],
  "EPT": [
    0.0007183,
    0.00071965
  ],
  "GORK": [
    0.00153393,
    0.00153694
  ],
  "FLM": [
    0.00269147,
    0.00269048
  ],
  "SAROS": [
    0.00051919,
    0.00052516
  ],
  "DATA": [
    0.00101091,
    0.0010069
  ],
  "INSP": [
    0.00126753,
    0.00126302
  ],
  "ACA": [
    0.00081475,
    0.00081192
  ],
  "SWTCH": [
    0.00590892,
    0.00574204
  ],
  "FOXY": [
    0.00012496,
    0.00012493
  ],
  "RFC": [
    0.00062807,
    0.00057775
  ],
  "BDXN": [
    0.00268587,
    0.00259421
  ],
  "LOOKS": [
    0.0004,
    0.00039827
  ],
  "MOONPIG": [
    0.00031343,
    0.00031258
  ],
  "CHESS": [
    0.00136588,
    0.00139269
  ],
  "ROOT": [
    0.00007089,
    0.00006993
  ],
  "CHILLGUY": [
    0.00006247,
    0.00006247
  ],
  "APU": [
    0.00003053,
    0.00003075
  ],
  "HOLO": [
    0.00001278,
    0.00001278
  ],
  "GMMT": [
    0.00337651,
    0.00391213
  ],
  "RATS": [
    0.00004435,
    0.0000431
  ],
  "ADB": [
    null,
    null
  ]
}