{
  "STABLE": [
    0.03280133,
    0.03311976
  ],
  "PUMP": [
    0.00173612,
    0.00178689
  ],
  "SIREN": [
    0.689953,
    0.695304
  ],
  "AERO": [
    0.473076,
    0.469788
  ],
  "MON": [
    0.02726775,
    0.02724632
  ],
  "JASMY": [
    0.00572486,
    0.00575659
  ],
  "SKYAI": [
    0.265715,
    0.276624
  ],
  "LIT": [
    0.945604,
    0.957187
  ],
  "CVX": [
    1.7,
    1.72
  ],
  "BAT": [
    0.09792,
    0.097953
  ],
  "CHEEMS": [
    5.904e-7,
    6.00515e-7
  ],
  "ATH": [
    0.00577877,
    0.00585741
  ],
  "COW": [
    0.18678,
    0.188719
  ],
  "BANANAS31": [
    0.00967566,
    0.00979734
  ],
  "BEAT": [
    0.568928,
    0.569296
  ],
  "ARC": [
    0.075074,
    0.074189
  ],
  "SAHARA": [
    0.02207266,
    0.02241244
  ],
  "CKB": [
    0.00149316,
    0.00150262
  ],
  "BAN": [
    0.072108,
    0.072439
  ],
  "ONT": [
    0.070914,
    0.070654
  ],
  "NPC": [
    0.00782604,
    0.00785714
  ],
  "POLYX": [
    0.0475717,
    0.04778292
  ],
  "TAG": [
    0.00053393,
    0.00054213
  ],
  "MYX": [
    0.253612,
    0.254201
  ],
  "CSPR": [
    0.00289817,
    0.0028976
  ],
  "IOTX": [
    0.00456144,
    0.0045885
  ],
  "ISLM": [
    0.01162016,
    0.0116861
  ],
  "MERL": [
    0.03307409,
    0.03330813
  ],
  "NOT": [
    0.00038366,
    0.00038924
  ],
  "MAGMA": [
    0.203462,
    0.202688
  ],
  "NEIRO": [
    0.00008681,
    0.00008907
  ],
  "HUMA": [
    0.02051345,
    0.02070153
  ],
  "REZ": [
    0.00423682,
    0.00423238
  ],
  "SNEK": [
    0.00045529,
    0.00045644
  ],
  "DEP": [
    0.00106694,
    0.00109753
  ],
  "SPELL": [
    0.00016811,
    0.0001686
  ],
  "SATS": [
    1.3367e-8,
    1.3584e-8
  ],
  "SWARMS": [
    0.02514919,
    0.02598564
  ],
  "SLP": [
    0.00069061,
    0.00070099
  ],
  "DEGEN": [
    0.00068237,
    0.00069002
  ],
  "CPOOL": [
    0.02547225,
    0.02531601
  ],
  "GUN": [
    0.0142046,
    0.01435915
  ],
  "ALLO": [
    0.109165,
    0.109793
  ],
  "NYM": [
    0.02579615,
    0.02580928
  ],
  "CORN": [
    0.04014668,
    0.04022226
  ],
  "LRC": [
    0.01681428,
    0.01691071
  ],
  "GRIFFAIN": [
    0.01999354,
    0.0200612
  ],
  "L3": [
    0.01328954,
    0.01321664
  ],
  "AURORA": [
    0.02650226,
    0.0265489
  ],
  "INIT": [
    0.091339,
    0.09137
  ],
  "AIN": [
    0.093767,
    0.094182
  ],
  "NIL": [
    0.03781067,
    0.0384853
  ],
  "NEWT": [
    0.075101,
    0.075428
  ],
  "BOB": [
    0.00562658,
    0.00563808
  ],
  "BANK": [
    0.0344097,
    0.03464222
  ],
  "MUBARAK": [
    0.01360171,
    0.01368848
  ],
  "SONIC": [
    0.03697563,
    0.03709846
  ],
  "DSYNC": [
    0.01292118,
    0.01293777
  ],
  "TLM": [
    0.00182953,
    0.00185717
  ],
  "RESOLV": [
    0.02965831,
    0.03032143
  ],
  "PAAL": [
    0.01297172,
    0.01297919
  ],
  "HONEY": [
    0.00193384,
    0.00193032
  ],
  "IKA": [
    0.00349414,
    0.00349257
  ],
  "DAO": [
    0.04100074,
    0.04111001
  ],
  "HMSTR": [
    0.00015642,
    0.00016006
  ],
  "COQ": [
    1.34557e-7,
    1.36085e-7
  ],
  "LAT": [
    0.00132042,
    0.00132657
  ],
  "TAI": [
    0.01556779,
    0.01554007
  ],
  "SOLV": [
    0.00524534,
    0.00515727
  ],
  "AVL": [
    0.0259335,
    0.0258384
  ],
  "FUEL": [
    0.00091446,
    0.00091343
  ],
  "NAVX": [
    0.00867249,
    0.00877304
  ],
  "PIXEL": [
    0.00809579,
    0.008113
  ],
  "NKN": [
    0.00777572,
    0.00780819
  ],
  "COS": [
    0.00116098,
    0.00116795
  ],
  "OBT": [
    0.00098578,
    0.00098679
  ],
  "RSS3": [
    0.00555873,
    0.00554942
  ],
  "FHE": [
    0.01857589,
    0.01912441
  ],
  "ROAM": [
    0.01309701,
    0.01318333
  ],
  "FWOG": [
    0.00449218,
    0.0045916
  ],
  "DMC": [
    0.00068176,
    0.0006792
  ],
  "LYXE": [
    0.249772,
    0.249772
  ],
  "DENT": [
    0.00003825,
    0.00003833
  ],
  "OAS": [
    0.00051508,
    0.00051243
  ],
  "GEAR": [
    0.0002823,
    0.00031415
  ],
  "FORTH": [
    0.246116,
    0.246905
  ],
  "HOOK": [
    0.00810313,
    0.00813695
  ],
  "RDNT": [
    0.00180038,
    0.00180043
  ],
  "SAMO": [
    0.00036457,
    0.0003572
  ],
  "CUDIS": [
    0.00772917,
    0.00772533
  ],
  "PERP": [
    0.02513514,
    0.02516496
  ],
  "EPT": [
    0.00070275,
    0.00070502
  ],
  "PTB": [
    0.0007785,
    0.00078505
  ],
  "FIS": [
    0.01050247,
    0.01036915
  ],
  "HIPPO": [
    0.00016051,
    0.00016042
  ],
  "FLM": [
    0.0025809,
    0.00258069
  ],
  "GORK": [
    0.00142512,
    0.00141756
  ],
  "SAROS": [
    0.00045383,
    0.0004523
  ],
  "DATA": [
    0.00070124,
    0.00070059
  ],
  "INSP": [
    0.00098312,
    0.00097717
  ],
  "ACA": [
    0.00061183,
    0.00061229
  ],
  "FOXY": [
    0.00011492,
    0.00011406
  ],
  "RFC": [
    0.00063681,
    0.00064316
  ],
  "A2Z": [
    0.00006887,
    0.00006905
  ],
  "DUCK": [
    0.00007006,
    0.00007082
  ],
  "SWTCH": [
    0.00305752,
    0.00307434
  ],
  "LOOKS": [
    0.00035268,
    0.00035581
  ],
  "MOONPIG": [
    0.00025981,
    0.00026576
  ],
  "BDXN": [
    0.00150092,
    0.00150383
  ],
  "ROOT": [
    0.00006157,
    0.00006396
  ],
  "CHILLGUY": [
    0.00010387,
    0.00010133
  ],
  "CHESS": [
    0.00019827,
    0.00019802
  ],
  "APU": [
    0.00003449,
    0.00003486
  ],
  "HOLO": [
    0.00001191,
    0.00001191
  ],
  "GMMT": [
    0.00243189,
    0.00244255
  ],
  "RATS": [
    0.00003741,
    0.00003764
  ],
  "ADB": [
    null,
    null
  ]
}