{
  "SIREN": [
    1.68,
    1.81
  ],
  "PUMP": [
    0.00172866,
    0.00173538
  ],
  "STABLE": [
    0.02601523,
    0.02608185
  ],
  "AERO": [
    0.327418,
    0.327339
  ],
  "JASMY": [
    0.00532873,
    0.00532275
  ],
  "MON": [
    0.02294153,
    0.02344625
  ],
  "LIT": [
    0.873116,
    0.870323
  ],
  "CVX": [
    1.66,
    1.67
  ],
  "BAT": [
    0.09552,
    0.095945
  ],
  "BANANAS31": [
    0.01307593,
    0.01327137
  ],
  "ATH": [
    0.00705743,
    0.00700973
  ],
  "COW": [
    0.202255,
    0.200481
  ],
  "CHEEMS": [
    4.23209e-7,
    4.24725e-7
  ],
  "SAHARA": [
    0.02597631,
    0.02569932
  ],
  "BEAT": [
    0.50474,
    0.483008
  ],
  "CKB": [
    0.00138809,
    0.0013859
  ],
  "SKYAI": [
    0.063747,
    0.063884
  ],
  "TAG": [
    0.00057081,
    0.00056851
  ],
  "NPC": [
    0.00749276,
    0.00754086
  ],
  "BAN": [
    0.05681,
    0.057176
  ],
  "POLYX": [
    0.04471031,
    0.0450597
  ],
  "ONT": [
    0.06224,
    0.060625
  ],
  "CSPR": [
    0.00338568,
    0.00333066
  ],
  "ARC": [
    0.053506,
    0.052396
  ],
  "MYX": [
    0.253519,
    0.250335
  ],
  "IOTX": [
    0.00471662,
    0.0047074
  ],
  "NOT": [
    0.00035376,
    0.0003565
  ],
  "SNEK": [
    0.00043141,
    0.00043258
  ],
  "ISLM": [
    0.01277619,
    0.01265852
  ],
  "DEP": [
    0.00116163,
    0.00116242
  ],
  "MERL": [
    0.02497569,
    0.02500754
  ],
  "LRC": [
    0.02296138,
    0.02307012
  ],
  "SPELL": [
    0.00016451,
    0.00016473
  ],
  "HUMA": [
    0.01565004,
    0.0158422
  ],
  "NYM": [
    0.03252193,
    0.03256632
  ],
  "GUN": [
    0.01660121,
    0.01642731
  ],
  "REZ": [
    0.00339261,
    0.00339258
  ],
  "DEGEN": [
    0.00068875,
    0.00068768
  ],
  "CORN": [
    0.04660824,
    0.04660196
  ],
  "NEIRO": [
    0.00005646,
    0.00005665
  ],
  "MAGMA": [
    0.121209,
    0.122831
  ],
  "ALLO": [
    0.105415,
    0.105094
  ],
  "CPOOL": [
    0.02417538,
    0.02409099
  ],
  "SATS": [
    1.0682e-8,
    1.066e-8
  ],
  "SLP": [
    0.00058414,
    0.00058468
  ],
  "AURORA": [
    0.02829607,
    0.02788092
  ],
  "DENT": [
    0.00019163,
    0.00019146
  ],
  "BANK": [
    0.04176964,
    0.04164534
  ],
  "DAO": [
    0.068173,
    0.068603
  ],
  "DSYNC": [
    0.01732823,
    0.01682664
  ],
  "BOB": [
    0.00574684,
    0.00576745
  ],
  "RESOLV": [
    0.04035351,
    0.03968348
  ],
  "NEWT": [
    0.070792,
    0.070842
  ],
  "INIT": [
    0.08029,
    0.079163
  ],
  "NIL": [
    0.03354374,
    0.03287775
  ],
  "SONIC": [
    0.03933489,
    0.03918861
  ],
  "ROAM": [
    0.03982296,
    0.03941612
  ],
  "PAAL": [
    0.01505774,
    0.01495272
  ],
  "L3": [
    0.00955384,
    0.00959251
  ],
  "HONEY": [
    0.00221892,
    0.0022031
  ],
  "MUBARAK": [
    0.01108935,
    0.01121306
  ],
  "GRIFFAIN": [
    0.01106252,
    0.01104357
  ],
  "AIN": [
    0.05952,
    0.059442
  ],
  "TLM": [
    0.00163259,
    0.00163419
  ],
  "IKA": [
    0.00339578,
    0.00339189
  ],
  "TAI": [
    0.01882481,
    0.01689999
  ],
  "SWARMS": [
    0.00899873,
    0.00908427
  ],
  "LAT": [
    0.00131494,
    0.00130914
  ],
  "HMSTR": [
    0.00013492,
    0.00013502
  ],
  "NKN": [
    0.01144397,
    0.0108267
  ],
  "FUEL": [
    0.00105711,
    0.00104911
  ],
  "DUCK": [
    0.0011142,
    0.0011161
  ],
  "COS": [
    0.00147809,
    0.0014829
  ],
  "NAVX": [
    0.00875248,
    0.00878342
  ],
  "AVL": [
    0.02544259,
    0.02537801
  ],
  "COQ": [
    9.7329e-8,
    9.754e-8
  ],
  "PIXEL": [
    0.00830877,
    0.00846331
  ],
  "OBT": [
    0.00103383,
    0.00103507
  ],
  "RDNT": [
    0.00420902,
    0.00416142
  ],
  "HIPPO": [
    0.00052325,
    0.00052482
  ],
  "RSS3": [
    0.00548465,
    0.00548186
  ],
  "FWOG": [
    0.00487726,
    0.00487935
  ],
  "LYXE": [
    0.29271,
    0.292832
  ],
  "SOLV": [
    0.00303764,
    0.003076
  ],
  "FHE": [
    0.01774542,
    0.01763151
  ],
  "DMC": [
    0.00070779,
    0.00071057
  ],
  "FORTH": [
    0.410515,
    0.40225
  ],
  "GEAR": [
    0.00031819,
    0.00031097
  ],
  "PTB": [
    0.00140753,
    0.00135535
  ],
  "HOOK": [
    0.00915528,
    0.00945294
  ],
  "OAS": [
    0.00037587,
    0.00036178
  ],
  "SAMO": [
    0.00040601,
    0.00040905
  ],
  "FIS": [
    0.01498001,
    0.01501766
  ],
  "PERP": [
    0.02829455,
    0.03238781
  ],
  "CUDIS": [
    0.00773134,
    0.0077994
  ],
  "A2Z": [
    0.00022484,
    0.00022695
  ],
  "EPT": [
    0.00078153,
    0.00078491
  ],
  "GORK": [
    0.00163175,
    0.00161918
  ],
  "FLM": [
    0.00280704,
    0.00280112
  ],
  "SAROS": [
    0.00053383,
    0.00053276
  ],
  "DATA": [
    0.00101117,
    0.00101038
  ],
  "INSP": [
    0.00121671,
    0.00119414
  ],
  "ACA": [
    0.00080211,
    0.00081629
  ],
  "SWTCH": [
    0.00611249,
    0.00515514
  ],
  "FOXY": [
    0.00013074,
    0.00013266
  ],
  "RFC": [
    0.0005893,
    0.00058971
  ],
  "BDXN": [
    0.00254078,
    0.00255815
  ],
  "LOOKS": [
    0.00039778,
    0.00039656
  ],
  "MOONPIG": [
    0.00031483,
    0.00031373
  ],
  "CHESS": [
    0.00146808,
    0.00144362
  ],
  "ROOT": [
    0.00007193,
    0.00007505
  ],
  "CHILLGUY": [
    0.00006287,
    0.00006289
  ],
  "APU": [
    0.00003186,
    0.00003164
  ],
  "HOLO": [
    0.00001294,
    0.00001296
  ],
  "GMMT": [
    0.00335125,
    0.00335925
  ],
  "RATS": [
    0.00005103,
    0.00005373
  ],
  "ADB": [
    null,
    null
  ]
}