{
  "PUMP": [
    0.00174537,
    0.00174371
  ],
  "STABLE": [
    0.02636062,
    0.02598938
  ],
  "SIREN": [
    0.608629,
    0.559465
  ],
  "MON": [
    0.02867665,
    0.02788143
  ],
  "AERO": [
    0.317993,
    0.31613
  ],
  "LIT": [
    1.045,
    1.063
  ],
  "JASMY": [
    0.005341,
    0.00533045
  ],
  "CVX": [
    1.75,
    1.74
  ],
  "BAT": [
    0.099332,
    0.099021
  ],
  "ATH": [
    0.0068798,
    0.00673906
  ],
  "COW": [
    0.216446,
    0.215823
  ],
  "BANANAS31": [
    0.01003703,
    0.0096252
  ],
  "CHEEMS": [
    4.29015e-7,
    4.41766e-7
  ],
  "ONT": [
    0.088028,
    0.086815
  ],
  "CKB": [
    0.00149955,
    0.001469
  ],
  "TAG": [
    0.00063254,
    0.00062603
  ],
  "SAHARA": [
    0.02161363,
    0.02168515
  ],
  "SKYAI": [
    0.062419,
    0.064079
  ],
  "POLYX": [
    0.04769369,
    0.04756545
  ],
  "BAN": [
    0.057692,
    0.057728
  ],
  "NPC": [
    0.00713282,
    0.00716271
  ],
  "ARC": [
    0.055502,
    0.056617
  ],
  "CSPR": [
    0.00291143,
    0.00294584
  ],
  "BEAT": [
    0.31807,
    0.317232
  ],
  "MYX": [
    0.224936,
    0.227878
  ],
  "IOTX": [
    0.00456507,
    0.00455074
  ],
  "NOT": [
    0.00035764,
    0.00035486
  ],
  "DEP": [
    0.00114235,
    0.00114313
  ],
  "SNEK": [
    0.00041611,
    0.00041603
  ],
  "ISLM": [
    0.01220228,
    0.0121347
  ],
  "MERL": [
    0.02375432,
    0.02457364
  ],
  "NYM": [
    0.03499841,
    0.03483614
  ],
  "REZ": [
    0.0034684,
    0.00343277
  ],
  "SPELL": [
    0.00015977,
    0.00016024
  ],
  "DEGEN": [
    0.00068395,
    0.00068412
  ],
  "GUN": [
    0.01403915,
    0.01397396
  ],
  "NEIRO": [
    0.000057,
    0.00005701
  ],
  "HUMA": [
    0.01410145,
    0.01380586
  ],
  "ALLO": [
    0.106404,
    0.108457
  ],
  "L3": [
    0.01614583,
    0.01700106
  ],
  "CORN": [
    0.04484233,
    0.04489298
  ],
  "SATS": [
    1.1051e-8,
    1.1024e-8
  ],
  "BOB": [
    0.00571717,
    0.00804327
  ],
  "CPOOL": [
    0.0228186,
    0.02254529
  ],
  "LRC": [
    0.01756819,
    0.01740101
  ],
  "SLP": [
    0.00058876,
    0.00058487
  ],
  "MAGMA": [
    0.102899,
    0.099039
  ],
  "AURORA": [
    0.02612383,
    0.02599142
  ],
  "INIT": [
    0.08235,
    0.086372
  ],
  "DENT": [
    0.00016417,
    0.00016258
  ],
  "BANK": [
    0.02918929,
    0.03596643
  ],
  "DSYNC": [
    0.01482462,
    0.01513887
  ],
  "NEWT": [
    0.06654,
    0.068575
  ],
  "NIL": [
    0.033121,
    0.03359804
  ],
  "RESOLV": [
    0.03694572,
    0.03699989
  ],
  "SONIC": [
    0.03740138,
    0.0373538
  ],
  "IKA": [
    0.00418049,
    0.00432885
  ],
  "GRIFFAIN": [
    0.01198587,
    0.01294976
  ],
  "PAAL": [
    0.0141634,
    0.01418045
  ],
  "DAO": [
    0.051213,
    0.050612
  ],
  "HONEY": [
    0.0021569,
    0.00213574
  ],
  "MUBARAK": [
    0.01156175,
    0.01175513
  ],
  "TLM": [
    0.00163901,
    0.00163247
  ],
  "ROAM": [
    0.03063787,
    0.03053867
  ],
  "AIN": [
    0.051405,
    0.05425
  ],
  "SWARMS": [
    0.00965033,
    0.00957711
  ],
  "TAI": [
    0.0163164,
    0.01583587
  ],
  "HMSTR": [
    0.00014102,
    0.00014019
  ],
  "LAT": [
    0.00130641,
    0.00130162
  ],
  "AVL": [
    0.03096648,
    0.02958712
  ],
  "NAVX": [
    0.00907084,
    0.00919804
  ],
  "FUEL": [
    0.0009271,
    0.00090898
  ],
  "NKN": [
    0.00855115,
    0.00845264
  ],
  "COQ": [
    9.561e-8,
    9.5565e-8
  ],
  "COS": [
    0.00122492,
    0.00119612
  ],
  "SOLV": [
    0.00392723,
    0.00383073
  ],
  "RSS3": [
    0.00591671,
    0.00594145
  ],
  "OBT": [
    0.00102051,
    0.00101492
  ],
  "PIXEL": [
    0.00659102,
    0.00647454
  ],
  "FHE": [
    0.01949216,
    0.01910737
  ],
  "FWOG": [
    0.00482384,
    0.00482201
  ],
  "DMC": [
    0.00072687,
    0.00071816
  ],
  "LYXE": [
    0.241217,
    0.243596
  ],
  "HIPPO": [
    0.00035214,
    0.00036703
  ],
  "RDNT": [
    0.00250417,
    0.00251331
  ],
  "GEAR": [
    0.00029722,
    0.00030318
  ],
  "FORTH": [
    0.258634,
    0.26632
  ],
  "SAMO": [
    0.00042835,
    0.00043957
  ],
  "HOOK": [
    0.00913271,
    0.0087001
  ],
  "OAS": [
    0.00037536,
    0.00037535
  ],
  "DUCK": [
    0.00031915,
    0.00031249
  ],
  "CUDIS": [
    0.0077883,
    0.00819307
  ],
  "FIS": [
    0.01325085,
    0.01292104
  ],
  "PTB": [
    0.00100268,
    0.00095913
  ],
  "PERP": [
    0.02586574,
    0.02578721
  ],
  "FLM": [
    0.00301221,
    0.00305944
  ],
  "EPT": [
    0.00075808,
    0.00075071
  ],
  "GORK": [
    0.00121514,
    0.00141377
  ],
  "DATA": [
    0.00098664,
    0.00098703
  ],
  "SAROS": [
    0.00044973,
    0.00045141
  ],
  "ACA": [
    0.00075077,
    0.00077734
  ],
  "INSP": [
    0.0011221,
    0.00111838
  ],
  "A2Z": [
    0.00010252,
    0.00010043
  ],
  "SWTCH": [
    0.00471687,
    0.00431493
  ],
  "FOXY": [
    0.00009694,
    0.00009767
  ],
  "RFC": [
    0.00054184,
    0.00053467
  ],
  "LOOKS": [
    0.00036602,
    0.00036165
  ],
  "BDXN": [
    0.00186237,
    0.00187058
  ],
  "MOONPIG": [
    0.00030012,
    0.00029977
  ],
  "ROOT": [
    0.00006248,
    0.00006496
  ],
  "CHESS": [
    0.00036842,
    0.00036325
  ],
  "CHILLGUY": [
    0.00006988,
    0.00006969
  ],
  "APU": [
    0.00003336,
    0.00003289
  ],
  "HOLO": [
    0.00001248,
    0.00001243
  ],
  "RATS": [
    0.00003772,
    0.00003722
  ],
  "GMMT": [
    0.00387109,
    0.00388009
  ],
  "ADB": [
    null,
    null
  ]
}