{
  "SKYAI": [
    0.610933,
    0.763898
  ],
  "STABLE": [
    0.03387323,
    0.03385409
  ],
  "PUMP": [
    0.00183999,
    0.00183434
  ],
  "SIREN": [
    0.749312,
    0.753209
  ],
  "AERO": [
    0.451581,
    0.453901
  ],
  "MON": [
    0.0310795,
    0.03144752
  ],
  "JASMY": [
    0.00578434,
    0.00572911
  ],
  "LIT": [
    0.96424,
    0.979973
  ],
  "CVX": [
    1.79,
    1.79
  ],
  "BAT": [
    0.105672,
    0.104586
  ],
  "TAG": [
    0.00138792,
    0.00130867
  ],
  "CHEEMS": [
    6.39703e-7,
    6.36999e-7
  ],
  "ATH": [
    0.00624818,
    0.00618201
  ],
  "BANANAS31": [
    0.01211921,
    0.01156099
  ],
  "COW": [
    0.192832,
    0.192011
  ],
  "SAHARA": [
    0.02444805,
    0.0247974
  ],
  "BEAT": [
    0.557125,
    0.562869
  ],
  "BAN": [
    0.076152,
    0.076296
  ],
  "CKB": [
    0.00152512,
    0.00152438
  ],
  "ONT": [
    0.072006,
    0.071207
  ],
  "ARC": [
    0.067785,
    0.069209
  ],
  "POLYX": [
    0.04955526,
    0.04915051
  ],
  "NPC": [
    0.00744673,
    0.00758095
  ],
  "MERL": [
    0.04044109,
    0.04055987
  ],
  "MYX": [
    0.242955,
    0.253952
  ],
  "NOT": [
    0.0004984,
    0.00048329
  ],
  "REZ": [
    0.00534694,
    0.00531849
  ],
  "MAGMA": [
    0.242511,
    0.23401
  ],
  "CSPR": [
    0.00280691,
    0.00278813
  ],
  "IOTX": [
    0.00454873,
    0.00456092
  ],
  "NEIRO": [
    0.00010208,
    0.00010032
  ],
  "ISLM": [
    0.01121132,
    0.01142966
  ],
  "HUMA": [
    0.02185301,
    0.02235077
  ],
  "SNEK": [
    0.00049618,
    0.00050251
  ],
  "SATS": [
    1.5191e-8,
    1.4922e-8
  ],
  "DEP": [
    0.00111401,
    0.00111239
  ],
  "SPELL": [
    0.00016992,
    0.00016948
  ],
  "CPOOL": [
    0.02739279,
    0.0281396
  ],
  "GUN": [
    0.01467634,
    0.01463041
  ],
  "ALLO": [
    0.117163,
    0.117561
  ],
  "SWARMS": [
    0.02691807,
    0.02713244
  ],
  "DEGEN": [
    0.00069662,
    0.00070739
  ],
  "SLP": [
    0.00072165,
    0.00072071
  ],
  "CORN": [
    0.04023755,
    0.04031451
  ],
  "LRC": [
    0.01691806,
    0.01696052
  ],
  "AURORA": [
    0.02700174,
    0.02710862
  ],
  "NYM": [
    0.02191028,
    0.02179663
  ],
  "NIL": [
    0.04002401,
    0.03990326
  ],
  "INIT": [
    0.090696,
    0.09064
  ],
  "AIN": [
    0.094994,
    0.09456
  ],
  "GRIFFAIN": [
    0.01720646,
    0.01729077
  ],
  "BOB": [
    0.00572441,
    0.00579372
  ],
  "L3": [
    0.01128476,
    0.01120408
  ],
  "NEWT": [
    0.075808,
    0.075466
  ],
  "MUBARAK": [
    0.01604442,
    0.01602168
  ],
  "BANK": [
    0.03354848,
    0.03326763
  ],
  "SONIC": [
    0.03775466,
    0.03769258
  ],
  "DSYNC": [
    0.01295908,
    0.01297255
  ],
  "RESOLV": [
    0.03036738,
    0.03224791
  ],
  "TLM": [
    0.0018679,
    0.00186332
  ],
  "PAAL": [
    0.01311643,
    0.01313346
  ],
  "HONEY": [
    0.00202728,
    0.00194097
  ],
  "HMSTR": [
    0.00018978,
    0.00016855
  ],
  "RSS3": [
    0.00775865,
    0.00707836
  ],
  "IKA": [
    0.00348287,
    0.00360569
  ],
  "DAO": [
    0.04137759,
    0.04167329
  ],
  "COQ": [
    1.39759e-7,
    1.41192e-7
  ],
  "LAT": [
    0.00132895,
    0.001332
  ],
  "TAI": [
    0.01512222,
    0.01509177
  ],
  "AVL": [
    0.02737213,
    0.02750044
  ],
  "FHE": [
    0.02689427,
    0.03181831
  ],
  "NAVX": [
    0.00891654,
    0.00893195
  ],
  "FUEL": [
    0.00088912,
    0.00089227
  ],
  "SOLV": [
    0.00441717,
    0.00436432
  ],
  "NKN": [
    0.00796746,
    0.00790237
  ],
  "PIXEL": [
    0.00795775,
    0.00794002
  ],
  "COS": [
    0.00113971,
    0.00113149
  ],
  "FWOG": [
    0.00642242,
    0.00605032
  ],
  "OBT": [
    0.00097866,
    0.00097969
  ],
  "DMC": [
    0.00100062,
    0.00082049
  ],
  "OAS": [
    0.00057967,
    0.0006826
  ],
  "LYXE": [
    0.277955,
    0.277955
  ],
  "ROAM": [
    0.0123703,
    0.01221079
  ],
  "DENT": [
    0.00004003,
    0.00003983
  ],
  "GEAR": [
    0.00032072,
    0.00030904
  ],
  "FORTH": [
    0.239718,
    0.243796
  ],
  "RDNT": [
    0.00178628,
    0.00179144
  ],
  "HOOK": [
    0.00795812,
    0.00789584
  ],
  "HIPPO": [
    0.000192,
    0.0002082
  ],
  "CUDIS": [
    0.00793048,
    0.00818475
  ],
  "SAMO": [
    0.00034498,
    0.0003455
  ],
  "PERP": [
    0.02569725,
    0.02544462
  ],
  "SAROS": [
    0.00069286,
    0.00065252
  ],
  "FIS": [
    0.01096064,
    0.01089835
  ],
  "PTB": [
    0.00081428,
    0.00081058
  ],
  "EPT": [
    0.00070596,
    0.00072086
  ],
  "FLM": [
    0.00267906,
    0.00268203
  ],
  "GORK": [
    0.0014627,
    0.00146961
  ],
  "DATA": [
    0.00075636,
    0.00075743
  ],
  "DUCK": [
    0.00012927,
    0.00010359
  ],
  "INSP": [
    0.00096247,
    0.0009471
  ],
  "ACA": [
    0.00064108,
    0.00063848
  ],
  "A2Z": [
    0.00008693,
    0.00008449
  ],
  "FOXY": [
    0.0001171,
    0.00011865
  ],
  "SWTCH": [
    0.00360179,
    0.00385917
  ],
  "RFC": [
    0.0005761,
    0.00058417
  ],
  "LOOKS": [
    0.00035686,
    0.00036089
  ],
  "MOONPIG": [
    0.00029944,
    0.00030557
  ],
  "BDXN": [
    0.00176212,
    0.00178186
  ],
  "ROOT": [
    0.00005469,
    0.00005439
  ],
  "CHILLGUY": [
    0.00009838,
    0.00011052
  ],
  "APU": [
    0.00004307,
    0.00004293
  ],
  "CHESS": [
    0.00019226,
    0.00019343
  ],
  "HOLO": [
    0.00001187,
    0.00001224
  ],
  "GMMT": [
    0.00349906,
    0.00349509
  ],
  "RATS": [
    0.0000385,
    0.00003852
  ],
  "ADB": [
    null,
    null
  ]
}