{
  "PUMP": [
    0.0018335,
    0.00182391
  ],
  "STABLE": [
    0.02612982,
    0.02595209
  ],
  "SIREN": [
    0.729565,
    0.74909
  ],
  "MON": [
    0.03416819,
    0.03386054
  ],
  "AERO": [
    0.368351,
    0.365455
  ],
  "LIT": [
    1.003,
    1.041
  ],
  "JASMY": [
    0.0052773,
    0.00527314
  ],
  "CVX": [
    1.76,
    1.77
  ],
  "BAT": [
    0.096421,
    0.095748
  ],
  "SKYAI": [
    0.116948,
    0.130028
  ],
  "COW": [
    0.21726,
    0.213996
  ],
  "ATH": [
    0.00610554,
    0.00606321
  ],
  "BANANAS31": [
    0.0103094,
    0.01021687
  ],
  "CHEEMS": [
    4.94552e-7,
    4.97424e-7
  ],
  "BAN": [
    0.078634,
    0.079971
  ],
  "TAG": [
    0.00072999,
    0.00072984
  ],
  "ONT": [
    0.07744,
    0.076333
  ],
  "ARC": [
    0.076797,
    0.074334
  ],
  "CKB": [
    0.00147494,
    0.00147319
  ],
  "SAHARA": [
    0.0221784,
    0.0220933
  ],
  "POLYX": [
    0.051057,
    0.051329
  ],
  "MYX": [
    0.337656,
    0.325438
  ],
  "NPC": [
    0.00775291,
    0.00765765
  ],
  "BEAT": [
    0.363837,
    0.382494
  ],
  "CSPR": [
    0.00294166,
    0.00290448
  ],
  "IOTX": [
    0.00447683,
    0.00445587
  ],
  "MAGMA": [
    0.192105,
    0.204682
  ],
  "NOT": [
    0.00036288,
    0.00037505
  ],
  "MERL": [
    0.03137206,
    0.0297135
  ],
  "SNEK": [
    0.00041693,
    0.00041583
  ],
  "DEP": [
    0.00110878,
    0.00111123
  ],
  "ISLM": [
    0.01183626,
    0.01178177
  ],
  "REZ": [
    0.00363586,
    0.00368204
  ],
  "HUMA": [
    0.01762787,
    0.01740706
  ],
  "NYM": [
    0.03365605,
    0.03383503
  ],
  "NEIRO": [
    0.00006575,
    0.00006598
  ],
  "SPELL": [
    0.00015819,
    0.00015837
  ],
  "GUN": [
    0.01594703,
    0.01571464
  ],
  "DEGEN": [
    0.00071509,
    0.00071631
  ],
  "CPOOL": [
    0.02499305,
    0.02670005
  ],
  "SATS": [
    1.1558e-8,
    1.1641e-8
  ],
  "ALLO": [
    0.10893,
    0.106502
  ],
  "SLP": [
    0.0006147,
    0.00061122
  ],
  "BOB": [
    0.00785081,
    0.00767543
  ],
  "CORN": [
    0.041285,
    0.04118355
  ],
  "LRC": [
    0.01600047,
    0.01597846
  ],
  "AURORA": [
    0.0270141,
    0.02701768
  ],
  "NEWT": [
    0.073254,
    0.074617
  ],
  "DSYNC": [
    0.01576268,
    0.01577482
  ],
  "L3": [
    0.01114721,
    0.01102567
  ],
  "INIT": [
    0.079937,
    0.083109
  ],
  "BANK": [
    0.03654002,
    0.03619585
  ],
  "NIL": [
    0.03588899,
    0.03587933
  ],
  "DENT": [
    0.0001567,
    0.0001591
  ],
  "SWARMS": [
    0.01478207,
    0.01468273
  ],
  "GRIFFAIN": [
    0.01481329,
    0.01379713
  ],
  "MUBARAK": [
    0.01347719,
    0.01323207
  ],
  "RESOLV": [
    0.03457604,
    0.03416674
  ],
  "AIN": [
    0.066301,
    0.069451
  ],
  "SONIC": [
    0.0350313,
    0.03490328
  ],
  "PAAL": [
    0.01359972,
    0.01371917
  ],
  "DAO": [
    0.04712384,
    0.04712119
  ],
  "IKA": [
    0.00354871,
    0.00373526
  ],
  "TLM": [
    0.00164609,
    0.00163019
  ],
  "HONEY": [
    0.0017188,
    0.0018358
  ],
  "TAI": [
    0.01644837,
    0.01630418
  ],
  "LAT": [
    0.001347,
    0.00135554
  ],
  "HMSTR": [
    0.00014549,
    0.00014414
  ],
  "COQ": [
    1.14168e-7,
    1.11657e-7
  ],
  "AVL": [
    0.0272091,
    0.02613533
  ],
  "FUEL": [
    0.00095445,
    0.00095024
  ],
  "NAVX": [
    0.00864482,
    0.00855395
  ],
  "NKN": [
    0.00845773,
    0.00842018
  ],
  "ROAM": [
    0.01852699,
    0.01879508
  ],
  "PIXEL": [
    0.00831126,
    0.00833579
  ],
  "COS": [
    0.00123177,
    0.001219
  ],
  "SOLV": [
    0.00423052,
    0.00415904
  ],
  "OBT": [
    0.00102911,
    0.00102724
  ],
  "RSS3": [
    0.00582494,
    0.00595268
  ],
  "FWOG": [
    0.00487431,
    0.00484643
  ],
  "FHE": [
    0.01816377,
    0.01742147
  ],
  "DMC": [
    0.00069153,
    0.00069894
  ],
  "LYXE": [
    0.235502,
    0.235654
  ],
  "GEAR": [
    0.0004521,
    0.00029047
  ],
  "FORTH": [
    0.263663,
    0.266735
  ],
  "RDNT": [
    0.00205519,
    0.00207143
  ],
  "OAS": [
    0.00037536,
    0.00038165
  ],
  "PTB": [
    0.00117212,
    0.00117625
  ],
  "SAMO": [
    0.00041926,
    0.0004166
  ],
  "HOOK": [
    0.00826522,
    0.00810418
  ],
  "PERP": [
    0.0275433,
    0.02765677
  ],
  "CUDIS": [
    0.00775619,
    0.00779854
  ],
  "EPT": [
    0.00074968,
    0.00074585
  ],
  "FLM": [
    0.00296577,
    0.0030097
  ],
  "FIS": [
    0.01070074,
    0.01049681
  ],
  "HIPPO": [
    0.00016262,
    0.00015838
  ],
  "GORK": [
    0.00141133,
    0.00141297
  ],
  "DATA": [
    0.00094001,
    0.00094253
  ],
  "SAROS": [
    0.00041374,
    0.00041748
  ],
  "INSP": [
    0.00102567,
    0.00102763
  ],
  "ACA": [
    0.00069614,
    0.00069613
  ],
  "DUCK": [
    0.00009189,
    0.00008321
  ],
  "FOXY": [
    0.00011064,
    0.00011007
  ],
  "A2Z": [
    0.00007624,
    0.00007424
  ],
  "SWTCH": [
    0.00339831,
    0.0034008
  ],
  "RFC": [
    0.00055502,
    0.00055354
  ],
  "LOOKS": [
    0.0003745,
    0.00039205
  ],
  "BDXN": [
    0.00189346,
    0.00188461
  ],
  "MOONPIG": [
    0.00029005,
    0.00028999
  ],
  "ROOT": [
    0.000059,
    0.00006177
  ],
  "CHILLGUY": [
    0.00007731,
    0.00007731
  ],
  "APU": [
    0.00003432,
    0.00003395
  ],
  "CHESS": [
    0.00015399,
    0.00015403
  ],
  "HOLO": [
    0.00001248,
    0.00001248
  ],
  "GMMT": [
    0.00371064,
    0.00360916
  ],
  "RATS": [
    0.00003702,
    0.00003805
  ],
  "ADB": [
    null,
    null
  ]
}