{
  "PUMP": [
    0.00173549,
    0.00173756
  ],
  "STABLE": [
    0.03370283,
    0.03401286
  ],
  "SIREN": [
    0.755254,
    0.74582
  ],
  "AERO": [
    0.422835,
    0.423311
  ],
  "MON": [
    0.03095326,
    0.03110393
  ],
  "JASMY": [
    0.00566432,
    0.00566625
  ],
  "LIT": [
    0.908472,
    0.912431
  ],
  "SKYAI": [
    0.202899,
    0.200283
  ],
  "CVX": [
    1.79,
    1.78
  ],
  "BAT": [
    0.10353,
    0.103433
  ],
  "CHEEMS": [
    5.77566e-7,
    5.76157e-7
  ],
  "ATH": [
    0.00599894,
    0.00599921
  ],
  "COW": [
    0.187557,
    0.187486
  ],
  "BAN": [
    0.096211,
    0.097145
  ],
  "BANANAS31": [
    0.00931563,
    0.00938032
  ],
  "BEAT": [
    0.554026,
    0.55948
  ],
  "ONT": [
    0.074557,
    0.074581
  ],
  "SAHARA": [
    0.02308708,
    0.02335107
  ],
  "CKB": [
    0.00150668,
    0.00150813
  ],
  "TAG": [
    0.00065404,
    0.00065439
  ],
  "ARC": [
    0.067553,
    0.067448
  ],
  "NPC": [
    0.00826051,
    0.00831118
  ],
  "POLYX": [
    0.050707,
    0.050743
  ],
  "MYX": [
    0.245423,
    0.250244
  ],
  "CSPR": [
    0.00291021,
    0.0029087
  ],
  "IOTX": [
    0.00481285,
    0.00483014
  ],
  "MERL": [
    0.03630534,
    0.03635183
  ],
  "HUMA": [
    0.0250326,
    0.02562406
  ],
  "NOT": [
    0.00040774,
    0.00040884
  ],
  "MAGMA": [
    0.189937,
    0.201193
  ],
  "SNEK": [
    0.00049217,
    0.00049402
  ],
  "NEIRO": [
    0.00008623,
    0.00008675
  ],
  "REZ": [
    0.00390425,
    0.00389165
  ],
  "DEP": [
    0.00111606,
    0.00111616
  ],
  "SATS": [
    1.4455e-8,
    1.4443e-8
  ],
  "ISLM": [
    0.01176579,
    0.01176581
  ],
  "SPELL": [
    0.00016425,
    0.00016427
  ],
  "CPOOL": [
    0.02715443,
    0.02723466
  ],
  "SLP": [
    0.00073947,
    0.00074003
  ],
  "GUN": [
    0.01533649,
    0.01538576
  ],
  "ALLO": [
    0.114723,
    0.113563
  ],
  "NYM": [
    0.03063867,
    0.03055603
  ],
  "DEGEN": [
    0.00065306,
    0.00065399
  ],
  "INIT": [
    0.08962,
    0.089208
  ],
  "CORN": [
    0.04005,
    0.04007843
  ],
  "LRC": [
    0.01678445,
    0.01678489
  ],
  "AURORA": [
    0.02776004,
    0.02776185
  ],
  "NIL": [
    0.04108547,
    0.04108815
  ],
  "SWARMS": [
    0.01831726,
    0.01830553
  ],
  "GRIFFAIN": [
    0.01778347,
    0.0176991
  ],
  "NEWT": [
    0.080203,
    0.079817
  ],
  "BOB": [
    0.00586085,
    0.00590586
  ],
  "L3": [
    0.0103083,
    0.01026601
  ],
  "DSYNC": [
    0.01431261,
    0.0144204
  ],
  "BANK": [
    0.03306069,
    0.03313927
  ],
  "MUBARAK": [
    0.01350663,
    0.01353639
  ],
  "SONIC": [
    0.03726872,
    0.03711283
  ],
  "TLM": [
    0.00189818,
    0.00189153
  ],
  "HONEY": [
    0.0020669,
    0.0021029
  ],
  "AIN": [
    0.064274,
    0.062605
  ],
  "IKA": [
    0.0037859,
    0.00379811
  ],
  "DAO": [
    0.04432716,
    0.04411325
  ],
  "PAAL": [
    0.01221185,
    0.01227638
  ],
  "RESOLV": [
    0.02730685,
    0.02762885
  ],
  "HMSTR": [
    0.00015644,
    0.00015613
  ],
  "COQ": [
    1.41616e-7,
    1.41516e-7
  ],
  "TAI": [
    0.0166277,
    0.01655357
  ],
  "LAT": [
    0.00133017,
    0.00133238
  ],
  "DENT": [
    0.0000651,
    0.00008236
  ],
  "AVL": [
    0.02754194,
    0.02686598
  ],
  "FUEL": [
    0.00093667,
    0.00093657
  ],
  "NAVX": [
    0.00871098,
    0.00868901
  ],
  "NKN": [
    0.00847674,
    0.00855862
  ],
  "PIXEL": [
    0.00826243,
    0.00834799
  ],
  "SOLV": [
    0.00414538,
    0.00421708
  ],
  "COS": [
    0.0011658,
    0.00116509
  ],
  "OBT": [
    0.00104042,
    0.0010443
  ],
  "ROAM": [
    0.01607995,
    0.01609142
  ],
  "RSS3": [
    0.00586942,
    0.00584349
  ],
  "DMC": [
    0.000711,
    0.00071209
  ],
  "FWOG": [
    0.00477585,
    0.00474688
  ],
  "FHE": [
    0.01778694,
    0.01792465
  ],
  "OAS": [
    0.00060761,
    0.00060905
  ],
  "LYXE": [
    0.23389,
    0.234871
  ],
  "FORTH": [
    0.264655,
    0.254734
  ],
  "RDNT": [
    0.00190908,
    0.00190894
  ],
  "HOOK": [
    0.00841257,
    0.00848418
  ],
  "GEAR": [
    0.00022429,
    0.0002246
  ],
  "SAMO": [
    0.00038289,
    0.00038423
  ],
  "CUDIS": [
    0.00801586,
    0.00798139
  ],
  "PERP": [
    0.02629182,
    0.02627485
  ],
  "PTB": [
    0.0008151,
    0.00082745
  ],
  "EPT": [
    0.00073903,
    0.00073677
  ],
  "FIS": [
    0.01065496,
    0.0106554
  ],
  "HIPPO": [
    0.00015824,
    0.00015809
  ],
  "GORK": [
    0.00155424,
    0.00156262
  ],
  "FLM": [
    0.00263489,
    0.00261633
  ],
  "SAROS": [
    0.00050216,
    0.00049709
  ],
  "DATA": [
    0.00075216,
    0.00075991
  ],
  "INSP": [
    0.00110499,
    0.00111867
  ],
  "ACA": [
    0.00066831,
    0.00066902
  ],
  "FOXY": [
    0.00011985,
    0.00011812
  ],
  "RFC": [
    0.00060527,
    0.00060223
  ],
  "A2Z": [
    0.00006929,
    0.00006959
  ],
  "SWTCH": [
    0.00341993,
    0.00341723
  ],
  "DUCK": [
    0.00006968,
    0.00007
  ],
  "LOOKS": [
    0.00036285,
    0.00036283
  ],
  "MOONPIG": [
    0.00029009,
    0.00029699
  ],
  "BDXN": [
    0.00155878,
    0.00153554
  ],
  "ROOT": [
    0.0000615,
    0.00006151
  ],
  "CHILLGUY": [
    0.00013286,
    0.00013302
  ],
  "APU": [
    0.00004792,
    0.00004878
  ],
  "CHESS": [
    0.00015258,
    0.00015258
  ],
  "HOLO": [
    0.00001211,
    0.00001218
  ],
  "GMMT": [
    0.00261556,
    0.00261566
  ],
  "RATS": [
    0.00003723,
    0.0000373
  ],
  "ADB": [
    null,
    null
  ]
}