{
  "PUMP": [
    0.00188829,
    0.00188291
  ],
  "STABLE": [
    0.02614492,
    0.0264916
  ],
  "SIREN": [
    0.801414,
    0.760453
  ],
  "MON": [
    0.03248053,
    0.03253231
  ],
  "AERO": [
    0.404147,
    0.403179
  ],
  "JASMY": [
    0.00562188,
    0.00563343
  ],
  "LIT": [
    1.013,
    0.981511
  ],
  "SKYAI": [
    0.185368,
    0.183879
  ],
  "CVX": [
    1.83,
    1.82
  ],
  "BAT": [
    0.100798,
    0.100472
  ],
  "ATH": [
    0.00595929,
    0.00598187
  ],
  "CHEEMS": [
    5.47778e-7,
    5.45266e-7
  ],
  "COW": [
    0.189908,
    0.189539
  ],
  "BANANAS31": [
    0.00961456,
    0.00947092
  ],
  "ONT": [
    0.079989,
    0.081275
  ],
  "TAG": [
    0.00072152,
    0.00072631
  ],
  "CKB": [
    0.00161638,
    0.00161711
  ],
  "BAN": [
    0.070794,
    0.070619
  ],
  "SAHARA": [
    0.02220533,
    0.02226037
  ],
  "ARC": [
    0.069424,
    0.068804
  ],
  "BEAT": [
    0.500369,
    0.487332
  ],
  "POLYX": [
    0.051411,
    0.051236
  ],
  "NPC": [
    0.0076566,
    0.00775036
  ],
  "CSPR": [
    0.00298238,
    0.00295768
  ],
  "MYX": [
    0.250659,
    0.243841
  ],
  "IOTX": [
    0.00477228,
    0.00470684
  ],
  "MERL": [
    0.03488515,
    0.03512084
  ],
  "NOT": [
    0.0003944,
    0.00039217
  ],
  "MAGMA": [
    0.203838,
    0.204813
  ],
  "NEIRO": [
    0.00008859,
    0.00008765
  ],
  "SNEK": [
    0.00048097,
    0.00048287
  ],
  "HUMA": [
    0.01929508,
    0.01944791
  ],
  "ISLM": [
    0.01239247,
    0.01224757
  ],
  "SATS": [
    1.5314e-8,
    1.503e-8
  ],
  "REZ": [
    0.00382486,
    0.00381979
  ],
  "DEP": [
    0.00111308,
    0.00111549
  ],
  "SPELL": [
    0.00016868,
    0.00016712
  ],
  "DEGEN": [
    0.00076498,
    0.00075966
  ],
  "NYM": [
    0.03393761,
    0.03327667
  ],
  "GUN": [
    0.01471309,
    0.01461875
  ],
  "CPOOL": [
    0.02506012,
    0.02510321
  ],
  "SLP": [
    0.00065639,
    0.00065583
  ],
  "ALLO": [
    0.1074,
    0.105033
  ],
  "CORN": [
    0.04127262,
    0.04130505
  ],
  "LRC": [
    0.01703765,
    0.01689169
  ],
  "BOB": [
    0.0070942,
    0.00713028
  ],
  "AURORA": [
    0.02762012,
    0.02772206
  ],
  "INIT": [
    0.094515,
    0.094472
  ],
  "GRIFFAIN": [
    0.01706845,
    0.01711983
  ],
  "SWARMS": [
    0.01623312,
    0.01662149
  ],
  "NIL": [
    0.03839509,
    0.03810447
  ],
  "NEWT": [
    0.075288,
    0.075298
  ],
  "DSYNC": [
    0.01537775,
    0.01539949
  ],
  "L3": [
    0.01052276,
    0.01054897
  ],
  "BANK": [
    0.03397738,
    0.03434321
  ],
  "MUBARAK": [
    0.01427023,
    0.01426287
  ],
  "SONIC": [
    0.03695461,
    0.03689208
  ],
  "RESOLV": [
    0.03301431,
    0.03283097
  ],
  "AIN": [
    0.066439,
    0.066177
  ],
  "PAAL": [
    0.01343132,
    0.01351205
  ],
  "TLM": [
    0.00184472,
    0.00184336
  ],
  "DAO": [
    0.04731609,
    0.04752651
  ],
  "HONEY": [
    0.00188314,
    0.00188611
  ],
  "IKA": [
    0.00349695,
    0.00349698
  ],
  "HMSTR": [
    0.00015544,
    0.00015375
  ],
  "TAI": [
    0.0163177,
    0.01633512
  ],
  "COQ": [
    1.34477e-7,
    1.33256e-7
  ],
  "DENT": [
    0.00009452,
    0.00009614
  ],
  "LAT": [
    0.00132096,
    0.00132296
  ],
  "AVL": [
    0.02737103,
    0.02740224
  ],
  "NAVX": [
    0.00942728,
    0.00943425
  ],
  "FUEL": [
    0.00094355,
    0.00094446
  ],
  "NKN": [
    0.00832821,
    0.00830169
  ],
  "COS": [
    0.00117652,
    0.00117854
  ],
  "PIXEL": [
    0.00796845,
    0.00780758
  ],
  "ROAM": [
    0.01688953,
    0.01734183
  ],
  "OBT": [
    0.00106354,
    0.00106744
  ],
  "SOLV": [
    0.00402348,
    0.0039793
  ],
  "RSS3": [
    0.00620262,
    0.00620273
  ],
  "FHE": [
    0.01929373,
    0.01977648
  ],
  "FWOG": [
    0.00500687,
    0.00499021
  ],
  "DMC": [
    0.00071305,
    0.00070247
  ],
  "LYXE": [
    0.242227,
    0.242227
  ],
  "OAS": [
    0.00051721,
    0.00055201
  ],
  "GEAR": [
    0.00029897,
    0.0003058
  ],
  "FORTH": [
    0.258368,
    0.269392
  ],
  "RDNT": [
    0.00207392,
    0.00206788
  ],
  "HOOK": [
    0.00973034,
    0.00870666
  ],
  "SAMO": [
    0.00041799,
    0.00042084
  ],
  "PTB": [
    0.00105048,
    0.00105205
  ],
  "SAROS": [
    0.00083238,
    0.00083179
  ],
  "CUDIS": [
    0.00816009,
    0.00816835
  ],
  "PERP": [
    0.02603821,
    0.02604131
  ],
  "EPT": [
    0.00075636,
    0.00075813
  ],
  "GORK": [
    0.00182454,
    0.00174067
  ],
  "FLM": [
    0.00299399,
    0.0029839
  ],
  "FIS": [
    0.0107781,
    0.01091262
  ],
  "HIPPO": [
    0.00016228,
    0.0001599
  ],
  "DATA": [
    0.00096685,
    0.00096691
  ],
  "INSP": [
    0.00102946,
    0.00103619
  ],
  "ACA": [
    0.00070178,
    0.00069587
  ],
  "FOXY": [
    0.00012683,
    0.00012686
  ],
  "A2Z": [
    0.00008409,
    0.00008348
  ],
  "DUCK": [
    0.00007326,
    0.00007242
  ],
  "SWTCH": [
    0.00339798,
    0.0032976
  ],
  "RFC": [
    0.00053858,
    0.00054144
  ],
  "LOOKS": [
    0.00042141,
    0.00039476
  ],
  "MOONPIG": [
    0.00031222,
    0.00031499
  ],
  "BDXN": [
    0.00182198,
    0.00182321
  ],
  "ROOT": [
    0.00005881,
    0.000059
  ],
  "CHILLGUY": [
    0.00008152,
    0.00008147
  ],
  "APU": [
    0.00003546,
    0.00003541
  ],
  "CHESS": [
    0.00016947,
    0.00016609
  ],
  "HOLO": [
    0.00001273,
    0.00001273
  ],
  "GMMT": [
    0.002211,
    0.00219055
  ],
  "RATS": [
    0.00003548,
    0.000036
  ],
  "ADB": [
    null,
    null
  ]
}