{
  "PUMP": [
    0.00177158,
    0.00175996
  ],
  "STABLE": [
    0.03195872,
    0.03123506
  ],
  "SIREN": [
    0.662596,
    0.661666
  ],
  "AERO": [
    0.427772,
    0.426537
  ],
  "MON": [
    0.03086777,
    0.03069909
  ],
  "JASMY": [
    0.00581319,
    0.0057639
  ],
  "LIT": [
    0.930061,
    0.916349
  ],
  "SKYAI": [
    0.195469,
    0.193808
  ],
  "CVX": [
    1.78,
    1.79
  ],
  "BAT": [
    0.105583,
    0.104956
  ],
  "CHEEMS": [
    6.04441e-7,
    6.01955e-7
  ],
  "ATH": [
    0.00607502,
    0.00608656
  ],
  "COW": [
    0.18864,
    0.187328
  ],
  "BANANAS31": [
    0.00918199,
    0.00922197
  ],
  "BAN": [
    0.08861,
    0.087932
  ],
  "BEAT": [
    0.56526,
    0.567682
  ],
  "ONT": [
    0.078072,
    0.077399
  ],
  "SAHARA": [
    0.02307391,
    0.02367337
  ],
  "CKB": [
    0.00152325,
    0.00151739
  ],
  "TAG": [
    0.00063994,
    0.00063765
  ],
  "NPC": [
    0.00836763,
    0.00834392
  ],
  "ARC": [
    0.067144,
    0.067069
  ],
  "POLYX": [
    0.051022,
    0.051438
  ],
  "MYX": [
    0.246991,
    0.251747
  ],
  "MERL": [
    0.03912875,
    0.03874875
  ],
  "CSPR": [
    0.00293187,
    0.00293137
  ],
  "IOTX": [
    0.00488093,
    0.00483713
  ],
  "HUMA": [
    0.02574262,
    0.02572647
  ],
  "NOT": [
    0.00041776,
    0.00041767
  ],
  "MAGMA": [
    0.206552,
    0.207227
  ],
  "SNEK": [
    0.00051011,
    0.0005074
  ],
  "NEIRO": [
    0.00008875,
    0.00008809
  ],
  "REZ": [
    0.00387207,
    0.00387102
  ],
  "SATS": [
    1.4721e-8,
    1.4641e-8
  ],
  "DEP": [
    0.00111627,
    0.00111536
  ],
  "ISLM": [
    0.01175007,
    0.01184794
  ],
  "SLP": [
    0.00083876,
    0.0007801
  ],
  "SPELL": [
    0.00016492,
    0.0001644
  ],
  "CPOOL": [
    0.02777997,
    0.02757131
  ],
  "GUN": [
    0.01550403,
    0.01542043
  ],
  "ALLO": [
    0.118321,
    0.11652
  ],
  "NYM": [
    0.03059885,
    0.03071616
  ],
  "INIT": [
    0.091884,
    0.093105
  ],
  "DEGEN": [
    0.00065747,
    0.00065842
  ],
  "LRC": [
    0.01723356,
    0.01716482
  ],
  "CORN": [
    0.04036341,
    0.04037565
  ],
  "AURORA": [
    0.0279512,
    0.02795425
  ],
  "NIL": [
    0.04256159,
    0.04248409
  ],
  "SWARMS": [
    0.01824628,
    0.01847139
  ],
  "GRIFFAIN": [
    0.01786962,
    0.01768727
  ],
  "NEWT": [
    0.080577,
    0.081722
  ],
  "BOB": [
    0.00587646,
    0.00588362
  ],
  "L3": [
    0.01032662,
    0.01033823
  ],
  "BANK": [
    0.0351569,
    0.03515203
  ],
  "DSYNC": [
    0.0145026,
    0.01444451
  ],
  "MUBARAK": [
    0.01393149,
    0.01382504
  ],
  "SONIC": [
    0.03724541,
    0.03782932
  ],
  "TLM": [
    0.00195427,
    0.00193405
  ],
  "HONEY": [
    0.00214245,
    0.00211952
  ],
  "IKA": [
    0.0039625,
    0.0039396
  ],
  "AIN": [
    0.062332,
    0.063642
  ],
  "DAO": [
    0.04529839,
    0.04511567
  ],
  "PAAL": [
    0.01238778,
    0.01238003
  ],
  "RESOLV": [
    0.02850766,
    0.02860082
  ],
  "HMSTR": [
    0.00016007,
    0.00015926
  ],
  "COQ": [
    1.48013e-7,
    1.46886e-7
  ],
  "TAI": [
    0.01649889,
    0.01654321
  ],
  "LAT": [
    0.0013466,
    0.00133864
  ],
  "AVL": [
    0.02737622,
    0.02779795
  ],
  "FUEL": [
    0.00094053,
    0.0009407
  ],
  "NAVX": [
    0.00877129,
    0.00876291
  ],
  "NKN": [
    0.00853332,
    0.00857319
  ],
  "DENT": [
    0.00006562,
    0.00006653
  ],
  "PIXEL": [
    0.00827031,
    0.00812149
  ],
  "COS": [
    0.00118176,
    0.00117304
  ],
  "SOLV": [
    0.00404469,
    0.00407227
  ],
  "OBT": [
    0.00103209,
    0.0010335
  ],
  "ROAM": [
    0.01645838,
    0.01646999
  ],
  "RSS3": [
    0.00591095,
    0.00575786
  ],
  "DMC": [
    0.00070917,
    0.00070903
  ],
  "FHE": [
    0.01822817,
    0.01809576
  ],
  "FWOG": [
    0.00453029,
    0.00454441
  ],
  "OAS": [
    0.00062075,
    0.00062498
  ],
  "LYXE": [
    0.234516,
    0.234516
  ],
  "FORTH": [
    0.260441,
    0.250597
  ],
  "RDNT": [
    0.00193002,
    0.00191826
  ],
  "HOOK": [
    0.00853418,
    0.00844125
  ],
  "GEAR": [
    0.00022353,
    0.00022259
  ],
  "SAMO": [
    0.00035925,
    0.00036557
  ],
  "CUDIS": [
    0.00801112,
    0.00803753
  ],
  "PERP": [
    0.02627696,
    0.02606402
  ],
  "EPT": [
    0.00074021,
    0.00073868
  ],
  "PTB": [
    0.00082458,
    0.000821
  ],
  "FIS": [
    0.01081701,
    0.01067735
  ],
  "HIPPO": [
    0.00016031,
    0.00016021
  ],
  "GORK": [
    0.00157732,
    0.00153977
  ],
  "FLM": [
    0.0026659,
    0.00259005
  ],
  "SAROS": [
    0.00051117,
    0.00051786
  ],
  "DATA": [
    0.00075385,
    0.0007562
  ],
  "INSP": [
    0.00115534,
    0.00115063
  ],
  "ACA": [
    0.00067581,
    0.00067851
  ],
  "FOXY": [
    0.00011998,
    0.00011909
  ],
  "A2Z": [
    0.00007097,
    0.00007081
  ],
  "RFC": [
    0.00059389,
    0.00059806
  ],
  "SWTCH": [
    0.0034546,
    0.00346527
  ],
  "DUCK": [
    0.0000696,
    0.00007015
  ],
  "LOOKS": [
    0.00037803,
    0.00037906
  ],
  "MOONPIG": [
    0.00029799,
    0.000297
  ],
  "BDXN": [
    0.00167109,
    0.00166302
  ],
  "ROOT": [
    0.00005991,
    0.00006001
  ],
  "CHILLGUY": [
    0.00013414,
    0.0001338
  ],
  "APU": [
    0.0000629,
    0.0000624
  ],
  "CHESS": [
    0.00015261,
    0.00015181
  ],
  "HOLO": [
    0.00001224,
    0.00001224
  ],
  "GMMT": [
    0.00262935,
    0.00262647
  ],
  "RATS": [
    0.00003742,
    0.00003742
  ],
  "ADB": [
    null,
    null
  ]
}