{
  "STABLE": [
    0.0331216,
    0.03287931
  ],
  "PUMP": [
    0.00181053,
    0.00179971
  ],
  "SIREN": [
    0.706182,
    0.702226
  ],
  "AERO": [
    0.44801,
    0.448163
  ],
  "SKYAI": [
    0.371314,
    0.40172
  ],
  "MON": [
    0.02960097,
    0.02917179
  ],
  "JASMY": [
    0.00565523,
    0.00563169
  ],
  "LIT": [
    0.911333,
    0.907994
  ],
  "BAT": [
    0.103874,
    0.106024
  ],
  "CVX": [
    1.76,
    1.76
  ],
  "TAG": [
    0.00129369,
    0.0013248
  ],
  "CHEEMS": [
    6.14279e-7,
    6.14258e-7
  ],
  "ATH": [
    0.00595475,
    0.00593524
  ],
  "BANANAS31": [
    0.01040889,
    0.01049313
  ],
  "COW": [
    0.187859,
    0.187394
  ],
  "BEAT": [
    0.604174,
    0.584462
  ],
  "SAHARA": [
    0.02451635,
    0.02446122
  ],
  "BAN": [
    0.075865,
    0.075489
  ],
  "CKB": [
    0.00149569,
    0.00149112
  ],
  "ARC": [
    0.06942,
    0.069911
  ],
  "ONT": [
    0.069032,
    0.068604
  ],
  "NPC": [
    0.00769245,
    0.00765813
  ],
  "POLYX": [
    0.04771049,
    0.04757036
  ],
  "MYX": [
    0.248294,
    0.248142
  ],
  "MAGMA": [
    0.246516,
    0.245496
  ],
  "REZ": [
    0.00570761,
    0.00542963
  ],
  "CSPR": [
    0.0028039,
    0.00280193
  ],
  "MERL": [
    0.03553613,
    0.03517762
  ],
  "IOTX": [
    0.00457214,
    0.00454162
  ],
  "ISLM": [
    0.01176572,
    0.01176769
  ],
  "NOT": [
    0.00039719,
    0.00039794
  ],
  "NEIRO": [
    0.00009435,
    0.00009376
  ],
  "HUMA": [
    0.02165904,
    0.02159522
  ],
  "SNEK": [
    0.00046174,
    0.00046159
  ],
  "CPOOL": [
    0.03117437,
    0.03142234
  ],
  "SATS": [
    1.4708e-8,
    1.4649e-8
  ],
  "DEP": [
    0.00111289,
    0.00111399
  ],
  "SPELL": [
    0.00016941,
    0.00016819
  ],
  "ALLO": [
    0.120449,
    0.119869
  ],
  "SWARMS": [
    0.02652871,
    0.02647897
  ],
  "GUN": [
    0.0144081,
    0.01450504
  ],
  "SLP": [
    0.00070453,
    0.00070276
  ],
  "DEGEN": [
    0.00066853,
    0.00066815
  ],
  "CORN": [
    0.0402893,
    0.04028593
  ],
  "LRC": [
    0.01689145,
    0.01683393
  ],
  "NIL": [
    0.04323706,
    0.04405076
  ],
  "AURORA": [
    0.02653793,
    0.02658493
  ],
  "AIN": [
    0.097207,
    0.098828
  ],
  "L3": [
    0.01191327,
    0.01186155
  ],
  "GRIFFAIN": [
    0.01711573,
    0.01722984
  ],
  "INIT": [
    0.08905,
    0.08793
  ],
  "NYM": [
    0.0198991,
    0.01981262
  ],
  "NEWT": [
    0.075227,
    0.075051
  ],
  "BOB": [
    0.00563741,
    0.00550249
  ],
  "MUBARAK": [
    0.01449639,
    0.01463948
  ],
  "BANK": [
    0.03335887,
    0.03327279
  ],
  "SONIC": [
    0.03747701,
    0.03747072
  ],
  "DSYNC": [
    0.01297595,
    0.01295649
  ],
  "TLM": [
    0.00184458,
    0.00184513
  ],
  "PAAL": [
    0.01282199,
    0.01274014
  ],
  "RESOLV": [
    0.02871042,
    0.02826147
  ],
  "HONEY": [
    0.00182005,
    0.00181284
  ],
  "DAO": [
    0.04095187,
    0.04107868
  ],
  "HMSTR": [
    0.00015711,
    0.00015642
  ],
  "RSS3": [
    0.00730575,
    0.00660351
  ],
  "IKA": [
    0.00336425,
    0.00334004
  ],
  "LAT": [
    0.00132322,
    0.00132205
  ],
  "TAI": [
    0.0150564,
    0.01547584
  ],
  "COQ": [
    1.26165e-7,
    1.25695e-7
  ],
  "AVL": [
    0.02759442,
    0.02757272
  ],
  "NAVX": [
    0.00882398,
    0.00881975
  ],
  "FUEL": [
    0.0008983,
    0.00090138
  ],
  "SOLV": [
    0.00448442,
    0.00444501
  ],
  "NKN": [
    0.0078772,
    0.00785854
  ],
  "PIXEL": [
    0.00786695,
    0.00787316
  ],
  "COS": [
    0.00116861,
    0.00115996
  ],
  "FHE": [
    0.02364634,
    0.02256579
  ],
  "OBT": [
    0.00099842,
    0.00099412
  ],
  "DMC": [
    0.00070896,
    0.00070905
  ],
  "FWOG": [
    0.00464015,
    0.00468235
  ],
  "LYXE": [
    0.275651,
    0.274787
  ],
  "DENT": [
    0.00003916,
    0.00003924
  ],
  "ROAM": [
    0.01071701,
    0.0105665
  ],
  "OAS": [
    0.00053324,
    0.00052072
  ],
  "GEAR": [
    0.00031893,
    0.00032118
  ],
  "FORTH": [
    0.240294,
    0.236816
  ],
  "RDNT": [
    0.0018019,
    0.00179859
  ],
  "HOOK": [
    0.00806292,
    0.00814949
  ],
  "CUDIS": [
    0.00799124,
    0.00802898
  ],
  "SAMO": [
    0.00032925,
    0.00032846
  ],
  "PERP": [
    0.02529805,
    0.02531935
  ],
  "PTB": [
    0.00081034,
    0.00081573
  ],
  "EPT": [
    0.00070578,
    0.0007015
  ],
  "HIPPO": [
    0.0001645,
    0.00016166
  ],
  "FIS": [
    0.01016263,
    0.01019134
  ],
  "GORK": [
    0.00151869,
    0.00150723
  ],
  "SAROS": [
    0.00057413,
    0.00057122
  ],
  "FLM": [
    0.00261876,
    0.0026164
  ],
  "DATA": [
    0.00074149,
    0.00074172
  ],
  "ACA": [
    0.00066353,
    0.00065525
  ],
  "INSP": [
    0.00094344,
    0.00094445
  ],
  "A2Z": [
    0.00008606,
    0.00008649
  ],
  "FOXY": [
    0.00011598,
    0.00011607
  ],
  "DUCK": [
    0.00007016,
    0.00006957
  ],
  "RFC": [
    0.00056293,
    0.00055479
  ],
  "SWTCH": [
    0.00317232,
    0.00329648
  ],
  "LOOKS": [
    0.00035686,
    0.00035486
  ],
  "BDXN": [
    0.00172067,
    0.00171476
  ],
  "MOONPIG": [
    0.00027476,
    0.0002738
  ],
  "ROOT": [
    0.00005748,
    0.00005747
  ],
  "CHILLGUY": [
    0.00010392,
    0.0001036
  ],
  "APU": [
    0.00004592,
    0.00004567
  ],
  "CHESS": [
    0.00019861,
    0.00019937
  ],
  "HOLO": [
    0.00001187,
    0.00001187
  ],
  "GMMT": [
    0.00378856,
    0.00346665
  ],
  "RATS": [
    0.00003896,
    0.00003899
  ],
  "ADB": [
    null,
    null
  ]
}