{
  "PUMP": [
    0.00175586,
    0.0017669
  ],
  "STABLE": [
    0.03205001,
    0.03197511
  ],
  "SIREN": [
    0.665824,
    0.656769
  ],
  "AERO": [
    0.426763,
    0.425358
  ],
  "MON": [
    0.03052544,
    0.03092109
  ],
  "JASMY": [
    0.00577793,
    0.0057847
  ],
  "LIT": [
    0.922925,
    0.926606
  ],
  "SKYAI": [
    0.195771,
    0.1952
  ],
  "CVX": [
    1.77,
    1.78
  ],
  "BAT": [
    0.10496,
    0.106248
  ],
  "CHEEMS": [
    6.03453e-7,
    6.04707e-7
  ],
  "ATH": [
    0.00607457,
    0.00611741
  ],
  "COW": [
    0.189695,
    0.188964
  ],
  "BANANAS31": [
    0.00913101,
    0.00913016
  ],
  "BAN": [
    0.08405,
    0.084807
  ],
  "BEAT": [
    0.566735,
    0.578926
  ],
  "ONT": [
    0.078666,
    0.078867
  ],
  "CKB": [
    0.00152848,
    0.00153262
  ],
  "TAG": [
    0.00066798,
    0.00066254
  ],
  "SAHARA": [
    0.02192207,
    0.0225751
  ],
  "NPC": [
    0.00840493,
    0.00832681
  ],
  "ARC": [
    0.064879,
    0.064748
  ],
  "POLYX": [
    0.050702,
    0.05092
  ],
  "HUMA": [
    0.02871644,
    0.02883816
  ],
  "MERL": [
    0.03852916,
    0.03899688
  ],
  "MYX": [
    0.252317,
    0.251718
  ],
  "CSPR": [
    0.00293747,
    0.00293209
  ],
  "IOTX": [
    0.00483692,
    0.00488003
  ],
  "NOT": [
    0.00042691,
    0.00042407
  ],
  "MAGMA": [
    0.208407,
    0.207885
  ],
  "SNEK": [
    0.00050784,
    0.00050678
  ],
  "NEIRO": [
    0.00008839,
    0.00008843
  ],
  "REZ": [
    0.00389436,
    0.00390576
  ],
  "SATS": [
    1.4929e-8,
    1.4833e-8
  ],
  "DEP": [
    0.00111787,
    0.00111792
  ],
  "ISLM": [
    0.01184008,
    0.01186432
  ],
  "SPELL": [
    0.00016616,
    0.0001663
  ],
  "CPOOL": [
    0.02765589,
    0.02758545
  ],
  "GUN": [
    0.01525797,
    0.01595861
  ],
  "ALLO": [
    0.122427,
    0.12138
  ],
  "SLP": [
    0.0007112,
    0.00072841
  ],
  "NYM": [
    0.03089029,
    0.03091282
  ],
  "INIT": [
    0.096517,
    0.094651
  ],
  "DEGEN": [
    0.00066444,
    0.00066312
  ],
  "LRC": [
    0.01719845,
    0.01722753
  ],
  "CORN": [
    0.0403038,
    0.04027729
  ],
  "AURORA": [
    0.02793392,
    0.02799687
  ],
  "NIL": [
    0.04255055,
    0.04252965
  ],
  "GRIFFAIN": [
    0.01897292,
    0.01877844
  ],
  "SWARMS": [
    0.01794174,
    0.01789533
  ],
  "NEWT": [
    0.078326,
    0.079157
  ],
  "BOB": [
    0.00598133,
    0.00593487
  ],
  "BANK": [
    0.03665975,
    0.03695528
  ],
  "L3": [
    0.01029353,
    0.01031127
  ],
  "MUBARAK": [
    0.013965,
    0.0140056
  ],
  "DSYNC": [
    0.01356335,
    0.01356392
  ],
  "SONIC": [
    0.03642793,
    0.03672192
  ],
  "TLM": [
    0.00197854,
    0.00198617
  ],
  "HONEY": [
    0.00213645,
    0.00211657
  ],
  "IKA": [
    0.00393887,
    0.00386142
  ],
  "DAO": [
    0.04501926,
    0.04521547
  ],
  "AIN": [
    0.060498,
    0.06093
  ],
  "PAAL": [
    0.01240468,
    0.0125293
  ],
  "RESOLV": [
    0.02876772,
    0.02845001
  ],
  "HMSTR": [
    0.0001577,
    0.00015861
  ],
  "COQ": [
    1.46119e-7,
    1.45455e-7
  ],
  "TAI": [
    0.01654917,
    0.01644872
  ],
  "LAT": [
    0.00134019,
    0.00133867
  ],
  "AVL": [
    0.02765144,
    0.02772835
  ],
  "FUEL": [
    0.00093899,
    0.00093915
  ],
  "NAVX": [
    0.00868946,
    0.00870334
  ],
  "NKN": [
    0.00870223,
    0.00881244
  ],
  "PIXEL": [
    0.00805681,
    0.00829447
  ],
  "COS": [
    0.00118518,
    0.00118657
  ],
  "DENT": [
    0.00006052,
    0.00006265
  ],
  "SOLV": [
    0.00405349,
    0.00402425
  ],
  "ROAM": [
    0.01612729,
    0.0165478
  ],
  "OBT": [
    0.00101497,
    0.00101915
  ],
  "RSS3": [
    0.00585777,
    0.00580975
  ],
  "DMC": [
    0.00071496,
    0.00071882
  ],
  "FWOG": [
    0.0045469,
    0.00455141
  ],
  "FHE": [
    0.01767032,
    0.01790282
  ],
  "OAS": [
    0.00060853,
    0.00061212
  ],
  "LYXE": [
    0.234441,
    0.234516
  ],
  "FORTH": [
    0.249977,
    0.251596
  ],
  "RDNT": [
    0.00192143,
    0.00192747
  ],
  "HOOK": [
    0.00850523,
    0.00857097
  ],
  "GEAR": [
    0.00022192,
    0.00022187
  ],
  "SAMO": [
    0.00035932,
    0.00036008
  ],
  "CUDIS": [
    0.00807081,
    0.007971
  ],
  "PERP": [
    0.02628083,
    0.02592459
  ],
  "PTB": [
    0.00083217,
    0.00082807
  ],
  "EPT": [
    0.00073309,
    0.00073429
  ],
  "FIS": [
    0.01076553,
    0.01081394
  ],
  "HIPPO": [
    0.00016134,
    0.00016374
  ],
  "GORK": [
    0.00158576,
    0.00158796
  ],
  "FLM": [
    0.00268125,
    0.00267317
  ],
  "SAROS": [
    0.00052619,
    0.00052339
  ],
  "DATA": [
    0.0007482,
    0.00075586
  ],
  "INSP": [
    0.00114216,
    0.00115321
  ],
  "ACA": [
    0.00065802,
    0.00065881
  ],
  "FOXY": [
    0.00011999,
    0.00011998
  ],
  "A2Z": [
    0.00007291,
    0.00007304
  ],
  "RFC": [
    0.00060322,
    0.00059884
  ],
  "SWTCH": [
    0.00340824,
    0.00347974
  ],
  "DUCK": [
    0.00007071,
    0.00007051
  ],
  "LOOKS": [
    0.00037185,
    0.00037571
  ],
  "MOONPIG": [
    0.00030004,
    0.00029903
  ],
  "BDXN": [
    0.00156433,
    0.00152904
  ],
  "ROOT": [
    0.00006011,
    0.00006001
  ],
  "CHILLGUY": [
    0.00013381,
    0.00013393
  ],
  "APU": [
    0.00006215,
    0.00006215
  ],
  "CHESS": [
    0.00015263,
    0.00015261
  ],
  "HOLO": [
    0.00001221,
    0.00001228
  ],
  "GMMT": [
    0.0026138,
    0.00261775
  ],
  "RATS": [
    0.0000378,
    0.0000377
  ],
  "ADB": [
    null,
    null
  ]
}