{
  "PUMP": [
    0.00165268,
    0.00169131
  ],
  "STABLE": [
    0.026589,
    0.02693346
  ],
  "SIREN": [
    0.514946,
    0.527746
  ],
  "MON": [
    0.02732288,
    0.02838309
  ],
  "AERO": [
    0.310725,
    0.315335
  ],
  "JASMY": [
    0.00520884,
    0.00527165
  ],
  "LIT": [
    0.968328,
    1.005
  ],
  "CVX": [
    1.69,
    1.72
  ],
  "BAT": [
    0.094045,
    0.095038
  ],
  "ATH": [
    0.00662093,
    0.00678439
  ],
  "COW": [
    0.200787,
    0.204356
  ],
  "BANANAS31": [
    0.0104819,
    0.01053571
  ],
  "ONT": [
    0.090952,
    0.092437
  ],
  "CHEEMS": [
    4.0958e-7,
    4.23426e-7
  ],
  "SKYAI": [
    0.073989,
    0.07414
  ],
  "TAG": [
    0.00063905,
    0.00064836
  ],
  "SAHARA": [
    0.02217542,
    0.02246312
  ],
  "CKB": [
    0.00141076,
    0.00141695
  ],
  "POLYX": [
    0.04828183,
    0.04901179
  ],
  "BAN": [
    0.058833,
    0.058907
  ],
  "NPC": [
    0.00681351,
    0.00701779
  ],
  "ARC": [
    0.053336,
    0.053594
  ],
  "BEAT": [
    0.355361,
    0.341368
  ],
  "CSPR": [
    0.00292416,
    0.00291309
  ],
  "MYX": [
    0.223568,
    0.225916
  ],
  "IOTX": [
    0.00440436,
    0.00445706
  ],
  "NOT": [
    0.00033832,
    0.00034603
  ],
  "ISLM": [
    0.01245432,
    0.01236895
  ],
  "DEP": [
    0.00114215,
    0.00114115
  ],
  "SNEK": [
    0.00041378,
    0.00041531
  ],
  "REZ": [
    0.00354234,
    0.00356536
  ],
  "NYM": [
    0.0348852,
    0.03477037
  ],
  "MERL": [
    0.0231754,
    0.02351402
  ],
  "SPELL": [
    0.00015859,
    0.0001608
  ],
  "HUMA": [
    0.014173,
    0.01443941
  ],
  "L3": [
    0.01836925,
    0.01781693
  ],
  "DEGEN": [
    0.00065971,
    0.00066561
  ],
  "GUN": [
    0.01373122,
    0.01397041
  ],
  "ALLO": [
    0.106706,
    0.107687
  ],
  "CORN": [
    0.04504209,
    0.04505311
  ],
  "NEIRO": [
    0.00005341,
    0.00005506
  ],
  "CPOOL": [
    0.02262257,
    0.0228735
  ],
  "SATS": [
    1.0266e-8,
    1.0522e-8
  ],
  "LRC": [
    0.017205,
    0.0174106
  ],
  "SLP": [
    0.00057414,
    0.00058554
  ],
  "MAGMA": [
    0.106389,
    0.107293
  ],
  "AURORA": [
    0.02572466,
    0.02573935
  ],
  "BOB": [
    0.00595838,
    0.00611675
  ],
  "DENT": [
    0.00016498,
    0.00017174
  ],
  "INIT": [
    0.080407,
    0.079615
  ],
  "DSYNC": [
    0.01390268,
    0.01440107
  ],
  "RESOLV": [
    0.0367821,
    0.03623515
  ],
  "NIL": [
    0.03205828,
    0.03262893
  ],
  "NEWT": [
    0.063341,
    0.063964
  ],
  "DAO": [
    0.052157,
    0.052205
  ],
  "SONIC": [
    0.035674,
    0.03624654
  ],
  "IKA": [
    0.0040769,
    0.00411505
  ],
  "HONEY": [
    0.00210607,
    0.00211039
  ],
  "BANK": [
    0.02770438,
    0.02862876
  ],
  "PAAL": [
    0.01301139,
    0.01342852
  ],
  "GRIFFAIN": [
    0.01132384,
    0.01152202
  ],
  "MUBARAK": [
    0.01109174,
    0.0112277
  ],
  "TLM": [
    0.00159252,
    0.00161037
  ],
  "AIN": [
    0.054738,
    0.055725
  ],
  "ROAM": [
    0.0295959,
    0.03003662
  ],
  "SWARMS": [
    0.00985183,
    0.00992902
  ],
  "TAI": [
    0.01554511,
    0.01589474
  ],
  "AVL": [
    0.03125828,
    0.03134558
  ],
  "LAT": [
    0.00131516,
    0.00132083
  ],
  "HMSTR": [
    0.00013492,
    0.00013698
  ],
  "NAVX": [
    0.00884103,
    0.00894885
  ],
  "FUEL": [
    0.00093151,
    0.0009312
  ],
  "NKN": [
    0.00884598,
    0.00890735
  ],
  "COS": [
    0.00126904,
    0.00127921
  ],
  "COQ": [
    9.2755e-8,
    9.3354e-8
  ],
  "SOLV": [
    0.00430162,
    0.00436519
  ],
  "OBT": [
    0.00107471,
    0.00106954
  ],
  "RSS3": [
    0.00585769,
    0.00607936
  ],
  "FHE": [
    0.01991002,
    0.02038298
  ],
  "PIXEL": [
    0.00639576,
    0.00654026
  ],
  "FWOG": [
    0.00468454,
    0.00479689
  ],
  "DMC": [
    0.0007276,
    0.00071066
  ],
  "HIPPO": [
    0.00043368,
    0.00043333
  ],
  "LYXE": [
    0.258124,
    0.264449
  ],
  "RDNT": [
    0.00248064,
    0.0024991
  ],
  "FORTH": [
    0.28096,
    0.277679
  ],
  "GEAR": [
    0.00028498,
    0.00028543
  ],
  "HOOK": [
    0.0092998,
    0.00927236
  ],
  "DUCK": [
    0.0003188,
    0.00032769
  ],
  "SAMO": [
    0.00042696,
    0.00043318
  ],
  "OAS": [
    0.00036823,
    0.00036985
  ],
  "PTB": [
    0.00104007,
    0.0010784
  ],
  "FIS": [
    0.01273809,
    0.01266104
  ],
  "PERP": [
    0.02565983,
    0.02594908
  ],
  "CUDIS": [
    0.00762328,
    0.00763108
  ],
  "EPT": [
    0.00075513,
    0.00076436
  ],
  "FLM": [
    0.00291771,
    0.00296607
  ],
  "DATA": [
    0.00098645,
    0.00098243
  ],
  "GORK": [
    0.00123736,
    0.00126467
  ],
  "SAROS": [
    0.00046323,
    0.00046698
  ],
  "INSP": [
    0.00116977,
    0.00117981
  ],
  "ACA": [
    0.00080723,
    0.00079347
  ],
  "A2Z": [
    0.00010303,
    0.00010024
  ],
  "SWTCH": [
    0.00413017,
    0.00422955
  ],
  "FOXY": [
    0.00010823,
    0.00010598
  ],
  "RFC": [
    0.00051979,
    0.00052625
  ],
  "LOOKS": [
    0.00036033,
    0.00036368
  ],
  "BDXN": [
    0.00187026,
    0.00187529
  ],
  "MOONPIG": [
    0.00028965,
    0.00030076
  ],
  "ROOT": [
    0.00005988,
    0.00006008
  ],
  "CHESS": [
    0.0003715,
    0.00039384
  ],
  "CHILLGUY": [
    0.00006723,
    0.00006723
  ],
  "APU": [
    0.00003226,
    0.0000335
  ],
  "HOLO": [
    0.00001212,
    0.00001249
  ],
  "RATS": [
    0.00003848,
    0.00003866
  ],
  "GMMT": [
    0.0037637,
    0.0037534
  ],
  "ADB": [
    null,
    null
  ]
}