{
  "PUMP": [
    0.00177262,
    0.00171515
  ],
  "SIREN": [
    0.903038,
    0.888291
  ],
  "STABLE": [
    0.02540231,
    0.02552446
  ],
  "AERO": [
    0.332769,
    0.319546
  ],
  "JASMY": [
    0.00565906,
    0.0054399
  ],
  "MON": [
    0.02345553,
    0.02270068
  ],
  "LIT": [
    0.876707,
    0.858191
  ],
  "CVX": [
    1.73,
    1.66
  ],
  "BAT": [
    0.100112,
    0.097024
  ],
  "BANANAS31": [
    0.01384713,
    0.01385645
  ],
  "ATH": [
    0.00763755,
    0.00723286
  ],
  "COW": [
    0.207053,
    0.196483
  ],
  "CHEEMS": [
    4.45766e-7,
    4.24991e-7
  ],
  "SAHARA": [
    0.02722408,
    0.02601916
  ],
  "BEAT": [
    0.509643,
    0.520389
  ],
  "CKB": [
    0.00142457,
    0.00136209
  ],
  "TAG": [
    0.00057431,
    0.00057453
  ],
  "SKYAI": [
    0.066914,
    0.061282
  ],
  "NPC": [
    0.00783698,
    0.00758236
  ],
  "BAN": [
    0.057847,
    0.057862
  ],
  "POLYX": [
    0.0457004,
    0.04382486
  ],
  "MYX": [
    0.301963,
    0.272616
  ],
  "CSPR": [
    0.00323794,
    0.00325785
  ],
  "ONT": [
    0.051544,
    0.050593
  ],
  "IOTX": [
    0.00492083,
    0.00481394
  ],
  "ARC": [
    0.04180766,
    0.04118771
  ],
  "NOT": [
    0.00036056,
    0.00034936
  ],
  "SNEK": [
    0.00044511,
    0.00043793
  ],
  "DEP": [
    0.00115698,
    0.00115739
  ],
  "ISLM": [
    0.01220157,
    0.01227547
  ],
  "MERL": [
    0.02586763,
    0.02486678
  ],
  "HUMA": [
    0.01538205,
    0.0164698
  ],
  "LRC": [
    0.02329391,
    0.02294288
  ],
  "GUN": [
    0.01761944,
    0.0171663
  ],
  "SPELL": [
    0.00016785,
    0.00016311
  ],
  "NYM": [
    0.03244913,
    0.03224743
  ],
  "MAGMA": [
    0.139079,
    0.139533
  ],
  "REZ": [
    0.0033781,
    0.00333043
  ],
  "DEGEN": [
    0.0007023,
    0.00068368
  ],
  "CORN": [
    0.04613277,
    0.04722762
  ],
  "ALLO": [
    0.115567,
    0.111435
  ],
  "NEIRO": [
    0.00005808,
    0.00005572
  ],
  "CPOOL": [
    0.02428643,
    0.02445405
  ],
  "SATS": [
    1.0934e-8,
    1.0591e-8
  ],
  "SLP": [
    0.00060862,
    0.00058462
  ],
  "AURORA": [
    0.0286049,
    0.02828271
  ],
  "DENT": [
    0.00021386,
    0.00020319
  ],
  "BANK": [
    0.04089353,
    0.04176122
  ],
  "DAO": [
    0.069564,
    0.068306
  ],
  "DSYNC": [
    0.01756143,
    0.01721679
  ],
  "RESOLV": [
    0.04424049,
    0.04222599
  ],
  "BOB": [
    0.00588899,
    0.00592888
  ],
  "NEWT": [
    0.073897,
    0.070858
  ],
  "INIT": [
    0.080939,
    0.079592
  ],
  "NIL": [
    0.03477292,
    0.03324346
  ],
  "SONIC": [
    0.04017198,
    0.03866533
  ],
  "HONEY": [
    0.00239585,
    0.00239064
  ],
  "ROAM": [
    0.04088981,
    0.03966153
  ],
  "PAAL": [
    0.01517948,
    0.01485623
  ],
  "L3": [
    0.00987754,
    0.00956155
  ],
  "MUBARAK": [
    0.01166529,
    0.011293
  ],
  "NKN": [
    0.01196599,
    0.01378099
  ],
  "TLM": [
    0.00171277,
    0.00166082
  ],
  "GRIFFAIN": [
    0.01083096,
    0.01074678
  ],
  "AIN": [
    0.05935,
    0.057189
  ],
  "IKA": [
    0.00335803,
    0.00337171
  ],
  "TAI": [
    0.01724567,
    0.01643134
  ],
  "LAT": [
    0.00130764,
    0.00129128
  ],
  "HMSTR": [
    0.00013943,
    0.0001353
  ],
  "COS": [
    0.00160216,
    0.00161261
  ],
  "SWARMS": [
    0.00821488,
    0.00819192
  ],
  "FUEL": [
    0.00106967,
    0.00107072
  ],
  "DUCK": [
    0.00107665,
    0.00107615
  ],
  "AVL": [
    0.02754144,
    0.02620352
  ],
  "NAVX": [
    0.00856965,
    0.00842397
  ],
  "PIXEL": [
    0.00845867,
    0.0086214
  ],
  "COQ": [
    9.6476e-8,
    9.3801e-8
  ],
  "RDNT": [
    0.00460463,
    0.00445
  ],
  "OBT": [
    0.00100545,
    0.00100264
  ],
  "HIPPO": [
    0.00054927,
    0.00052008
  ],
  "RSS3": [
    0.0055717,
    0.00548772
  ],
  "FWOG": [
    0.00504199,
    0.00483448
  ],
  "SOLV": [
    0.00334349,
    0.00313865
  ],
  "LYXE": [
    0.29319,
    0.282749
  ],
  "DMC": [
    0.00071669,
    0.00071677
  ],
  "FHE": [
    0.01818551,
    0.01752673
  ],
  "FORTH": [
    0.384624,
    0.372105
  ],
  "PTB": [
    0.00187191,
    0.00186489
  ],
  "GEAR": [
    0.00032682,
    0.00032064
  ],
  "HOOK": [
    0.01016075,
    0.01007173
  ],
  "FIS": [
    0.01543641,
    0.01576611
  ],
  "A2Z": [
    0.00028399,
    0.00028877
  ],
  "OAS": [
    0.00036202,
    0.00035992
  ],
  "SAMO": [
    0.00040391,
    0.0003971
  ],
  "PERP": [
    0.02983545,
    0.02932696
  ],
  "CUDIS": [
    0.0079488,
    0.0077696
  ],
  "EPT": [
    0.00088706,
    0.00078553
  ],
  "FLM": [
    0.00278785,
    0.00277453
  ],
  "GORK": [
    0.00158885,
    0.00148069
  ],
  "SAROS": [
    0.00054399,
    0.00054615
  ],
  "DATA": [
    0.00107213,
    0.00105267
  ],
  "INSP": [
    0.00134573,
    0.00130019
  ],
  "ACA": [
    0.00082614,
    0.0008273
  ],
  "FOXY": [
    0.00012196,
    0.00012396
  ],
  "RFC": [
    0.00054874,
    0.0005264
  ],
  "SWTCH": [
    0.00229396,
    0.00257948
  ],
  "BDXN": [
    0.0027907,
    0.0025641
  ],
  "LOOKS": [
    0.00040598,
    0.00040521
  ],
  "CHESS": [
    0.00162781,
    0.00150959
  ],
  "MOONPIG": [
    0.00032061,
    0.00031364
  ],
  "ROOT": [
    0.00008719,
    0.00007097
  ],
  "CHILLGUY": [
    0.00006421,
    0.00006369
  ],
  "APU": [
    0.00003587,
    0.00003381
  ],
  "HOLO": [
    0.00001439,
    0.00001439
  ],
  "GMMT": [
    0.00344081,
    0.00335201
  ],
  "RATS": [
    0.00005929,
    0.00005986
  ],
  "ADB": [
    null,
    null
  ]
}