{
  "PC0000085": [
    1,
    1
  ],
  "STLS": [
    0.00261996,
    0.00261996
  ],
  "HYGT": [
    0.00022363,
    0.00022363
  ],
  "HODL": [
    0.00048165,
    0.00048954
  ],
  "MORPH": [
    9.1366e-8,
    9.2767e-8
  ],
  "SPADE": [
    0.00539137,
    0.0053914
  ],
  "THE": [
    0.00008631,
    0.00008631
  ],
  "WORK": [
    0.00008139,
    0.00008139
  ],
  "BLUE": [
    0.00003188
  ],
  "NMC": [
    0.925545,
    0.92744
  ],
  "STT": [
    0.055192,
    0.053638
  ],
  "A1X": [
    0.00033,
    0.00032893
  ],
  "BDAG": [
    0.01129765
  ],
  "CBTM": [
    0.00000359,
    0.00000361
  ],
  "ARTL": [
    0.00850008,
    0.00850008
  ],
  "LLAMA": [
    0.00697253,
    0.00690399
  ],
  "BULL": [
    4.76413e-10
  ],
  "KINGY": [
    0.02556961,
    0.02556961
  ],
  "PENGU": [
    0.00006889,
    0.00006889
  ],
  "VOY": [
    0.00001755,
    0.00001782
  ],
  "LICK": [
    0.00000402,
    0.00000402
  ],
  "BTCPAY": [
    0.00298003,
    0.00302353
  ],
  "BLERF": [
    0.00000149,
    0.00000149
  ],
  "MAAL": [
    0.161486,
    0.161604
  ],
  "BAC": [
    0.00234851
  ],
  "ABBC": [
    0.0054872,
    0.00527981
  ],
  "MORK": [
    0.00010703,
    0.00010703
  ],
  "DEFAI": [
    0.00001393,
    0.00001393
  ],
  "TXC": [
    0.214935
  ],
  "$SWING": [
    0.00010176,
    0.00010196
  ],
  "CKC": [
    0.00012011,
    0.00012047
  ],
  "VUSDT": [
    0.02621877
  ],
  "TXT": [
    0.00049598,
    0.00049598
  ],
  "CSTAR": [
    0.00000299,
    0.00000304
  ],
  "DUBI": [
    0.050142,
    0.050147
  ],
  "CAT": [
    8.5838e-11,
    8.5838e-11
  ],
  "FLEX": [
    0.00089262,
    0.00089001
  ],
  "SGT": [
    0.096052,
    0.096062
  ],
  "LRST": [
    0.00006943,
    0.0000712
  ],
  "LOBO": [
    0.00001813
  ],
  "DRGX": [
    0.02424141,
    0.02444892
  ],
  "CRAB": [
    0.00108544,
    0.00108544
  ],
  "YND": [
    0.00075387,
    0.0007678
  ],
  "BURGER": [
    0.00068956,
    0.00068802
  ],
  "KLIMA": [
    0.04278522,
    0.04293952
  ],
  "GARY": [
    0.02075917,
    0.02105715
  ],
  "PIG": [
    1.3976e-8,
    1.3987e-8
  ],
  "PC0000081": [
    1
  ],
  "CBE": [
    5.3675e-8,
    5.3675e-8
  ],
  "GBTC": [
    0.02493047,
    0.02549983
  ],
  "GRAPE": [
    0.00006198,
    0.00006198
  ],
  "SDG": [
    0.00072982,
    0.00072989
  ],
  "ZET": [
    0.00142321,
    0.00142321
  ],
  "TOWELI": [
    0.0000441,
    0.0000441
  ],
  "FERRET": [
    0.00001837,
    0.00001837
  ],
  "BRLY": [
    0.00001308,
    0.00001308
  ],
  "GEM": [
    0.00058884,
    0.00058884
  ],
  "SOLC": [
    0.01664919,
    0.0167448
  ],
  "KNET": [
    0.00024971,
    0.00024143
  ],
  "USEU": [
    0.92637,
    0.92637
  ],
  "BEANS": [
    0.00252504,
    0.00252504
  ],
  "YFX": [
    0.00432117,
    0.00432117
  ],
  "CARAT": [
    0.237831,
    0.237831
  ],
  "NUTS": [
    0.00352952,
    0.00352952
  ],
  "$MEMEME": [
    0.00000106,
    0.00000106
  ],
  "SPY.D": [
    6.7882e-10,
    6.7882e-10
  ],
  "AGUSTO": [
    0.00000404
  ],
  "IDLEDAISAFE": [
    1.23,
    1.23
  ],
  "RIZZ": [
    2.6175e-11,
    2.6175e-11
  ],
  "ACP": [
    0.00027501,
    0.00027304
  ],
  "ZENIQ": [
    0.00489847,
    0.00489885
  ],
  "REWARD": [
    0.00018752,
    0.00018752
  ],
  "ASTROS": [
    0.01124512,
    0.01124512
  ],
  "FAH": [
    1.35,
    1.36
  ],
  "BTC20": [
    0.0074657,
    0.00748492
  ],
  "UNITE": [
    1.86,
    1.85
  ],
  "BTAF": [
    0.02804203,
    0.02755153
  ],
  "FNZ": [
    0.0000194,
    0.0000194
  ],
  "LCAI": [
    0.00322979,
    0.00327963
  ],
  "ZIOW": [
    0.569626,
    0.583744
  ],
  "ROLL": [
    0.00004723,
    0.00004723
  ],
  "AI": [
    0.00000814,
    0.00000814
  ],
  "CRAZYTIGER": [
    0,
    0
  ],
  "LEE": [
    0.977584,
    0.977687
  ],
  "SHAN": [
    0.00011795,
    0.00011831
  ],
  "MULTI": [
    0.212303
  ],
  "OXRP": [
    1.43
  ],
  "OPENX": [
    0.01270447
  ],
  "GFI": [
    0.00017313,
    0.00017352
  ],
  "OSHI": [
    0.03053164,
    0.0305368
  ],
  "LIGO": [
    2.20768e-7
  ],
  "TEAR": [
    0.00032959,
    0.00032959
  ],
  "HBT": [
    9.6053e-8,
    9.5183e-8
  ],
  "SHREDN": [
    0.00000549,
    0.00000549
  ],
  "$TIVA": [
    0.090471,
    0.090639
  ],
  "$FORGE": [
    0.01617529
  ],
  "KLTR": [
    0.01444796,
    0.0146774
  ],
  "BRISH": [
    0.00001094,
    0.00001094
  ],
  "OORC": [
    0.00198326
  ],
  "KRILL": [
    0.00047372
  ],
  "CMCX": [
    0.00001658
  ],
  "LAND": [
    0.00277715
  ],
  "ZUZALU": [
    1.214e-9,
    1.214e-9
  ],
  "DUCKER": [
    2.8826e-7,
    2.8826e-7
  ],
  "TIMMI": [
    0.00001164
  ],
  "LOCUS": [
    0.00775125
  ],
  "NFLX.D": [
    1.104e-9
  ],
  "DSC": [
    0.00191728
  ],
  "PLN": [
    0.0027197
  ],
  "UNBNK": [
    0.00000664
  ],
  "VYFI": [
    0.00959553
  ],
  "VBNT": [
    0.312457
  ],
  "ISLAND": [
    0.00068741
  ],
  "VAPE": [
    0.055825
  ],
  "TIP": [
    0.00000356
  ],
  "DRC": [
    0.289805,
    0.28964
  ],
  "VDAI": [
    0.02600897
  ],
  "BOW": [
    0.0024855,
    0.00250413
  ],
  "ELIX": [
    0.0003057
  ],
  "TAPS": [
    0.00035017
  ],
  "CRONA": [
    0.00024184,
    0.00024259
  ],
  "GBD": [
    0.00022193
  ],
  "WILC": [
    0.00039406
  ],
  "MECO": [
    0.00001889,
    0.00001889
  ],
  "BALL": [
    0.01639791
  ],
  "NRV": [
    0.00039276
  ],
  "QWT": [
    0.00027175
  ],
  "META.D": [
    6.0005e-10
  ],
  "LMDA": [
    0.003007,
    0.0037007
  ]
}