{
  "PUMP": [
    0.00160354,
    0.00161882
  ],
  "STABLE": [
    0.02805872,
    0.02882901
  ],
  "AERO": [
    0.313897,
    0.313187
  ],
  "JASMY": [
    0.00527195,
    0.0052731
  ],
  "MON": [
    0.02342606,
    0.02367287
  ],
  "LIT": [
    0.942795,
    0.991133
  ],
  "CVX": [
    1.7,
    1.69
  ],
  "BAT": [
    0.093894,
    0.09382
  ],
  "SIREN": [
    0.176559,
    0.179643
  ],
  "BANANAS31": [
    0.01258913,
    0.01302317
  ],
  "ATH": [
    0.00636767,
    0.00640698
  ],
  "COW": [
    0.197261,
    0.199673
  ],
  "ONT": [
    0.10278,
    0.10669
  ],
  "CHEEMS": [
    4.23041e-7,
    4.25875e-7
  ],
  "TAG": [
    0.00074641,
    0.00079261
  ],
  "CKB": [
    0.00139189,
    0.00139771
  ],
  "SAHARA": [
    0.02105819,
    0.02088611
  ],
  "SKYAI": [
    0.064615,
    0.065913
  ],
  "BAN": [
    0.059735,
    0.058665
  ],
  "NPC": [
    0.00736046,
    0.00718796
  ],
  "ARC": [
    0.057159,
    0.056281
  ],
  "POLYX": [
    0.04440804,
    0.04447861
  ],
  "BEAT": [
    0.382034,
    0.36494
  ],
  "CSPR": [
    0.00298141,
    0.00297357
  ],
  "IOTX": [
    0.00441827,
    0.00445113
  ],
  "MYX": [
    0.192294,
    0.19533
  ],
  "NOT": [
    0.00034676,
    0.00034725
  ],
  "SNEK": [
    0.00043123,
    0.00042984
  ],
  "DEP": [
    0.00114297,
    0.00112888
  ],
  "ISLM": [
    0.01197906,
    0.01203125
  ],
  "REZ": [
    0.00358018,
    0.00368258
  ],
  "NYM": [
    0.03394696,
    0.03416218
  ],
  "GUN": [
    0.01518508,
    0.01580661
  ],
  "SPELL": [
    0.00015871,
    0.00015836
  ],
  "MERL": [
    0.02251708,
    0.02220906
  ],
  "DEGEN": [
    0.00065563,
    0.00065803
  ],
  "CORN": [
    0.0449987,
    0.0449913
  ],
  "ALLO": [
    0.105752,
    0.106373
  ],
  "HUMA": [
    0.01338089,
    0.01320204
  ],
  "NEIRO": [
    0.00005412,
    0.00005412
  ],
  "LRC": [
    0.01799377,
    0.01816663
  ],
  "SATS": [
    1.0499e-8,
    1.0533e-8
  ],
  "SLP": [
    0.00058782,
    0.00059013
  ],
  "CPOOL": [
    0.02122444,
    0.02120005
  ],
  "AURORA": [
    0.02613457,
    0.02621272
  ],
  "RESOLV": [
    0.04513474,
    0.0450712
  ],
  "DENT": [
    0.00017179,
    0.00017377
  ],
  "BOB": [
    0.00538444,
    0.0053465
  ],
  "INIT": [
    0.082356,
    0.081523
  ],
  "NIL": [
    0.0350949,
    0.03479844
  ],
  "DSYNC": [
    0.01426636,
    0.01453063
  ],
  "NEWT": [
    0.065979,
    0.064874
  ],
  "MAGMA": [
    0.070871,
    0.072159
  ],
  "SONIC": [
    0.03672637,
    0.03678581
  ],
  "BANK": [
    0.03140185,
    0.0308284
  ],
  "DAO": [
    0.050122,
    0.051808
  ],
  "IKA": [
    0.00426177,
    0.00412498
  ],
  "L3": [
    0.00885068,
    0.00885638
  ],
  "PAAL": [
    0.01288745,
    0.01323082
  ],
  "GRIFFAIN": [
    0.01168414,
    0.0117775
  ],
  "ROAM": [
    0.03414067,
    0.0340794
  ],
  "HONEY": [
    0.00194463,
    0.00194714
  ],
  "MUBARAK": [
    0.01089587,
    0.01094163
  ],
  "TLM": [
    0.00159172,
    0.00159215
  ],
  "AIN": [
    0.056058,
    0.055656
  ],
  "SWARMS": [
    0.00934858,
    0.00915659
  ],
  "TAI": [
    0.01589161,
    0.0153272
  ],
  "LAT": [
    0.00130922,
    0.00130721
  ],
  "HMSTR": [
    0.00013829,
    0.00013744
  ],
  "SOLV": [
    0.00573397,
    0.00570345
  ],
  "NKN": [
    0.01022803,
    0.01045898
  ],
  "AVL": [
    0.02663985,
    0.02807056
  ],
  "NAVX": [
    0.00900023,
    0.00899621
  ],
  "FUEL": [
    0.00092068,
    0.00092038
  ],
  "COS": [
    0.00130231,
    0.00130069
  ],
  "COQ": [
    9.3781e-8,
    9.4096e-8
  ],
  "OBT": [
    0.00099599,
    0.00099829
  ],
  "PIXEL": [
    0.00688606,
    0.00680193
  ],
  "HIPPO": [
    0.00052092,
    0.00052308
  ],
  "RSS3": [
    0.00533551,
    0.0053004
  ],
  "FWOG": [
    0.0048279,
    0.00487198
  ],
  "DMC": [
    0.00071118,
    0.00071836
  ],
  "FHE": [
    0.01742445,
    0.01762612
  ],
  "LYXE": [
    0.255044,
    0.255554
  ],
  "RDNT": [
    0.00280423,
    0.00281962
  ],
  "GEAR": [
    0.00029964,
    0.00029834
  ],
  "DUCK": [
    0.00039249,
    0.00037633
  ],
  "FORTH": [
    0.256651,
    0.25556
  ],
  "SAMO": [
    0.00041443,
    0.00041227
  ],
  "HOOK": [
    0.0083121,
    0.00811161
  ],
  "OAS": [
    0.00032299,
    0.00032416
  ],
  "FIS": [
    0.01218115,
    0.01257856
  ],
  "CUDIS": [
    0.00776376,
    0.00788177
  ],
  "PERP": [
    0.02625403,
    0.02614692
  ],
  "EPT": [
    0.00073804,
    0.00073294
  ],
  "FLM": [
    0.00275005,
    0.00273927
  ],
  "PTB": [
    0.00067939,
    0.00067327
  ],
  "GORK": [
    0.00139465,
    0.00138676
  ],
  "DATA": [
    0.00097271,
    0.00097417
  ],
  "SAROS": [
    0.0004578,
    0.00045997
  ],
  "INSP": [
    0.00129901,
    0.00130924
  ],
  "SWTCH": [
    0.00526266,
    0.00501211
  ],
  "ACA": [
    0.00062477,
    0.00062661
  ],
  "A2Z": [
    0.00007699,
    0.00007018
  ],
  "RFC": [
    0.00053867,
    0.00054359
  ],
  "FOXY": [
    0.00008825,
    0.00008869
  ],
  "LOOKS": [
    0.00039789,
    0.00040061
  ],
  "BDXN": [
    0.00200152,
    0.00200317
  ],
  "MOONPIG": [
    0.000286,
    0.00028788
  ],
  "ROOT": [
    0.00005799,
    0.000058
  ],
  "CHESS": [
    0.00094941,
    0.00072425
  ],
  "CHILLGUY": [
    0.00006699,
    0.00006699
  ],
  "APU": [
    0.00003012,
    0.00002998
  ],
  "HOLO": [
    0.00001422,
    0.00001421
  ],
  "RATS": [
    0.00004039,
    0.00004033
  ],
  "GMMT": [
    0.0042294,
    0.00416998
  ],
  "ADB": [
    null,
    null
  ]
}