{
  "STABLE": [
    0.03415301,
    0.03381131
  ],
  "PUMP": [
    0.00184054,
    0.00184296
  ],
  "SIREN": [
    0.76411,
    0.762379
  ],
  "SKYAI": [
    0.54946,
    0.553523
  ],
  "AERO": [
    0.452023,
    0.449145
  ],
  "MON": [
    0.03040501,
    0.03032452
  ],
  "JASMY": [
    0.00560558,
    0.0056058
  ],
  "LIT": [
    0.920901,
    0.915187
  ],
  "CVX": [
    1.79,
    1.78
  ],
  "BAT": [
    0.10995,
    0.1071
  ],
  "TAG": [
    0.00137964,
    0.00144946
  ],
  "CHEEMS": [
    6.32725e-7,
    6.38892e-7
  ],
  "BANANAS31": [
    0.01241796,
    0.0123719
  ],
  "ATH": [
    0.00624112,
    0.00616046
  ],
  "COW": [
    0.192596,
    0.192392
  ],
  "SAHARA": [
    0.02417678,
    0.02435828
  ],
  "BEAT": [
    0.550363,
    0.556307
  ],
  "BAN": [
    0.074868,
    0.074377
  ],
  "CKB": [
    0.00152648,
    0.00152262
  ],
  "ONT": [
    0.072233,
    0.071205
  ],
  "ARC": [
    0.067566,
    0.067721
  ],
  "POLYX": [
    0.04944714,
    0.04888635
  ],
  "NPC": [
    0.00741962,
    0.00743207
  ],
  "NOT": [
    0.0004901,
    0.00049255
  ],
  "MERL": [
    0.03806898,
    0.03886816
  ],
  "MAGMA": [
    0.252342,
    0.249136
  ],
  "REZ": [
    0.00545673,
    0.00541662
  ],
  "MYX": [
    0.239753,
    0.239827
  ],
  "NEIRO": [
    0.00009612,
    0.0001083
  ],
  "CSPR": [
    0.00278959,
    0.00278692
  ],
  "IOTX": [
    0.00457076,
    0.00458999
  ],
  "ISLM": [
    0.01150024,
    0.01137472
  ],
  "HUMA": [
    0.02168098,
    0.0216775
  ],
  "SNEK": [
    0.00046693,
    0.00047191
  ],
  "SATS": [
    1.4887e-8,
    1.505e-8
  ],
  "DEP": [
    0.00111362,
    0.00111285
  ],
  "SPELL": [
    0.00017017,
    0.00016946
  ],
  "CPOOL": [
    0.0272236,
    0.02719103
  ],
  "SWARMS": [
    0.02845818,
    0.02695904
  ],
  "GUN": [
    0.01492425,
    0.01468219
  ],
  "ALLO": [
    0.117393,
    0.117685
  ],
  "SLP": [
    0.00072407,
    0.00072327
  ],
  "DEGEN": [
    0.00068266,
    0.00069569
  ],
  "LRC": [
    0.01694026,
    0.01692309
  ],
  "CORN": [
    0.04026995,
    0.04016455
  ],
  "AURORA": [
    0.02737049,
    0.02693837
  ],
  "NYM": [
    0.0209936,
    0.02161864
  ],
  "NIL": [
    0.04029008,
    0.03989814
  ],
  "AIN": [
    0.095472,
    0.095082
  ],
  "INIT": [
    0.091072,
    0.090521
  ],
  "GRIFFAIN": [
    0.01762163,
    0.01742353
  ],
  "L3": [
    0.0114766,
    0.01143653
  ],
  "BOB": [
    0.00568767,
    0.00568098
  ],
  "MUBARAK": [
    0.01672473,
    0.01619736
  ],
  "NEWT": [
    0.075473,
    0.07537
  ],
  "BANK": [
    0.03355582,
    0.03341294
  ],
  "SONIC": [
    0.03780927,
    0.03751183
  ],
  "DSYNC": [
    0.01293841,
    0.01291262
  ],
  "TLM": [
    0.00187314,
    0.00185842
  ],
  "RESOLV": [
    0.03026835,
    0.03022427
  ],
  "PAAL": [
    0.01302227,
    0.01301285
  ],
  "RSS3": [
    0.00761893,
    0.00756758
  ],
  "HMSTR": [
    0.00017177,
    0.00017612
  ],
  "HONEY": [
    0.00189727,
    0.0019116
  ],
  "DAO": [
    0.04107693,
    0.04160323
  ],
  "IKA": [
    0.00344187,
    0.00347567
  ],
  "LAT": [
    0.00132936,
    0.00132859
  ],
  "COQ": [
    1.30658e-7,
    1.29773e-7
  ],
  "TAI": [
    0.01523121,
    0.01515305
  ],
  "AVL": [
    0.02757636,
    0.02761021
  ],
  "NAVX": [
    0.00885675,
    0.00891327
  ],
  "FHE": [
    0.027553,
    0.02864529
  ],
  "FUEL": [
    0.00089236,
    0.00089343
  ],
  "SOLV": [
    0.00434701,
    0.00433633
  ],
  "NKN": [
    0.00788419,
    0.00791619
  ],
  "FWOG": [
    0.00659453,
    0.00636147
  ],
  "PIXEL": [
    0.00795075,
    0.00793925
  ],
  "COS": [
    0.00116505,
    0.00114309
  ],
  "OBT": [
    0.00098697,
    0.0009776
  ],
  "DMC": [
    0.00086422,
    0.00082874
  ],
  "LYXE": [
    0.277955,
    0.277955
  ],
  "ROAM": [
    0.01248717,
    0.01230156
  ],
  "OAS": [
    0.00058317,
    0.00058224
  ],
  "DENT": [
    0.00003978,
    0.00003955
  ],
  "GEAR": [
    0.00031807,
    0.00031819
  ],
  "FORTH": [
    0.240711,
    0.240623
  ],
  "RDNT": [
    0.00177708,
    0.00180125
  ],
  "HOOK": [
    0.00800665,
    0.00794778
  ],
  "HIPPO": [
    0.00021822,
    0.00020108
  ],
  "SAMO": [
    0.00034502,
    0.00034537
  ],
  "CUDIS": [
    0.00789487,
    0.00784366
  ],
  "SAROS": [
    0.0005948,
    0.00071234
  ],
  "PERP": [
    0.02480351,
    0.02516278
  ],
  "PTB": [
    0.00082813,
    0.00082077
  ],
  "FIS": [
    0.01088142,
    0.0107002
  ],
  "EPT": [
    0.00070523,
    0.00071125
  ],
  "FLM": [
    0.00275973,
    0.00269025
  ],
  "GORK": [
    0.00149883,
    0.00149834
  ],
  "DUCK": [
    0.00015325,
    0.00014824
  ],
  "DATA": [
    0.00075096,
    0.00075226
  ],
  "INSP": [
    0.00097587,
    0.00096085
  ],
  "ACA": [
    0.0006422,
    0.00063403
  ],
  "A2Z": [
    0.00008667,
    0.00008601
  ],
  "FOXY": [
    0.00011901,
    0.00011798
  ],
  "SWTCH": [
    0.00412555,
    0.00389044
  ],
  "RFC": [
    0.00057205,
    0.00057838
  ],
  "LOOKS": [
    0.00035803,
    0.00035785
  ],
  "MOONPIG": [
    0.00028687,
    0.00028681
  ],
  "BDXN": [
    0.00171574,
    0.00174833
  ],
  "ROOT": [
    0.00005468,
    0.00005389
  ],
  "CHILLGUY": [
    0.0000991,
    0.000098
  ],
  "APU": [
    0.00004216,
    0.0000423
  ],
  "CHESS": [
    0.00019288,
    0.00019276
  ],
  "HOLO": [
    0.00001187,
    0.00001187
  ],
  "GMMT": [
    0.00348901,
    0.00344279
  ],
  "RATS": [
    0.0000384,
    0.00003874
  ],
  "ADB": [
    null,
    null
  ]
}