{
  "SIREN": [
    1.58,
    1.73
  ],
  "PUMP": [
    0.00176798,
    0.00175648
  ],
  "STABLE": [
    0.02540036,
    0.02556699
  ],
  "AERO": [
    0.328724,
    0.324517
  ],
  "JASMY": [
    0.0053271,
    0.00528863
  ],
  "MON": [
    0.02377145,
    0.02355213
  ],
  "LIT": [
    0.941874,
    0.910621
  ],
  "CVX": [
    1.69,
    1.66
  ],
  "BAT": [
    0.101485,
    0.100962
  ],
  "ATH": [
    0.00759812,
    0.00760128
  ],
  "BANANAS31": [
    0.01367117,
    0.01358442
  ],
  "COW": [
    0.199996,
    0.198068
  ],
  "CHEEMS": [
    4.47356e-7,
    4.37732e-7
  ],
  "SAHARA": [
    0.02638749,
    0.02612658
  ],
  "BEAT": [
    0.577359,
    0.582191
  ],
  "CKB": [
    0.0014028,
    0.00138816
  ],
  "SKYAI": [
    0.06619,
    0.067025
  ],
  "TAG": [
    0.00060281,
    0.00059623
  ],
  "NPC": [
    0.00776573,
    0.00770644
  ],
  "MYX": [
    0.311863,
    0.307425
  ],
  "BAN": [
    0.056981,
    0.05771
  ],
  "POLYX": [
    0.04388744,
    0.04364617
  ],
  "CSPR": [
    0.00336951,
    0.00329527
  ],
  "ONT": [
    0.054299,
    0.053863
  ],
  "IOTX": [
    0.00507056,
    0.00507224
  ],
  "ARC": [
    0.04266966,
    0.04273428
  ],
  "NOT": [
    0.00036147,
    0.00035679
  ],
  "SNEK": [
    0.00045277,
    0.00044787
  ],
  "DEP": [
    0.00116165,
    0.00116147
  ],
  "ISLM": [
    0.01264053,
    0.01255574
  ],
  "GUN": [
    0.02030954,
    0.01937727
  ],
  "MERL": [
    0.0263489,
    0.02556149
  ],
  "HUMA": [
    0.01728712,
    0.01710295
  ],
  "LRC": [
    0.0232597,
    0.02314343
  ],
  "SPELL": [
    0.00016768,
    0.00016667
  ],
  "MAGMA": [
    0.139623,
    0.142223
  ],
  "NYM": [
    0.03249764,
    0.03259636
  ],
  "REZ": [
    0.00347353,
    0.00342088
  ],
  "DEGEN": [
    0.00070975,
    0.0006885
  ],
  "ALLO": [
    0.117498,
    0.115381
  ],
  "CORN": [
    0.04632697,
    0.04625294
  ],
  "NEIRO": [
    0.00005788,
    0.00005736
  ],
  "CPOOL": [
    0.02392222,
    0.02411191
  ],
  "SATS": [
    1.0942e-8,
    1.0819e-8
  ],
  "SLP": [
    0.00060352,
    0.00059311
  ],
  "DENT": [
    0.0002077,
    0.00020844
  ],
  "AURORA": [
    0.02863452,
    0.02844393
  ],
  "BANK": [
    0.03913811,
    0.04112258
  ],
  "DSYNC": [
    0.01752411,
    0.01736403
  ],
  "DAO": [
    0.076783,
    0.067682
  ],
  "RESOLV": [
    0.03969177,
    0.04078882
  ],
  "INIT": [
    0.085025,
    0.084742
  ],
  "NEWT": [
    0.070433,
    0.069586
  ],
  "NIL": [
    0.03566656,
    0.03339438
  ],
  "SONIC": [
    0.03983751,
    0.03944814
  ],
  "NKN": [
    0.01645367,
    0.01829706
  ],
  "L3": [
    0.01035367,
    0.01029789
  ],
  "PAAL": [
    0.01556397,
    0.01530812
  ],
  "HONEY": [
    0.00232745,
    0.00231188
  ],
  "ROAM": [
    0.03756547,
    0.03746725
  ],
  "BOB": [
    0.0057226,
    0.00571028
  ],
  "MUBARAK": [
    0.01172215,
    0.01154708
  ],
  "AIN": [
    0.059471,
    0.061322
  ],
  "GRIFFAIN": [
    0.01168907,
    0.01128891
  ],
  "TLM": [
    0.0016694,
    0.00167749
  ],
  "IKA": [
    0.00331368,
    0.00333214
  ],
  "TAI": [
    0.01720698,
    0.01642599
  ],
  "LAT": [
    0.00131409,
    0.00132377
  ],
  "HMSTR": [
    0.00014008,
    0.00013863
  ],
  "FUEL": [
    0.00107101,
    0.0010718
  ],
  "SWARMS": [
    0.00790617,
    0.00803549
  ],
  "COS": [
    0.00150169,
    0.00152962
  ],
  "DUCK": [
    0.00105133,
    0.001054
  ],
  "AVL": [
    0.02622919,
    0.02602499
  ],
  "NAVX": [
    0.00844134,
    0.00847179
  ],
  "COQ": [
    9.8391e-8,
    9.4741e-8
  ],
  "PIXEL": [
    0.00786408,
    0.00780223
  ],
  "RDNT": [
    0.00467716,
    0.0045796
  ],
  "HIPPO": [
    0.00055626,
    0.00054473
  ],
  "OBT": [
    0.00103444,
    0.00101144
  ],
  "FWOG": [
    0.00523903,
    0.00490865
  ],
  "RSS3": [
    0.00572992,
    0.0053946
  ],
  "SOLV": [
    0.00315204,
    0.00315436
  ],
  "LYXE": [
    0.297726,
    0.297726
  ],
  "FORTH": [
    0.399439,
    0.395356
  ],
  "FHE": [
    0.01930764,
    0.01812727
  ],
  "DMC": [
    0.0007266,
    0.00071089
  ],
  "PTB": [
    0.0017428,
    0.00161366
  ],
  "GEAR": [
    0.00033051,
    0.00032785
  ],
  "HOOK": [
    0.01066378,
    0.01030841
  ],
  "SAMO": [
    0.00043962,
    0.00042815
  ],
  "FIS": [
    0.01549176,
    0.01555664
  ],
  "A2Z": [
    0.00028358,
    0.00027936
  ],
  "OAS": [
    0.00036326,
    0.00035824
  ],
  "PERP": [
    0.03140096,
    0.03059424
  ],
  "CUDIS": [
    0.00756936,
    0.00760139
  ],
  "EPT": [
    0.00078982,
    0.00079146
  ],
  "FLM": [
    0.00276133,
    0.00277062
  ],
  "GORK": [
    0.00164133,
    0.00151994
  ],
  "SAROS": [
    0.00055571,
    0.00054882
  ],
  "DATA": [
    0.00110689,
    0.00109567
  ],
  "INSP": [
    0.00134679,
    0.00135244
  ],
  "ACA": [
    0.00090699,
    0.00088088
  ],
  "FOXY": [
    0.00014237,
    0.0001389
  ],
  "RFC": [
    0.00055458,
    0.00054799
  ],
  "BDXN": [
    0.00246425,
    0.00278965
  ],
  "LOOKS": [
    0.00040097,
    0.00039776
  ],
  "SWTCH": [
    0.00252273,
    0.00242843
  ],
  "CHESS": [
    0.00158762,
    0.00158383
  ],
  "MOONPIG": [
    0.00032271,
    0.00032083
  ],
  "ROOT": [
    0.00006111,
    0.00006502
  ],
  "CHILLGUY": [
    0.0000648,
    0.0000648
  ],
  "APU": [
    0.00003403,
    0.00003264
  ],
  "HOLO": [
    0.00001439,
    0.00001439
  ],
  "GMMT": [
    0.00348187,
    0.00343313
  ],
  "RATS": [
    0.00005301,
    0.00005667
  ],
  "ADB": [
    null,
    null
  ]
}