{
  "PUMP": [
    0.00166836,
    0.00166854
  ],
  "STABLE": [
    0.02618616,
    0.02695238
  ],
  "SIREN": [
    0.819803,
    0.760685
  ],
  "AERO": [
    0.32845,
    0.325197
  ],
  "MON": [
    0.02413914,
    0.02479615
  ],
  "JASMY": [
    0.00537839,
    0.0054041
  ],
  "LIT": [
    0.849653,
    0.855178
  ],
  "CVX": [
    1.76,
    1.76
  ],
  "BAT": [
    0.09534,
    0.095508
  ],
  "ATH": [
    0.00719157,
    0.0072126
  ],
  "BANANAS31": [
    0.01301317,
    0.01305713
  ],
  "COW": [
    0.205686,
    0.205696
  ],
  "CHEEMS": [
    4.30123e-7,
    4.28945e-7
  ],
  "ONT": [
    0.0754,
    0.07865
  ],
  "SAHARA": [
    0.02311666,
    0.02311067
  ],
  "CKB": [
    0.001382,
    0.00138981
  ],
  "BEAT": [
    0.471338,
    0.468242
  ],
  "TAG": [
    0.00057299,
    0.00057006
  ],
  "NPC": [
    0.00766282,
    0.00764373
  ],
  "BAN": [
    0.0596,
    0.05979
  ],
  "SKYAI": [
    0.057935,
    0.05968
  ],
  "POLYX": [
    0.04659619,
    0.04713497
  ],
  "ARC": [
    0.05172,
    0.052379
  ],
  "CSPR": [
    0.0031578,
    0.00314952
  ],
  "IOTX": [
    0.00467124,
    0.00465465
  ],
  "MYX": [
    0.229145,
    0.226203
  ],
  "NOT": [
    0.0003607,
    0.00036122
  ],
  "ISLM": [
    0.01379482,
    0.01390841
  ],
  "DEP": [
    0.00115907,
    0.00116038
  ],
  "SNEK": [
    0.00042219,
    0.00042434
  ],
  "MERL": [
    0.02419287,
    0.02397159
  ],
  "SPELL": [
    0.00016443,
    0.00016441
  ],
  "NYM": [
    0.03361962,
    0.03390819
  ],
  "GUN": [
    0.01701852,
    0.01685628
  ],
  "REZ": [
    0.00329632,
    0.00330102
  ],
  "HUMA": [
    0.01479338,
    0.01536542
  ],
  "DEGEN": [
    0.00068112,
    0.00068077
  ],
  "LRC": [
    0.02045493,
    0.02036408
  ],
  "CORN": [
    0.04579827,
    0.04583775
  ],
  "NEIRO": [
    0.00005687,
    0.00005708
  ],
  "ALLO": [
    0.104637,
    0.105363
  ],
  "SATS": [
    1.1142e-8,
    1.1043e-8
  ],
  "MAGMA": [
    0.122091,
    0.120672
  ],
  "SLP": [
    0.00059149,
    0.00059019
  ],
  "CPOOL": [
    0.02171367,
    0.02176324
  ],
  "AURORA": [
    0.0266646,
    0.02681528
  ],
  "BANK": [
    0.03841288,
    0.03965529
  ],
  "DENT": [
    0.0001783,
    0.00017499
  ],
  "DSYNC": [
    0.01631415,
    0.01623329
  ],
  "RESOLV": [
    0.04044102,
    0.04075811
  ],
  "DAO": [
    0.04846669,
    0.061744
  ],
  "NEWT": [
    0.069216,
    0.06954
  ],
  "BOB": [
    0.00533823,
    0.00533115
  ],
  "NIL": [
    0.03403862,
    0.0336743
  ],
  "INIT": [
    0.075523,
    0.075523
  ],
  "SONIC": [
    0.0384342,
    0.0384063
  ],
  "ROAM": [
    0.03931176,
    0.03854974
  ],
  "L3": [
    0.00942161,
    0.00938514
  ],
  "PAAL": [
    0.01408938,
    0.01402103
  ],
  "HONEY": [
    0.00205425,
    0.00206642
  ],
  "MUBARAK": [
    0.01138835,
    0.01134494
  ],
  "GRIFFAIN": [
    0.01069843,
    0.01119667
  ],
  "IKA": [
    0.0035529,
    0.00369185
  ],
  "TLM": [
    0.00159628,
    0.00159069
  ],
  "AIN": [
    0.055456,
    0.054975
  ],
  "NKN": [
    0.01216742,
    0.01210152
  ],
  "TAI": [
    0.01592015,
    0.01618013
  ],
  "SWARMS": [
    0.00933132,
    0.00927223
  ],
  "LAT": [
    0.0013275,
    0.00132554
  ],
  "HMSTR": [
    0.00013354,
    0.00013305
  ],
  "AVL": [
    0.02604905,
    0.02610491
  ],
  "NAVX": [
    0.00912752,
    0.00913926
  ],
  "FUEL": [
    0.00094033,
    0.00094107
  ],
  "COS": [
    0.00131323,
    0.00130897
  ],
  "COQ": [
    9.4603e-8,
    9.5073e-8
  ],
  "PIXEL": [
    0.00817843,
    0.00814097
  ],
  "HIPPO": [
    0.00053948,
    0.00054401
  ],
  "OBT": [
    0.0009944,
    0.00098625
  ],
  "RSS3": [
    0.00554649,
    0.00557601
  ],
  "SOLV": [
    0.00343638,
    0.00341781
  ],
  "FWOG": [
    0.00493911,
    0.0049844
  ],
  "RDNT": [
    0.00391639,
    0.00371676
  ],
  "DUCK": [
    0.00071034,
    0.00066038
  ],
  "FHE": [
    0.01890205,
    0.01882865
  ],
  "DMC": [
    0.00073591,
    0.00075551
  ],
  "LYXE": [
    0.28024,
    0.28024
  ],
  "FORTH": [
    0.329656,
    0.317891
  ],
  "GEAR": [
    0.00029655,
    0.00029338
  ],
  "HOOK": [
    0.00769524,
    0.00817307
  ],
  "OAS": [
    0.00036428,
    0.00035986
  ],
  "SAMO": [
    0.00040772,
    0.00040455
  ],
  "FIS": [
    0.01395341,
    0.01405231
  ],
  "PERP": [
    0.03032073,
    0.0299074
  ],
  "PTB": [
    0.00094351,
    0.00094986
  ],
  "CUDIS": [
    0.00808059,
    0.00787806
  ],
  "EPT": [
    0.00072635,
    0.0007289
  ],
  "FLM": [
    0.00273926,
    0.00276302
  ],
  "GORK": [
    0.00150927,
    0.00153074
  ],
  "SAROS": [
    0.00056273,
    0.00056116
  ],
  "DATA": [
    0.00100465,
    0.00101747
  ],
  "INSP": [
    0.00139377,
    0.00141827
  ],
  "A2Z": [
    0.0001314,
    0.00011902
  ],
  "ACA": [
    0.000805,
    0.00078155
  ],
  "SWTCH": [
    0.00434918,
    0.00431819
  ],
  "FOXY": [
    0.00012068,
    0.0001187
  ],
  "RFC": [
    0.00054887,
    0.00054644
  ],
  "LOOKS": [
    0.0004088,
    0.00040524
  ],
  "BDXN": [
    0.00216945,
    0.00215836
  ],
  "MOONPIG": [
    0.00031157,
    0.00031399
  ],
  "CHESS": [
    0.0013833,
    0.00136565
  ],
  "ROOT": [
    0.00006094,
    0.00006094
  ],
  "CHILLGUY": [
    0.00006699,
    0.00006699
  ],
  "APU": [
    0.00003123,
    0.00003153
  ],
  "HOLO": [
    0.00001272,
    0.00001274
  ],
  "RATS": [
    0.00004214,
    0.00004167
  ],
  "GMMT": [
    0.00380586,
    0.00380524
  ],
  "ADB": [
    null,
    null
  ]
}