{
  "BMA": [
    0.259245
  ],
  "WACO": [
    0.000067
  ],
  "BRI": [
    0.00503941
  ],
  "NDU": [
    0.0009693
  ],
  "STA": [
    0.00002291
  ],
  "BRIGHT": [
    0.00276566
  ],
  "CROWN": [
    0.810866,
    0.785242
  ],
  "XPND": [
    0.00003357
  ],
  "CBTM": [
    0.00000346,
    0.00000347
  ],
  "BLACKCROC": [
    0.00000696
  ],
  "DYZILLA": [
    6.409e-12
  ],
  "MONKEY": [
    1.3672e-10
  ],
  "KIT": [
    0.00000714
  ],
  "CCFI": [
    0.00003753
  ],
  "COREDAO": [
    0.85366
  ],
  "VDR": [
    0.00271468
  ],
  "ARQX": [
    0.00015584
  ],
  "COREUM": [
    0.01372617
  ],
  "FOX": [
    0.246884
  ],
  "BBC": [
    0.00132183
  ],
  "BALL": [
    0.0133056
  ],
  "RWA": [
    0.0000056
  ],
  "ARKER": [
    0.00001846
  ],
  "MXY": [
    0.00006271
  ],
  "SS": [
    0.00576198
  ],
  "TOONS": [
    0.00001189
  ],
  "CBDC": [
    0.00001283
  ],
  "MCH": [
    0.01608092
  ],
  "OSHI": [
    0.03052856
  ],
  "DRIP": [
    0.00143104
  ],
  "ORACLE": [
    0.000025
  ],
  "CST": [
    0.14217,
    0.145085
  ],
  "TRU": [
    7.13818e-10
  ],
  "AAPL.D": [
    2.806e-10
  ],
  "FST": [
    0.00019825
  ],
  "BIOT": [
    0.00035214
  ],
  "SCT": [
    0.00250011
  ],
  "SWGT": [
    0.01283486
  ],
  "99CENTS": [
    0.00002154
  ],
  "SOLC": [
    0.01595647,
    0.01614695
  ],
  "LAPTOP": [
    0.00000395
  ],
  "XYM": [
    0.00277832
  ],
  "HNB": [
    0.00023187
  ],
  "STOOS": [
    1.59
  ],
  "VIBE": [
    0.00001458
  ],
  "TUPELO": [
    0.00001394
  ],
  "X": [
    0.02726252
  ],
  "ALIEN": [
    9.1503e-8
  ],
  "HYP": [
    0.00589936
  ],
  "SELF": [
    0.306563
  ],
  "LUCKY": [
    1.111e-12
  ],
  "MOC": [
    0.03209709
  ],
  "A3A": [
    0.00012317
  ],
  "CNC": [
    0.00001429
  ],
  "CEM": [
    0.052263
  ],
  "WAI": [
    0.068526
  ],
  "HIVE": [
    0.00004935
  ],
  "POGAI": [
    0.00000304
  ],
  "AI": [
    0.00000814,
    0.0000971
  ],
  "AIRT": [
    0.00012406
  ],
  "CROAK": [
    0.00000438
  ],
  "GENIE": [
    0.00039201
  ],
  "WILC": [
    0.0003867
  ],
  "ORE": [
    0.00005238
  ],
  "O": [
    0.00000117
  ],
  "AITAX": [
    0.00013574
  ],
  "WCX": [
    0.00001515
  ],
  "NQAI": [
    0.00022259
  ],
  "ICSA": [
    0.00355387
  ],
  "LARRY": [
    0.00000266
  ],
  "MAJOR": [
    0.064027
  ],
  "VNDC": [
    0.00003597
  ],
  "B01": [
    0.01691806
  ],
  "COINROBOT": [
    1.29
  ],
  "JSK": [
    0.00280915
  ],
  "SYMM": [
    0.068278
  ],
  "AKTA": [
    0.0005557
  ],
  "LFC": [
    7.406e-9
  ],
  "GX": [
    0.00003415
  ],
  "CRAZYBUNNY": [
    4.4264e-11
  ],
  "$NATION": [
    0.00086894
  ],
  "$RETIRE": [
    0.00000329
  ],
  "SNAI": [
    0.00008843
  ],
  "IDLEUSDTSAFE": [
    1.27
  ],
  "UNCN": [
    0.301199
  ],
  "DARA": [
    0.00158585
  ],
  "ZEN": [
    0.00589569
  ],
  "LUD": [
    0
  ],
  "ETX": [
    0.00026996
  ],
  "MBE": [
    0.01783099
  ],
  "SWAP": [
    0.00283811
  ],
  "DELTA": [
    0.523528
  ],
  "POL": [
    0.00021323
  ],
  "COIN": [
    0.00044542
  ],
  "VFX": [
    0.0002832
  ],
  "VGO": [
    0.057112
  ],
  "GOB": [
    0.00005102
  ],
  "PRO": [
    0.00008278
  ],
  "LOCUS": [
    0.00794154
  ],
  "VUSD": [
    0.00170147
  ],
  "SHL": [
    1.01448e-7
  ],
  "XCV": [
    0.00039846
  ],
  "SPORK": [
    0.00526607
  ],
  "OMEGAX": [
    0.00003937
  ],
  "OVATO": [
    0.91239
  ],
  "USDM": [
    0.996684
  ],
  "AQUA": [
    7.33e-16
  ],
  "LIF3": [
    0.0009474
  ],
  "MTG": [
    0.0206708
  ],
  "GRBE": [
    0.00002917
  ],
  "PPFT": [
    6.12531e-7
  ],
  "PIXFI": [
    0.00005547
  ],
  "XPS": [
    0.00063186
  ],
  "COLLE": [
    0.00001181
  ],
  "FINE": [
    0.0002466
  ],
  "THRAI": [
    0.00324945
  ],
  "CRTR": [
    0.05327
  ],
  "TRESR": [
    0.00027436
  ],
  "SON": [
    8.65065e-7
  ],
  "TONNEL": [
    0.567246
  ],
  "NMBTC": [
    2.364e-8
  ],
  "MECH": [
    0.0004058
  ],
  "HBIT": [
    8.0016e-8
  ],
  "VFIL": [
    0.01781623
  ],
  "X314": [
    0.00088331
  ],
  "EGS": [
    0.00026242
  ],
  "CHECOIN": [
    0.00000114
  ],
  "ELCASH": [
    0.04810542
  ],
  "OXL": [
    0.00023063
  ],
  "WXT": [
    0.02051192
  ],
  "RUSTY": [
    0.00021618
  ],
  "BCAT": [
    0.00928384
  ],
  "ALTB": [
    0.00005609
  ],
  "AGRO": [
    0.00014615
  ],
  "YOCO": [
    0.00050692
  ],
  "WASP": [
    0.00028074
  ],
  "CTCP": [
    0.0003876
  ],
  "SKX": [
    0.091831
  ],
  "STONEUSD": [
    1.01
  ],
  "ALI": [
    0.00317525
  ],
  "YFIH2": [
    0.412265
  ],
  "UP": [
    0.066957
  ],
  "FLIGHT": [
    4.14952e-7
  ],
  "DYOR": [
    0.00007165
  ],
  "OLE": [
    0.0012399
  ],
  "TAPP": [
    0.03028953
  ],
  "META": [
    1.70575e-10
  ],
  "ORB": [
    0.00089877
  ],
  "METAN": [
    0.00717322
  ],
  "JOLT": [
    0.00056006
  ],
  "TONO": [
    2.07892e-7
  ],
  "AMT": [
    0.00721967
  ],
  "CHAINCADE": [
    5.26919e-10
  ],
  "IDK": [
    0.00002887
  ],
  "DEGOD": [
    0.0002177
  ],
  "NESS": [
    0.00559948
  ],
  "BNX": [
    0.353023
  ],
  "SEG": [
    0.000027
  ],
  "EV": [
    0.00175325,
    0.00175325
  ],
  "DBA": [
    0.00444211
  ],
  "ABIC": [
    0.00048595
  ],
  "WINTER": [
    0.00287923
  ],
  "ZOO": [
    3.08869e-7
  ],
  "RBL": [
    0.00099981
  ],
  "MACRO": [
    0.00026538
  ],
  "MONKEYS": [
    1.78984e-7
  ],
  "CUCK": [
    0.00031904
  ],
  "IQ": [
    0.00039877
  ],
  "ACP": [
    0.00027503,
    0.00027211
  ],
  "DSHARE": [
    0.632191
  ],
  "4TB": [
    0.00099587
  ],
  "BTC20": [
    0.00724491,
    0.00727423
  ],
  "MEB": [
    0.00068331
  ],
  "PLACE": [
    0.0000446
  ],
  "DKS": [
    0.00000347
  ],
  "ROYAL": [
    1.48355e-7
  ],
  "RALLY": [
    0.00369899
  ],
  "ZBU": [
    0.126025
  ],
  "ERW": [
    7.31261e-7
  ],
  "MLP": [
    0.00014236
  ],
  "NUNA": [
    0.0000036
  ],
  "VISION": [
    0.00007369
  ],
  "EFT": [
    5.3304e-8
  ],
  "ADACASH": [
    3.55096e-10
  ],
  "DREAM": [
    0.01641375
  ],
  "FIDO": [
    0.00000363
  ],
  "MAPE": [
    0.00147098
  ],
  "PLEB": [
    5.73237e-10
  ],
  "CRADLE": [
    0.416726
  ],
  "ICY": [
    0.02235981
  ],
  "DMA": [
    0.00022907
  ],
  "IOBUSD": [
    0.742228
  ],
  "USFR.D": [
    5e-11
  ],
  "DUET": [
    0.00009354
  ],
  "WATER": [
    0.056259
  ],
  "KBD": [
    0.00006046
  ],
  "BEAR": [
    2.8756e-8
  ],
  "DONNA": [
    0.05369
  ],
  "FLDT": [
    0.063485
  ],
  "STONKS": [
    0.00000419
  ],
  "XLLM2": [
    0.00002634
  ],
  "PICO": [
    0.00350216
  ],
  "RIP": [
    5.4809e-11
  ],
  "LAVE": [
    0.00000654
  ],
  "LSWAX": [
    0.00870112
  ],
  "CHOW": [
    4.9203e-8
  ],
  "BUIDL-I": [
    1
  ],
  "YLDY": [
    0.00000167
  ],
  "BCRO": [
    0.088189
  ],
  "SX": [
    0.01765645
  ],
  "LARIX": [
    0.00001596
  ],
  "BID": [
    0.00015023
  ],
  "NVM": [
    0.407221
  ],
  "LUMI": [
    0.04099448
  ],
  "MAGIC": [
    0.00009086
  ],
  "ADON": [
    1.3
  ],
  "TONY": [
    0.000005
  ],
  "GETH": [
    0.0030227
  ],
  "CT": [
    0.00117618
  ],
  "KPOP": [
    0.00000133
  ],
  "VLINK": [
    0.177999
  ],
  "TANUKI": [
    1.0959e-8
  ],
  "WBR": [
    0.00762372
  ],
  "AMC": [
    0.144434
  ],
  "DECI": [
    0.0004996
  ],
  "GROW": [
    0.0003267
  ],
  "CRM": [
    1.1,
    1.1
  ],
  "FUSD": [
    0.991174
  ],
  "MOPS": [
    4.1583e-8
  ],
  "🔄": [
    0.01419123
  ],
  "RCN": [
    5.25335e-7
  ],
  "WFO": [
    5.722e-9
  ],
  "SOA": [
    0.00000275
  ],
  "DUSD": [
    0.066995
  ],
  "RUNIX": [
    0.00005841
  ],
  "$KITA": [
    0.0000255
  ],
  "PRTG": [
    1.64
  ],
  "ENLVON": [
    1.028
  ],
  "DAMN": [
    0.00000519
  ],
  "BIBI": [
    6.8694e-11
  ],
  "AUTO": [
    0.04746917
  ],
  "SOKU": [
    0.00000794
  ],
  "ADDY": [
    0.009056
  ],
  "USDW": [
    1.77e-13
  ],
  "PC0000113": [
    1
  ],
  "BLOCK": [
    0.00000247
  ],
  "STOMB": [
    0.04351148
  ],
  "MORA": [
    0.000006
  ],
  "GNET": [
    0.01164886
  ],
  "NENG": [
    2.9751e-7
  ],