{
  "STABLE": [
    0.03367201,
    0.0334587
  ],
  "PUMP": [
    0.00183725,
    0.00182544
  ],
  "SIREN": [
    0.704003,
    0.706247
  ],
  "AERO": [
    0.452719,
    0.45288
  ],
  "MON": [
    0.03020417,
    0.0300668
  ],
  "SKYAI": [
    0.34533,
    0.354515
  ],
  "JASMY": [
    0.00565148,
    0.00561495
  ],
  "LIT": [
    0.917517,
    0.916248
  ],
  "CVX": [
    1.75,
    1.74
  ],
  "BAT": [
    0.097403,
    0.09729
  ],
  "CHEEMS": [
    6.15239e-7,
    6.12818e-7
  ],
  "ATH": [
    0.00585651,
    0.00584958
  ],
  "COW": [
    0.186379,
    0.185939
  ],
  "TAG": [
    0.00095931,
    0.0009123
  ],
  "BANANAS31": [
    0.00968263,
    0.00966506
  ],
  "BEAT": [
    0.565664,
    0.572498
  ],
  "SAHARA": [
    0.02335446,
    0.02329112
  ],
  "ARC": [
    0.074536,
    0.075095
  ],
  "CKB": [
    0.00150777,
    0.00150487
  ],
  "BAN": [
    0.072406,
    0.072404
  ],
  "ONT": [
    0.071724,
    0.072107
  ],
  "NPC": [
    0.00806169,
    0.00798968
  ],
  "POLYX": [
    0.04801311,
    0.04811394
  ],
  "MYX": [
    0.26245,
    0.262544
  ],
  "MAGMA": [
    0.241728,
    0.248248
  ],
  "CSPR": [
    0.00281661,
    0.00281209
  ],
  "IOTX": [
    0.00451809,
    0.00453633
  ],
  "ISLM": [
    0.01182953,
    0.01182595
  ],
  "REZ": [
    0.00462685,
    0.00477311
  ],
  "MERL": [
    0.03227183,
    0.03224883
  ],
  "NEIRO": [
    0.0000918,
    0.0000916
  ],
  "NOT": [
    0.00038589,
    0.00038601
  ],
  "HUMA": [
    0.02221446,
    0.02206006
  ],
  "SNEK": [
    0.00046452,
    0.00046722
  ],
  "DEP": [
    0.00111155,
    0.00111187
  ],
  "SATS": [
    1.3819e-8,
    1.3913e-8
  ],
  "SPELL": [
    0.00016733,
    0.00016701
  ],
  "ALLO": [
    0.11816,
    0.118183
  ],
  "SWARMS": [
    0.02655997,
    0.02642945
  ],
  "CPOOL": [
    0.02601218,
    0.02595421
  ],
  "GUN": [
    0.01443086,
    0.01440971
  ],
  "SLP": [
    0.00069928,
    0.00070083
  ],
  "DEGEN": [
    0.00066979,
    0.00067436
  ],
  "CORN": [
    0.04019885,
    0.04030906
  ],
  "LRC": [
    0.0168114,
    0.01681117
  ],
  "AURORA": [
    0.02636209,
    0.0263835
  ],
  "NYM": [
    0.02215204,
    0.02215482
  ],
  "NIL": [
    0.04088317,
    0.04062971
  ],
  "L3": [
    0.01242987,
    0.01234485
  ],
  "GRIFFAIN": [
    0.01808915,
    0.01803654
  ],
  "INIT": [
    0.091142,
    0.091407
  ],
  "AIN": [
    0.093335,
    0.092988
  ],
  "BOB": [
    0.00570651,
    0.00570736
  ],
  "NEWT": [
    0.073967,
    0.074024
  ],
  "BANK": [
    0.0340556,
    0.03388237
  ],
  "MUBARAK": [
    0.01360827,
    0.01358207
  ],
  "SONIC": [
    0.03771489,
    0.03769846
  ],
  "DSYNC": [
    0.01296556,
    0.01306995
  ],
  "TLM": [
    0.00183336,
    0.00183731
  ],
  "PAAL": [
    0.01311686,
    0.01311315
  ],
  "RESOLV": [
    0.02865488,
    0.02863324
  ],
  "HONEY": [
    0.00180162,
    0.00181387
  ],
  "DAO": [
    0.04107925,
    0.04093392
  ],
  "IKA": [
    0.0033781,
    0.00337133
  ],
  "HMSTR": [
    0.00015512,
    0.00015506
  ],
  "COQ": [
    1.37164e-7,
    1.36047e-7
  ],
  "LAT": [
    0.00133327,
    0.00133293
  ],
  "TAI": [
    0.01489783,
    0.01478748
  ],
  "RSS3": [
    0.00556372,
    0.00556035
  ],
  "AVL": [
    0.02666861,
    0.02616626
  ],
  "FUEL": [
    0.00091228,
    0.00091183
  ],
  "NAVX": [
    0.00874252,
    0.0087754
  ],
  "SOLV": [
    0.00465829,
    0.00469569
  ],
  "NKN": [
    0.0078461,
    0.00787061
  ],
  "PIXEL": [
    0.0080247,
    0.00800857
  ],
  "COS": [
    0.00114606,
    0.00115606
  ],
  "OBT": [
    0.00100518,
    0.00100238
  ],
  "DMC": [
    0.00069763,
    0.00069583
  ],
  "FHE": [
    0.01806648,
    0.01800824
  ],
  "FWOG": [
    0.00450836,
    0.00451682
  ],
  "LYXE": [
    0.249772,
    0.256123
  ],
  "DENT": [
    0.0000407,
    0.00004134
  ],
  "ROAM": [
    0.01104775,
    0.01090609
  ],
  "GEAR": [
    0.00032992,
    0.00032659
  ],
  "OAS": [
    0.00048563,
    0.00047981
  ],
  "FORTH": [
    0.240927,
    0.242113
  ],
  "HOOK": [
    0.00809541,
    0.00804986
  ],
  "RDNT": [
    0.0017861,
    0.00178977
  ],
  "SAMO": [
    0.00035917,
    0.00036256
  ],
  "CUDIS": [
    0.0078017,
    0.00784451
  ],
  "PERP": [
    0.02554727,
    0.02553415
  ],
  "EPT": [
    0.00072972,
    0.00073951
  ],
  "PTB": [
    0.00080968,
    0.00081074
  ],
  "FIS": [
    0.01048076,
    0.01042483
  ],
  "HIPPO": [
    0.00016057,
    0.00016298
  ],
  "SAROS": [
    0.00061969,
    0.00060115
  ],
  "FLM": [
    0.00257007,
    0.0026056
  ],
  "GORK": [
    0.00141906,
    0.00140856
  ],
  "DATA": [
    0.00071781,
    0.00071736
  ],
  "A2Z": [
    0.00010838,
    0.00011138
  ],
  "INSP": [
    0.00094196,
    0.00096926
  ],
  "ACA": [
    0.00065906,
    0.00065902
  ],
  "FOXY": [
    0.00011604,
    0.00011603
  ],
  "RFC": [
    0.00058231,
    0.00058624
  ],
  "DUCK": [
    0.00007259,
    0.00007252
  ],
  "SWTCH": [
    0.00337222,
    0.00331791
  ],
  "LOOKS": [
    0.00035987,
    0.00035889
  ],
  "MOONPIG": [
    0.00028334,
    0.00028633
  ],
  "BDXN": [
    0.00163859,
    0.00157773
  ],
  "ROOT": [
    0.00005949,
    0.00005959
  ],
  "CHILLGUY": [
    0.00009074,
    0.00009074
  ],
  "APU": [
    0.0000403,
    0.00004259
  ],
  "CHESS": [
    0.00019797,
    0.0001987
  ],
  "HOLO": [
    0.00001187,
    0.00001187
  ],
  "GMMT": [
    0.00249208,
    0.00249369
  ],
  "RATS": [
    0.00003841,
    0.00003838
  ],
  "ADB": [
    null,
    null
  ]
}