{
  "SIREN": [
    1.71,
    1.72
  ],
  "PUMP": [
    0.00169144,
    0.00169411
  ],
  "STABLE": [
    0.02463477,
    0.02478167
  ],
  "AERO": [
    0.322782,
    0.318106
  ],
  "JASMY": [
    0.00535364,
    0.00533574
  ],
  "MON": [
    0.02319944,
    0.02285205
  ],
  "LIT": [
    0.829676,
    0.815385
  ],
  "CVX": [
    1.73,
    1.73
  ],
  "BAT": [
    0.096138,
    0.095356
  ],
  "BANANAS31": [
    0.01401571,
    0.01291025
  ],
  "ATH": [
    0.00699648,
    0.00688776
  ],
  "COW": [
    0.199155,
    0.199142
  ],
  "CHEEMS": [
    4.38095e-7,
    4.29211e-7
  ],
  "SAHARA": [
    0.02466041,
    0.02439377
  ],
  "BEAT": [
    0.466111,
    0.538392
  ],
  "ONT": [
    0.07084,
    0.072359
  ],
  "CKB": [
    0.00136861,
    0.00136448
  ],
  "TAG": [
    0.00059837,
    0.0005867
  ],
  "SKYAI": [
    0.062903,
    0.062066
  ],
  "NPC": [
    0.0074694,
    0.00745206
  ],
  "POLYX": [
    0.04611769,
    0.04595543
  ],
  "BAN": [
    0.056894,
    0.055881
  ],
  "CSPR": [
    0.00329832,
    0.0032736
  ],
  "ARC": [
    0.04943201,
    0.04963667
  ],
  "IOTX": [
    0.00475987,
    0.00470535
  ],
  "MYX": [
    0.23839,
    0.230634
  ],
  "NOT": [
    0.00035683,
    0.00035689
  ],
  "DEP": [
    0.00116288,
    0.00115872
  ],
  "ISLM": [
    0.01165254,
    0.01212533
  ],
  "SNEK": [
    0.00040603,
    0.00040423
  ],
  "MERL": [
    0.02462066,
    0.02398061
  ],
  "SPELL": [
    0.00016429,
    0.00016247
  ],
  "NYM": [
    0.03272293,
    0.03272604
  ],
  "GUN": [
    0.01722806,
    0.01634762
  ],
  "LRC": [
    0.02183539,
    0.02153996
  ],
  "REZ": [
    0.00334654,
    0.00331331
  ],
  "DEGEN": [
    0.00068446,
    0.00068274
  ],
  "HUMA": [
    0.01444881,
    0.01442193
  ],
  "CORN": [
    0.04604176,
    0.04603739
  ],
  "NEIRO": [
    0.00005659,
    0.00005662
  ],
  "ALLO": [
    0.106206,
    0.105932
  ],
  "MAGMA": [
    0.119893,
    0.122332
  ],
  "SATS": [
    1.062e-8,
    1.0499e-8
  ],
  "SLP": [
    0.00058226,
    0.0005798
  ],
  "CPOOL": [
    0.02149698,
    0.02180987
  ],
  "AURORA": [
    0.02729835,
    0.02727796
  ],
  "DENT": [
    0.00018757,
    0.00018446
  ],
  "BANK": [
    0.04062581,
    0.04117658
  ],
  "DSYNC": [
    0.01713599,
    0.01648022
  ],
  "RESOLV": [
    0.03951176,
    0.03957661
  ],
  "NEWT": [
    0.069538,
    0.068373
  ],
  "BOB": [
    0.00536799,
    0.00538519
  ],
  "NIL": [
    0.03296003,
    0.03384077
  ],
  "INIT": [
    0.077604,
    0.077534
  ],
  "ROAM": [
    0.04006902,
    0.04172218
  ],
  "SONIC": [
    0.03879102,
    0.03818848
  ],
  "DAO": [
    0.051017,
    0.054138
  ],
  "L3": [
    0.00944687,
    0.00952048
  ],
  "PAAL": [
    0.0151134,
    0.01460516
  ],
  "NKN": [
    0.01390434,
    0.01589397
  ],
  "HONEY": [
    0.00205757,
    0.00204563
  ],
  "GRIFFAIN": [
    0.01128706,
    0.01138162
  ],
  "AIN": [
    0.061372,
    0.060854
  ],
  "MUBARAK": [
    0.0113029,
    0.01125547
  ],
  "TLM": [
    0.00163677,
    0.00162527
  ],
  "TAI": [
    0.01709898,
    0.01674908
  ],
  "IKA": [
    0.0032084,
    0.00319802
  ],
  "SWARMS": [
    0.00928872,
    0.00940118
  ],
  "LAT": [
    0.00130809,
    0.00130909
  ],
  "HMSTR": [
    0.00013616,
    0.00013563
  ],
  "FUEL": [
    0.00101625,
    0.00101593
  ],
  "DUCK": [
    0.00108044,
    0.00107372
  ],
  "COS": [
    0.00142713,
    0.00142566
  ],
  "NAVX": [
    0.00856335,
    0.00864705
  ],
  "AVL": [
    0.02517868,
    0.02540014
  ],
  "COQ": [
    9.4644e-8,
    9.5017e-8
  ],
  "PIXEL": [
    0.00785702,
    0.0078263
  ],
  "RDNT": [
    0.00436457,
    0.0043759
  ],
  "HIPPO": [
    0.00053953,
    0.00054068
  ],
  "OBT": [
    0.00099621,
    0.00100774
  ],
  "RSS3": [
    0.00567589,
    0.00579326
  ],
  "DMC": [
    0.00080456,
    0.00081042
  ],
  "FWOG": [
    0.00497021,
    0.00499361
  ],
  "SOLV": [
    0.00309466,
    0.00317412
  ],
  "LYXE": [
    0.289696,
    0.287861
  ],
  "FHE": [
    0.01699844,
    0.01726226
  ],
  "FORTH": [
    0.370068,
    0.358758
  ],
  "GEAR": [
    0.00030248,
    0.0003033
  ],
  "HOOK": [
    0.00978999,
    0.00954638
  ],
  "OAS": [
    0.00036359,
    0.00036706
  ],
  "SAMO": [
    0.0003975,
    0.00039615
  ],
  "PTB": [
    0.00107826,
    0.00108675
  ],
  "PERP": [
    0.0302883,
    0.03070554
  ],
  "FIS": [
    0.01442603,
    0.01388982
  ],
  "CUDIS": [
    0.00823192,
    0.00828953
  ],
  "A2Z": [
    0.00019611,
    0.0002139
  ],
  "EPT": [
    0.00073329,
    0.00074447
  ],
  "FLM": [
    0.00278158,
    0.00275488
  ],
  "GORK": [
    0.0015233,
    0.00153539
  ],
  "SAROS": [
    0.00052983,
    0.00055095
  ],
  "DATA": [
    0.00099314,
    0.0009946
  ],
  "INSP": [
    0.00130029,
    0.00133911
  ],
  "ACA": [
    0.00084707,
    0.00084851
  ],
  "SWTCH": [
    0.00531348,
    0.005344
  ],
  "FOXY": [
    0.00011931,
    0.00012097
  ],
  "RFC": [
    0.00056898,
    0.00056516
  ],
  "BDXN": [
    0.00262121,
    0.00260318
  ],
  "LOOKS": [
    0.00039775,
    0.00039797
  ],
  "CHESS": [
    0.00132911,
    0.00143862
  ],
  "MOONPIG": [
    0.00032036,
    0.00029131
  ],
  "ROOT": [
    0.00006196,
    0.00006295
  ],
  "CHILLGUY": [
    0.00006569,
    0.00006619
  ],
  "APU": [
    0.00003051,
    0.00003183
  ],
  "HOLO": [
    0.00001303,
    0.00001299
  ],
  "GMMT": [
    0.00414167,
    0.00388996
  ],
  "RATS": [
    0.0000487,
    0.00004535
  ],
  "ADB": [
    null,
    null
  ]
}