{
  "PUMP": [
    0.00201575,
    0.00200544
  ],
  "STABLE": [
    0.02624157,
    0.02611045
  ],
  "MON": [
    0.03430397,
    0.03409968
  ],
  "AERO": [
    0.414156,
    0.409837
  ],
  "JASMY": [
    0.00563634,
    0.0056621
  ],
  "LIT": [
    1.052,
    1.036
  ],
  "CVX": [
    1.85,
    1.84
  ],
  "SKYAI": [
    0.159462,
    0.15995
  ],
  "BAT": [
    0.102883,
    0.103118
  ],
  "ATH": [
    0.00630132,
    0.00627069
  ],
  "CHEEMS": [
    5.56469e-7,
    5.62194e-7
  ],
  "COW": [
    0.195601,
    0.19687
  ],
  "BANANAS31": [
    0.01073187,
    0.01050781
  ],
  "ONT": [
    0.075822,
    0.075686
  ],
  "CKB": [
    0.00155614,
    0.00155054
  ],
  "SAHARA": [
    0.02357345,
    0.02352161
  ],
  "TAG": [
    0.00068271,
    0.0006777
  ],
  "ARC": [
    0.071966,
    0.072908
  ],
  "BAN": [
    0.072711,
    0.072631
  ],
  "POLYX": [
    0.053621,
    0.053396
  ],
  "BEAT": [
    0.473496,
    0.459067
  ],
  "NPC": [
    0.00785566,
    0.00784921
  ],
  "MYX": [
    0.30139,
    0.304442
  ],
  "NEIRO": [
    0.00011989,
    0.00011596
  ],
  "CSPR": [
    0.00305718,
    0.00307562
  ],
  "MERL": [
    0.0388406,
    0.03751944
  ],
  "IOTX": [
    0.00478233,
    0.0047974
  ],
  "NOT": [
    0.00042518,
    0.00044017
  ],
  "MAGMA": [
    0.2177,
    0.218944
  ],
  "SATS": [
    1.8152e-8,
    1.8139e-8
  ],
  "SNEK": [
    0.00048977,
    0.00048893
  ],
  "REZ": [
    0.00417885,
    0.00423698
  ],
  "ISLM": [
    0.0125284,
    0.01247661
  ],
  "HUMA": [
    0.01824351,
    0.01839941
  ],
  "DEP": [
    0.00111253,
    0.00111167
  ],
  "DEGEN": [
    0.00078338,
    0.00077842
  ],
  "SPELL": [
    0.00016498,
    0.00016629
  ],
  "GUN": [
    0.01614008,
    0.01615793
  ],
  "NYM": [
    0.03311164,
    0.03310161
  ],
  "CPOOL": [
    0.0258364,
    0.02592324
  ],
  "ALLO": [
    0.110613,
    0.111138
  ],
  "BOB": [
    0.00855248,
    0.00828033
  ],
  "SLP": [
    0.0006425,
    0.00064316
  ],
  "CORN": [
    0.04116036,
    0.04117081
  ],
  "LRC": [
    0.01666809,
    0.01677103
  ],
  "AURORA": [
    0.02733219,
    0.02735139
  ],
  "SWARMS": [
    0.01822395,
    0.01867153
  ],
  "NIL": [
    0.03975088,
    0.03879011
  ],
  "DSYNC": [
    0.01702545,
    0.01675302
  ],
  "GRIFFAIN": [
    0.01641183,
    0.01651742
  ],
  "NEWT": [
    0.075943,
    0.076682
  ],
  "BANK": [
    0.03890383,
    0.03831042
  ],
  "INIT": [
    0.086548,
    0.087334
  ],
  "DENT": [
    0.00016312,
    0.00016469
  ],
  "L3": [
    0.01082426,
    0.01087366
  ],
  "MUBARAK": [
    0.01554482,
    0.01490282
  ],
  "RESOLV": [
    0.03481731,
    0.03494787
  ],
  "SONIC": [
    0.03708711,
    0.03694524
  ],
  "AIN": [
    0.067122,
    0.070135
  ],
  "PAAL": [
    0.01414295,
    0.0143225
  ],
  "DAO": [
    0.04804882,
    0.0480212
  ],
  "IKA": [
    0.00395446,
    0.00390081
  ],
  "HMSTR": [
    0.00016731,
    0.00018713
  ],
  "TLM": [
    0.00174696,
    0.00175724
  ],
  "HONEY": [
    0.00188578,
    0.00191546
  ],
  "TAI": [
    0.01701298,
    0.01695768
  ],
  "COQ": [
    1.27373e-7,
    1.39241e-7
  ],
  "LAT": [
    0.00136427,
    0.0013629
  ],
  "AVL": [
    0.02683761,
    0.02688566
  ],
  "NAVX": [
    0.00907629,
    0.00914787
  ],
  "FUEL": [
    0.00094417,
    0.00094385
  ],
  "PIXEL": [
    0.00851943,
    0.0085391
  ],
  "NKN": [
    0.00807158,
    0.0082692
  ],
  "COS": [
    0.00125386,
    0.00125234
  ],
  "ROAM": [
    0.01795829,
    0.01811886
  ],
  "SOLV": [
    0.0042208,
    0.00423089
  ],
  "RSS3": [
    0.00607504,
    0.00612588
  ],
  "OBT": [
    0.00104419,
    0.00104962
  ],
  "FWOG": [
    0.00504414,
    0.00517451
  ],
  "FHE": [
    0.019045,
    0.01920009
  ],
  "DMC": [
    0.00070942,
    0.000711
  ],
  "LYXE": [
    0.24577,
    0.245965
  ],
  "GEAR": [
    0.0003323,
    0.00033063
  ],
  "FORTH": [
    0.266106,
    0.269474
  ],
  "OAS": [
    0.00042003,
    0.00042133
  ],
  "RDNT": [
    0.00209351,
    0.00212254
  ],
  "SAMO": [
    0.00042305,
    0.00042462
  ],
  "HOOK": [
    0.00816044,
    0.00835998
  ],
  "PTB": [
    0.00107927,
    0.00107863
  ],
  "CUDIS": [
    0.00809274,
    0.00804773
  ],
  "PERP": [
    0.02722489,
    0.02721696
  ],
  "EPT": [
    0.00075871,
    0.00075895
  ],
  "FLM": [
    0.00296506,
    0.00303281
  ],
  "HIPPO": [
    0.00016901,
    0.00017041
  ],
  "FIS": [
    0.01077636,
    0.01080462
  ],
  "GORK": [
    0.0016106,
    0.00163042
  ],
  "SAROS": [
    0.00048303,
    0.0004978
  ],
  "DATA": [
    0.00094418,
    0.00096019
  ],
  "INSP": [
    0.00107542,
    0.00108336
  ],
  "ACA": [
    0.00069047,
    0.00071999
  ],
  "FOXY": [
    0.00011767,
    0.00011961
  ],
  "A2Z": [
    0.00007915,
    0.00007926
  ],
  "DUCK": [
    0.00008106,
    0.00008042
  ],
  "RFC": [
    0.00058558,
    0.00058555
  ],
  "SWTCH": [
    0.00338961,
    0.00347242
  ],
  "LOOKS": [
    0.0003791,
    0.00038134
  ],
  "MOONPIG": [
    0.0003109,
    0.00030988
  ],
  "BDXN": [
    0.00182393,
    0.00183198
  ],
  "ROOT": [
    0.0000577,
    0.00005771
  ],
  "CHILLGUY": [
    0.00008028,
    0.00008102
  ],
  "APU": [
    0.00003673,
    0.00003544
  ],
  "CHESS": [
    0.00016779,
    0.00016717
  ],
  "HOLO": [
    0.00001248,
    0.00001248
  ],
  "GMMT": [
    0.00333746,
    0.00332689
  ],
  "RATS": [
    0.0000446,
    0.0000436
  ],
  "ADB": [
    null,
    null
  ]
}