{
  "PUMP": [
    0.00186863,
    0.00193293
  ],
  "STABLE": [
    0.02643328,
    0.02638235
  ],
  "SIREN": [
    0.780924,
    0.749002
  ],
  "MON": [
    0.03616706,
    0.03608921
  ],
  "AERO": [
    0.374483,
    0.378196
  ],
  "LIT": [
    1.093,
    1.12
  ],
  "JASMY": [
    0.00538496,
    0.00540006
  ],
  "CVX": [
    1.82,
    1.81
  ],
  "BAT": [
    0.096646,
    0.09672
  ],
  "SKYAI": [
    0.11121,
    0.128971
  ],
  "COW": [
    0.222997,
    0.223122
  ],
  "ATH": [
    0.00622359,
    0.00614018
  ],
  "BANANAS31": [
    0.0108932,
    0.01071532
  ],
  "CHEEMS": [
    4.76836e-7,
    4.92631e-7
  ],
  "BAN": [
    0.090915,
    0.089464
  ],
  "TAG": [
    0.00083958,
    0.00078135
  ],
  "ONT": [
    0.079425,
    0.078822
  ],
  "ARC": [
    0.072553,
    0.0726
  ],
  "CKB": [
    0.00149182,
    0.00148097
  ],
  "SAHARA": [
    0.02222284,
    0.02236239
  ],
  "POLYX": [
    0.050615,
    0.052784
  ],
  "NPC": [
    0.00786838,
    0.00797276
  ],
  "MYX": [
    0.525306,
    0.321304
  ],
  "BEAT": [
    0.387333,
    0.383472
  ],
  "CSPR": [
    0.00298512,
    0.00295981
  ],
  "IOTX": [
    0.00448063,
    0.00450249
  ],
  "NOT": [
    0.00037097,
    0.00037305
  ],
  "MAGMA": [
    0.194636,
    0.190614
  ],
  "MERL": [
    0.02610388,
    0.02669403
  ],
  "SNEK": [
    0.00041798,
    0.0004157
  ],
  "DEP": [
    0.00111956,
    0.00112162
  ],
  "ISLM": [
    0.01202584,
    0.01192895
  ],
  "HUMA": [
    0.01777977,
    0.01748756
  ],
  "REZ": [
    0.00371549,
    0.00363534
  ],
  "NYM": [
    0.03394841,
    0.03415069
  ],
  "GUN": [
    0.01542,
    0.01591605
  ],
  "NEIRO": [
    0.00006489,
    0.00006475
  ],
  "DEGEN": [
    0.00073795,
    0.00073688
  ],
  "SPELL": [
    0.00015833,
    0.00015856
  ],
  "ALLO": [
    0.111162,
    0.113834
  ],
  "SATS": [
    1.1635e-8,
    1.1563e-8
  ],
  "CPOOL": [
    0.02445496,
    0.02452384
  ],
  "SLP": [
    0.00061957,
    0.0006124
  ],
  "BOB": [
    0.00785571,
    0.00780416
  ],
  "CORN": [
    0.04044569,
    0.04039751
  ],
  "LRC": [
    0.01614808,
    0.01606354
  ],
  "AURORA": [
    0.02704198,
    0.02700042
  ],
  "SWARMS": [
    0.01684163,
    0.0173945
  ],
  "DSYNC": [
    0.01646708,
    0.0165647
  ],
  "L3": [
    0.01125829,
    0.01122233
  ],
  "BANK": [
    0.03711991,
    0.03677739
  ],
  "NEWT": [
    0.069148,
    0.070094
  ],
  "DENT": [
    0.00015831,
    0.00015653
  ],
  "INIT": [
    0.080401,
    0.08026
  ],
  "RESOLV": [
    0.03864836,
    0.03828487
  ],
  "NIL": [
    0.03355691,
    0.03396029
  ],
  "GRIFFAIN": [
    0.01500949,
    0.01369856
  ],
  "AIN": [
    0.072177,
    0.073847
  ],
  "MUBARAK": [
    0.01266382,
    0.01344566
  ],
  "SONIC": [
    0.03606183,
    0.03635442
  ],
  "PAAL": [
    0.0137348,
    0.01419049
  ],
  "DAO": [
    0.04785381,
    0.04805352
  ],
  "IKA": [
    0.00364936,
    0.00365515
  ],
  "TLM": [
    0.00165839,
    0.00164826
  ],
  "HONEY": [
    0.00182019,
    0.00181556
  ],
  "TAI": [
    0.01698076,
    0.01689355
  ],
  "HMSTR": [
    0.00014528,
    0.00014736
  ],
  "LAT": [
    0.00136197,
    0.0013538
  ],
  "COQ": [
    1.14165e-7,
    1.14395e-7
  ],
  "AVL": [
    0.02642113,
    0.02629996
  ],
  "FUEL": [
    0.00095855,
    0.00095836
  ],
  "NKN": [
    0.00912093,
    0.00917802
  ],
  "NAVX": [
    0.00877223,
    0.00870539
  ],
  "ROAM": [
    0.02022211,
    0.01969734
  ],
  "COS": [
    0.00123078,
    0.00122195
  ],
  "SOLV": [
    0.00439018,
    0.00417676
  ],
  "PIXEL": [
    0.00793287,
    0.00752585
  ],
  "OBT": [
    0.00103985,
    0.00103246
  ],
  "RSS3": [
    0.00558865,
    0.00568827
  ],
  "FWOG": [
    0.00507961,
    0.00508175
  ],
  "FHE": [
    0.01874925,
    0.01762306
  ],
  "DMC": [
    0.00068974,
    0.00069812
  ],
  "LYXE": [
    0.242413,
    0.243885
  ],
  "FORTH": [
    0.271888,
    0.271799
  ],
  "GEAR": [
    0.00029368,
    0.00028362
  ],
  "RDNT": [
    0.00217645,
    0.00212945
  ],
  "SAMO": [
    0.00041139,
    0.00042022
  ],
  "OAS": [
    0.00035665,
    0.00036107
  ],
  "HOOK": [
    0.00821339,
    0.00826178
  ],
  "PTB": [
    0.00101069,
    0.00103568
  ],
  "CUDIS": [
    0.00782114,
    0.00796863
  ],
  "PERP": [
    0.02621564,
    0.02695825
  ],
  "HIPPO": [
    0.00019416,
    0.00017765
  ],
  "FLM": [
    0.003013,
    0.00310293
  ],
  "EPT": [
    0.00075432,
    0.00075626
  ],
  "FIS": [
    0.01077677,
    0.01077925
  ],
  "GORK": [
    0.00152849,
    0.00143795
  ],
  "DATA": [
    0.00094293,
    0.00095604
  ],
  "SAROS": [
    0.00038332,
    0.00038847
  ],
  "INSP": [
    0.0010555,
    0.00102672
  ],
  "ACA": [
    0.00068821,
    0.00068881
  ],
  "DUCK": [
    0.00009259,
    0.00009045
  ],
  "FOXY": [
    0.00011901,
    0.00011772
  ],
  "A2Z": [
    0.00008278,
    0.00008
  ],
  "SWTCH": [
    0.0034305,
    0.00356334
  ],
  "RFC": [
    0.00056754,
    0.00057349
  ],
  "LOOKS": [
    0.00036267,
    0.00036501
  ],
  "BDXN": [
    0.00184535,
    0.00187942
  ],
  "MOONPIG": [
    0.00030012,
    0.00030304
  ],
  "ROOT": [
    0.0000614,
    0.0000619
  ],
  "CHILLGUY": [
    0.00007676,
    0.00007723
  ],
  "APU": [
    0.00003343,
    0.00003539
  ],
  "CHESS": [
    0.0001596,
    0.00015852
  ],
  "HOLO": [
    0.00001265,
    0.00001293
  ],
  "RATS": [
    0.0000373,
    0.00003672
  ],
  "GMMT": [
    0.00375726,
    0.00370674
  ],
  "ADB": [
    null,
    null
  ]
}