{
  "PUMP": [
    0.00180191,
    0.001806
  ],
  "SIREN": [
    0.801182,
    0.785688
  ],
  "STABLE": [
    0.02577499,
    0.02533583
  ],
  "MON": [
    0.03347829,
    0.03297825
  ],
  "AERO": [
    0.363065,
    0.360834
  ],
  "LIT": [
    1.076,
    1.078
  ],
  "JASMY": [
    0.0052677,
    0.00525361
  ],
  "CVX": [
    1.74,
    1.74
  ],
  "BAT": [
    0.095564,
    0.095497
  ],
  "SKYAI": [
    0.124749,
    0.128429
  ],
  "COW": [
    0.211994,
    0.212746
  ],
  "ATH": [
    0.00575376,
    0.00567892
  ],
  "BANANAS31": [
    0.01006491,
    0.01005017
  ],
  "TAG": [
    0.0008326,
    0.00086375
  ],
  "CHEEMS": [
    4.36097e-7,
    4.32682e-7
  ],
  "ONT": [
    0.083205,
    0.084278
  ],
  "BAN": [
    0.074454,
    0.078614
  ],
  "ARC": [
    0.074145,
    0.074735
  ],
  "CKB": [
    0.00149938,
    0.00152222
  ],
  "SAHARA": [
    0.02176121,
    0.02173062
  ],
  "POLYX": [
    0.04908472,
    0.04900048
  ],
  "NPC": [
    0.00745498,
    0.00751171
  ],
  "BEAT": [
    0.327227,
    0.363848
  ],
  "CSPR": [
    0.00293149,
    0.00294688
  ],
  "IOTX": [
    0.0045067,
    0.00448957
  ],
  "MYX": [
    0.223997,
    0.216488
  ],
  "MAGMA": [
    0.195886,
    0.196108
  ],
  "NOT": [
    0.00036439,
    0.00036074
  ],
  "ISLM": [
    0.01234674,
    0.01228409
  ],
  "SNEK": [
    0.00042065,
    0.00041868
  ],
  "DEP": [
    0.00112959,
    0.00113024
  ],
  "HUMA": [
    0.01713577,
    0.01723276
  ],
  "REZ": [
    0.00357744,
    0.00356857
  ],
  "MERL": [
    0.02426626,
    0.02412437
  ],
  "NYM": [
    0.03426468,
    0.03443166
  ],
  "GUN": [
    0.01633659,
    0.01617906
  ],
  "SPELL": [
    0.00015765,
    0.0001579
  ],
  "DEGEN": [
    0.0007199,
    0.00072015
  ],
  "ALLO": [
    0.10575,
    0.108549
  ],
  "NEIRO": [
    0.00005648,
    0.00005633
  ],
  "SATS": [
    1.0735e-8,
    1.0731e-8
  ],
  "CPOOL": [
    0.0233491,
    0.02280029
  ],
  "SLP": [
    0.00059998,
    0.00059909
  ],
  "CORN": [
    0.04055465,
    0.04049483
  ],
  "BOB": [
    0.00728928,
    0.00749588
  ],
  "LRC": [
    0.01611176,
    0.01604233
  ],
  "AURORA": [
    0.02681002,
    0.02687667
  ],
  "SWARMS": [
    0.01679038,
    0.01661031
  ],
  "GRIFFAIN": [
    0.01610176,
    0.01625801
  ],
  "L3": [
    0.01138215,
    0.0113371
  ],
  "BANK": [
    0.03609252,
    0.03712977
  ],
  "AIN": [
    0.082671,
    0.084432
  ],
  "DSYNC": [
    0.01554526,
    0.01559085
  ],
  "RESOLV": [
    0.0389615,
    0.0393904
  ],
  "DENT": [
    0.00015743,
    0.00015655
  ],
  "NEWT": [
    0.066283,
    0.066244
  ],
  "INIT": [
    0.077217,
    0.076629
  ],
  "NIL": [
    0.03287041,
    0.03275227
  ],
  "SONIC": [
    0.03482125,
    0.03462684
  ],
  "DAO": [
    0.04780071,
    0.0481712
  ],
  "PAAL": [
    0.01310015,
    0.01328127
  ],
  "MUBARAK": [
    0.01149182,
    0.01142414
  ],
  "IKA": [
    0.00371826,
    0.00371632
  ],
  "HONEY": [
    0.00191722,
    0.00191421
  ],
  "TLM": [
    0.00161138,
    0.00160016
  ],
  "TAI": [
    0.01671591,
    0.01682755
  ],
  "LAT": [
    0.00133595,
    0.00133634
  ],
  "HMSTR": [
    0.00014097,
    0.00014035
  ],
  "NKN": [
    0.01040266,
    0.01029202
  ],
  "AVL": [
    0.02753652,
    0.02692658
  ],
  "COQ": [
    1.11919e-7,
    1.12574e-7
  ],
  "ROAM": [
    0.02131367,
    0.02170406
  ],
  "FUEL": [
    0.00095806,
    0.00095972
  ],
  "NAVX": [
    0.00856723,
    0.00863673
  ],
  "SOLV": [
    0.0044873,
    0.00454303
  ],
  "COS": [
    0.00122173,
    0.00121309
  ],
  "PIXEL": [
    0.00717851,
    0.00713996
  ],
  "OBT": [
    0.0010458,
    0.00103223
  ],
  "RSS3": [
    0.00566618,
    0.00570755
  ],
  "FWOG": [
    0.00484691,
    0.00484868
  ],
  "DMC": [
    0.00069633,
    0.00070214
  ],
  "FHE": [
    0.01609481,
    0.01578291
  ],
  "LYXE": [
    0.246526,
    0.240292
  ],
  "FORTH": [
    0.269679,
    0.272662
  ],
  "GEAR": [
    0.0002747,
    0.00027455
  ],
  "RDNT": [
    0.00213556,
    0.00211226
  ],
  "SAMO": [
    0.00041375,
    0.00041463
  ],
  "HOOK": [
    0.00814481,
    0.0081493
  ],
  "OAS": [
    0.00036092,
    0.00035937
  ],
  "PERP": [
    0.02675647,
    0.02678225
  ],
  "CUDIS": [
    0.00780199,
    0.00784378
  ],
  "PTB": [
    0.00094019,
    0.00091917
  ],
  "HIPPO": [
    0.00019237,
    0.0001902
  ],
  "FIS": [
    0.01160949,
    0.01151423
  ],
  "EPT": [
    0.00074794,
    0.00074727
  ],
  "FLM": [
    0.00286309,
    0.0028661
  ],
  "GORK": [
    0.00146868,
    0.00146331
  ],
  "DATA": [
    0.00095782,
    0.000959
  ],
  "SAROS": [
    0.00038324,
    0.00038238
  ],
  "INSP": [
    0.00106982,
    0.00104713
  ],
  "ACA": [
    0.0007236,
    0.00070503
  ],
  "DUCK": [
    0.00009618,
    0.00009378
  ],
  "A2Z": [
    0.00008297,
    0.00008062
  ],
  "FOXY": [
    0.0001029,
    0.00010138
  ],
  "SWTCH": [
    0.00352766,
    0.00350995
  ],
  "RFC": [
    0.00055718,
    0.00057056
  ],
  "LOOKS": [
    0.00036369,
    0.00036601
  ],
  "BDXN": [
    0.0018447,
    0.0018476
  ],
  "MOONPIG": [
    0.00029584,
    0.00029997
  ],
  "ROOT": [
    0.00006181,
    0.00006612
  ],
  "CHILLGUY": [
    0.0000735,
    0.0000735
  ],
  "APU": [
    0.00003654,
    0.00003634
  ],
  "CHESS": [
    0.00015754,
    0.00015842
  ],
  "HOLO": [
    0.0000126,
    0.0000126
  ],
  "GMMT": [
    0.00375455,
    0.0037568
  ],
  "RATS": [
    0.0000358,
    0.00003753
  ],
  "ADB": [
    null,
    null
  ]
}