{
  "PUMP": [
    0.0017549,
    0.00176314
  ],
  "STABLE": [
    0.03377657,
    0.03385819
  ],
  "SIREN": [
    0.679833,
    0.674453
  ],
  "AERO": [
    0.45992,
    0.461133
  ],
  "MON": [
    0.03184873,
    0.03218111
  ],
  "JASMY": [
    0.00587856,
    0.00594049
  ],
  "LIT": [
    0.912045,
    0.913112
  ],
  "SKYAI": [
    0.186712,
    0.188676
  ],
  "CVX": [
    1.79,
    1.79
  ],
  "BAT": [
    0.105264,
    0.10581
  ],
  "CHEEMS": [
    5.87032e-7,
    5.89889e-7
  ],
  "ATH": [
    0.00598996,
    0.00604121
  ],
  "COW": [
    0.191793,
    0.192304
  ],
  "BANANAS31": [
    0.00957125,
    0.00962148
  ],
  "BAN": [
    0.083686,
    0.083073
  ],
  "CKB": [
    0.00163375,
    0.00162655
  ],
  "SAHARA": [
    0.02390145,
    0.02404616
  ],
  "BEAT": [
    0.566586,
    0.562576
  ],
  "TAG": [
    0.00067822,
    0.00068384
  ],
  "ONT": [
    0.072136,
    0.072113
  ],
  "NPC": [
    0.00851272,
    0.0085192
  ],
  "ARC": [
    0.068475,
    0.068566
  ],
  "POLYX": [
    0.05092,
    0.051172
  ],
  "MERL": [
    0.04104125,
    0.04148093
  ],
  "MYX": [
    0.259078,
    0.259241
  ],
  "CSPR": [
    0.00289317,
    0.00289211
  ],
  "IOTX": [
    0.00481116,
    0.00480175
  ],
  "NOT": [
    0.00042249,
    0.00042288
  ],
  "HUMA": [
    0.02408053,
    0.02411044
  ],
  "MAGMA": [
    0.204339,
    0.202327
  ],
  "NEIRO": [
    0.00008781,
    0.00008863
  ],
  "SNEK": [
    0.00048465,
    0.00048732
  ],
  "REZ": [
    0.00399916,
    0.0040126
  ],
  "SATS": [
    1.4713e-8,
    1.468e-8
  ],
  "ISLM": [
    0.01189788,
    0.011876
  ],
  "DEP": [
    0.00110869,
    0.00110542
  ],
  "SPELL": [
    0.000165,
    0.00016593
  ],
  "CPOOL": [
    0.02707815,
    0.02712754
  ],
  "SLP": [
    0.00072269,
    0.00072076
  ],
  "GUN": [
    0.01503548,
    0.01500656
  ],
  "ALLO": [
    0.11391,
    0.114374
  ],
  "DEGEN": [
    0.00068355,
    0.0006838
  ],
  "NYM": [
    0.02947078,
    0.02948864
  ],
  "INIT": [
    0.08958,
    0.089694
  ],
  "LRC": [
    0.01708193,
    0.01710467
  ],
  "CORN": [
    0.04009965,
    0.04014955
  ],
  "NIL": [
    0.04400545,
    0.04459159
  ],
  "AURORA": [
    0.02774498,
    0.02778734
  ],
  "SWARMS": [
    0.01859633,
    0.01860887
  ],
  "GRIFFAIN": [
    0.01749763,
    0.01749757
  ],
  "NEWT": [
    0.080539,
    0.080909
  ],
  "L3": [
    0.01113323,
    0.0112124
  ],
  "BOB": [
    0.00580674,
    0.00578043
  ],
  "AIN": [
    0.078749,
    0.080697
  ],
  "BANK": [
    0.03397939,
    0.0342245
  ],
  "DSYNC": [
    0.01410217,
    0.01419012
  ],
  "SONIC": [
    0.03865146,
    0.03864301
  ],
  "MUBARAK": [
    0.01359695,
    0.01362611
  ],
  "TLM": [
    0.00187762,
    0.00187433
  ],
  "HONEY": [
    0.0020695,
    0.00206948
  ],
  "PAAL": [
    0.01272486,
    0.01272543
  ],
  "RESOLV": [
    0.0292465,
    0.02947867
  ],
  "DAO": [
    0.04522458,
    0.04474511
  ],
  "IKA": [
    0.00371848,
    0.00372807
  ],
  "HMSTR": [
    0.00015668,
    0.00015752
  ],
  "COQ": [
    1.43386e-7,
    1.4352e-7
  ],
  "TAI": [
    0.01658973,
    0.0165812
  ],
  "LAT": [
    0.00132747,
    0.00133352
  ],
  "AVL": [
    0.0267868,
    0.02648599
  ],
  "FUEL": [
    0.00093153,
    0.00093263
  ],
  "NAVX": [
    0.00882584,
    0.00882604
  ],
  "NKN": [
    0.00848381,
    0.0084648
  ],
  "PIXEL": [
    0.00837445,
    0.00837446
  ],
  "COS": [
    0.00117575,
    0.00117715
  ],
  "SOLV": [
    0.00411718,
    0.00411232
  ],
  "OBT": [
    0.00103815,
    0.00103716
  ],
  "DENT": [
    0.00005955,
    0.00005993
  ],
  "ROAM": [
    0.01575497,
    0.0162405
  ],
  "RSS3": [
    0.00576973,
    0.00582824
  ],
  "FWOG": [
    0.00482846,
    0.00490276
  ],
  "DMC": [
    0.00070881,
    0.00070699
  ],
  "FHE": [
    0.01787858,
    0.01800072
  ],
  "OAS": [
    0.0005801,
    0.00058481
  ],
  "LYXE": [
    0.243751,
    0.245818
  ],
  "FORTH": [
    0.243329,
    0.245321
  ],
  "HOOK": [
    0.00841324,
    0.00841193
  ],
  "RDNT": [
    0.00188317,
    0.00186295
  ],
  "GEAR": [
    0.00022884,
    0.00023078
  ],
  "SAMO": [
    0.00038316,
    0.00038204
  ],
  "CUDIS": [
    0.00794088,
    0.00798961
  ],
  "PERP": [
    0.0265562,
    0.02637454
  ],
  "EPT": [
    0.00073494,
    0.00074394
  ],
  "PTB": [
    0.00081042,
    0.00081687
  ],
  "FIS": [
    0.01074161,
    0.01072067
  ],
  "HIPPO": [
    0.0001614,
    0.00016102
  ],
  "FLM": [
    0.00272045,
    0.00272438
  ],
  "GORK": [
    0.00151957,
    0.00152226
  ],
  "SAROS": [
    0.00050866,
    0.0005093
  ],
  "DATA": [
    0.0007489,
    0.00073992
  ],
  "INSP": [
    0.00107333,
    0.00106985
  ],
  "ACA": [
    0.00067927,
    0.00067
  ],
  "FOXY": [
    0.00012007,
    0.00011918
  ],
  "A2Z": [
    0.00006925,
    0.00007056
  ],
  "RFC": [
    0.00059356,
    0.00058812
  ],
  "SWTCH": [
    0.00339919,
    0.00343503
  ],
  "DUCK": [
    0.00007024,
    0.00006998
  ],
  "LOOKS": [
    0.00036577,
    0.00036593
  ],
  "MOONPIG": [
    0.00029509,
    0.00029612
  ],
  "BDXN": [
    0.00150785,
    0.0015008
  ],
  "ROOT": [
    0.00005903,
    0.00005901
  ],
  "CHILLGUY": [
    0.00013868,
    0.0001398
  ],
  "APU": [
    0.00004422,
    0.00004441
  ],
  "CHESS": [
    0.00016952,
    0.00016954
  ],
  "HOLO": [
    0.00001228,
    0.00001228
  ],
  "GMMT": [
    0.00266302,
    0.00266629
  ],
  "RATS": [
    0.00003666,
    0.00003706
  ],
  "ADB": [
    null,
    null
  ]
}