{
  "PUMP": [
    0.00171168,
    0.00170893
  ],
  "SIREN": [
    0.734166,
    0.774673
  ],
  "STABLE": [
    0.02639205,
    0.02627978
  ],
  "AERO": [
    0.317953,
    0.318688
  ],
  "JASMY": [
    0.00531047,
    0.00537099
  ],
  "MON": [
    0.02214535,
    0.02220903
  ],
  "LIT": [
    0.865854,
    0.895453
  ],
  "CVX": [
    1.69,
    1.68
  ],
  "BAT": [
    0.095703,
    0.095196
  ],
  "BANANAS31": [
    0.01324443,
    0.01345824
  ],
  "ATH": [
    0.00723084,
    0.00720677
  ],
  "COW": [
    0.199298,
    0.195767
  ],
  "CHEEMS": [
    4.26063e-7,
    4.25188e-7
  ],
  "SAHARA": [
    0.0253418,
    0.02519896
  ],
  "BEAT": [
    0.522284,
    0.52926
  ],
  "CKB": [
    0.00137334,
    0.00137968
  ],
  "TAG": [
    0.00058516,
    0.00058764
  ],
  "SKYAI": [
    0.064448,
    0.063963
  ],
  "NPC": [
    0.00741202,
    0.00747343
  ],
  "BAN": [
    0.056393,
    0.056627
  ],
  "POLYX": [
    0.04428043,
    0.04437565
  ],
  "CSPR": [
    0.00316778,
    0.00321738
  ],
  "ONT": [
    0.051239,
    0.050856
  ],
  "MYX": [
    0.249177,
    0.244681
  ],
  "IOTX": [
    0.00472682,
    0.00466323
  ],
  "ARC": [
    0.04136472,
    0.04369082
  ],
  "NOT": [
    0.0003526,
    0.00034975
  ],
  "ISLM": [
    0.01309603,
    0.01305489
  ],
  "SNEK": [
    0.00043866,
    0.00043895
  ],
  "DEP": [
    0.00115018,
    0.00115051
  ],
  "MERL": [
    0.02467817,
    0.025078
  ],
  "GUN": [
    0.01805242,
    0.01796476
  ],
  "LRC": [
    0.02262473,
    0.02268063
  ],
  "SPELL": [
    0.0001632,
    0.00016344
  ],
  "HUMA": [
    0.0159446,
    0.01566596
  ],
  "NYM": [
    0.03239751,
    0.03235018
  ],
  "REZ": [
    0.00337483,
    0.00328982
  ],
  "DEGEN": [
    0.00069404,
    0.00069063
  ],
  "CORN": [
    0.04688516,
    0.04687939
  ],
  "ALLO": [
    0.111596,
    0.110118
  ],
  "CPOOL": [
    0.02519657,
    0.02491685
  ],
  "NEIRO": [
    0.00005599,
    0.00005624
  ],
  "MAGMA": [
    0.129908,
    0.122118
  ],
  "SATS": [
    1.0697e-8,
    1.0632e-8
  ],
  "SLP": [
    0.00058805,
    0.00058652
  ],
  "AURORA": [
    0.0281343,
    0.02811819
  ],
  "DENT": [
    0.00020519,
    0.00020206
  ],
  "BANK": [
    0.04134824,
    0.04130349
  ],
  "DAO": [
    0.069229,
    0.066936
  ],
  "DSYNC": [
    0.01682928,
    0.01676473
  ],
  "RESOLV": [
    0.04048774,
    0.04104142
  ],
  "BOB": [
    0.00583719,
    0.0058016
  ],
  "NEWT": [
    0.071281,
    0.072078
  ],
  "INIT": [
    0.080088,
    0.079893
  ],
  "ROAM": [
    0.04088322,
    0.0416912
  ],
  "SONIC": [
    0.03870844,
    0.03878281
  ],
  "NIL": [
    0.03285072,
    0.03231734
  ],
  "HONEY": [
    0.00237682,
    0.00235509
  ],
  "L3": [
    0.0096196,
    0.00979462
  ],
  "PAAL": [
    0.01437268,
    0.01427198
  ],
  "MUBARAK": [
    0.0112999,
    0.01144302
  ],
  "AIN": [
    0.058452,
    0.058954
  ],
  "GRIFFAIN": [
    0.01059746,
    0.01079476
  ],
  "TLM": [
    0.00169143,
    0.00164864
  ],
  "NKN": [
    0.01371471,
    0.01288701
  ],
  "IKA": [
    0.00337599,
    0.00338341
  ],
  "TAI": [
    0.01559533,
    0.01559636
  ],
  "LAT": [
    0.00129205,
    0.0012984
  ],
  "SWARMS": [
    0.00893343,
    0.00890421
  ],
  "HMSTR": [
    0.00013551,
    0.00013457
  ],
  "COS": [
    0.0015666,
    0.00156621
  ],
  "FUEL": [
    0.00106232,
    0.00106238
  ],
  "DUCK": [
    0.00108058,
    0.00107871
  ],
  "PIXEL": [
    0.00936027,
    0.00975288
  ],
  "AVL": [
    0.02645123,
    0.02687095
  ],
  "NAVX": [
    0.0086894,
    0.0086342
  ],
  "COQ": [
    9.4744e-8,
    9.4554e-8
  ],
  "OBT": [
    0.00109388,
    0.00112314
  ],
  "RDNT": [
    0.00420839,
    0.00423047
  ],
  "HIPPO": [
    0.00051464,
    0.00051274
  ],
  "RSS3": [
    0.00576186,
    0.00572805
  ],
  "SOLV": [
    0.00317908,
    0.00317718
  ],
  "FWOG": [
    0.00479975,
    0.0048176
  ],
  "DMC": [
    0.00076439,
    0.0007353
  ],
  "LYXE": [
    0.282283,
    0.282283
  ],
  "FHE": [
    0.01758968,
    0.01750449
  ],
  "FORTH": [
    0.363562,
    0.364167
  ],
  "PTB": [
    0.00196511,
    0.00180293
  ],
  "GEAR": [
    0.00029806,
    0.00030065
  ],
  "HOOK": [
    0.00947727,
    0.00945036
  ],
  "FIS": [
    0.01569577,
    0.01540348
  ],
  "SAMO": [
    0.00040233,
    0.00040336
  ],
  "OAS": [
    0.00032504,
    0.00032958
  ],
  "PERP": [
    0.02884758,
    0.02895975
  ],
  "A2Z": [
    0.00024399,
    0.0002496
  ],
  "CUDIS": [
    0.0080844,
    0.00793649
  ],
  "EPT": [
    0.00080916,
    0.00080391
  ],
  "FLM": [
    0.00276909,
    0.0027416
  ],
  "GORK": [
    0.00137636,
    0.00149375
  ],
  "SAROS": [
    0.00054152,
    0.00053877
  ],
  "DATA": [
    0.00102784,
    0.00102457
  ],
  "INSP": [
    0.00128071,
    0.00124972
  ],
  "ACA": [
    0.00079938,
    0.00082791
  ],
  "FOXY": [
    0.00012478,
    0.00012526
  ],
  "SWTCH": [
    0.00480745,
    0.00338324
  ],
  "RFC": [
    0.00052979,
    0.00051979
  ],
  "BDXN": [
    0.00246167,
    0.00248533
  ],
  "LOOKS": [
    0.00041216,
    0.00038683
  ],
  "CHESS": [
    0.00155733,
    0.00148519
  ],
  "MOONPIG": [
    0.00031266,
    0.00030968
  ],
  "ROOT": [
    0.00007095,
    0.00007092
  ],
  "CHILLGUY": [
    0.00006175,
    0.00006193
  ],
  "APU": [
    0.00003212,
    0.00003215
  ],
  "HOLO": [
    0.0000129,
    0.00001288
  ],
  "GMMT": [
    0.00328917,
    0.00328995
  ],
  "RATS": [
    0.00006167,
    0.00005882
  ],
  "ADB": [
    null,
    null
  ]
}