{
  "PUMP": [
    0.00183893,
    0.00184783
  ],
  "STABLE": [
    0.02703021,
    0.02668664
  ],
  "SIREN": [
    0.717689,
    0.733733
  ],
  "MON": [
    0.03502696,
    0.0353329
  ],
  "AERO": [
    0.377495,
    0.378406
  ],
  "LIT": [
    1.13,
    1.15
  ],
  "JASMY": [
    0.00538004,
    0.00542053
  ],
  "CVX": [
    1.79,
    1.8
  ],
  "BAT": [
    0.09995,
    0.100314
  ],
  "COW": [
    0.21914,
    0.219586
  ],
  "ATH": [
    0.00603666,
    0.0060701
  ],
  "BANANAS31": [
    0.00954713,
    0.00959143
  ],
  "CHEEMS": [
    4.65933e-7,
    4.68985e-7
  ],
  "ONT": [
    0.080184,
    0.079229
  ],
  "SKYAI": [
    0.071923,
    0.073373
  ],
  "ARC": [
    0.073686,
    0.071658
  ],
  "CKB": [
    0.00145393,
    0.00147054
  ],
  "SAHARA": [
    0.02256838,
    0.02255685
  ],
  "POLYX": [
    0.05025,
    0.050526
  ],
  "TAG": [
    0.00058163,
    0.00058318
  ],
  "NPC": [
    0.0075825,
    0.00774366
  ],
  "BAN": [
    0.057913,
    0.057542
  ],
  "CSPR": [
    0.00304361,
    0.00323652
  ],
  "MYX": [
    0.232844,
    0.238797
  ],
  "IOTX": [
    0.00469712,
    0.00467986
  ],
  "MAGMA": [
    0.241977,
    0.225484
  ],
  "BEAT": [
    0.30325,
    0.293838
  ],
  "NOT": [
    0.00035947,
    0.00036896
  ],
  "SNEK": [
    0.00043778,
    0.00045706
  ],
  "DEP": [
    0.00112909,
    0.00112914
  ],
  "REZ": [
    0.003712,
    0.00374146
  ],
  "MERL": [
    0.02593587,
    0.02546834
  ],
  "ISLM": [
    0.01168792,
    0.01175163
  ],
  "NYM": [
    0.0353253,
    0.03523413
  ],
  "GUN": [
    0.01671848,
    0.01655121
  ],
  "DEGEN": [
    0.00074555,
    0.00075642
  ],
  "SPELL": [
    0.00016031,
    0.00016012
  ],
  "HUMA": [
    0.0155927,
    0.01542021
  ],
  "NEIRO": [
    0.00005904,
    0.00005993
  ],
  "CPOOL": [
    0.02455571,
    0.02490639
  ],
  "SATS": [
    1.0915e-8,
    1.1011e-8
  ],
  "ALLO": [
    0.10137,
    0.10116
  ],
  "SLP": [
    0.0006083,
    0.00060559
  ],
  "CORN": [
    0.04056543,
    0.04056514
  ],
  "LRC": [
    0.0168556,
    0.01694488
  ],
  "BOB": [
    0.00702405,
    0.00704803
  ],
  "AURORA": [
    0.02796711,
    0.02800867
  ],
  "L3": [
    0.01227598,
    0.0123679
  ],
  "SWARMS": [
    0.01746004,
    0.01741338
  ],
  "GRIFFAIN": [
    0.01631202,
    0.01662278
  ],
  "DSYNC": [
    0.01626957,
    0.01631344
  ],
  "DENT": [
    0.0001628,
    0.00016249
  ],
  "RESOLV": [
    0.03977017,
    0.03975326
  ],
  "INIT": [
    0.081312,
    0.08141
  ],
  "NIL": [
    0.03444338,
    0.0349133
  ],
  "NEWT": [
    0.068024,
    0.068396
  ],
  "BANK": [
    0.03325825,
    0.03346022
  ],
  "SONIC": [
    0.03568233,
    0.03594509
  ],
  "DAO": [
    0.050263,
    0.05071
  ],
  "PAAL": [
    0.01349537,
    0.01400596
  ],
  "MUBARAK": [
    0.01155397,
    0.01181696
  ],
  "IKA": [
    0.00378992,
    0.00378582
  ],
  "HONEY": [
    0.00190645,
    0.00190853
  ],
  "AIN": [
    0.057582,
    0.057994
  ],
  "TLM": [
    0.00162969,
    0.00163934
  ],
  "TAI": [
    0.01747038,
    0.01748578
  ],
  "HMSTR": [
    0.00014375,
    0.00014348
  ],
  "LAT": [
    0.00132861,
    0.00133131
  ],
  "AVL": [
    0.02953672,
    0.02915437
  ],
  "COQ": [
    1.12686e-7,
    1.16326e-7
  ],
  "ROAM": [
    0.02242694,
    0.02240755
  ],
  "FUEL": [
    0.00096597,
    0.00096536
  ],
  "NAVX": [
    0.00872099,
    0.00872692
  ],
  "COS": [
    0.00122872,
    0.00122524
  ],
  "SOLV": [
    0.00427235,
    0.00411504
  ],
  "NKN": [
    0.00752549,
    0.00741308
  ],
  "PIXEL": [
    0.00727424,
    0.00733808
  ],
  "OBT": [
    0.00105523,
    0.00105174
  ],
  "RSS3": [
    0.00567989,
    0.00565503
  ],
  "FWOG": [
    0.00525373,
    0.00505128
  ],
  "DMC": [
    0.00070887,
    0.00071108
  ],
  "FHE": [
    0.01664452,
    0.01632196
  ],
  "LYXE": [
    0.246131,
    0.246526
  ],
  "RDNT": [
    0.00230738,
    0.00228805
  ],
  "FORTH": [
    0.270972,
    0.273293
  ],
  "GEAR": [
    0.00028393,
    0.00028175
  ],
  "SAMO": [
    0.00041625,
    0.00041692
  ],
  "OAS": [
    0.00036749,
    0.00036557
  ],
  "HOOK": [
    0.00822389,
    0.00824768
  ],
  "HIPPO": [
    0.00021698,
    0.00021722
  ],
  "PTB": [
    0.00099994,
    0.00099728
  ],
  "PERP": [
    0.0284762,
    0.02810083
  ],
  "CUDIS": [
    0.00785407,
    0.00785777
  ],
  "FIS": [
    0.01181712,
    0.0118802
  ],
  "EPT": [
    0.00074519,
    0.00074684
  ],
  "FLM": [
    0.00293742,
    0.00294072
  ],
  "GORK": [
    0.00148471,
    0.00157914
  ],
  "DATA": [
    0.00099936,
    0.00099724
  ],
  "SAROS": [
    0.00038655,
    0.00038605
  ],
  "ACA": [
    0.00079345,
    0.00076288
  ],
  "INSP": [
    0.00110888,
    0.00111104
  ],
  "DUCK": [
    0.00010259,
    0.00010057
  ],
  "A2Z": [
    0.0000902,
    0.00008909
  ],
  "FOXY": [
    0.00012616,
    0.00012451
  ],
  "SWTCH": [
    0.00368576,
    0.00375246
  ],
  "RFC": [
    0.0005521,
    0.00055281
  ],
  "LOOKS": [
    0.00035858,
    0.00035974
  ],
  "MOONPIG": [
    0.000305,
    0.000308
  ],
  "BDXN": [
    0.00181776,
    0.00182253
  ],
  "ROOT": [
    0.0000592,
    0.0000593
  ],
  "CHILLGUY": [
    0.00007343,
    0.00007367
  ],
  "APU": [
    0.00003322,
    0.00003331
  ],
  "CHESS": [
    0.0001446,
    0.00014412
  ],
  "HOLO": [
    0.00001254,
    0.00001254
  ],
  "GMMT": [
    0.00385216,
    0.00391568
  ],
  "RATS": [
    0.00003672,
    0.00003704
  ],
  "ADB": [
    null,
    null
  ]
}