{
  "PUMP": [
    0.00163702,
    0.0016387
  ],
  "SIREN": [
    1.12,
    0.984814
  ],
  "STABLE": [
    0.02362703,
    0.02261277
  ],
  "AERO": [
    0.310917,
    0.313799
  ],
  "JASMY": [
    0.00525417,
    0.00527374
  ],
  "MON": [
    0.02287654,
    0.02331316
  ],
  "LIT": [
    0.79688,
    0.82455
  ],
  "CVX": [
    1.73,
    1.73
  ],
  "BAT": [
    0.09385,
    0.094681
  ],
  "BANANAS31": [
    0.01313317,
    0.01321543
  ],
  "ATH": [
    0.00664745,
    0.00674721
  ],
  "COW": [
    0.199583,
    0.200481
  ],
  "CHEEMS": [
    4.23549e-7,
    4.24075e-7
  ],
  "SAHARA": [
    0.02303167,
    0.02310567
  ],
  "ONT": [
    0.077143,
    0.074533
  ],
  "BEAT": [
    0.468326,
    0.496182
  ],
  "CKB": [
    0.00135046,
    0.00136534
  ],
  "TAG": [
    0.00057917,
    0.00057377
  ],
  "SKYAI": [
    0.061711,
    0.061071
  ],
  "BAN": [
    0.060651,
    0.060458
  ],
  "NPC": [
    0.00709501,
    0.0074369
  ],
  "POLYX": [
    0.04661279,
    0.0464035
  ],
  "ARC": [
    0.051751,
    0.050903
  ],
  "CSPR": [
    0.0031196,
    0.00313755
  ],
  "MYX": [
    0.239309,
    0.229408
  ],
  "IOTX": [
    0.00466829,
    0.00465477
  ],
  "ISLM": [
    0.01387731,
    0.01376893
  ],
  "NOT": [
    0.00035419,
    0.00035363
  ],
  "DEP": [
    0.00116073,
    0.00115802
  ],
  "SNEK": [
    0.00040692,
    0.00040675
  ],
  "MERL": [
    0.0244209,
    0.02391296
  ],
  "SPELL": [
    0.00016305,
    0.00016308
  ],
  "GUN": [
    0.01735451,
    0.01696626
  ],
  "NYM": [
    0.03352856,
    0.03331856
  ],
  "REZ": [
    0.00331343,
    0.00330516
  ],
  "HUMA": [
    0.01415207,
    0.01462856
  ],
  "DEGEN": [
    0.00067147,
    0.00067569
  ],
  "LRC": [
    0.01951033,
    0.01944068
  ],
  "CORN": [
    0.04600331,
    0.0460246
  ],
  "NEIRO": [
    0.0000562,
    0.00005619
  ],
  "MAGMA": [
    0.125517,
    0.122311
  ],
  "ALLO": [
    0.105485,
    0.104178
  ],
  "SATS": [
    1.0599e-8,
    1.0716e-8
  ],
  "SLP": [
    0.00057591,
    0.00057899
  ],
  "CPOOL": [
    0.02153781,
    0.02168911
  ],
  "AURORA": [
    0.02652879,
    0.02646341
  ],
  "DENT": [
    0.00017797,
    0.00017724
  ],
  "BANK": [
    0.03893869,
    0.038309
  ],
  "RESOLV": [
    0.04197046,
    0.04104435
  ],
  "DSYNC": [
    0.01595889,
    0.01570966
  ],
  "NEWT": [
    0.067907,
    0.068033
  ],
  "BOB": [
    0.00537011,
    0.00533499
  ],
  "NIL": [
    0.03393458,
    0.03287264
  ],
  "INIT": [
    0.076397,
    0.075803
  ],
  "SONIC": [
    0.0380006,
    0.03806545
  ],
  "ROAM": [
    0.03949317,
    0.03911563
  ],
  "PAAL": [
    0.01457797,
    0.01459055
  ],
  "L3": [
    0.0094207,
    0.0093454
  ],
  "HONEY": [
    0.00207192,
    0.00206563
  ],
  "DAO": [
    0.04578206,
    0.0474793
  ],
  "MUBARAK": [
    0.01128066,
    0.01130105
  ],
  "GRIFFAIN": [
    0.01098895,
    0.01090034
  ],
  "AIN": [
    0.05717,
    0.056471
  ],
  "TLM": [
    0.00158363,
    0.00157594
  ],
  "NKN": [
    0.01305632,
    0.01268079
  ],
  "IKA": [
    0.0032118,
    0.00335562
  ],
  "TAI": [
    0.01628308,
    0.01613577
  ],
  "SWARMS": [
    0.00942256,
    0.00930504
  ],
  "LAT": [
    0.00131111,
    0.00131088
  ],
  "HMSTR": [
    0.00013169,
    0.00013207
  ],
  "NAVX": [
    0.00879212,
    0.00897159
  ],
  "FUEL": [
    0.00095977,
    0.00093949
  ],
  "AVL": [
    0.0260089,
    0.02582412
  ],
  "COS": [
    0.00135082,
    0.00131886
  ],
  "COQ": [
    9.5267e-8,
    9.4974e-8
  ],
  "PIXEL": [
    0.00797285,
    0.00804188
  ],
  "DUCK": [
    0.00088239,
    0.0008321
  ],
  "HIPPO": [
    0.00053738,
    0.00053174
  ],
  "RDNT": [
    0.00391066,
    0.003978
  ],
  "OBT": [
    0.00100879,
    0.00093936
  ],
  "RSS3": [
    0.00555071,
    0.00549213
  ],
  "FWOG": [
    0.00488181,
    0.00489123
  ],
  "FHE": [
    0.01890774,
    0.01872538
  ],
  "SOLV": [
    0.0031311,
    0.0031457
  ],
  "DMC": [
    0.00077384,
    0.00074548
  ],
  "LYXE": [
    0.28024,
    0.28024
  ],
  "FORTH": [
    0.349516,
    0.333912
  ],
  "GEAR": [
    0.00028925,
    0.00029154
  ],
  "OAS": [
    0.00037459,
    0.00037132
  ],
  "SAMO": [
    0.00040097,
    0.00039683
  ],
  "FIS": [
    0.01384135,
    0.01411807
  ],
  "PERP": [
    0.02883593,
    0.02947155
  ],
  "PTB": [
    0.00099213,
    0.00100202
  ],
  "HOOK": [
    0.00837355,
    0.00721815
  ],
  "CUDIS": [
    0.00798495,
    0.00810748
  ],
  "EPT": [
    0.00072455,
    0.0007204
  ],
  "FLM": [
    0.00270401,
    0.00274581
  ],
  "GORK": [
    0.00150208,
    0.0014771
  ],
  "SAROS": [
    0.00056324,
    0.00056357
  ],
  "A2Z": [
    0.00017084,
    0.00015582
  ],
  "DATA": [
    0.00099446,
    0.00099515
  ],
  "INSP": [
    0.00136924,
    0.00138522
  ],
  "ACA": [
    0.00080901,
    0.0007524
  ],
  "SWTCH": [
    0.00466958,
    0.00465308
  ],
  "FOXY": [
    0.00011949,
    0.00012092
  ],
  "RFC": [
    0.00054922,
    0.00053618
  ],
  "LOOKS": [
    0.00039993,
    0.00041602
  ],
  "BDXN": [
    0.00230453,
    0.00220319
  ],
  "MOONPIG": [
    0.00029181,
    0.00030446
  ],
  "CHESS": [
    0.00137856,
    0.00138423
  ],
  "ROOT": [
    0.00006093,
    0.00005895
  ],
  "CHILLGUY": [
    0.00006699,
    0.00006699
  ],
  "APU": [
    0.0000302,
    0.00003069
  ],
  "HOLO": [
    0.00001312,
    0.00001242
  ],
  "RATS": [
    0.00004217,
    0.00004169
  ],
  "GMMT": [
    0.00373985,
    0.00374748
  ],
  "ADB": [
    null,
    null
  ]
}