{
  "PUMP": [
    0.00185551,
    0.00182169
  ],
  "STABLE": [
    0.02661869,
    0.02633364
  ],
  "SIREN": [
    0.713123,
    0.737984
  ],
  "MON": [
    0.03523461,
    0.03558333
  ],
  "AERO": [
    0.379715,
    0.388494
  ],
  "LIT": [
    1.14,
    1.15
  ],
  "JASMY": [
    0.00537515,
    0.0053235
  ],
  "CVX": [
    1.78,
    1.78
  ],
  "BAT": [
    0.099465,
    0.097859
  ],
  "COW": [
    0.218464,
    0.224108
  ],
  "ATH": [
    0.00605772,
    0.00600808
  ],
  "BANANAS31": [
    0.00973234,
    0.01007363
  ],
  "CHEEMS": [
    4.64292e-7,
    4.5422e-7
  ],
  "ONT": [
    0.079067,
    0.089148
  ],
  "SKYAI": [
    0.072106,
    0.077116
  ],
  "ARC": [
    0.071226,
    0.073737
  ],
  "CKB": [
    0.00146141,
    0.00148035
  ],
  "SAHARA": [
    0.0224366,
    0.02190275
  ],
  "TAG": [
    0.00058052,
    0.00060886
  ],
  "POLYX": [
    0.050318,
    0.04959002
  ],
  "NPC": [
    0.00788629,
    0.00776016
  ],
  "BAN": [
    0.058596,
    0.058483
  ],
  "CSPR": [
    0.00307008,
    0.00303388
  ],
  "MYX": [
    0.241184,
    0.234855
  ],
  "IOTX": [
    0.00468683,
    0.00464338
  ],
  "MAGMA": [
    0.215998,
    0.228699
  ],
  "BEAT": [
    0.303514,
    0.296792
  ],
  "NOT": [
    0.00036613,
    0.00036197
  ],
  "SNEK": [
    0.00045305,
    0.00044946
  ],
  "ISLM": [
    0.01165085,
    0.0123869
  ],
  "DEP": [
    0.0011286,
    0.00112811
  ],
  "REZ": [
    0.00375329,
    0.0037757
  ],
  "MERL": [
    0.02557246,
    0.02558313
  ],
  "NYM": [
    0.03523619,
    0.03489959
  ],
  "GUN": [
    0.01636085,
    0.01610698
  ],
  "DEGEN": [
    0.00076186,
    0.00073933
  ],
  "SPELL": [
    0.00015981,
    0.00015862
  ],
  "HUMA": [
    0.01546931,
    0.01529071
  ],
  "NEIRO": [
    0.00005972,
    0.00005873
  ],
  "CPOOL": [
    0.02454163,
    0.02391942
  ],
  "SATS": [
    1.1008e-8,
    1.0883e-8
  ],
  "ALLO": [
    0.09912,
    0.101107
  ],
  "CORN": [
    0.04041734,
    0.041076
  ],
  "SLP": [
    0.00060262,
    0.00059237
  ],
  "LRC": [
    0.01686453,
    0.01665647
  ],
  "AURORA": [
    0.02775836,
    0.02764998
  ],
  "BOB": [
    0.00683745,
    0.00677911
  ],
  "L3": [
    0.01274118,
    0.01254803
  ],
  "SWARMS": [
    0.0174648,
    0.01731339
  ],
  "GRIFFAIN": [
    0.01651586,
    0.01673953
  ],
  "DSYNC": [
    0.01618503,
    0.01615427
  ],
  "DENT": [
    0.00016241,
    0.00016242
  ],
  "INIT": [
    0.083451,
    0.082176
  ],
  "RESOLV": [
    0.03877142,
    0.03881181
  ],
  "NEWT": [
    0.068754,
    0.06851
  ],
  "NIL": [
    0.03425749,
    0.03397096
  ],
  "BANK": [
    0.03351655,
    0.032974
  ],
  "SONIC": [
    0.03592517,
    0.03543514
  ],
  "DAO": [
    0.050476,
    0.04973924
  ],
  "PAAL": [
    0.01399721,
    0.01373891
  ],
  "MUBARAK": [
    0.01210353,
    0.0120248
  ],
  "IKA": [
    0.00396198,
    0.00370509
  ],
  "AIN": [
    0.058878,
    0.058735
  ],
  "HONEY": [
    0.00189796,
    0.00186566
  ],
  "TLM": [
    0.00163223,
    0.0016119
  ],
  "TAI": [
    0.01744352,
    0.01729889
  ],
  "HMSTR": [
    0.00014455,
    0.00014286
  ],
  "LAT": [
    0.00132604,
    0.00133081
  ],
  "AVL": [
    0.0293427,
    0.02966971
  ],
  "COQ": [
    1.15075e-7,
    1.12363e-7
  ],
  "ROAM": [
    0.0231324,
    0.02173789
  ],
  "FUEL": [
    0.00096301,
    0.00095826
  ],
  "NAVX": [
    0.00873816,
    0.00871798
  ],
  "COS": [
    0.00123171,
    0.00122189
  ],
  "SOLV": [
    0.00409199,
    0.00411208
  ],
  "NKN": [
    0.00758919,
    0.00753511
  ],
  "OBT": [
    0.00104456,
    0.00106512
  ],
  "PIXEL": [
    0.00728689,
    0.00704843
  ],
  "RSS3": [
    0.00562968,
    0.00556037
  ],
  "FWOG": [
    0.00499106,
    0.00502654
  ],
  "DMC": [
    0.00070525,
    0.00070367
  ],
  "FHE": [
    0.01624461,
    0.01605874
  ],
  "LYXE": [
    0.246526,
    0.246526
  ],
  "RDNT": [
    0.00231049,
    0.00229966
  ],
  "FORTH": [
    0.272307,
    0.27171
  ],
  "GEAR": [
    0.00028885,
    0.00028743
  ],
  "HOOK": [
    0.00837888,
    0.00830321
  ],
  "SAMO": [
    0.00041937,
    0.00041629
  ],
  "OAS": [
    0.00036221,
    0.00036419
  ],
  "HIPPO": [
    0.00020886,
    0.00020949
  ],
  "PTB": [
    0.00097387,
    0.00098738
  ],
  "PERP": [
    0.02759589,
    0.02745876
  ],
  "CUDIS": [
    0.00783209,
    0.00787131
  ],
  "FIS": [
    0.01196251,
    0.01185831
  ],
  "EPT": [
    0.00075541,
    0.00075334
  ],
  "FLM": [
    0.00290575,
    0.00298054
  ],
  "GORK": [
    0.00176299,
    0.00168087
  ],
  "DATA": [
    0.00097983,
    0.00097575
  ],
  "SAROS": [
    0.00038334,
    0.0003824
  ],
  "INSP": [
    0.0011119,
    0.00109785
  ],
  "DUCK": [
    0.00010482,
    0.00011134
  ],
  "ACA": [
    0.0007527,
    0.00073433
  ],
  "A2Z": [
    0.00008678,
    0.00008855
  ],
  "FOXY": [
    0.00011183,
    0.00011995
  ],
  "SWTCH": [
    0.00375173,
    0.00387999
  ],
  "RFC": [
    0.0005527,
    0.00055314
  ],
  "LOOKS": [
    0.000361,
    0.00036449
  ],
  "MOONPIG": [
    0.00030306,
    0.00029985
  ],
  "BDXN": [
    0.00181976,
    0.0018039
  ],
  "ROOT": [
    0.000062,
    0.00005931
  ],
  "CHILLGUY": [
    0.00007344,
    0.0000735
  ],
  "APU": [
    0.00003621,
    0.0000369
  ],
  "CHESS": [
    0.00014447,
    0.00014341
  ],
  "HOLO": [
    0.00001254,
    0.00001254
  ],
  "GMMT": [
    0.00392212,
    0.00388115
  ],
  "RATS": [
    0.00003646,
    0.00003741
  ],
  "ADB": [
    null,
    null
  ]
}