{
  "AERO": [
    0.3415,
    0.34626
  ],
  "JASMY": [
    0.00559967,
    0.00561059
  ],
  "MON": [
    0.02486413,
    0.02509529
  ],
  "LIT": [
    0.992459,
    1
  ],
  "CVX": [
    1.83,
    1.81
  ],
  "BAT": [
    0.10863,
    0.107879
  ],
  "ATH": [
    0.00768448,
    0.00769412
  ],
  "BANANAS31": [
    0.01396947,
    0.0138696
  ],
  "COW": [
    0.204016,
    0.209582
  ],
  "CHEEMS": [
    5.0521e-7,
    4.98189e-7
  ],
  "BEAT": [
    0.62298,
    0.624544
  ],
  "CKB": [
    0.00143888,
    0.00144986
  ],
  "MYX": [
    0.327767,
    0.327022
  ],
  "BAN": [
    0.056643,
    0.059073
  ],
  "CSPR": [
    0.00365027,
    0.00358515
  ],
  "IOTX": [
    0.0052816,
    0.00529218
  ],
  "ARC": [
    0.04337287,
    0.04347314
  ],
  "GUN": [
    0.02124982,
    0.02274037
  ],
  "HUMA": [
    0.02040091,
    0.02010417
  ],
  "MERL": [
    0.02805017,
    0.02844435
  ],
  "ISLM": [
    0.01359735,
    0.01341732
  ],
  "DEP": [
    0.00116127,
    0.00116274
  ],
  "LRC": [
    0.02457401,
    0.02469289
  ],
  "DEGEN": [
    0.00073237,
    0.00075039
  ],
  "ALLO": [
    0.120094,
    0.121793
  ],
  "MAGMA": [
    0.120143,
    0.133034
  ],
  "CORN": [
    0.04411838,
    0.0459258
  ],
  "CPOOL": [
    0.02294054,
    0.02332716
  ],
  "DENT": [
    0.00020857,
    0.00021039
  ],
  "AURORA": [
    0.02896148,
    0.02884704
  ],
  "DSYNC": [
    0.01909013,
    0.01909882
  ],
  "DAO": [
    0.070808,
    0.073497
  ],
  "BANK": [
    0.03892223,
    0.0390491
  ],
  "L3": [
    0.01309201,
    0.01213474
  ],
  "INIT": [
    0.08367,
    0.083598
  ],
  "HONEY": [
    0.00252528,
    0.00254564
  ],
  "MUBARAK": [
    0.0126104,
    0.0126992
  ],
  "BOB": [
    0.00542325,
    0.00548206
  ],
  "AIN": [
    0.060764,
    0.06232
  ],
  "GRIFFAIN": [
    0.01012704,
    0.010726
  ],
  "IKA": [
    0.00338884,
    0.00332099
  ],
  "HMSTR": [
    0.00014511,
    0.00014523
  ],
  "LAT": [
    0.00132829,
    0.00132618
  ],
  "COS": [
    0.00144931,
    0.00168007
  ],
  "FUEL": [
    0.00110588,
    0.00110526
  ],
  "DUCK": [
    0.0010139,
    0.00107485
  ],
  "AVL": [
    0.02698775,
    0.02701183
  ],
  "NAVX": [
    0.0087726,
    0.0087353
  ],
  "COQ": [
    1.01093e-7,
    1.01799e-7
  ],
  "HIPPO": [
    0.00064775,
    0.00064235
  ],
  "FWOG": [
    0.00568413,
    0.00558021
  ],
  "FORTH": [
    0.514454,
    0.452393
  ],
  "LYXE": [
    0.321518,
    0.320446
  ],
  "FHE": [
    0.01915791,
    0.01978514
  ],
  "DMC": [
    0.00079593,
    0.0007762
  ],
  "HOOK": [
    0.01154609,
    0.01161475
  ],
  "GEAR": [
    0.00033815,
    0.00032833
  ],
  "A2Z": [
    0.00034325,
    0.00033891
  ],
  "FIS": [
    0.01581936,
    0.01553132
  ],
  "CUDIS": [
    0.00770605,
    0.00766012
  ],
  "EPT": [
    0.00080923,
    0.00078511
  ],
  "GORK": [
    0.00171559,
    0.0016926
  ],
  "FLM": [
    0.00287684,
    0.00286502
  ],
  "DATA": [
    0.00109253,
    0.00111848
  ],
  "INSP": [
    0.00138491,
    0.00134034
  ],
  "ACA": [
    0.00080381,
    0.00080731
  ],
  "FOXY": [
    0.00017577,
    0.00016055
  ],
  "BDXN": [
    0.00260616,
    0.00267402
  ],
  "LOOKS": [
    0.00042382,
    0.00042429
  ],
  "CHESS": [
    0.00160308,
    0.00159035
  ],
  "MOONPIG": [
    0.00034008,
    0.00033126
  ],
  "CHILLGUY": [
    0.00006385,
    0.00006385
  ],
  "APU": [
    0.00003571,
    0.00003573
  ],
  "HOLO": [
    0.00001451,
    0.00001451
  ],
  "GMMT": [
    0.00359259,
    0.00358178
  ],
  "ADB": [
    null,
    null
  ]
}