{
  "PUMP": [
    0.00183549,
    0.00182449
  ],
  "SIREN": [
    0.953971,
    0.913185
  ],
  "STABLE": [
    0.02600767,
    0.02609725
  ],
  "MON": [
    0.03655834,
    0.03552207
  ],
  "AERO": [
    0.391081,
    0.392868
  ],
  "LIT": [
    1.15,
    1.14
  ],
  "JASMY": [
    0.0053123,
    0.00532127
  ],
  "CVX": [
    1.79,
    1.78
  ],
  "BAT": [
    0.097316,
    0.097531
  ],
  "COW": [
    0.228252,
    0.231006
  ],
  "ATH": [
    0.00598207,
    0.00595474
  ],
  "SKYAI": [
    0.087883,
    0.10348
  ],
  "BANANAS31": [
    0.00993887,
    0.0100248
  ],
  "CHEEMS": [
    4.50715e-7,
    4.4695e-7
  ],
  "ONT": [
    0.086828,
    0.085151
  ],
  "ARC": [
    0.071758,
    0.072449
  ],
  "CKB": [
    0.00147514,
    0.00146848
  ],
  "SAHARA": [
    0.0216643,
    0.02185571
  ],
  "TAG": [
    0.00060006,
    0.00060279
  ],
  "NPC": [
    0.00765796,
    0.0078799
  ],
  "POLYX": [
    0.04982323,
    0.04964566
  ],
  "BAN": [
    0.059471,
    0.058826
  ],
  "CSPR": [
    0.00301958,
    0.00307223
  ],
  "IOTX": [
    0.00460489,
    0.00460793
  ],
  "MYX": [
    0.227162,
    0.227217
  ],
  "MAGMA": [
    0.205465,
    0.218465
  ],
  "BEAT": [
    0.310405,
    0.297227
  ],
  "NOT": [
    0.00036172,
    0.00036275
  ],
  "SNEK": [
    0.00044539,
    0.00044549
  ],
  "ISLM": [
    0.01301389,
    0.01257748
  ],
  "DEP": [
    0.00112831,
    0.00112927
  ],
  "REZ": [
    0.00366964,
    0.00367176
  ],
  "MERL": [
    0.02510918,
    0.02511114
  ],
  "NYM": [
    0.03505517,
    0.0350388
  ],
  "GUN": [
    0.01665725,
    0.01637034
  ],
  "DEGEN": [
    0.0007503,
    0.00074459
  ],
  "SPELL": [
    0.00015902,
    0.00015873
  ],
  "HUMA": [
    0.01514321,
    0.01504371
  ],
  "NEIRO": [
    0.00005876,
    0.0000586
  ],
  "ALLO": [
    0.10527,
    0.105768
  ],
  "CPOOL": [
    0.02369257,
    0.02372805
  ],
  "SATS": [
    1.099e-8,
    1.0939e-8
  ],
  "CORN": [
    0.0413979,
    0.04138832
  ],
  "SLP": [
    0.0005941,
    0.00059558
  ],
  "LRC": [
    0.01661289,
    0.01660806
  ],
  "AURORA": [
    0.02724276,
    0.02723612
  ],
  "BOB": [
    0.00673118,
    0.00670184
  ],
  "GRIFFAIN": [
    0.01733087,
    0.0179066
  ],
  "L3": [
    0.01224544,
    0.01223377
  ],
  "SWARMS": [
    0.0170497,
    0.01696887
  ],
  "DSYNC": [
    0.01645304,
    0.01654237
  ],
  "DENT": [
    0.0001643,
    0.00016388
  ],
  "INIT": [
    0.081517,
    0.08258
  ],
  "NEWT": [
    0.069284,
    0.068898
  ],
  "RESOLV": [
    0.03759279,
    0.03772116
  ],
  "NIL": [
    0.03359574,
    0.03367567
  ],
  "BANK": [
    0.03349742,
    0.03316765
  ],
  "SONIC": [
    0.0358155,
    0.03544139
  ],
  "DAO": [
    0.0499266,
    0.04983347
  ],
  "PAAL": [
    0.01372854,
    0.01369547
  ],
  "MUBARAK": [
    0.0118869,
    0.01185736
  ],
  "IKA": [
    0.00375686,
    0.00378214
  ],
  "AIN": [
    0.059315,
    0.061083
  ],
  "TLM": [
    0.00160761,
    0.0016139
  ],
  "HONEY": [
    0.00184693,
    0.00182984
  ],
  "TAI": [
    0.01718375,
    0.0171557
  ],
  "HMSTR": [
    0.00014338,
    0.00014458
  ],
  "LAT": [
    0.0013415,
    0.00134066
  ],
  "AVL": [
    0.03039183,
    0.03082513
  ],
  "COQ": [
    1.11153e-7,
    1.13291e-7
  ],
  "ROAM": [
    0.02153891,
    0.02156757
  ],
  "FUEL": [
    0.00096016,
    0.0009606
  ],
  "NAVX": [
    0.00865845,
    0.00874995
  ],
  "COS": [
    0.00120039,
    0.00121275
  ],
  "SOLV": [
    0.00408762,
    0.00417013
  ],
  "NKN": [
    0.00743885,
    0.00748781
  ],
  "OBT": [
    0.00106136,
    0.00108423
  ],
  "PIXEL": [
    0.00679939,
    0.00692057
  ],
  "RSS3": [
    0.00539851,
    0.00542228
  ],
  "FWOG": [
    0.00496179,
    0.00495795
  ],
  "DMC": [
    0.0006998,
    0.00070061
  ],
  "FHE": [
    0.01592041,
    0.01571191
  ],
  "LYXE": [
    0.246526,
    0.246526
  ],
  "RDNT": [
    0.00228226,
    0.00226413
  ],
  "FORTH": [
    0.266519,
    0.267252
  ],
  "GEAR": [
    0.00027834,
    0.00027792
  ],
  "HOOK": [
    0.00840539,
    0.00842023
  ],
  "SAMO": [
    0.00041665,
    0.00041978
  ],
  "OAS": [
    0.00036366,
    0.00036482
  ],
  "HIPPO": [
    0.00020816,
    0.00020918
  ],
  "PERP": [
    0.02830824,
    0.02846302
  ],
  "PTB": [
    0.00098452,
    0.00098625
  ],
  "CUDIS": [
    0.00792754,
    0.00791837
  ],
  "FIS": [
    0.01186963,
    0.01181158
  ],
  "EPT": [
    0.00075269,
    0.00076332
  ],
  "FLM": [
    0.00290875,
    0.00297669
  ],
  "GORK": [
    0.00170802,
    0.00166117
  ],
  "DATA": [
    0.00094531,
    0.00095091
  ],
  "SAROS": [
    0.00038452,
    0.0003844
  ],
  "INSP": [
    0.001105,
    0.00110451
  ],
  "ACA": [
    0.00073976,
    0.00073848
  ],
  "DUCK": [
    0.00010743,
    0.00010617
  ],
  "A2Z": [
    0.00008951,
    0.00009039
  ],
  "FOXY": [
    0.00010995,
    0.00010983
  ],
  "SWTCH": [
    0.00385976,
    0.00375561
  ],
  "RFC": [
    0.00056434,
    0.00055847
  ],
  "LOOKS": [
    0.0003616,
    0.00035916
  ],
  "BDXN": [
    0.00179659,
    0.00181891
  ],
  "MOONPIG": [
    0.00029991,
    0.00029602
  ],
  "ROOT": [
    0.00005931,
    0.0000593
  ],
  "CHILLGUY": [
    0.0000735,
    0.0000735
  ],
  "APU": [
    0.00003623,
    0.00003615
  ],
  "CHESS": [
    0.00014529,
    0.0001457
  ],
  "HOLO": [
    0.00001254,
    0.00001254
  ],
  "GMMT": [
    0.0038893,
    0.00388419
  ],
  "RATS": [
    0.00003785,
    0.00003834
  ],
  "ADB": [
    null,
    null
  ]
}