{
  "STABLE": [
    0.03350712,
    0.0334498
  ],
  "PUMP": [
    0.00182675,
    0.0018231
  ],
  "SKYAI": [
    0.505178,
    0.498433
  ],
  "SIREN": [
    0.685814,
    0.682888
  ],
  "AERO": [
    0.453088,
    0.454062
  ],
  "MON": [
    0.03045015,
    0.03043471
  ],
  "JASMY": [
    0.00571327,
    0.00570463
  ],
  "LIT": [
    0.909765,
    0.908532
  ],
  "CVX": [
    1.75,
    1.75
  ],
  "BAT": [
    0.098069,
    0.097994
  ],
  "TAG": [
    0.00114024,
    0.0012402
  ],
  "CHEEMS": [
    6.26388e-7,
    6.2677e-7
  ],
  "ATH": [
    0.00586367,
    0.00587335
  ],
  "COW": [
    0.185856,
    0.186131
  ],
  "BANANAS31": [
    0.01016826,
    0.01023272
  ],
  "BEAT": [
    0.590017,
    0.583016
  ],
  "SAHARA": [
    0.02421669,
    0.02421394
  ],
  "BAN": [
    0.077875,
    0.078169
  ],
  "CKB": [
    0.00150955,
    0.00150943
  ],
  "ARC": [
    0.071392,
    0.071601
  ],
  "ONT": [
    0.071324,
    0.071169
  ],
  "NPC": [
    0.00783757,
    0.00782476
  ],
  "POLYX": [
    0.04807621,
    0.04806345
  ],
  "MYX": [
    0.253122,
    0.253558
  ],
  "MERL": [
    0.03552924,
    0.03643983
  ],
  "CSPR": [
    0.00281534,
    0.00281191
  ],
  "REZ": [
    0.00512698,
    0.00515355
  ],
  "IOTX": [
    0.00458974,
    0.00458542
  ],
  "MAGMA": [
    0.227936,
    0.227625
  ],
  "ISLM": [
    0.01174855,
    0.01174864
  ],
  "NEIRO": [
    0.00009684,
    0.00009621
  ],
  "NOT": [
    0.00039733,
    0.00039737
  ],
  "HUMA": [
    0.02248132,
    0.02234843
  ],
  "SNEK": [
    0.00046504,
    0.00046577
  ],
  "SATS": [
    1.5409e-8,
    1.5351e-8
  ],
  "DEP": [
    0.00111514,
    0.00111242
  ],
  "SPELL": [
    0.00016724,
    0.00016708
  ],
  "ALLO": [
    0.121529,
    0.121636
  ],
  "SWARMS": [
    0.02645947,
    0.02630625
  ],
  "CPOOL": [
    0.02587683,
    0.02591304
  ],
  "SLP": [
    0.00070625,
    0.00070533
  ],
  "GUN": [
    0.01429053,
    0.01429266
  ],
  "DEGEN": [
    0.00066655,
    0.00066743
  ],
  "LRC": [
    0.01696615,
    0.0169721
  ],
  "CORN": [
    0.04027472,
    0.04025211
  ],
  "NIL": [
    0.04191047,
    0.04207486
  ],
  "AURORA": [
    0.0264771,
    0.02649719
  ],
  "L3": [
    0.01219966,
    0.01230547
  ],
  "AIN": [
    0.097217,
    0.097107
  ],
  "GRIFFAIN": [
    0.01763877,
    0.01780515
  ],
  "INIT": [
    0.089149,
    0.08865
  ],
  "NYM": [
    0.01995798,
    0.01996206
  ],
  "NEWT": [
    0.075774,
    0.075713
  ],
  "BOB": [
    0.00555871,
    0.00554503
  ],
  "BANK": [
    0.03307526,
    0.03306237
  ],
  "MUBARAK": [
    0.01393218,
    0.01390916
  ],
  "SONIC": [
    0.03813525,
    0.03818336
  ],
  "RSS3": [
    0.00741251,
    0.00887062
  ],
  "DSYNC": [
    0.01323428,
    0.01319983
  ],
  "TLM": [
    0.00185652,
    0.00185848
  ],
  "PAAL": [
    0.01310407,
    0.01304485
  ],
  "RESOLV": [
    0.02909661,
    0.02907616
  ],
  "HONEY": [
    0.00179713,
    0.00180122
  ],
  "DAO": [
    0.04126022,
    0.04111544
  ],
  "IKA": [
    0.00338737,
    0.00339234
  ],
  "HMSTR": [
    0.00015664,
    0.00015599
  ],
  "LAT": [
    0.00133318,
    0.00133197
  ],
  "COQ": [
    1.31068e-7,
    1.303e-7
  ],
  "TAI": [
    0.01497714,
    0.0150179
  ],
  "AVL": [
    0.02727934,
    0.02716677
  ],
  "NAVX": [
    0.0088145,
    0.00883352
  ],
  "FUEL": [
    0.00090072,
    0.00090059
  ],
  "SOLV": [
    0.00450934,
    0.0044927
  ],
  "NKN": [
    0.00799398,
    0.00798481
  ],
  "PIXEL": [
    0.00787299,
    0.00785675
  ],
  "COS": [
    0.0011629,
    0.00116321
  ],
  "FHE": [
    0.02276027,
    0.02297265
  ],
  "OBT": [
    0.00099884,
    0.00099205
  ],
  "DMC": [
    0.00069699,
    0.00070093
  ],
  "FWOG": [
    0.00451337,
    0.00453048
  ],
  "LYXE": [
    0.256066,
    0.256066
  ],
  "ROAM": [
    0.01079786,
    0.01117018
  ],
  "DENT": [
    0.00003993,
    0.00004044
  ],
  "OAS": [
    0.00052675,
    0.00054338
  ],
  "GEAR": [
    0.00032776,
    0.00032687
  ],
  "FORTH": [
    0.236618,
    0.23639
  ],
  "RDNT": [
    0.00181438,
    0.0018109
  ],
  "HOOK": [
    0.00816963,
    0.0081122
  ],
  "SAMO": [
    0.00035552,
    0.00034548
  ],
  "CUDIS": [
    0.00796674,
    0.0079791
  ],
  "PERP": [
    0.02534912,
    0.02542201
  ],
  "PTB": [
    0.00080509,
    0.00080523
  ],
  "EPT": [
    0.00071255,
    0.00071278
  ],
  "HIPPO": [
    0.00016464,
    0.00016487
  ],
  "SAROS": [
    0.00060001,
    0.00060874
  ],
  "FIS": [
    0.01018762,
    0.01022388
  ],
  "FLM": [
    0.00257856,
    0.0025827
  ],
  "GORK": [
    0.00140582,
    0.00141535
  ],
  "DATA": [
    0.00073307,
    0.0007363
  ],
  "A2Z": [
    0.000096,
    0.00009587
  ],
  "ACA": [
    0.00066911,
    0.00066905
  ],
  "INSP": [
    0.00093382,
    0.00091978
  ],
  "FOXY": [
    0.00011784,
    0.00011699
  ],
  "SWTCH": [
    0.00346393,
    0.00354798
  ],
  "DUCK": [
    0.00007137,
    0.00007112
  ],
  "RFC": [
    0.00056605,
    0.00056548
  ],
  "LOOKS": [
    0.00036004,
    0.00036004
  ],
  "BDXN": [
    0.00182845,
    0.00176088
  ],
  "MOONPIG": [
    0.00026558,
    0.0002659
  ],
  "ROOT": [
    0.00005916,
    0.00005776
  ],
  "CHILLGUY": [
    0.00009914,
    0.00009916
  ],
  "APU": [
    0.00004291,
    0.0000435
  ],
  "CHESS": [
    0.00019192,
    0.00019217
  ],
  "HOLO": [
    0.00001187,
    0.00001187
  ],
  "GMMT": [
    0.00249421,
    0.00250423
  ],
  "RATS": [
    0.00003953,
    0.00003918
  ],
  "ADB": [
    null,
    null
  ]
}