{
  "STABLE": [
    0.03347493,
    0.03331277
  ],
  "PUMP": [
    0.00180736,
    0.00182472
  ],
  "SIREN": [
    0.69864,
    0.698017
  ],
  "AERO": [
    0.457997,
    0.463883
  ],
  "SKYAI": [
    0.387324,
    0.374146
  ],
  "MON": [
    0.02934561,
    0.0297628
  ],
  "JASMY": [
    0.00562104,
    0.00564669
  ],
  "LIT": [
    0.897818,
    0.900894
  ],
  "CVX": [
    1.72,
    1.73
  ],
  "BAT": [
    0.096623,
    0.097018
  ],
  "CHEEMS": [
    6.15095e-7,
    6.17724e-7
  ],
  "ATH": [
    0.00578356,
    0.00585744
  ],
  "COW": [
    0.186001,
    0.187047
  ],
  "BANANAS31": [
    0.00974031,
    0.00974031
  ],
  "TAG": [
    0.0007448,
    0.00077483
  ],
  "BEAT": [
    0.54623,
    0.535469
  ],
  "ARC": [
    0.073373,
    0.073644
  ],
  "BAN": [
    0.073069,
    0.07298
  ],
  "SAHARA": [
    0.02209091,
    0.02215922
  ],
  "CKB": [
    0.00148005,
    0.001484
  ],
  "ONT": [
    0.070778,
    0.070971
  ],
  "NPC": [
    0.00778545,
    0.00782222
  ],
  "POLYX": [
    0.04757351,
    0.04780476
  ],
  "MYX": [
    0.262752,
    0.260713
  ],
  "MAGMA": [
    0.255373,
    0.252811
  ],
  "CSPR": [
    0.00281244,
    0.00281288
  ],
  "IOTX": [
    0.00451609,
    0.004541
  ],
  "ISLM": [
    0.01179524,
    0.01175848
  ],
  "MERL": [
    0.03217672,
    0.03263159
  ],
  "HUMA": [
    0.02201744,
    0.02201512
  ],
  "NOT": [
    0.00038114,
    0.00038338
  ],
  "NEIRO": [
    0.00008947,
    0.00009064
  ],
  "REZ": [
    0.00432085,
    0.00435542
  ],
  "SNEK": [
    0.00046267,
    0.00046164
  ],
  "DEP": [
    0.00111104,
    0.00111362
  ],
  "SATS": [
    1.3766e-8,
    1.3748e-8
  ],
  "SPELL": [
    0.00016755,
    0.00016815
  ],
  "ALLO": [
    0.119869,
    0.120976
  ],
  "CPOOL": [
    0.02573252,
    0.02574806
  ],
  "GUN": [
    0.01423975,
    0.01441168
  ],
  "SWARMS": [
    0.02582243,
    0.02560766
  ],
  "SLP": [
    0.00070051,
    0.00070014
  ],
  "DEGEN": [
    0.00067109,
    0.00067502
  ],
  "CORN": [
    0.04030055,
    0.04033397
  ],
  "LRC": [
    0.01673114,
    0.01684799
  ],
  "L3": [
    0.01274976,
    0.01276923
  ],
  "AURORA": [
    0.02623701,
    0.02627063
  ],
  "NYM": [
    0.02199121,
    0.02193635
  ],
  "NIL": [
    0.03927076,
    0.03959085
  ],
  "GRIFFAIN": [
    0.01801075,
    0.01758311
  ],
  "INIT": [
    0.089961,
    0.090279
  ],
  "AIN": [
    0.090567,
    0.091831
  ],
  "NEWT": [
    0.073439,
    0.073681
  ],
  "BOB": [
    0.00534667,
    0.00535319
  ],
  "BANK": [
    0.03374173,
    0.0336488
  ],
  "SONIC": [
    0.03742395,
    0.03757306
  ],
  "MUBARAK": [
    0.01344594,
    0.01351509
  ],
  "DSYNC": [
    0.01316196,
    0.01326881
  ],
  "TLM": [
    0.00184691,
    0.00184556
  ],
  "PAAL": [
    0.01311191,
    0.01305074
  ],
  "RESOLV": [
    0.02912554,
    0.02910782
  ],
  "DAO": [
    0.04160134,
    0.0419965
  ],
  "HONEY": [
    0.00183868,
    0.00182399
  ],
  "IKA": [
    0.0033565,
    0.00335945
  ],
  "HMSTR": [
    0.00015354,
    0.00015397
  ],
  "COQ": [
    1.35702e-7,
    1.3624e-7
  ],
  "LAT": [
    0.00133001,
    0.0013353
  ],
  "TAI": [
    0.01598331,
    0.01511461
  ],
  "RSS3": [
    0.00546876,
    0.00546113
  ],
  "AVL": [
    0.02606984,
    0.0263842
  ],
  "FUEL": [
    0.00091356,
    0.00091498
  ],
  "NAVX": [
    0.00872886,
    0.00871834
  ],
  "SOLV": [
    0.00459776,
    0.00462886
  ],
  "NKN": [
    0.00819617,
    0.00809896
  ],
  "PIXEL": [
    0.00811445,
    0.00814491
  ],
  "COS": [
    0.00115432,
    0.00115301
  ],
  "OBT": [
    0.00100884,
    0.001002
  ],
  "DMC": [
    0.00068605,
    0.00068989
  ],
  "FHE": [
    0.01781847,
    0.01801914
  ],
  "FWOG": [
    0.00451717,
    0.00452812
  ],
  "ROAM": [
    0.01139225,
    0.01167218
  ],
  "LYXE": [
    0.249772,
    0.249772
  ],
  "DENT": [
    0.00004205,
    0.00004023
  ],
  "GEAR": [
    0.00032901,
    0.00033154
  ],
  "OAS": [
    0.00048841,
    0.00048224
  ],
  "FORTH": [
    0.238404,
    0.236362
  ],
  "RDNT": [
    0.00178439,
    0.00180689
  ],
  "HOOK": [
    0.00791446,
    0.00804905
  ],
  "SAMO": [
    0.00036276,
    0.00036242
  ],
  "CUDIS": [
    0.00784938,
    0.00781383
  ],
  "PERP": [
    0.02537793,
    0.02551013
  ],
  "SAROS": [
    0.00062654,
    0.00071151
  ],
  "EPT": [
    0.00071096,
    0.00072674
  ],
  "PTB": [
    0.00080473,
    0.00080003
  ],
  "FIS": [
    0.01044696,
    0.01049303
  ],
  "HIPPO": [
    0.00016182,
    0.0001617
  ],
  "FLM": [
    0.00257412,
    0.00257693
  ],
  "GORK": [
    0.00140584,
    0.00141997
  ],
  "DATA": [
    0.00070801,
    0.00071685
  ],
  "A2Z": [
    0.00010197,
    0.00010197
  ],
  "INSP": [
    0.00094714,
    0.00094226
  ],
  "ACA": [
    0.00062811,
    0.00063356
  ],
  "FOXY": [
    0.00011596,
    0.00011601
  ],
  "RFC": [
    0.00062262,
    0.00063147
  ],
  "DUCK": [
    0.00007264,
    0.00007169
  ],
  "SWTCH": [
    0.00368312,
    0.003524
  ],
  "LOOKS": [
    0.00035721,
    0.00035722
  ],
  "BDXN": [
    0.00167255,
    0.00169754
  ],
  "MOONPIG": [
    0.00026588,
    0.0002659
  ],
  "ROOT": [
    0.00006037,
    0.00005988
  ],
  "CHILLGUY": [
    0.00009006,
    0.00009093
  ],
  "CHESS": [
    0.00020639,
    0.00020597
  ],
  "APU": [
    0.00003937,
    0.00003975
  ],
  "HOLO": [
    0.00001178,
    0.00001187
  ],
  "GMMT": [
    0.00247856,
    0.00246944
  ],
  "RATS": [
    0.00003856,
    0.00003865
  ],
  "ADB": [
    null,
    null
  ]
}