{
  "PUMP": [
    0.0018225,
    0.0017797
  ],
  "STABLE": [
    0.02657757,
    0.02612625
  ],
  "SIREN": [
    0.56966,
    0.584212
  ],
  "MON": [
    0.03196718,
    0.03134257
  ],
  "AERO": [
    0.340734,
    0.333307
  ],
  "JASMY": [
    0.00542447,
    0.00532822
  ],
  "LIT": [
    1.032,
    1.017
  ],
  "CVX": [
    1.82,
    1.81
  ],
  "BAT": [
    0.101786,
    0.099963
  ],
  "COW": [
    0.222906,
    0.220586
  ],
  "ATH": [
    0.00674277,
    0.00655235
  ],
  "BANANAS31": [
    0.00938915,
    0.00930578
  ],
  "CHEEMS": [
    4.5493e-7,
    4.45014e-7
  ],
  "ONT": [
    0.080555,
    0.079386
  ],
  "CKB": [
    0.00149283,
    0.00147262
  ],
  "SAHARA": [
    0.02229694,
    0.02256819
  ],
  "SKYAI": [
    0.064577,
    0.066784
  ],
  "TAG": [
    0.00058525,
    0.00058399
  ],
  "POLYX": [
    0.04884547,
    0.04901653
  ],
  "ARC": [
    0.062752,
    0.061139
  ],
  "NPC": [
    0.00744908,
    0.00724394
  ],
  "BAN": [
    0.057224,
    0.05611
  ],
  "CSPR": [
    0.0029447,
    0.00296283
  ],
  "MYX": [
    0.241893,
    0.236192
  ],
  "IOTX": [
    0.0046216,
    0.00464932
  ],
  "BEAT": [
    0.292124,
    0.304182
  ],
  "NOT": [
    0.00037075,
    0.00035866
  ],
  "DEP": [
    0.00114628,
    0.00114896
  ],
  "SNEK": [
    0.00042697,
    0.0004227
  ],
  "ISLM": [
    0.01200186,
    0.01197799
  ],
  "GUN": [
    0.01689528,
    0.01702095
  ],
  "REZ": [
    0.00359212,
    0.00356629
  ],
  "NYM": [
    0.03491558,
    0.03484511
  ],
  "SPELL": [
    0.00016286,
    0.00016127
  ],
  "MERL": [
    0.02378492,
    0.02295591
  ],
  "DEGEN": [
    0.00075586,
    0.00072954
  ],
  "HUMA": [
    0.01478194,
    0.01415122
  ],
  "NEIRO": [
    0.00005983,
    0.00005787
  ],
  "ALLO": [
    0.108382,
    0.106576
  ],
  "SATS": [
    1.1289e-8,
    1.1107e-8
  ],
  "CPOOL": [
    0.02337863,
    0.02341674
  ],
  "SLP": [
    0.00059408,
    0.00058819
  ],
  "LRC": [
    0.01749823,
    0.0170707
  ],
  "L3": [
    0.01433642,
    0.01516233
  ],
  "BOB": [
    0.00757955,
    0.00720337
  ],
  "MAGMA": [
    0.105219,
    0.106738
  ],
  "AURORA": [
    0.02776888,
    0.02766771
  ],
  "RESOLV": [
    0.03997501,
    0.04246453
  ],
  "CORN": [
    0.03349306,
    0.03071414
  ],
  "NIL": [
    0.03656473,
    0.03668028
  ],
  "DENT": [
    0.0001663,
    0.00016191
  ],
  "INIT": [
    0.083346,
    0.08352
  ],
  "SWARMS": [
    0.01520083,
    0.01545102
  ],
  "DSYNC": [
    0.01556025,
    0.01535981
  ],
  "GRIFFAIN": [
    0.01412791,
    0.01528103
  ],
  "NEWT": [
    0.067476,
    0.066788
  ],
  "BANK": [
    0.03358633,
    0.03300256
  ],
  "SONIC": [
    0.03723382,
    0.03645987
  ],
  "DAO": [
    0.051435,
    0.051315
  ],
  "PAAL": [
    0.01409616,
    0.01411075
  ],
  "IKA": [
    0.00417494,
    0.00417355
  ],
  "MUBARAK": [
    0.01226893,
    0.0120151
  ],
  "HONEY": [
    0.00195939,
    0.00191153
  ],
  "TLM": [
    0.00165219,
    0.00162729
  ],
  "AIN": [
    0.058547,
    0.057078
  ],
  "TAI": [
    0.01799387,
    0.01696915
  ],
  "LAT": [
    0.00136823,
    0.00137204
  ],
  "ROAM": [
    0.02850004,
    0.02691528
  ],
  "HMSTR": [
    0.00014127,
    0.00013943
  ],
  "AVL": [
    0.03076717,
    0.03040444
  ],
  "NAVX": [
    0.00895386,
    0.00889395
  ],
  "FUEL": [
    0.00090944,
    0.00091471
  ],
  "SOLV": [
    0.00501216,
    0.00471484
  ],
  "COQ": [
    9.825e-8,
    9.6489e-8
  ],
  "COS": [
    0.00125568,
    0.00126926
  ],
  "NKN": [
    0.00819231,
    0.00787446
  ],
  "OBT": [
    0.00105566,
    0.00105397
  ],
  "RSS3": [
    0.00583511,
    0.00581496
  ],
  "PIXEL": [
    0.00671047,
    0.00671365
  ],
  "FWOG": [
    0.00507714,
    0.00502189
  ],
  "FHE": [
    0.01887964,
    0.01860168
  ],
  "DMC": [
    0.00070361,
    0.00071154
  ],
  "LYXE": [
    0.251792,
    0.244794
  ],
  "RDNT": [
    0.00250398,
    0.00237562
  ],
  "GEAR": [
    0.00031128,
    0.00029277
  ],
  "FORTH": [
    0.264993,
    0.263159
  ],
  "HOOK": [
    0.00883775,
    0.00868866
  ],
  "SAMO": [
    0.00043205,
    0.00043802
  ],
  "OAS": [
    0.00034769,
    0.000348
  ],
  "HIPPO": [
    0.00021605,
    0.0002237
  ],
  "PERP": [
    0.0303816,
    0.02930204
  ],
  "FIS": [
    0.01277175,
    0.01327508
  ],
  "PTB": [
    0.00097808,
    0.00099871
  ],
  "CUDIS": [
    0.00820719,
    0.00807733
  ],
  "EPT": [
    0.00075889,
    0.00074589
  ],
  "FLM": [
    0.00292105,
    0.00292447
  ],
  "GORK": [
    0.00154731,
    0.00151416
  ],
  "DUCK": [
    0.00021396,
    0.00019571
  ],
  "DATA": [
    0.00101376,
    0.00100828
  ],
  "SAROS": [
    0.00038589,
    0.00037452
  ],
  "ACA": [
    0.00077456,
    0.00075369
  ],
  "INSP": [
    0.00105495,
    0.00107917
  ],
  "A2Z": [
    0.00009467,
    0.00009164
  ],
  "RFC": [
    0.00057748,
    0.00057154
  ],
  "FOXY": [
    0.00009375,
    0.00009396
  ],
  "SWTCH": [
    0.00348261,
    0.00336575
  ],
  "LOOKS": [
    0.00036017,
    0.00035386
  ],
  "MOONPIG": [
    0.00030289,
    0.00029986
  ],
  "BDXN": [
    0.00182936,
    0.00183121
  ],
  "ROOT": [
    0.00006269,
    0.00006349
  ],
  "CHILLGUY": [
    0.00006822,
    0.00006822
  ],
  "APU": [
    0.00003456,
    0.00003382
  ],
  "CHESS": [
    0.00012872,
    0.00013956
  ],
  "HOLO": [
    0.00001293,
    0.00001256
  ],
  "GMMT": [
    0.00392781,
    0.0038994
  ],
  "RATS": [
    0.00003827,
    0.00003864
  ],
  "ADB": [
    null,
    null
  ]
}