{
  "PUMP": [
    0.00180387,
    0.0017985
  ],
  "STABLE": [
    0.02962191,
    0.02863927
  ],
  "SIREN": [
    0.680829,
    0.668845
  ],
  "AERO": [
    0.419436,
    0.418441
  ],
  "MON": [
    0.03268747,
    0.0326103
  ],
  "JASMY": [
    0.00564051,
    0.00561027
  ],
  "LIT": [
    0.896061,
    0.90154
  ],
  "SKYAI": [
    0.188909,
    0.197101
  ],
  "CVX": [
    1.78,
    1.78
  ],
  "BAT": [
    0.101703,
    0.101666
  ],
  "CHEEMS": [
    5.69141e-7,
    5.77067e-7
  ],
  "ATH": [
    0.00587895,
    0.00589414
  ],
  "COW": [
    0.183635,
    0.182389
  ],
  "BANANAS31": [
    0.00943852,
    0.00943285
  ],
  "BEAT": [
    0.579283,
    0.578836
  ],
  "BAN": [
    0.079554,
    0.078482
  ],
  "ONT": [
    0.076638,
    0.078063
  ],
  "CKB": [
    0.00148788,
    0.00148945
  ],
  "TAG": [
    0.00065399,
    0.00065695
  ],
  "SAHARA": [
    0.02138255,
    0.02133363
  ],
  "ARC": [
    0.066827,
    0.06616
  ],
  "NPC": [
    0.00818509,
    0.00822597
  ],
  "POLYX": [
    0.0499869,
    0.050024
  ],
  "CSPR": [
    0.00295787,
    0.00294795
  ],
  "MERL": [
    0.03698759,
    0.03749116
  ],
  "HUMA": [
    0.02537547,
    0.02661511
  ],
  "MYX": [
    0.236859,
    0.235673
  ],
  "IOTX": [
    0.00468317,
    0.004748
  ],
  "NOT": [
    0.00039618,
    0.00039609
  ],
  "SNEK": [
    0.0005076,
    0.00050492
  ],
  "NEIRO": [
    0.00008904,
    0.00008827
  ],
  "MAGMA": [
    0.199843,
    0.194327
  ],
  "DEP": [
    0.00111385,
    0.00111322
  ],
  "ISLM": [
    0.01166896,
    0.01172715
  ],
  "REZ": [
    0.00368859,
    0.00368835
  ],
  "SATS": [
    1.3924e-8,
    1.4219e-8
  ],
  "DEGEN": [
    0.00076566,
    0.00077077
  ],
  "SPELL": [
    0.00016399,
    0.00016373
  ],
  "CPOOL": [
    0.02829613,
    0.02795076
  ],
  "GUN": [
    0.01552032,
    0.01588857
  ],
  "NYM": [
    0.0315781,
    0.03130978
  ],
  "ALLO": [
    0.114573,
    0.112758
  ],
  "SLP": [
    0.00065827,
    0.00066156
  ],
  "CORN": [
    0.04057758,
    0.04058014
  ],
  "LRC": [
    0.01702934,
    0.01703916
  ],
  "AURORA": [
    0.0278204,
    0.02781435
  ],
  "BOB": [
    0.00662553,
    0.00662197
  ],
  "SWARMS": [
    0.01844746,
    0.01853109
  ],
  "NIL": [
    0.0394615,
    0.03946978
  ],
  "NEWT": [
    0.076232,
    0.075978
  ],
  "GRIFFAIN": [
    0.01629587,
    0.01633802
  ],
  "BANK": [
    0.03724937,
    0.03680875
  ],
  "INIT": [
    0.085224,
    0.083424
  ],
  "L3": [
    0.01041612,
    0.01039193
  ],
  "DSYNC": [
    0.01410899,
    0.01393281
  ],
  "MUBARAK": [
    0.01351201,
    0.01342661
  ],
  "SONIC": [
    0.0354145,
    0.03534723
  ],
  "HONEY": [
    0.00216427,
    0.0021645
  ],
  "TLM": [
    0.00176042,
    0.00177181
  ],
  "RESOLV": [
    0.02951902,
    0.02949607
  ],
  "PAAL": [
    0.01280183,
    0.01269867
  ],
  "DAO": [
    0.04503083,
    0.04488072
  ],
  "AIN": [
    0.058459,
    0.060076
  ],
  "IKA": [
    0.00357259,
    0.00357406
  ],
  "COQ": [
    1.47256e-7,
    1.48122e-7
  ],
  "HMSTR": [
    0.00015358,
    0.00015392
  ],
  "TAI": [
    0.01625531,
    0.01618879
  ],
  "LAT": [
    0.00133251,
    0.00133096
  ],
  "AVL": [
    0.02581937,
    0.02550542
  ],
  "FUEL": [
    0.00093689,
    0.00093807
  ],
  "DENT": [
    0.00007757,
    0.00007629
  ],
  "NKN": [
    0.00869163,
    0.00881088
  ],
  "NAVX": [
    0.00868384,
    0.0085852
  ],
  "ROAM": [
    0.01844531,
    0.0180682
  ],
  "COS": [
    0.00116339,
    0.0011673
  ],
  "PIXEL": [
    0.00745945,
    0.00748612
  ],
  "SOLV": [
    0.00381077,
    0.0038516
  ],
  "OBT": [
    0.00101466,
    0.00102064
  ],
  "RSS3": [
    0.00565968,
    0.00573049
  ],
  "FWOG": [
    0.00454377,
    0.00450157
  ],
  "DMC": [
    0.00071179,
    0.0007174
  ],
  "OAS": [
    0.0006641,
    0.00066017
  ],
  "FHE": [
    0.01738567,
    0.01743043
  ],
  "LYXE": [
    0.22494,
    0.22379
  ],
  "FORTH": [
    0.233784,
    0.236608
  ],
  "GEAR": [
    0.0002503,
    0.00025063
  ],
  "RDNT": [
    0.0019391,
    0.00194079
  ],
  "HOOK": [
    0.00839663,
    0.00839176
  ],
  "SAMO": [
    0.0003902,
    0.00039062
  ],
  "CUDIS": [
    0.00798878,
    0.00811139
  ],
  "PERP": [
    0.02543455,
    0.02574411
  ],
  "PTB": [
    0.00081952,
    0.0008474
  ],
  "EPT": [
    0.00073771,
    0.00073898
  ],
  "FIS": [
    0.01050734,
    0.01064093
  ],
  "HIPPO": [
    0.00016158,
    0.00016018
  ],
  "GORK": [
    0.00159458,
    0.0015932
  ],
  "FLM": [
    0.00267551,
    0.00270452
  ],
  "SAROS": [
    0.00057442,
    0.00057673
  ],
  "DATA": [
    0.0008727,
    0.00087157
  ],
  "INSP": [
    0.00143128,
    0.00130578
  ],
  "ACA": [
    0.00068361,
    0.0006836
  ],
  "FOXY": [
    0.00012003,
    0.0001199
  ],
  "A2Z": [
    0.00007425,
    0.00007325
  ],
  "DUCK": [
    0.00007559,
    0.00007416
  ],
  "RFC": [
    0.00056058,
    0.00056336
  ],
  "SWTCH": [
    0.00331601,
    0.0033323
  ],
  "LOOKS": [
    0.00040071,
    0.00040263
  ],
  "BDXN": [
    0.00189519,
    0.0018629
  ],
  "MOONPIG": [
    0.00029979,
    0.00029788
  ],
  "ROOT": [
    0.00005882,
    0.00006041
  ],
  "CHILLGUY": [
    0.00015839,
    0.00015624
  ],
  "APU": [
    0.00004936,
    0.0000517
  ],
  "CHESS": [
    0.00013657,
    0.00014445
  ],
  "HOLO": [
    0.0000124,
    0.00001243
  ],
  "GMMT": [
    0.00277866,
    0.00278195
  ],
  "RATS": [
    0.00003733,
    0.00004686
  ],
  "ADB": [
    null,
    null
  ]
}