{
  "PUMP": [
    0.00166937,
    0.00166692
  ],
  "STABLE": [
    0.02840845,
    0.02814892
  ],
  "AERO": [
    0.317044,
    0.315905
  ],
  "MON": [
    0.02703867,
    0.02673964
  ],
  "JASMY": [
    0.00530923,
    0.00533832
  ],
  "LIT": [
    1.019,
    1.013
  ],
  "CVX": [
    1.72,
    1.72
  ],
  "BAT": [
    0.096622,
    0.097144
  ],
  "BANANAS31": [
    0.01276452,
    0.01277517
  ],
  "SIREN": [
    0.177561,
    0.172945
  ],
  "ATH": [
    0.00679992,
    0.00671324
  ],
  "COW": [
    0.199717,
    0.20254
  ],
  "ONT": [
    0.112668,
    0.111621
  ],
  "CHEEMS": [
    4.2171e-7,
    4.12773e-7
  ],
  "TAG": [
    0.00072824,
    0.00071778
  ],
  "CKB": [
    0.00145832,
    0.00146656
  ],
  "SAHARA": [
    0.02115566,
    0.02104332
  ],
  "SKYAI": [
    0.063526,
    0.062695
  ],
  "NPC": [
    0.00710126,
    0.00714285
  ],
  "POLYX": [
    0.04509119,
    0.04504296
  ],
  "BEAT": [
    0.440456,
    0.387024
  ],
  "BAN": [
    0.053788,
    0.053545
  ],
  "ARC": [
    0.052027,
    0.051968
  ],
  "CSPR": [
    0.00296129,
    0.00299253
  ],
  "IOTX": [
    0.00457762,
    0.00454259
  ],
  "MYX": [
    0.209709,
    0.209743
  ],
  "NOT": [
    0.00035105,
    0.00035443
  ],
  "SNEK": [
    0.00043733,
    0.0004337
  ],
  "DEP": [
    0.00114271,
    0.00114356
  ],
  "ISLM": [
    0.01220671,
    0.01210231
  ],
  "NYM": [
    0.03411627,
    0.03403428
  ],
  "REZ": [
    0.00339043,
    0.00338647
  ],
  "SPELL": [
    0.00016107,
    0.00016083
  ],
  "GUN": [
    0.01541985,
    0.01539295
  ],
  "MERL": [
    0.02234731,
    0.02194797
  ],
  "DEGEN": [
    0.00068337,
    0.00070312
  ],
  "HUMA": [
    0.01364056,
    0.01429616
  ],
  "NEIRO": [
    0.00005632,
    0.00005664
  ],
  "CORN": [
    0.04490227,
    0.04487287
  ],
  "ALLO": [
    0.104731,
    0.105136
  ],
  "SATS": [
    1.0728e-8,
    1.0828e-8
  ],
  "LRC": [
    0.01809972,
    0.01811852
  ],
  "SLP": [
    0.00059509,
    0.00059448
  ],
  "MAGMA": [
    0.112142,
    0.11396
  ],
  "CPOOL": [
    0.02137614,
    0.02132015
  ],
  "AURORA": [
    0.02608213,
    0.02609733
  ],
  "DENT": [
    0.0001824,
    0.00018155
  ],
  "RESOLV": [
    0.0413291,
    0.04145951
  ],
  "BOB": [
    0.0054404,
    0.00546516
  ],
  "INIT": [
    0.08247,
    0.083226
  ],
  "NIL": [
    0.03549893,
    0.03555731
  ],
  "IKA": [
    0.00464957,
    0.00483964
  ],
  "DSYNC": [
    0.01426969,
    0.0143875
  ],
  "NEWT": [
    0.064242,
    0.065081
  ],
  "SONIC": [
    0.03726383,
    0.03731881
  ],
  "DAO": [
    0.05131,
    0.0517
  ],
  "L3": [
    0.00883354,
    0.0088592
  ],
  "GRIFFAIN": [
    0.01210604,
    0.01217841
  ],
  "BANK": [
    0.02993772,
    0.0286026
  ],
  "PAAL": [
    0.01300421,
    0.01293977
  ],
  "HONEY": [
    0.00192421,
    0.00201942
  ],
  "MUBARAK": [
    0.01119462,
    0.01141756
  ],
  "TLM": [
    0.00162203,
    0.00163725
  ],
  "AIN": [
    0.056438,
    0.057301
  ],
  "ROAM": [
    0.02976902,
    0.03079374
  ],
  "AVL": [
    0.03570734,
    0.03481335
  ],
  "TAI": [
    0.01634448,
    0.0159225
  ],
  "HMSTR": [
    0.00014105,
    0.00014204
  ],
  "LAT": [
    0.00129922,
    0.00130313
  ],
  "SWARMS": [
    0.00861982,
    0.00827852
  ],
  "NKN": [
    0.01018105,
    0.01006069
  ],
  "NAVX": [
    0.00891968,
    0.00888349
  ],
  "FUEL": [
    0.00092049,
    0.00092001
  ],
  "COQ": [
    9.9703e-8,
    9.9894e-8
  ],
  "COS": [
    0.00122125,
    0.00121672
  ],
  "SOLV": [
    0.00422426,
    0.00408167
  ],
  "OBT": [
    0.00100463,
    0.00101253
  ],
  "HIPPO": [
    0.0005232,
    0.00052983
  ],
  "PIXEL": [
    0.00679594,
    0.00672468
  ],
  "RSS3": [
    0.00522474,
    0.00534611
  ],
  "FWOG": [
    0.00497325,
    0.00496263
  ],
  "FHE": [
    0.01859656,
    0.01848437
  ],
  "DMC": [
    0.00071248,
    0.00071657
  ],
  "LYXE": [
    0.25487,
    0.25487
  ],
  "RDNT": [
    0.00270013,
    0.00271489
  ],
  "GEAR": [
    0.00029631,
    0.00029548
  ],
  "DUCK": [
    0.00032909,
    0.00036139
  ],
  "FORTH": [
    0.243387,
    0.234702
  ],
  "SAMO": [
    0.00042234,
    0.0004218
  ],
  "HOOK": [
    0.00789419,
    0.00797476
  ],
  "OAS": [
    0.00034192,
    0.0003452
  ],
  "FIS": [
    0.01274258,
    0.01314852
  ],
  "PERP": [
    0.02728607,
    0.02732682
  ],
  "CUDIS": [
    0.00761082,
    0.0077434
  ],
  "EPT": [
    0.00073997,
    0.00073352
  ],
  "FLM": [
    0.00295109,
    0.00284155
  ],
  "GORK": [
    0.00135887,
    0.00136237
  ],
  "DATA": [
    0.00098982,
    0.00098714
  ],
  "PTB": [
    0.00062597,
    0.0006249
  ],
  "SAROS": [
    0.00047147,
    0.00047033
  ],
  "INSP": [
    0.00125656,
    0.00126992
  ],
  "A2Z": [
    0.00010859,
    0.00010226
  ],
  "ACA": [
    0.00067015,
    0.00067687
  ],
  "SWTCH": [
    0.00404042,
    0.00429597
  ],
  "RFC": [
    0.00052563,
    0.0005275
  ],
  "FOXY": [
    0.00008512,
    0.00008535
  ],
  "LOOKS": [
    0.00039786,
    0.00039679
  ],
  "BDXN": [
    0.00199488,
    0.00204068
  ],
  "MOONPIG": [
    0.00029337,
    0.00029894
  ],
  "ROOT": [
    0.00005989,
    0.0000598
  ],
  "CHESS": [
    0.00059271,
    0.00053679
  ],
  "CHILLGUY": [
    0.00006699,
    0.00006737
  ],
  "APU": [
    0.00003024,
    0.00003023
  ],
  "HOLO": [
    0.00001446,
    0.00001321
  ],
  "RATS": [
    0.00003771,
    0.00003842
  ],
  "GMMT": [
    0.0041659,
    0.0041494
  ],
  "ADB": [
    null,
    null
  ]
}