{
  "PUMP": [
    0.00200544,
    0.00195127
  ],
  "STABLE": [
    0.02611045,
    0.02623678
  ],
  "MON": [
    0.03409968,
    0.03320197
  ],
  "AERO": [
    0.409837,
    0.412676
  ],
  "JASMY": [
    0.0056621,
    0.00553283
  ],
  "LIT": [
    1.036,
    1.013
  ],
  "CVX": [
    1.84,
    1.84
  ],
  "BAT": [
    0.103118,
    0.102723
  ],
  "SKYAI": [
    0.15995,
    0.150656
  ],
  "ATH": [
    0.00627069,
    0.00624086
  ],
  "CHEEMS": [
    5.62194e-7,
    5.43841e-7
  ],
  "BANANAS31": [
    0.01050781,
    0.01081964
  ],
  "COW": [
    0.19687,
    0.195199
  ],
  "TAG": [
    0.0006777,
    0.00071643
  ],
  "CKB": [
    0.00155054,
    0.00156878
  ],
  "ONT": [
    0.075686,
    0.073562
  ],
  "ARC": [
    0.072908,
    0.072669
  ],
  "SAHARA": [
    0.02352161,
    0.02290781
  ],
  "BAN": [
    0.072631,
    0.071846
  ],
  "BEAT": [
    0.459067,
    0.48726
  ],
  "POLYX": [
    0.053396,
    0.053447
  ],
  "NPC": [
    0.00784921,
    0.00779157
  ],
  "MYX": [
    0.304442,
    0.291375
  ],
  "MERL": [
    0.03751944,
    0.04040016
  ],
  "CSPR": [
    0.00307562,
    0.00302633
  ],
  "IOTX": [
    0.0047974,
    0.00472676
  ],
  "NEIRO": [
    0.00011596,
    0.00010598
  ],
  "SATS": [
    1.8139e-8,
    2.1087e-8
  ],
  "MAGMA": [
    0.218944,
    0.226057
  ],
  "NOT": [
    0.00044017,
    0.00042161
  ],
  "SNEK": [
    0.00048893,
    0.00047239
  ],
  "REZ": [
    0.00423698,
    0.0040956
  ],
  "ISLM": [
    0.01247661,
    0.01245579
  ],
  "HUMA": [
    0.01839941,
    0.01821388
  ],
  "DEP": [
    0.00111167,
    0.00110635
  ],
  "GUN": [
    0.01615793,
    0.01658261
  ],
  "DEGEN": [
    0.00077842,
    0.00077474
  ],
  "SPELL": [
    0.00016629,
    0.0001629
  ],
  "NYM": [
    0.03310161,
    0.03282396
  ],
  "ALLO": [
    0.111138,
    0.114504
  ],
  "CPOOL": [
    0.02592324,
    0.02493645
  ],
  "BOB": [
    0.00828033,
    0.00831316
  ],
  "SLP": [
    0.00064316,
    0.00063406
  ],
  "CORN": [
    0.04117081,
    0.04149211
  ],
  "LRC": [
    0.01677103,
    0.01651447
  ],
  "GRIFFAIN": [
    0.01651742,
    0.01915117
  ],
  "AURORA": [
    0.02735139,
    0.02725523
  ],
  "SWARMS": [
    0.01867153,
    0.01809158
  ],
  "BANK": [
    0.03831042,
    0.03993526
  ],
  "NIL": [
    0.03879011,
    0.03878668
  ],
  "NEWT": [
    0.076682,
    0.076215
  ],
  "DSYNC": [
    0.01675302,
    0.01638502
  ],
  "INIT": [
    0.087334,
    0.087384
  ],
  "L3": [
    0.01087366,
    0.01079304
  ],
  "MUBARAK": [
    0.01490282,
    0.01530097
  ],
  "DENT": [
    0.00016469,
    0.00015844
  ],
  "SONIC": [
    0.03694524,
    0.03732374
  ],
  "RESOLV": [
    0.03494787,
    0.03434466
  ],
  "AIN": [
    0.070135,
    0.070062
  ],
  "PAAL": [
    0.0143225,
    0.01397876
  ],
  "DAO": [
    0.0480212,
    0.0475844
  ],
  "IKA": [
    0.00390081,
    0.00386268
  ],
  "HONEY": [
    0.00191546,
    0.00200028
  ],
  "TLM": [
    0.00175724,
    0.0017525
  ],
  "HMSTR": [
    0.00018713,
    0.00016345
  ],
  "TAI": [
    0.01695768,
    0.01684327
  ],
  "COQ": [
    1.39241e-7,
    1.33149e-7
  ],
  "LAT": [
    0.0013629,
    0.00132269
  ],
  "NKN": [
    0.0082692,
    0.0102511
  ],
  "AVL": [
    0.02688566,
    0.02706401
  ],
  "FUEL": [
    0.00094385,
    0.00094202
  ],
  "NAVX": [
    0.00914787,
    0.00895989
  ],
  "COS": [
    0.00125234,
    0.00124027
  ],
  "PIXEL": [
    0.0085391,
    0.00817476
  ],
  "SOLV": [
    0.00423089,
    0.00425259
  ],
  "ROAM": [
    0.01811886,
    0.01765224
  ],
  "OBT": [
    0.00104962,
    0.00104764
  ],
  "RSS3": [
    0.00612588,
    0.00595873
  ],
  "FWOG": [
    0.00517451,
    0.00486791
  ],
  "FHE": [
    0.01920009,
    0.01893157
  ],
  "DMC": [
    0.000711,
    0.00070889
  ],
  "LYXE": [
    0.245965,
    0.245466
  ],
  "GEAR": [
    0.00033063,
    0.00033174
  ],
  "OAS": [
    0.00042133,
    0.00043339
  ],
  "FORTH": [
    0.269474,
    0.263654
  ],
  "RDNT": [
    0.00212254,
    0.00209192
  ],
  "SAMO": [
    0.00042462,
    0.00042528
  ],
  "HOOK": [
    0.00835998,
    0.00839435
  ],
  "PTB": [
    0.00107863,
    0.00113919
  ],
  "CUDIS": [
    0.00804773,
    0.00803081
  ],
  "PERP": [
    0.02721696,
    0.02704329
  ],
  "EPT": [
    0.00075895,
    0.00075633
  ],
  "FIS": [
    0.01080462,
    0.01098371
  ],
  "HIPPO": [
    0.00017041,
    0.00016948
  ],
  "FLM": [
    0.00303281,
    0.00293283
  ],
  "GORK": [
    0.00163042,
    0.00163127
  ],
  "SAROS": [
    0.0004978,
    0.00048593
  ],
  "DATA": [
    0.00096019,
    0.00095158
  ],
  "INSP": [
    0.00108336,
    0.00106227
  ],
  "ACA": [
    0.00071999,
    0.00068686
  ],
  "FOXY": [
    0.00011961,
    0.00011288
  ],
  "A2Z": [
    0.00007926,
    0.0000782
  ],
  "DUCK": [
    0.00008042,
    0.00008246
  ],
  "RFC": [
    0.00058555,
    0.00063947
  ],
  "SWTCH": [
    0.00347242,
    0.00342329
  ],
  "LOOKS": [
    0.00038134,
    0.0003928
  ],
  "MOONPIG": [
    0.00030988,
    0.00030496
  ],
  "BDXN": [
    0.00183198,
    0.00183344
  ],
  "ROOT": [
    0.00005771,
    0.00005991
  ],
  "CHILLGUY": [
    0.00008102,
    0.00008017
  ],
  "CHESS": [
    0.00016717,
    0.00016814
  ],
  "APU": [
    0.00003544,
    0.00003348
  ],
  "HOLO": [
    0.00001248,
    0.00001248
  ],
  "GMMT": [
    0.00332689,
    0.00331153
  ],
  "RATS": [
    0.0000436,
    0.00004164
  ],
  "ADB": [
    null,
    null
  ]
}