{
  "STABLE": [
    0.0334587,
    0.03363477
  ],
  "PUMP": [
    0.00182544,
    0.00180976
  ],
  "SIREN": [
    0.706247,
    0.711142
  ],
  "AERO": [
    0.45288,
    0.448646
  ],
  "SKYAI": [
    0.354515,
    0.352448
  ],
  "MON": [
    0.0300668,
    0.02972076
  ],
  "JASMY": [
    0.00561495,
    0.00559439
  ],
  "LIT": [
    0.916248,
    0.907636
  ],
  "CVX": [
    1.74,
    1.72
  ],
  "BAT": [
    0.09729,
    0.096937
  ],
  "CHEEMS": [
    6.12818e-7,
    6.09365e-7
  ],
  "ATH": [
    0.00584958,
    0.00581336
  ],
  "COW": [
    0.185939,
    0.184158
  ],
  "TAG": [
    0.0009123,
    0.00090775
  ],
  "BANANAS31": [
    0.00966506,
    0.00962383
  ],
  "BEAT": [
    0.572498,
    0.567366
  ],
  "SAHARA": [
    0.02329112,
    0.02322374
  ],
  "ARC": [
    0.075095,
    0.074437
  ],
  "CKB": [
    0.00150487,
    0.00149432
  ],
  "BAN": [
    0.072404,
    0.071921
  ],
  "ONT": [
    0.072107,
    0.072134
  ],
  "NPC": [
    0.00798968,
    0.00787273
  ],
  "POLYX": [
    0.04811394,
    0.0479072
  ],
  "MYX": [
    0.262544,
    0.262557
  ],
  "MAGMA": [
    0.248248,
    0.235913
  ],
  "CSPR": [
    0.00281209,
    0.00281026
  ],
  "IOTX": [
    0.00453633,
    0.00452289
  ],
  "ISLM": [
    0.01182595,
    0.01187985
  ],
  "REZ": [
    0.00477311,
    0.00475977
  ],
  "MERL": [
    0.03224883,
    0.03234061
  ],
  "NOT": [
    0.00038601,
    0.00038415
  ],
  "HUMA": [
    0.02206006,
    0.02204224
  ],
  "NEIRO": [
    0.0000916,
    0.00009047
  ],
  "SNEK": [
    0.00046722,
    0.00046612
  ],
  "DEP": [
    0.00111187,
    0.00111562
  ],
  "SATS": [
    1.3913e-8,
    1.3851e-8
  ],
  "SPELL": [
    0.00016701,
    0.00016644
  ],
  "ALLO": [
    0.118183,
    0.118693
  ],
  "SWARMS": [
    0.02642945,
    0.02660259
  ],
  "CPOOL": [
    0.02595421,
    0.02602265
  ],
  "GUN": [
    0.01440971,
    0.01442446
  ],
  "SLP": [
    0.00070083,
    0.00069636
  ],
  "DEGEN": [
    0.00067436,
    0.00066491
  ],
  "CORN": [
    0.04030906,
    0.04026264
  ],
  "LRC": [
    0.01681117,
    0.01672726
  ],
  "AURORA": [
    0.0263835,
    0.02642791
  ],
  "NYM": [
    0.02215482,
    0.02215314
  ],
  "L3": [
    0.01234485,
    0.01228007
  ],
  "GRIFFAIN": [
    0.01803654,
    0.01800541
  ],
  "NIL": [
    0.04062971,
    0.04019698
  ],
  "INIT": [
    0.091407,
    0.091246
  ],
  "AIN": [
    0.092988,
    0.091853
  ],
  "BOB": [
    0.00570736,
    0.00568715
  ],
  "NEWT": [
    0.074024,
    0.073587
  ],
  "BANK": [
    0.03388237,
    0.03369605
  ],
  "SONIC": [
    0.03769846,
    0.03757479
  ],
  "MUBARAK": [
    0.01358207,
    0.01344543
  ],
  "DSYNC": [
    0.01306995,
    0.01301377
  ],
  "TLM": [
    0.00183731,
    0.00182968
  ],
  "PAAL": [
    0.01311315,
    0.01311403
  ],
  "RESOLV": [
    0.02863324,
    0.02864719
  ],
  "HONEY": [
    0.00181387,
    0.00181192
  ],
  "DAO": [
    0.04093392,
    0.04082352
  ],
  "IKA": [
    0.00337133,
    0.00335447
  ],
  "HMSTR": [
    0.00015506,
    0.00015376
  ],
  "COQ": [
    1.36047e-7,
    1.36007e-7
  ],
  "LAT": [
    0.00133293,
    0.00133129
  ],
  "TAI": [
    0.01478748,
    0.01487923
  ],
  "RSS3": [
    0.00556035,
    0.0055594
  ],
  "AVL": [
    0.02616626,
    0.02639162
  ],
  "FUEL": [
    0.00091183,
    0.00091691
  ],
  "NAVX": [
    0.0087754,
    0.00874688
  ],
  "SOLV": [
    0.00469569,
    0.00471528
  ],
  "NKN": [
    0.00787061,
    0.00790129
  ],
  "PIXEL": [
    0.00800857,
    0.00794411
  ],
  "COS": [
    0.00115606,
    0.00115109
  ],
  "OBT": [
    0.00100238,
    0.00100576
  ],
  "DMC": [
    0.00069583,
    0.00069007
  ],
  "FHE": [
    0.01800824,
    0.01802584
  ],
  "FWOG": [
    0.00451682,
    0.00454827
  ],
  "LYXE": [
    0.256123,
    0.253818
  ],
  "DENT": [
    0.00004134,
    0.00004135
  ],
  "ROAM": [
    0.01090609,
    0.01088326
  ],
  "GEAR": [
    0.00032659,
    0.00032455
  ],
  "OAS": [
    0.00047981,
    0.0004837
  ],
  "FORTH": [
    0.242113,
    0.241375
  ],
  "HOOK": [
    0.00804986,
    0.00804848
  ],
  "RDNT": [
    0.00178977,
    0.00178662
  ],
  "SAMO": [
    0.00036256,
    0.00036121
  ],
  "CUDIS": [
    0.00784451,
    0.0078422
  ],
  "PERP": [
    0.02553415,
    0.02568751
  ],
  "EPT": [
    0.00073951,
    0.00072155
  ],
  "PTB": [
    0.00081074,
    0.00080221
  ],
  "HIPPO": [
    0.00016298,
    0.0001633
  ],
  "FIS": [
    0.01042483,
    0.01041055
  ],
  "SAROS": [
    0.00060115,
    0.00060104
  ],
  "FLM": [
    0.0026056,
    0.00257444
  ],
  "GORK": [
    0.00140856,
    0.0014204
  ],
  "DATA": [
    0.00071736,
    0.00070282
  ],
  "A2Z": [
    0.00011138,
    0.00010757
  ],
  "ACA": [
    0.00065902,
    0.00066727
  ],
  "INSP": [
    0.00096926,
    0.00095503
  ],
  "FOXY": [
    0.00011603,
    0.0001169
  ],
  "DUCK": [
    0.00007252,
    0.00007277
  ],
  "RFC": [
    0.00058624,
    0.00057821
  ],
  "SWTCH": [
    0.00331791,
    0.00325139
  ],
  "LOOKS": [
    0.00035889,
    0.00035894
  ],
  "MOONPIG": [
    0.00028633,
    0.0002826
  ],
  "BDXN": [
    0.00157773,
    0.00159339
  ],
  "ROOT": [
    0.00005959,
    0.00005948
  ],
  "CHILLGUY": [
    0.00009074,
    0.00009074
  ],
  "APU": [
    0.00004259,
    0.00004196
  ],
  "CHESS": [
    0.0001987,
    0.00019884
  ],
  "HOLO": [
    0.00001187,
    0.00001187
  ],
  "GMMT": [
    0.00249369,
    0.00248143
  ],
  "RATS": [
    0.00003838,
    0.00003855
  ],
  "ADB": [
    null,
    null
  ]
}