{
  "LF": [
    0.00003362
  ],
  "NEGED": [
    0.00001767
  ],
  "GAMER": [
    4.44968e-7
  ],
  "PRO": [
    0.00008278
  ],
  "BRI": [
    0.00502635
  ],
  "FEED": [
    0.00001542
  ],
  "CFT": [
    0.00115014
  ],
  "SUIA": [
    0.00060219
  ],
  "CHWY": [
    2.6797e-8
  ],
  "CHMPZ": [
    0.00001447
  ],
  "UDAI": [
    1.073
  ],
  "ASO": [
    0.00005144
  ],
  "MEMHASH": [
    0.00011591
  ],
  "CHOW": [
    4.9203e-8
  ],
  "BUIDL-I": [
    1
  ],
  "$COSMIC": [
    0.0000192
  ],
  "SLIZ": [
    0.00000659
  ],
  "ION": [
    0.00201292
  ],
  "FREED": [
    0.0034266
  ],
  "9INCH": [
    2.64833e-7
  ],
  "D2X": [
    0.00170604
  ],
  "CBR": [
    0.0000582
  ],
  "VDOT": [
    0.03226161
  ],
  "CHEEL": [
    0.429164
  ],
  "FID": [
    0.00035987
  ],
  "ESCO": [
    1.17582e-10
  ],
  "DCIP": [
    1.145e-9
  ],
  "PC0000077": [
    1
  ],
  "FASH": [
    0.0000158
  ],
  "WEB3": [
    0.01482022
  ],
  "DBX": [
    0.00000124
  ],
  "SHPING": [
    0.0011386
  ],
  "CRUX": [
    0.098412
  ],
  "NVM": [
    0.409045
  ],
  "MGKL": [
    5.5162e-8
  ],
  "ECP": [
    0.03245265
  ],
  "DRIP": [
    0.00001266
  ],
  "CID": [
    0.0001796
  ],
  "SPACEPI": [
    6.464e-12
  ],
  "JOC": [
    0.00031877
  ],
  "$CRYPTON": [
    0.02590037
  ],
  "DEDE": [
    1.87778e-10
  ],
  "RUSTY": [
    0.00021616
  ],
  "LTT": [
    0.00542412
  ],
  "CTCP": [
    0.00036
  ],
  "CSUSHI": [
    0.00421188
  ],
  "VULPEFI": [
    0.00104664
  ],
  "TEAR": [
    0.00032959
  ],
  "GUSDC": [
    0.999916
  ],
  "ONE": [
    0.00045743
  ],
  "CHIITAN": [
    0.00000747
  ],
  "SPACE": [
    0.00187544
  ],
  "CHAINCADE": [
    5.26919e-10
  ],
  "JEFF": [
    5.7054e-8
  ],
  "CNR": [
    0.00024475
  ],
  "SHARX": [
    0.00009749
  ],
  "BET": [
    0.00034391
  ],
  "EV": [
    0.00175325
  ],
  "GPU": [
    0.068546
  ],
  "COCA": [
    1.2
  ],
  "COIN": [
    0.00006898
  ],
  "DROID": [
    0.00002166
  ],
  "DXCT": [
    0.01571481
  ],
  "DBD": [
    0.0020423
  ],
  "CENX": [
    0.00007839
  ],
  "ETERNAL": [
    0.0449866
  ],
  "CRONA": [
    0.00024228,
    0.00024184
  ],
  "CRYN": [
    0.389647
  ],
  "POGAI": [
    0.00000314
  ],
  "DOBI": [
    0.00001059
  ],
  "XCUSDT": [
    0.992342
  ],
  "CP": [
    0.01262946
  ],
  "CALCIFY": [
    0.02065371
  ],
  "COSMIC": [
    0.02317174
  ],
  "CAMLY": [
    0.00000821
  ],
  "PHAME": [
    0.01546015
  ],
  "MEE": [
    0.00074135
  ],
  "CAPRI": [
    0.00001668
  ],
  "DFG": [
    1.49
  ],
  "CRAZYBUNNY": [
    4.4706e-11
  ],
  "FTS": [
    0.0007197
  ],
  "$NATION": [
    0.0009074
  ],
  "TRD": [
    0.00314296
  ],
  "UBI": [
    0.00004497
  ],
  "MUBOND": [
    1.022
  ],
  "FPL": [
    0.00173523,
    0.00170085
  ],
  "CROB": [
    0.229107
  ],
  "DUBCAT": [
    0.00155078
  ],
  "SMILEK": [
    0.00004998
  ],
  "PC0000085": [
    1,
    1
  ],
  "STLS": [
    0.00261996,
    0.00261996
  ],
  "HODL": [
    0.0004888,
    0.00048165
  ],
  "MORPH": [
    9.9746e-8,
    9.1366e-8
  ],
  "LYD": [
    0.00006036
  ],
  "SPADE": [
    0.00539112,
    0.00539137
  ],
  "WORK": [
    0.00008139,
    0.00008139
  ],
  "THE": [
    0.00008631,
    0.00008631
  ],
  "NMC": [
    0.936768,
    0.925545
  ],
  "STT": [
    0.057484,
    0.055192
  ],
  "A1X": [
    0.0003283,
    0.00033
  ],
  "CBTM": [
    0.00000362,
    0.00000359
  ],
  "ARTL": [
    0.00850008,
    0.00850008
  ],
  "LLAMA": [
    0.00696551,
    0.00697253
  ],
  "KINGY": [
    0.02534235,
    0.02556961
  ],
  "PENGU": [
    0.00006889,
    0.00006889
  ],
  "OFF": [
    0.00588987,
    0.00588987
  ],
  "VOY": [
    0.00001755
  ],
  "LICK": [
    0.00000402,
    0.00000402
  ],
  "GFI": [
    0.00017428,
    0.00017313
  ],
  "BLERF": [
    0.0000015,
    0.00000149
  ],
  "MAAL": [
    0.161486,
    0.161486
  ],
  "ABBC": [
    0.00589633,
    0.0054872
  ],
  "DEFAI": [
    0.00001393,
    0.00001393
  ],
  "$SWING": [
    0.00010218,
    0.00010176
  ],
  "CKC": [
    0.00012069,
    0.00012011
  ],
  "TXT": [
    0.00049598,
    0.00049598
  ],
  "CSTAR": [
    0.00000305,
    0.00000299
  ],
  "COLS": [
    0.01417971,
    0.0142517
  ],
  "CFG": [
    0.13162,
    0.127788
  ],
  "CAT": [
    8.5838e-11,
    8.5838e-11
  ],
  "FLEX": [
    0.00091276,
    0.00089262
  ],
  "SGT": [
    0.096452,
    0.096052
  ],
  "USDB": [
    1.017
  ],
  "DRGX": [
    0.02318587,
    0.02424141
  ],
  "BURGER": [
    0.00070072,
    0.00068956
  ],
  "PIG": [
    1.3977e-8,
    1.3976e-8
  ],
  "KLIMA": [
    0.04278522
  ],
  "GARY": [
    0.02115897,
    0.02075917
  ],
  "GRAPE": [
    0.00006198,
    0.00006198
  ],
  "MPH": [
    0.01043513,
    0.0104284
  ],
  "ZET": [
    0.00142321,
    0.00142321
  ],
  "SDG": [
    0.00072985,
    0.00072982
  ],
  "SIGMA": [
    0.01019801
  ],
  "TOWELI": [
    0.0000441,
    0.0000441
  ],
  "FERRET": [
    0.00001837,
    0.00001837
  ],
  "KREES": [
    2.29702e-10
  ],
  "BRLY": [
    0.00001308
  ],
  "MILK": [
    0.04750069,
    0.056993
  ],
  "SOLC": [
    0.01683521,
    0.01664919
  ],
  "LYK": [
    0.127956
  ],
  "GEM": [
    0.00058884,
    0.00058884
  ],
  "HBT": [
    9.6053e-8
  ],
  "KNET": [
    0.00025333,
    0.00024971
  ],
  "SHREDN": [
    0.00000549
  ],
  "DRC": [
    0.289815,
    0.289805
  ],
  "USEU": [
    0.92637,
    0.92637
  ],
  "BEANS": [
    0.00252504,
    0.00252504
  ],
  "YFX": [
    0.00432117,
    0.00432117
  ],
  "CARAT": [
    0.237831,
    0.237831
  ],
  "NUMA": [
    0.20644
  ],
  "$MEMEME": [
    0.00000106,
    0.00000106
  ],
  "NEXUS": [
    0.00001287,
    0.00001287
  ],
  "IDLEDAISAFE": [
    1.23,
    1.23
  ],
  "RIZZ": [
    2.6175e-11,
    2.6175e-11
  ],
  "ZENIQ": [
    0.00489865,
    0.00489847
  ],
  "ACP": [
    0.00027302,
    0.00027501
  ],
  "REWARD": [
    0.00018752,
    0.00018752
  ],
  "FAH": [
    1.36,
    1.35
  ],
  "BTC20": [
    0.00753692,
    0.0074657
  ],
  "KLTR": [
    0.01458037,
    0.01444796
  ],
  "MECO": [
    0.00001889,
    0.00001889
  ],
  "BRISH": [
    0.00001094,
    0.00001094
  ],
  "UNITE": [
    1.86,
    1.86
  ],
  "FNZ": [
    0.0000194,
    0.0000194
  ],
  "BTAF": [
    0.02717479,
    0.02804203
  ],
  "ZIOW": [
    0.563438,
    0.569626
  ],
  "ROLL": [
    0.00004723,
    0.00004723
  ],
  "AI": [
    0.00000814,
    0.00000814
  ],
  "CRAZYTIGER": [
    0,
    0
  ],
  "LEE": [
    0.978587,
    0.977584
  ],
  "SHAN": [
    0.00011856,
    0.00011795
  ],
  "HYGT": [
    0.00022363,
    0.00022363
  ],
  "AMERICA": [
    0.00002249
  ],
  "ZUZALU": [
    1.214e-9
  ],
  "DUCKER": [
    2.8826e-7
  ],
  "JOHN": [
    0.00074986
  ],
  "FB": [
    0.342371
  ],
  "CROW": [
    0.679182
  ],
  "POLLY": [
    0.00000317
  ],
  "BTCPAY": [
    0.00303278,
    0.00298003
  ],
  "ZENT": [
    0
  ],
  "MORK": [
    0.00010703,
    0.00010703
  ],
  "DAPP": [
    0.00003429
  ],
  "DUBI": [
    0.050142
  ],
  "YVHEGIC": [
    0.01456927
  ],
  "LRST": [
    0.00006897,
    0.00006943
  ],
  "OSHI": [
    0.03054313,
    0.03053164
  ],
  "YND": [
    0.0007612,
    0.00075387
  ],
  "CRAB": [
    0.00108544,
    0.00108544
  ],
  "HAI": [
    0.00032046,
    0.00032046
  ],
  "HTD": [
    0.00193545
  ],
  "GBTC": [
    0.02527444,
    0.02493047
  ],
  "CBE": [
    5.3675e-8,
    5.3675e-8
  ],
  "XETH": [
    1.21
  ],
  "DODO": [
    1.045e-9
  ],
  "BOW": [
    0.0024855
  ],
  "PINGU": [
    2.1443e-11
  ],
  "NUTS": [
    0.00352952,
    0.00352952
  ],
  "SPY.D": [
    6.7882e-10,
    6.7882e-10
  ],
  "$TIVA": [
    0.090471
  ],
  "FTON": [
    0.00003187
  ],
  "BITCOIN": [
    4.96131e-7
  ],
  "RFRM": [
    0.00220322,
    0.00218495
  ],
  "ASTROS": [
    0.01124512
  ],
  "LCAI": [
    0.00322979
  ],
  "DEZ": [
    0.00077289
  ],
  "PPI": [
    0.00148393
  ],
  "SOLLY": [
    0.00000627
  ],
  "LMDA": [
    0.003007
  ]
}