{
  "STABLE": [
    0.03322809,
    0.03347493
  ],
  "PUMP": [
    0.00180099,
    0.00180736
  ],
  "SIREN": [
    0.685482,
    0.69864
  ],
  "AERO": [
    0.456069,
    0.457997
  ],
  "SKYAI": [
    0.384164,
    0.387324
  ],
  "MON": [
    0.02896681,
    0.02934561
  ],
  "JASMY": [
    0.00562093,
    0.00562104
  ],
  "LIT": [
    0.900779,
    0.897818
  ],
  "CVX": [
    1.72,
    1.72
  ],
  "BAT": [
    0.096407,
    0.096623
  ],
  "CHEEMS": [
    6.16202e-7,
    6.15095e-7
  ],
  "ATH": [
    0.0057917,
    0.00578356
  ],
  "COW": [
    0.184615,
    0.186001
  ],
  "BANANAS31": [
    0.009663,
    0.00974031
  ],
  "TAG": [
    0.00070527,
    0.0007448
  ],
  "BEAT": [
    0.540341,
    0.54623
  ],
  "ARC": [
    0.074097,
    0.073373
  ],
  "BAN": [
    0.072845,
    0.073069
  ],
  "SAHARA": [
    0.02205477,
    0.02209091
  ],
  "CKB": [
    0.00147981,
    0.00148005
  ],
  "ONT": [
    0.070533,
    0.070778
  ],
  "NPC": [
    0.00777996,
    0.00778545
  ],
  "POLYX": [
    0.04758238,
    0.04757351
  ],
  "MYX": [
    0.262132,
    0.262752
  ],
  "MAGMA": [
    0.2645,
    0.255373
  ],
  "CSPR": [
    0.00281549,
    0.00281244
  ],
  "IOTX": [
    0.00448352,
    0.00451609
  ],
  "ISLM": [
    0.01175865,
    0.01179524
  ],
  "MERL": [
    0.03229495,
    0.03217672
  ],
  "HUMA": [
    0.0224486,
    0.02201744
  ],
  "NOT": [
    0.00038103,
    0.00038114
  ],
  "NEIRO": [
    0.00008945,
    0.00008947
  ],
  "REZ": [
    0.00435086,
    0.00432085
  ],
  "SNEK": [
    0.00046804,
    0.00046267
  ],
  "DEP": [
    0.0011127,
    0.00111104
  ],
  "SATS": [
    1.3762e-8,
    1.3766e-8
  ],
  "SPELL": [
    0.00016714,
    0.00016755
  ],
  "ALLO": [
    0.121818,
    0.119869
  ],
  "SWARMS": [
    0.02629185,
    0.02582243
  ],
  "CPOOL": [
    0.0257117,
    0.02573252
  ],
  "SLP": [
    0.00069727,
    0.00070051
  ],
  "GUN": [
    0.01438296,
    0.01423975
  ],
  "DEGEN": [
    0.00066956,
    0.00067109
  ],
  "CORN": [
    0.04025471,
    0.04030055
  ],
  "LRC": [
    0.01667548,
    0.01673114
  ],
  "L3": [
    0.01270401,
    0.01274976
  ],
  "AURORA": [
    0.02624659,
    0.02623701
  ],
  "NYM": [
    0.02193041,
    0.02199121
  ],
  "GRIFFAIN": [
    0.01827168,
    0.01801075
  ],
  "NIL": [
    0.03859483,
    0.03927076
  ],
  "INIT": [
    0.090504,
    0.089961
  ],
  "AIN": [
    0.092375,
    0.090567
  ],
  "NEWT": [
    0.07348,
    0.073439
  ],
  "BOB": [
    0.00534686,
    0.00534667
  ],
  "BANK": [
    0.03363832,
    0.03374173
  ],
  "SONIC": [
    0.03741629,
    0.03742395
  ],
  "MUBARAK": [
    0.0134428,
    0.01344594
  ],
  "DSYNC": [
    0.01322746,
    0.01316196
  ],
  "TLM": [
    0.00183652,
    0.00184691
  ],
  "PAAL": [
    0.01321186,
    0.01311191
  ],
  "RESOLV": [
    0.02932531,
    0.02912554
  ],
  "HONEY": [
    0.00181777,
    0.00183868
  ],
  "DAO": [
    0.04092722,
    0.04160134
  ],
  "IKA": [
    0.00335934,
    0.0033565
  ],
  "HMSTR": [
    0.00015257,
    0.00015354
  ],
  "COQ": [
    1.35608e-7,
    1.35702e-7
  ],
  "TAI": [
    0.0160866,
    0.01598331
  ],
  "LAT": [
    0.00132573,
    0.00133001
  ],
  "RSS3": [
    0.00544633,
    0.00546876
  ],
  "AVL": [
    0.02633823,
    0.02606984
  ],
  "FUEL": [
    0.00091439,
    0.00091356
  ],
  "NAVX": [
    0.00868792,
    0.00872886
  ],
  "SOLV": [
    0.00458044,
    0.00459776
  ],
  "NKN": [
    0.00800192,
    0.00819617
  ],
  "PIXEL": [
    0.00809908,
    0.00811445
  ],
  "COS": [
    0.00114666,
    0.00115432
  ],
  "OBT": [
    0.00100054,
    0.00100884
  ],
  "DMC": [
    0.00068431,
    0.00068605
  ],
  "FHE": [
    0.01767349,
    0.01781847
  ],
  "FWOG": [
    0.00452298,
    0.00451717
  ],
  "DENT": [
    0.00004124,
    0.00004205
  ],
  "ROAM": [
    0.01145534,
    0.01139225
  ],
  "LYXE": [
    0.249772,
    0.249772
  ],
  "GEAR": [
    0.00032599,
    0.00032901
  ],
  "OAS": [
    0.00047858,
    0.00048841
  ],
  "FORTH": [
    0.239604,
    0.238404
  ],
  "RDNT": [
    0.00178577,
    0.00178439
  ],
  "HOOK": [
    0.00797802,
    0.00791446
  ],
  "SAMO": [
    0.00036128,
    0.00036276
  ],
  "CUDIS": [
    0.00786226,
    0.00784938
  ],
  "PERP": [
    0.02543364,
    0.02537793
  ],
  "EPT": [
    0.00071965,
    0.00071096
  ],
  "PTB": [
    0.00078418,
    0.00080473
  ],
  "SAROS": [
    0.00059923,
    0.00062654
  ],
  "FIS": [
    0.01047937,
    0.01044696
  ],
  "HIPPO": [
    0.00016069,
    0.00016182
  ],
  "FLM": [
    0.00254855,
    0.00257412
  ],
  "GORK": [
    0.00140959,
    0.00140584
  ],
  "DATA": [
    0.0007039,
    0.00070801
  ],
  "A2Z": [
    0.000103,
    0.00010197
  ],
  "INSP": [
    0.00097393,
    0.00094714
  ],
  "ACA": [
    0.00062889,
    0.00062811
  ],
  "FOXY": [
    0.00011598,
    0.00011596
  ],
  "RFC": [
    0.00061917,
    0.00062262
  ],
  "SWTCH": [
    0.00335586,
    0.00368312
  ],
  "DUCK": [
    0.00007266,
    0.00007264
  ],
  "LOOKS": [
    0.00035701,
    0.00035721
  ],
  "BDXN": [
    0.00164231,
    0.00167255
  ],
  "MOONPIG": [
    0.00026589,
    0.00026588
  ],
  "ROOT": [
    0.00006048,
    0.00006037
  ],
  "CHILLGUY": [
    0.00008994,
    0.00009006
  ],
  "CHESS": [
    0.00020638,
    0.00020639
  ],
  "APU": [
    0.00003933,
    0.00003937
  ],
  "HOLO": [
    0.0000118,
    0.00001178
  ],
  "GMMT": [
    0.00245082,
    0.00247856
  ],
  "RATS": [
    0.00003877,
    0.00003856
  ],
  "ADB": [
    null,
    null
  ]
}