{
  "PUMP": [
    0.00176226,
    0.001761
  ],
  "STABLE": [
    0.0325943,
    0.03272726
  ],
  "SIREN": [
    0.700662,
    0.698151
  ],
  "AERO": [
    0.429196,
    0.431154
  ],
  "MON": [
    0.03088911,
    0.03085372
  ],
  "JASMY": [
    0.0057508,
    0.00573222
  ],
  "LIT": [
    0.921366,
    0.916714
  ],
  "SKYAI": [
    0.194534,
    0.197797
  ],
  "CVX": [
    1.79,
    1.78
  ],
  "BAT": [
    0.104277,
    0.104264
  ],
  "CHEEMS": [
    5.96638e-7,
    5.95773e-7
  ],
  "ATH": [
    0.00607476,
    0.00606895
  ],
  "COW": [
    0.19124,
    0.190088
  ],
  "BANANAS31": [
    0.0091873,
    0.00920675
  ],
  "BAN": [
    0.08816,
    0.08782
  ],
  "BEAT": [
    0.552143,
    0.547316
  ],
  "ONT": [
    0.076106,
    0.075798
  ],
  "SAHARA": [
    0.02369937,
    0.02353054
  ],
  "CKB": [
    0.00152161,
    0.00152328
  ],
  "TAG": [
    0.00063906,
    0.0006409
  ],
  "NPC": [
    0.00832345,
    0.00841126
  ],
  "ARC": [
    0.067452,
    0.067119
  ],
  "POLYX": [
    0.051735,
    0.05147
  ],
  "MYX": [
    0.253165,
    0.263653
  ],
  "CSPR": [
    0.00292587,
    0.00292476
  ],
  "MERL": [
    0.03731848,
    0.03716315
  ],
  "IOTX": [
    0.00484287,
    0.00483134
  ],
  "HUMA": [
    0.02434449,
    0.02394143
  ],
  "NOT": [
    0.00041769,
    0.00041722
  ],
  "MAGMA": [
    0.208677,
    0.200785
  ],
  "SNEK": [
    0.00050765,
    0.00050861
  ],
  "NEIRO": [
    0.00008839,
    0.00008829
  ],
  "REZ": [
    0.00402946,
    0.00406821
  ],
  "DEP": [
    0.00111549,
    0.00111636
  ],
  "ISLM": [
    0.0118172,
    0.01189556
  ],
  "SATS": [
    1.4473e-8,
    1.4413e-8
  ],
  "SPELL": [
    0.00016636,
    0.00016625
  ],
  "CPOOL": [
    0.02725752,
    0.02752185
  ],
  "SLP": [
    0.0007267,
    0.00074068
  ],
  "ALLO": [
    0.119247,
    0.118203
  ],
  "GUN": [
    0.0152771,
    0.01535366
  ],
  "INIT": [
    0.095752,
    0.097005
  ],
  "NYM": [
    0.03118124,
    0.03138769
  ],
  "DEGEN": [
    0.00065368,
    0.00065261
  ],
  "LRC": [
    0.01713557,
    0.01711846
  ],
  "CORN": [
    0.04025691,
    0.04028839
  ],
  "AURORA": [
    0.0278858,
    0.02786373
  ],
  "NIL": [
    0.04244372,
    0.04230363
  ],
  "SWARMS": [
    0.01861828,
    0.01876132
  ],
  "GRIFFAIN": [
    0.01764117,
    0.01787161
  ],
  "NEWT": [
    0.080636,
    0.081975
  ],
  "BOB": [
    0.00586334,
    0.00587008
  ],
  "L3": [
    0.01025684,
    0.01026205
  ],
  "BANK": [
    0.03440482,
    0.03400699
  ],
  "DSYNC": [
    0.01430248,
    0.01441279
  ],
  "MUBARAK": [
    0.0139539,
    0.01382061
  ],
  "SONIC": [
    0.03739845,
    0.03720014
  ],
  "TLM": [
    0.00192465,
    0.00192034
  ],
  "HONEY": [
    0.00210269,
    0.00212745
  ],
  "IKA": [
    0.00389591,
    0.00388765
  ],
  "AIN": [
    0.062892,
    0.062532
  ],
  "DAO": [
    0.04501406,
    0.04493179
  ],
  "PAAL": [
    0.01212739,
    0.01210549
  ],
  "RESOLV": [
    0.02788525,
    0.02772221
  ],
  "COQ": [
    1.47112e-7,
    1.47088e-7
  ],
  "HMSTR": [
    0.00015799,
    0.0001573
  ],
  "TAI": [
    0.01658065,
    0.01655815
  ],
  "LAT": [
    0.00133601,
    0.00133569
  ],
  "AVL": [
    0.02721391,
    0.02716158
  ],
  "FUEL": [
    0.00093916,
    0.0009375
  ],
  "NAVX": [
    0.0088399,
    0.0088041
  ],
  "NKN": [
    0.00856793,
    0.00862984
  ],
  "PIXEL": [
    0.00813054,
    0.00816929
  ],
  "SOLV": [
    0.00418308,
    0.00413745
  ],
  "COS": [
    0.00118328,
    0.00117884
  ],
  "DENT": [
    0.0000631,
    0.00006237
  ],
  "OBT": [
    0.001037,
    0.00104618
  ],
  "ROAM": [
    0.01631431,
    0.01599874
  ],
  "RSS3": [
    0.00586116,
    0.00584954
  ],
  "DMC": [
    0.0007098,
    0.00070755
  ],
  "FHE": [
    0.01803148,
    0.01798472
  ],
  "FWOG": [
    0.00453214,
    0.00453667
  ],
  "OAS": [
    0.00061141,
    0.00060754
  ],
  "LYXE": [
    0.234681,
    0.234717
  ],
  "FORTH": [
    0.261246,
    0.270485
  ],
  "RDNT": [
    0.00192282,
    0.00191533
  ],
  "HOOK": [
    0.00849692,
    0.0085293
  ],
  "GEAR": [
    0.00022978,
    0.00022956
  ],
  "SAMO": [
    0.00037818,
    0.00037329
  ],
  "CUDIS": [
    0.00804758,
    0.00801733
  ],
  "PERP": [
    0.02627073,
    0.02627923
  ],
  "EPT": [
    0.00073706,
    0.00073899
  ],
  "PTB": [
    0.0008238,
    0.00081995
  ],
  "FIS": [
    0.01061633,
    0.01059268
  ],
  "HIPPO": [
    0.00016194,
    0.00016096
  ],
  "GORK": [
    0.00152005,
    0.0015466
  ],
  "FLM": [
    0.00262727,
    0.00263301
  ],
  "SAROS": [
    0.00051468,
    0.00050577
  ],
  "DATA": [
    0.00075041,
    0.00075146
  ],
  "INSP": [
    0.00113588,
    0.00111623
  ],
  "ACA": [
    0.0006774,
    0.00068368
  ],
  "FOXY": [
    0.00012086,
    0.00012098
  ],
  "A2Z": [
    0.00006929,
    0.00007016
  ],
  "RFC": [
    0.00059514,
    0.0005959
  ],
  "SWTCH": [
    0.00342287,
    0.00350803
  ],
  "DUCK": [
    0.00006948,
    0.00007006
  ],
  "LOOKS": [
    0.00037955,
    0.00037605
  ],
  "MOONPIG": [
    0.00029899,
    0.00029703
  ],
  "BDXN": [
    0.00159147,
    0.00158793
  ],
  "ROOT": [
    0.0000619,
    0.0000619
  ],
  "CHILLGUY": [
    0.00013392,
    0.00013395
  ],
  "APU": [
    0.00005351,
    0.00005271
  ],
  "CHESS": [
    0.00015261,
    0.000152
  ],
  "HOLO": [
    0.0000122,
    0.00001228
  ],
  "GMMT": [
    0.00262115,
    0.00262213
  ],
  "RATS": [
    0.00003687,
    0.00003663
  ],
  "ADB": [
    null,
    null
  ]
}