{
  "STABLE": [
    0.03393222,
    0.03390642
  ],
  "PUMP": [
    0.00181294,
    0.00181222
  ],
  "SIREN": [
    0.708913,
    0.702492
  ],
  "SKYAI": [
    0.408038,
    0.433157
  ],
  "AERO": [
    0.454607,
    0.452556
  ],
  "MON": [
    0.02990143,
    0.03008029
  ],
  "JASMY": [
    0.00563828,
    0.00566636
  ],
  "LIT": [
    0.889843,
    0.891535
  ],
  "CVX": [
    1.74,
    1.74
  ],
  "BAT": [
    0.096993,
    0.096939
  ],
  "TAG": [
    0.00112825,
    0.00121543
  ],
  "CHEEMS": [
    6.03597e-7,
    6.10101e-7
  ],
  "ATH": [
    0.00579368,
    0.00581129
  ],
  "COW": [
    0.184363,
    0.184547
  ],
  "BANANAS31": [
    0.00982615,
    0.01002987
  ],
  "BEAT": [
    0.588769,
    0.58157
  ],
  "SAHARA": [
    0.02317913,
    0.02305903
  ],
  "ARC": [
    0.075847,
    0.075137
  ],
  "CKB": [
    0.00149516,
    0.0014923
  ],
  "BAN": [
    0.071921,
    0.071769
  ],
  "ONT": [
    0.071049,
    0.070832
  ],
  "NPC": [
    0.00790319,
    0.00786976
  ],
  "POLYX": [
    0.04752865,
    0.04761213
  ],
  "MYX": [
    0.253693,
    0.254323
  ],
  "MAGMA": [
    0.233597,
    0.236284
  ],
  "CSPR": [
    0.0027906,
    0.00279091
  ],
  "IOTX": [
    0.00447536,
    0.00445641
  ],
  "ISLM": [
    0.01176357,
    0.01176763
  ],
  "REZ": [
    0.00485699,
    0.00480695
  ],
  "NEIRO": [
    0.00009297,
    0.00009471
  ],
  "MERL": [
    0.03132038,
    0.03148456
  ],
  "NOT": [
    0.0003874,
    0.00038949
  ],
  "HUMA": [
    0.0218671,
    0.02191137
  ],
  "SNEK": [
    0.00046019,
    0.00046117
  ],
  "SATS": [
    1.4492e-8,
    1.4669e-8
  ],
  "DEP": [
    0.00111168,
    0.00110997
  ],
  "SPELL": [
    0.0001668,
    0.00016658
  ],
  "ALLO": [
    0.120653,
    0.119246
  ],
  "SWARMS": [
    0.0264724,
    0.02645833
  ],
  "GUN": [
    0.0143974,
    0.0143824
  ],
  "CPOOL": [
    0.02547171,
    0.02559969
  ],
  "SLP": [
    0.00069887,
    0.00069921
  ],
  "DEGEN": [
    0.00067668,
    0.00067479
  ],
  "CORN": [
    0.04028748,
    0.04021813
  ],
  "LRC": [
    0.0168339,
    0.01679032
  ],
  "AURORA": [
    0.026376,
    0.02639067
  ],
  "NIL": [
    0.04077137,
    0.04075018
  ],
  "L3": [
    0.01238449,
    0.0123193
  ],
  "AIN": [
    0.095164,
    0.096959
  ],
  "GRIFFAIN": [
    0.01781897,
    0.01781824
  ],
  "NYM": [
    0.02016434,
    0.02064237
  ],
  "INIT": [
    0.088345,
    0.087743
  ],
  "BOB": [
    0.00565371,
    0.00566315
  ],
  "NEWT": [
    0.073785,
    0.073885
  ],
  "BANK": [
    0.03320873,
    0.03326775
  ],
  "SONIC": [
    0.03757941,
    0.03775557
  ],
  "MUBARAK": [
    0.01342089,
    0.01347236
  ],
  "DSYNC": [
    0.01292248,
    0.01291567
  ],
  "TLM": [
    0.00183582,
    0.00183494
  ],
  "PAAL": [
    0.01282458,
    0.01283206
  ],
  "RESOLV": [
    0.02891407,
    0.02855707
  ],
  "HONEY": [
    0.00180972,
    0.00180926
  ],
  "DAO": [
    0.04196006,
    0.0412834
  ],
  "IKA": [
    0.00328744,
    0.00330187
  ],
  "HMSTR": [
    0.00015223,
    0.00015294
  ],
  "COQ": [
    1.34833e-7,
    1.33427e-7
  ],
  "LAT": [
    0.00132821,
    0.00133142
  ],
  "TAI": [
    0.0150305,
    0.01503525
  ],
  "RSS3": [
    0.00555337,
    0.0055817
  ],
  "AVL": [
    0.02734879,
    0.02722859
  ],
  "NAVX": [
    0.00876319,
    0.00876273
  ],
  "FUEL": [
    0.00090334,
    0.00090268
  ],
  "SOLV": [
    0.0045685,
    0.00453556
  ],
  "NKN": [
    0.00796285,
    0.00800637
  ],
  "PIXEL": [
    0.00783569,
    0.00785318
  ],
  "COS": [
    0.00115294,
    0.00115272
  ],
  "OBT": [
    0.0009971,
    0.0009979
  ],
  "FHE": [
    0.0188354,
    0.01908905
  ],
  "DMC": [
    0.00069093,
    0.00068929
  ],
  "FWOG": [
    0.00453236,
    0.00452797
  ],
  "DENT": [
    0.00004023,
    0.00004177
  ],
  "LYXE": [
    0.256066,
    0.256066
  ],
  "ROAM": [
    0.01094249,
    0.01089257
  ],
  "OAS": [
    0.00057665,
    0.00055535
  ],
  "GEAR": [
    0.00032256,
    0.00032548
  ],
  "FORTH": [
    0.235833,
    0.235869
  ],
  "HOOK": [
    0.00790712,
    0.00805339
  ],
  "RDNT": [
    0.00179492,
    0.00179416
  ],
  "SAMO": [
    0.00035345,
    0.0003589
  ],
  "CUDIS": [
    0.00789743,
    0.0078984
  ],
  "PERP": [
    0.02562301,
    0.02544497
  ],
  "EPT": [
    0.00072179,
    0.00071647
  ],
  "HIPPO": [
    0.00016053,
    0.00016112
  ],
  "PTB": [
    0.00077781,
    0.00077706
  ],
  "FIS": [
    0.01021071,
    0.01015844
  ],
  "SAROS": [
    0.00059205,
    0.00059746
  ],
  "FLM": [
    0.0025441,
    0.00254789
  ],
  "GORK": [
    0.00141699,
    0.00142758
  ],
  "DATA": [
    0.00070573,
    0.00070722
  ],
  "A2Z": [
    0.00009896,
    0.00009621
  ],
  "ACA": [
    0.00066077,
    0.00067526
  ],
  "INSP": [
    0.00091921,
    0.00091152
  ],
  "FOXY": [
    0.0001159,
    0.00011586
  ],
  "DUCK": [
    0.00007221,
    0.00007217
  ],
  "RFC": [
    0.00053929,
    0.00055031
  ],
  "SWTCH": [
    0.00330632,
    0.00330503
  ],
  "LOOKS": [
    0.00034887,
    0.00034611
  ],
  "BDXN": [
    0.00167338,
    0.00165449
  ],
  "MOONPIG": [
    0.00026629,
    0.00026394
  ],
  "ROOT": [
    0.00005939,
    0.00005819
  ],
  "CHILLGUY": [
    0.00009089,
    0.00009118
  ],
  "APU": [
    0.00004306,
    0.0000435
  ],
  "CHESS": [
    0.00019163,
    0.00019165
  ],
  "HOLO": [
    0.00001187,
    0.00001187
  ],
  "GMMT": [
    0.00249104,
    0.00248892
  ],
  "RATS": [
    0.00004043,
    0.00004056
  ],
  "ADB": [
    null,
    null
  ]
}