{
  "PUMP": [
    0.0019275,
    0.00190298
  ],
  "STABLE": [
    0.02669236,
    0.02633133
  ],
  "SIREN": [
    0.684819,
    0.675966
  ],
  "MON": [
    0.03390905,
    0.03392792
  ],
  "AERO": [
    0.412071,
    0.407806
  ],
  "JASMY": [
    0.00578075,
    0.00577656
  ],
  "LIT": [
    0.922841,
    0.913699
  ],
  "CVX": [
    1.88,
    1.87
  ],
  "SKYAI": [
    0.160698,
    0.163596
  ],
  "BAT": [
    0.106414,
    0.106273
  ],
  "CHEEMS": [
    5.92113e-7,
    5.86157e-7
  ],
  "ATH": [
    0.00609201,
    0.00611428
  ],
  "COW": [
    0.191158,
    0.190442
  ],
  "BANANAS31": [
    0.00978912,
    0.00973971
  ],
  "BEAT": [
    0.565047,
    0.575902
  ],
  "ONT": [
    0.079306,
    0.078717
  ],
  "BAN": [
    0.076439,
    0.076013
  ],
  "CKB": [
    0.00153235,
    0.00152806
  ],
  "TAG": [
    0.00066502,
    0.00065924
  ],
  "SAHARA": [
    0.02187137,
    0.02189358
  ],
  "NPC": [
    0.00811318,
    0.00848891
  ],
  "ARC": [
    0.067829,
    0.068325
  ],
  "POLYX": [
    0.052134,
    0.052387
  ],
  "CSPR": [
    0.00297007,
    0.00297387
  ],
  "IOTX": [
    0.00476571,
    0.0048287
  ],
  "MYX": [
    0.240245,
    0.23762
  ],
  "MERL": [
    0.03482849,
    0.03591167
  ],
  "NOT": [
    0.00040786,
    0.00040827
  ],
  "SNEK": [
    0.00049879,
    0.00050558
  ],
  "HUMA": [
    0.02177519,
    0.02134248
  ],
  "NEIRO": [
    0.00008743,
    0.0000873
  ],
  "GUN": [
    0.01885497,
    0.01823981
  ],
  "SATS": [
    1.5044e-8,
    1.4862e-8
  ],
  "REZ": [
    0.00381456,
    0.00379445
  ],
  "ISLM": [
    0.01196912,
    0.01198804
  ],
  "DEP": [
    0.00110781,
    0.00110748
  ],
  "MAGMA": [
    0.154101,
    0.156163
  ],
  "CPOOL": [
    0.02832559,
    0.02974871
  ],
  "SPELL": [
    0.00016842,
    0.00016791
  ],
  "DEGEN": [
    0.00076278,
    0.00075868
  ],
  "NYM": [
    0.03250263,
    0.03248696
  ],
  "ALLO": [
    0.119799,
    0.118392
  ],
  "SLP": [
    0.0006761,
    0.00067736
  ],
  "LRC": [
    0.01731878,
    0.01732739
  ],
  "CORN": [
    0.04079399,
    0.0407712
  ],
  "BOB": [
    0.00703105,
    0.00699621
  ],
  "AURORA": [
    0.02786126,
    0.02784483
  ],
  "SWARMS": [
    0.01824487,
    0.0179944
  ],
  "NEWT": [
    0.082817,
    0.08247
  ],
  "NIL": [
    0.04077045,
    0.04120595
  ],
  "GRIFFAIN": [
    0.01703829,
    0.01697613
  ],
  "INIT": [
    0.091304,
    0.090739
  ],
  "BANK": [
    0.03763831,
    0.0379719
  ],
  "DSYNC": [
    0.01589059,
    0.01577555
  ],
  "L3": [
    0.01053983,
    0.01038798
  ],
  "MUBARAK": [
    0.01423533,
    0.01405531
  ],
  "SONIC": [
    0.03677156,
    0.03685009
  ],
  "RESOLV": [
    0.03284733,
    0.03271842
  ],
  "TLM": [
    0.00183419,
    0.00182672
  ],
  "PAAL": [
    0.01330407,
    0.01322062
  ],
  "DAO": [
    0.04627508,
    0.04632659
  ],
  "HONEY": [
    0.00196659,
    0.00197631
  ],
  "AIN": [
    0.060285,
    0.059832
  ],
  "IKA": [
    0.003445,
    0.00352453
  ],
  "HMSTR": [
    0.0001588,
    0.000158
  ],
  "TAI": [
    0.01666442,
    0.01691342
  ],
  "COQ": [
    1.41466e-7,
    1.41101e-7
  ],
  "LAT": [
    0.0013551,
    0.0013555
  ],
  "DENT": [
    0.00009076,
    0.00008235
  ],
  "AVL": [
    0.02657774,
    0.02650636
  ],
  "FUEL": [
    0.00093884,
    0.00094093
  ],
  "NAVX": [
    0.00859462,
    0.00862536
  ],
  "NKN": [
    0.00846321,
    0.00834722
  ],
  "COS": [
    0.00120026,
    0.00119631
  ],
  "PIXEL": [
    0.00770688,
    0.00772265
  ],
  "OBT": [
    0.00104197,
    0.00103767
  ],
  "ROAM": [
    0.0166046,
    0.01660182
  ],
  "SOLV": [
    0.00379985,
    0.00374344
  ],
  "RSS3": [
    0.00566143,
    0.00569559
  ],
  "OAS": [
    0.00070062,
    0.00068576
  ],
  "FHE": [
    0.01775004,
    0.01765083
  ],
  "FWOG": [
    0.00453916,
    0.00447467
  ],
  "DMC": [
    0.00069606,
    0.00069924
  ],
  "LYXE": [
    0.23065,
    0.237523
  ],
  "FORTH": [
    0.245412,
    0.251652
  ],
  "RDNT": [
    0.0021485,
    0.00204454
  ],
  "HOOK": [
    0.00839398,
    0.00843571
  ],
  "SAMO": [
    0.00039924,
    0.00039992
  ],
  "GEAR": [
    0.0002224,
    0.00022296
  ],
  "CUDIS": [
    0.00813558,
    0.00813331
  ],
  "PERP": [
    0.02603474,
    0.02595223
  ],
  "PTB": [
    0.00087267,
    0.00086142
  ],
  "SAROS": [
    0.00067149,
    0.00065726
  ],
  "EPT": [
    0.00074726,
    0.00074224
  ],
  "GORK": [
    0.00173988,
    0.00170104
  ],
  "HIPPO": [
    0.00016909,
    0.0001674
  ],
  "FIS": [
    0.01057836,
    0.01067273
  ],
  "FLM": [
    0.00292623,
    0.00282841
  ],
  "DATA": [
    0.00090322,
    0.00090204
  ],
  "INSP": [
    0.00105863,
    0.00106479
  ],
  "ACA": [
    0.00071711,
    0.00071592
  ],
  "FOXY": [
    0.000122,
    0.0001219
  ],
  "A2Z": [
    0.00007682,
    0.00007591
  ],
  "RFC": [
    0.00058748,
    0.00058449
  ],
  "DUCK": [
    0.00007052,
    0.00007144
  ],
  "SWTCH": [
    0.00313434,
    0.00321109
  ],
  "LOOKS": [
    0.00038481,
    0.00043992
  ],
  "MOONPIG": [
    0.00030613,
    0.0003081
  ],
  "BDXN": [
    0.00186151,
    0.00186472
  ],
  "ROOT": [
    0.0000582,
    0.00005731
  ],
  "CHILLGUY": [
    0.00013196,
    0.00012893
  ],
  "APU": [
    0.00008371,
    0.00007171
  ],
  "CHESS": [
    0.00013549,
    0.00013545
  ],
  "HOLO": [
    0.00001267,
    0.00001265
  ],
  "RATS": [
    0.00003527,
    0.00003546
  ],
  "GMMT": [
    0.00301774,
    0.0029923
  ],
  "ADB": [
    null,
    null
  ]
}