{
  "STABLE": [
    0.03375671,
    0.03407521
  ],
  "SKYAI": [
    0.771784,
    0.753437
  ],
  "PUMP": [
    0.00182566,
    0.00184713
  ],
  "SIREN": [
    0.758499,
    0.755908
  ],
  "AERO": [
    0.460606,
    0.46494
  ],
  "MON": [
    0.03176539,
    0.03270246
  ],
  "JASMY": [
    0.00572917,
    0.00578549
  ],
  "LIT": [
    0.985466,
    0.987474
  ],
  "CVX": [
    1.8,
    1.81
  ],
  "BAT": [
    0.104207,
    0.104561
  ],
  "TAG": [
    0.00137104,
    0.00131822
  ],
  "CHEEMS": [
    6.39638e-7,
    6.36711e-7
  ],
  "ATH": [
    0.00618265,
    0.00623687
  ],
  "BANANAS31": [
    0.01143287,
    0.01124667
  ],
  "COW": [
    0.187601,
    0.187802
  ],
  "SAHARA": [
    0.02484064,
    0.02497883
  ],
  "BAN": [
    0.076535,
    0.077533
  ],
  "BEAT": [
    0.556677,
    0.554071
  ],
  "CKB": [
    0.00152223,
    0.00154181
  ],
  "ONT": [
    0.071532,
    0.071973
  ],
  "ARC": [
    0.069547,
    0.068834
  ],
  "NPC": [
    0.0075822,
    0.00812434
  ],
  "POLYX": [
    0.049527,
    0.0495532
  ],
  "MERL": [
    0.04091794,
    0.04066395
  ],
  "NOT": [
    0.00049837,
    0.00050474
  ],
  "MYX": [
    0.253625,
    0.253385
  ],
  "MAGMA": [
    0.238899,
    0.241554
  ],
  "REZ": [
    0.00536072,
    0.00532344
  ],
  "CSPR": [
    0.00280476,
    0.00282345
  ],
  "IOTX": [
    0.00460121,
    0.00460886
  ],
  "NEIRO": [
    0.00010119,
    0.00010194
  ],
  "ISLM": [
    0.01145844,
    0.01151564
  ],
  "SNEK": [
    0.00051768,
    0.00051968
  ],
  "HUMA": [
    0.02205269,
    0.02214466
  ],
  "SATS": [
    1.5118e-8,
    1.5167e-8
  ],
  "DEP": [
    0.00111366,
    0.00111361
  ],
  "SWARMS": [
    0.02928693,
    0.02973322
  ],
  "SPELL": [
    0.00016927,
    0.00017037
  ],
  "CPOOL": [
    0.02838137,
    0.02846299
  ],
  "GUN": [
    0.01469391,
    0.01484565
  ],
  "DEGEN": [
    0.00071087,
    0.00071293
  ],
  "ALLO": [
    0.117447,
    0.117276
  ],
  "SLP": [
    0.00072369,
    0.00072442
  ],
  "LRC": [
    0.017026,
    0.01702123
  ],
  "CORN": [
    0.04011711,
    0.04020184
  ],
  "AURORA": [
    0.02695329,
    0.02703022
  ],
  "AIN": [
    0.098199,
    0.099674
  ],
  "NYM": [
    0.02198298,
    0.02191736
  ],
  "NIL": [
    0.04000825,
    0.04045391
  ],
  "INIT": [
    0.090573,
    0.091274
  ],
  "GRIFFAIN": [
    0.01728057,
    0.01745209
  ],
  "BOB": [
    0.00573852,
    0.00575508
  ],
  "L3": [
    0.01133893,
    0.01121594
  ],
  "NEWT": [
    0.075652,
    0.075858
  ],
  "MUBARAK": [
    0.01619183,
    0.01615145
  ],
  "BANK": [
    0.03304496,
    0.03316951
  ],
  "SONIC": [
    0.03766914,
    0.03784019
  ],
  "DSYNC": [
    0.01296009,
    0.01293481
  ],
  "RESOLV": [
    0.0316423,
    0.03132064
  ],
  "TLM": [
    0.00187248,
    0.00188616
  ],
  "PAAL": [
    0.01310082,
    0.01301244
  ],
  "HONEY": [
    0.00204224,
    0.0020004
  ],
  "HMSTR": [
    0.00017157,
    0.00017263
  ],
  "RSS3": [
    0.00710264,
    0.00714388
  ],
  "IKA": [
    0.00359677,
    0.00360217
  ],
  "FHE": [
    0.038856,
    0.04276835
  ],
  "DAO": [
    0.04139635,
    0.04156352
  ],
  "COQ": [
    1.41978e-7,
    1.47848e-7
  ],
  "LAT": [
    0.00133321,
    0.00133425
  ],
  "TAI": [
    0.01489568,
    0.01507899
  ],
  "AVL": [
    0.02742146,
    0.02769869
  ],
  "NAVX": [
    0.00894767,
    0.00894115
  ],
  "FUEL": [
    0.00088745,
    0.00088759
  ],
  "SOLV": [
    0.00434085,
    0.00434175
  ],
  "NKN": [
    0.00794338,
    0.00795683
  ],
  "PIXEL": [
    0.00800622,
    0.00802368
  ],
  "COS": [
    0.00112643,
    0.00113193
  ],
  "FWOG": [
    0.00597459,
    0.0059134
  ],
  "OBT": [
    0.00096207,
    0.00095896
  ],
  "DMC": [
    0.0008025,
    0.00078619
  ],
  "LYXE": [
    0.278938,
    0.280055
  ],
  "ROAM": [
    0.01223214,
    0.01240476
  ],
  "OAS": [
    0.00065498,
    0.00063697
  ],
  "DENT": [
    0.00004819,
    0.00004294
  ],
  "GEAR": [
    0.00030973,
    0.00031054
  ],
  "FORTH": [
    0.240028,
    0.232898
  ],
  "RDNT": [
    0.00179182,
    0.00179007
  ],
  "HOOK": [
    0.00817931,
    0.00797989
  ],
  "SAROS": [
    0.00071615,
    0.00085658
  ],
  "HIPPO": [
    0.00020499,
    0.00019986
  ],
  "SAMO": [
    0.0003516,
    0.00034631
  ],
  "CUDIS": [
    0.00809791,
    0.0080518
  ],
  "PERP": [
    0.02564727,
    0.02557754
  ],
  "FIS": [
    0.01081191,
    0.01070888
  ],
  "PTB": [
    0.00080059,
    0.00080044
  ],
  "EPT": [
    0.00071782,
    0.00071982
  ],
  "FLM": [
    0.00268533,
    0.002761
  ],
  "GORK": [
    0.00149148,
    0.00150416
  ],
  "DATA": [
    0.00075685,
    0.000758
  ],
  "DUCK": [
    0.00009831,
    0.00009819
  ],
  "INSP": [
    0.00094839,
    0.00094335
  ],
  "ACA": [
    0.00063469,
    0.00063736
  ],
  "A2Z": [
    0.00008503,
    0.00008421
  ],
  "FOXY": [
    0.00011785,
    0.00011616
  ],
  "SWTCH": [
    0.00434454,
    0.00411272
  ],
  "RFC": [
    0.00057749,
    0.00058697
  ],
  "LOOKS": [
    0.00035196,
    0.00035198
  ],
  "MOONPIG": [
    0.0003098,
    0.00031058
  ],
  "BDXN": [
    0.00174341,
    0.00175596
  ],
  "ROOT": [
    0.00005579,
    0.00005499
  ],
  "CHILLGUY": [
    0.00010067,
    0.00010107
  ],
  "APU": [
    0.00004281,
    0.00004243
  ],
  "CHESS": [
    0.00019367,
    0.00019367
  ],
  "HOLO": [
    0.00001225,
    0.00001225
  ],
  "GMMT": [
    0.00345264,
    0.00340558
  ],
  "RATS": [
    0.00003878,
    0.00003903
  ],
  "ADB": [
    null,
    null
  ]
}