{
  "SIREN": [
    1.74,
    1.73
  ],
  "PUMP": [
    0.00170723,
    0.00170573
  ],
  "STABLE": [
    0.02420807,
    0.02378798
  ],
  "AERO": [
    0.318926,
    0.319751
  ],
  "JASMY": [
    0.00529169,
    0.00529611
  ],
  "MON": [
    0.02230028,
    0.02228407
  ],
  "LIT": [
    0.833873,
    0.831116
  ],
  "CVX": [
    1.63,
    1.65
  ],
  "BAT": [
    0.091622,
    0.091787
  ],
  "BANANAS31": [
    0.01288449,
    0.01302004
  ],
  "ATH": [
    0.00687173,
    0.00688135
  ],
  "COW": [
    0.198361,
    0.197094
  ],
  "CHEEMS": [
    4.18437e-7,
    4.12918e-7
  ],
  "SAHARA": [
    0.02457918,
    0.02464984
  ],
  "BEAT": [
    0.501143,
    0.492833
  ],
  "CKB": [
    0.00135207,
    0.00134137
  ],
  "TAG": [
    0.00056931,
    0.00056835
  ],
  "SKYAI": [
    0.059903,
    0.059394
  ],
  "NPC": [
    0.00712929,
    0.00718714
  ],
  "BAN": [
    0.05764,
    0.057597
  ],
  "POLYX": [
    0.044974,
    0.0448518
  ],
  "ONT": [
    0.059366,
    0.059563
  ],
  "CSPR": [
    0.00329478,
    0.00334311
  ],
  "ARC": [
    0.04927465,
    0.0495715
  ],
  "MYX": [
    0.241407,
    0.243147
  ],
  "IOTX": [
    0.00473839,
    0.00473383
  ],
  "NOT": [
    0.00034304,
    0.00034063
  ],
  "DEP": [
    0.00116239,
    0.00116304
  ],
  "ISLM": [
    0.01211397,
    0.01200721
  ],
  "SNEK": [
    0.00040729,
    0.00040455
  ],
  "MERL": [
    0.02392594,
    0.02402595
  ],
  "SPELL": [
    0.00016112,
    0.0001616
  ],
  "NYM": [
    0.03253903,
    0.0325598
  ],
  "LRC": [
    0.02176202,
    0.02161231
  ],
  "GUN": [
    0.01592837,
    0.01596146
  ],
  "REZ": [
    0.00335335,
    0.00330013
  ],
  "HUMA": [
    0.01479992,
    0.01473571
  ],
  "DEGEN": [
    0.00066985,
    0.00066679
  ],
  "CORN": [
    0.04615523,
    0.04612765
  ],
  "MAGMA": [
    0.122958,
    0.124297
  ],
  "NEIRO": [
    0.00005444,
    0.0000544
  ],
  "ALLO": [
    0.104611,
    0.101844
  ],
  "CPOOL": [
    0.0217382,
    0.02243326
  ],
  "SATS": [
    1.0262e-8,
    1.0246e-8
  ],
  "SLP": [
    0.00056465,
    0.00056709
  ],
  "AURORA": [
    0.0272071,
    0.02719787
  ],
  "DENT": [
    0.00018911,
    0.00019359
  ],
  "BANK": [
    0.04169583,
    0.04143197
  ],
  "DSYNC": [
    0.01611312,
    0.01627116
  ],
  "BOB": [
    0.00551691,
    0.00548457
  ],
  "NEWT": [
    0.069592,
    0.069384
  ],
  "RESOLV": [
    0.03821308,
    0.03769893
  ],
  "DAO": [
    0.054069,
    0.056659
  ],
  "INIT": [
    0.077447,
    0.076678
  ],
  "SONIC": [
    0.03867884,
    0.03861355
  ],
  "L3": [
    0.00987317,
    0.0098958
  ],
  "NIL": [
    0.03155872,
    0.03154229
  ],
  "ROAM": [
    0.03857045,
    0.03932066
  ],
  "PAAL": [
    0.01416118,
    0.01441138
  ],
  "HONEY": [
    0.00206667,
    0.00206361
  ],
  "GRIFFAIN": [
    0.01122023,
    0.01131672
  ],
  "AIN": [
    0.059872,
    0.059731
  ],
  "NKN": [
    0.01606276,
    0.01381875
  ],
  "MUBARAK": [
    0.01110427,
    0.01099696
  ],
  "TLM": [
    0.00160276,
    0.00159598
  ],
  "TAI": [
    0.01648667,
    0.01682645
  ],
  "IKA": [
    0.00324096,
    0.00323048
  ],
  "SWARMS": [
    0.00919051,
    0.00918337
  ],
  "LAT": [
    0.00130188,
    0.00130553
  ],
  "HMSTR": [
    0.0001327,
    0.00013299
  ],
  "DUCK": [
    0.00109717,
    0.00109143
  ],
  "FUEL": [
    0.00101659,
    0.00101589
  ],
  "COS": [
    0.0014789,
    0.00144344
  ],
  "NAVX": [
    0.00846006,
    0.00845
  ],
  "AVL": [
    0.0251346,
    0.02514618
  ],
  "COQ": [
    9.4117e-8,
    9.4095e-8
  ],
  "PIXEL": [
    0.00793444,
    0.00783355
  ],
  "RDNT": [
    0.00435571,
    0.00444133
  ],
  "OBT": [
    0.00102269,
    0.00102367
  ],
  "HIPPO": [
    0.00051502,
    0.00051372
  ],
  "DMC": [
    0.00086759,
    0.00083764
  ],
  "RSS3": [
    0.00519256,
    0.00521629
  ],
  "FWOG": [
    0.00469372,
    0.00471564
  ],
  "SOLV": [
    0.00305906,
    0.00301074
  ],
  "LYXE": [
    0.28552,
    0.285694
  ],
  "FHE": [
    0.01703571,
    0.01641727
  ],
  "FORTH": [
    0.368851,
    0.363104
  ],
  "GEAR": [
    0.00029714,
    0.00029475
  ],
  "HOOK": [
    0.00912086,
    0.00892682
  ],
  "PERP": [
    0.03075764,
    0.03250061
  ],
  "OAS": [
    0.00036317,
    0.00036188
  ],
  "PTB": [
    0.00106512,
    0.00107705
  ],
  "SAMO": [
    0.00040155,
    0.00038769
  ],
  "FIS": [
    0.01397159,
    0.01378493
  ],
  "CUDIS": [
    0.00783808,
    0.00775458
  ],
  "A2Z": [
    0.00022504,
    0.0002191
  ],
  "EPT": [
    0.00072337,
    0.0007183
  ],
  "GORK": [
    0.0015283,
    0.00153393
  ],
  "FLM": [
    0.00266746,
    0.00269147
  ],
  "SAROS": [
    0.00052218,
    0.00051919
  ],
  "DATA": [
    0.00100272,
    0.00101091
  ],
  "INSP": [
    0.00126818,
    0.00126753
  ],
  "ACA": [
    0.00080702,
    0.00081475
  ],
  "SWTCH": [
    0.00580055,
    0.00590892
  ],
  "FOXY": [
    0.00012571,
    0.00012496
  ],
  "RFC": [
    0.00065786,
    0.00062807
  ],
  "BDXN": [
    0.00244788,
    0.00268587
  ],
  "LOOKS": [
    0.00040378,
    0.0004
  ],
  "MOONPIG": [
    0.0003125,
    0.00031343
  ],
  "CHESS": [
    0.00148044,
    0.00136588
  ],
  "ROOT": [
    0.00006793,
    0.00007089
  ],
  "CHILLGUY": [
    0.00006247,
    0.00006247
  ],
  "APU": [
    0.00003043,
    0.00003053
  ],
  "HOLO": [
    0.00001278,
    0.00001278
  ],
  "GMMT": [
    0.00337617,
    0.00337651
  ],
  "RATS": [
    0.00004474,
    0.00004435
  ],
  "ADB": [
    null,
    null
  ]
}