{
  "PUMP": [
    0.00169134,
    0.00174345
  ],
  "STABLE": [
    0.02567784,
    0.02583486
  ],
  "SIREN": [
    0.595335,
    0.595296
  ],
  "MON": [
    0.02690349,
    0.02732729
  ],
  "AERO": [
    0.310349,
    0.316403
  ],
  "LIT": [
    1.062,
    1.07
  ],
  "JASMY": [
    0.00516924,
    0.005204
  ],
  "CVX": [
    1.69,
    1.72
  ],
  "BAT": [
    0.098388,
    0.098831
  ],
  "ATH": [
    0.0066189,
    0.00659052
  ],
  "COW": [
    0.208179,
    0.209534
  ],
  "BANANAS31": [
    0.0094926,
    0.00951097
  ],
  "CHEEMS": [
    4.34619e-7,
    4.42869e-7
  ],
  "ONT": [
    0.080566,
    0.080631
  ],
  "SAHARA": [
    0.02241402,
    0.02264278
  ],
  "CKB": [
    0.00142425,
    0.00142768
  ],
  "TAG": [
    0.00061648,
    0.0006202
  ],
  "SKYAI": [
    0.071231,
    0.067327
  ],
  "POLYX": [
    0.04655013,
    0.04754745
  ],
  "ARC": [
    0.057016,
    0.057401
  ],
  "BAN": [
    0.055885,
    0.056033
  ],
  "NPC": [
    0.00696296,
    0.00694861
  ],
  "CSPR": [
    0.00289276,
    0.0028624
  ],
  "IOTX": [
    0.00451959,
    0.00464502
  ],
  "MYX": [
    0.223244,
    0.227419
  ],
  "BEAT": [
    0.306698,
    0.293311
  ],
  "NOT": [
    0.00034211,
    0.00034277
  ],
  "DEP": [
    0.00114109,
    0.00114169
  ],
  "ISLM": [
    0.01196268,
    0.01208631
  ],
  "SNEK": [
    0.0004062,
    0.00040463
  ],
  "NYM": [
    0.03491675,
    0.03476656
  ],
  "REZ": [
    0.00356244,
    0.00345272
  ],
  "MERL": [
    0.0223353,
    0.02282146
  ],
  "SPELL": [
    0.00015725,
    0.00015758
  ],
  "GUN": [
    0.01476368,
    0.01500039
  ],
  "HUMA": [
    0.01429008,
    0.01470667
  ],
  "DEGEN": [
    0.00067056,
    0.00066897
  ],
  "ALLO": [
    0.106419,
    0.108367
  ],
  "NEIRO": [
    0.00005511,
    0.00005542
  ],
  "SATS": [
    1.0827e-8,
    1.0905e-8
  ],
  "CPOOL": [
    0.02251901,
    0.02270587
  ],
  "BOB": [
    0.00743113,
    0.00740881
  ],
  "CORN": [
    0.04089055,
    0.0398877
  ],
  "SLP": [
    0.00057215,
    0.00057517
  ],
  "LRC": [
    0.01703614,
    0.01674493
  ],
  "MAGMA": [
    0.100192,
    0.102011
  ],
  "AURORA": [
    0.02764986,
    0.02738338
  ],
  "DENT": [
    0.00016131,
    0.00016363
  ],
  "L3": [
    0.01115205,
    0.01125297
  ],
  "INIT": [
    0.085298,
    0.082415
  ],
  "RESOLV": [
    0.03830538,
    0.03818139
  ],
  "NIL": [
    0.03544501,
    0.03443793
  ],
  "NEWT": [
    0.066973,
    0.068574
  ],
  "DSYNC": [
    0.01452567,
    0.01464786
  ],
  "BANK": [
    0.03736465,
    0.03433624
  ],
  "GRIFFAIN": [
    0.01384847,
    0.01338826
  ],
  "SONIC": [
    0.03700937,
    0.03697126
  ],
  "DAO": [
    0.04917574,
    0.05009
  ],
  "IKA": [
    0.00415363,
    0.004032
  ],
  "PAAL": [
    0.01325748,
    0.01317992
  ],
  "HONEY": [
    0.00204462,
    0.00204386
  ],
  "MUBARAK": [
    0.01134267,
    0.01150759
  ],
  "SWARMS": [
    0.01035964,
    0.01088173
  ],
  "TLM": [
    0.00159292,
    0.00160514
  ],
  "AIN": [
    0.055449,
    0.055276
  ],
  "ROAM": [
    0.02905291,
    0.02948752
  ],
  "TAI": [
    0.01605029,
    0.01654577
  ],
  "LAT": [
    0.00133788,
    0.00135566
  ],
  "HMSTR": [
    0.00013628,
    0.00013617
  ],
  "AVL": [
    0.02869689,
    0.02850886
  ],
  "NAVX": [
    0.00898794,
    0.00898824
  ],
  "FUEL": [
    0.0008807,
    0.00088598
  ],
  "NKN": [
    0.00808564,
    0.00799386
  ],
  "COQ": [
    9.2447e-8,
    9.2046e-8
  ],
  "COS": [
    0.00121994,
    0.00122143
  ],
  "SOLV": [
    0.0038472,
    0.0038199
  ],
  "PIXEL": [
    0.00655769,
    0.00725396
  ],
  "OBT": [
    0.00101007,
    0.00100826
  ],
  "RSS3": [
    0.00577325,
    0.00577246
  ],
  "FHE": [
    0.01842899,
    0.01906422
  ],
  "FWOG": [
    0.0045765,
    0.00465717
  ],
  "DMC": [
    0.00070229,
    0.00069144
  ],
  "LYXE": [
    0.240486,
    0.239635
  ],
  "RDNT": [
    0.00242686,
    0.00248178
  ],
  "HIPPO": [
    0.00034176,
    0.00031019
  ],
  "GEAR": [
    0.00028806,
    0.00029878
  ],
  "FORTH": [
    0.260052,
    0.256691
  ],
  "SAMO": [
    0.00043166,
    0.00043358
  ],
  "HOOK": [
    0.00837317,
    0.00858688
  ],
  "OAS": [
    0.00034731,
    0.00033568
  ],
  "CUDIS": [
    0.00816489,
    0.00836317
  ],
  "PTB": [
    0.00100853,
    0.00098484
  ],
  "FIS": [
    0.01314533,
    0.01289526
  ],
  "DUCK": [
    0.00027644,
    0.00025941
  ],
  "PERP": [
    0.02564704,
    0.02513105
  ],
  "EPT": [
    0.00075837,
    0.00074159
  ],
  "FLM": [
    0.00294325,
    0.00281018
  ],
  "GORK": [
    0.00134011,
    0.00136252
  ],
  "DATA": [
    0.00097028,
    0.00097723
  ],
  "SAROS": [
    0.00042046,
    0.00042165
  ],
  "ACA": [
    0.00079765,
    0.00074737
  ],
  "INSP": [
    0.00111788,
    0.00107145
  ],
  "A2Z": [
    0.00009893,
    0.00009407
  ],
  "FOXY": [
    0.00009502,
    0.00009521
  ],
  "SWTCH": [
    0.00414065,
    0.00351043
  ],
  "RFC": [
    0.00052864,
    0.00052219
  ],
  "LOOKS": [
    0.00036482,
    0.00036475
  ],
  "BDXN": [
    0.00187213,
    0.00185226
  ],
  "MOONPIG": [
    0.00029399,
    0.00029945
  ],
  "ROOT": [
    0.0000633,
    0.0000639
  ],
  "CHILLGUY": [
    0.00006876,
    0.00006953
  ],
  "CHESS": [
    0.00035202,
    0.00027858
  ],
  "APU": [
    0.00003219,
    0.00003259
  ],
  "HOLO": [
    0.00001216,
    0.00001226
  ],
  "RATS": [
    0.00003528,
    0.00003503
  ],
  "GMMT": [
    0.00382735,
    0.00384228
  ],
  "ADB": [
    null,
    null
  ]
}