{
  "SIREN": [
    1.77,
    1.76
  ],
  "PUMP": [
    0.00170999,
    0.00171543
  ],
  "STABLE": [
    0.02531185,
    0.02484575
  ],
  "AERO": [
    0.323524,
    0.323922
  ],
  "JASMY": [
    0.00533373,
    0.00536167
  ],
  "MON": [
    0.02285166,
    0.0226332
  ],
  "LIT": [
    0.858358,
    0.855126
  ],
  "CVX": [
    1.62,
    1.61
  ],
  "BAT": [
    0.093105,
    0.092706
  ],
  "BANANAS31": [
    0.01317636,
    0.01296041
  ],
  "ATH": [
    0.00696356,
    0.00683774
  ],
  "COW": [
    0.197627,
    0.198446
  ],
  "CHEEMS": [
    4.25633e-7,
    4.24274e-7
  ],
  "SAHARA": [
    0.02487535,
    0.02467221
  ],
  "CKB": [
    0.00137683,
    0.00136592
  ],
  "BEAT": [
    0.454593,
    0.458646
  ],
  "TAG": [
    0.00057436,
    0.00057584
  ],
  "SKYAI": [
    0.061273,
    0.061467
  ],
  "NPC": [
    0.00747843,
    0.00744405
  ],
  "BAN": [
    0.057178,
    0.057392
  ],
  "POLYX": [
    0.04491974,
    0.04451095
  ],
  "ONT": [
    0.059247,
    0.058212
  ],
  "CSPR": [
    0.00330379,
    0.00332382
  ],
  "ARC": [
    0.053365,
    0.05279
  ],
  "MYX": [
    0.242583,
    0.243873
  ],
  "IOTX": [
    0.00471267,
    0.00471405
  ],
  "NOT": [
    0.0003526,
    0.00034746
  ],
  "DEP": [
    0.00116122,
    0.00116565
  ],
  "ISLM": [
    0.01245697,
    0.01247518
  ],
  "SNEK": [
    0.00040882,
    0.00040755
  ],
  "MERL": [
    0.02446493,
    0.02423854
  ],
  "SPELL": [
    0.00016275,
    0.00016243
  ],
  "GUN": [
    0.01698866,
    0.01686323
  ],
  "LRC": [
    0.02245442,
    0.02200279
  ],
  "NYM": [
    0.03256902,
    0.03249383
  ],
  "REZ": [
    0.00340705,
    0.00339022
  ],
  "DEGEN": [
    0.0006762,
    0.00067415
  ],
  "HUMA": [
    0.01461932,
    0.01414368
  ],
  "CORN": [
    0.04657447,
    0.04665422
  ],
  "MAGMA": [
    0.121396,
    0.124107
  ],
  "NEIRO": [
    0.00005534,
    0.00005516
  ],
  "ALLO": [
    0.104573,
    0.1041
  ],
  "SATS": [
    1.0392e-8,
    1.0431e-8
  ],
  "CPOOL": [
    0.0218256,
    0.0218509
  ],
  "SLP": [
    0.00057719,
    0.00057305
  ],
  "AURORA": [
    0.0273577,
    0.02727418
  ],
  "BANK": [
    0.04256963,
    0.0418909
  ],
  "DENT": [
    0.00018691,
    0.00018449
  ],
  "DSYNC": [
    0.01636154,
    0.01631703
  ],
  "DAO": [
    0.061201,
    0.061195
  ],
  "NEWT": [
    0.070804,
    0.070493
  ],
  "BOB": [
    0.00555476,
    0.00551602
  ],
  "RESOLV": [
    0.0385832,
    0.03804103
  ],
  "INIT": [
    0.078835,
    0.078334
  ],
  "SONIC": [
    0.03997534,
    0.03944117
  ],
  "NIL": [
    0.03175204,
    0.03165822
  ],
  "L3": [
    0.00961933,
    0.00974772
  ],
  "ROAM": [
    0.03906858,
    0.03885248
  ],
  "PAAL": [
    0.01452192,
    0.01476212
  ],
  "HONEY": [
    0.00209065,
    0.00208691
  ],
  "MUBARAK": [
    0.01151556,
    0.01141966
  ],
  "GRIFFAIN": [
    0.01097616,
    0.01112836
  ],
  "AIN": [
    0.058749,
    0.059504
  ],
  "TLM": [
    0.00162658,
    0.00162267
  ],
  "TAI": [
    0.01712582,
    0.01682168
  ],
  "IKA": [
    0.00329649,
    0.00328737
  ],
  "SWARMS": [
    0.00918647,
    0.00918662
  ],
  "LAT": [
    0.0013,
    0.00130008
  ],
  "HMSTR": [
    0.0001315,
    0.0001308
  ],
  "NKN": [
    0.01037447,
    0.01015221
  ],
  "DUCK": [
    0.00109567,
    0.00109325
  ],
  "FUEL": [
    0.00101736,
    0.00101725
  ],
  "COS": [
    0.00150267,
    0.00148122
  ],
  "NAVX": [
    0.00845624,
    0.00853601
  ],
  "AVL": [
    0.02507961,
    0.02517581
  ],
  "COQ": [
    9.7503e-8,
    9.6809e-8
  ],
  "PIXEL": [
    0.00816642,
    0.00800387
  ],
  "DMC": [
    0.0008829,
    0.00095636
  ],
  "RDNT": [
    0.00418369,
    0.00418917
  ],
  "OBT": [
    0.00102159,
    0.00102073
  ],
  "HIPPO": [
    0.00053094,
    0.0005271
  ],
  "RSS3": [
    0.00582845,
    0.00580103
  ],
  "FWOG": [
    0.0049019,
    0.00486056
  ],
  "SOLV": [
    0.00315976,
    0.00315123
  ],
  "LYXE": [
    0.289759,
    0.290696
  ],
  "FHE": [
    0.01728461,
    0.01719093
  ],
  "FORTH": [
    0.381305,
    0.386063
  ],
  "GEAR": [
    0.00030019,
    0.00030473
  ],
  "HOOK": [
    0.00930561,
    0.00945755
  ],
  "PTB": [
    0.00118521,
    0.00117423
  ],
  "PERP": [
    0.03264545,
    0.03215761
  ],
  "SAMO": [
    0.00040569,
    0.00040158
  ],
  "OAS": [
    0.00035596,
    0.00035042
  ],
  "FIS": [
    0.01445915,
    0.01419926
  ],
  "CUDIS": [
    0.00772769,
    0.00771222
  ],
  "A2Z": [
    0.00021698,
    0.00021577
  ],
  "EPT": [
    0.00075109,
    0.00074573
  ],
  "FLM": [
    0.00273156,
    0.00269144
  ],
  "GORK": [
    0.00153902,
    0.00150596
  ],
  "SAROS": [
    0.00053756,
    0.0005307
  ],
  "DATA": [
    0.00099571,
    0.000996
  ],
  "INSP": [
    0.00127575,
    0.00128605
  ],
  "SWTCH": [
    0.00650351,
    0.00623299
  ],
  "ACA": [
    0.00081554,
    0.00081652
  ],
  "FOXY": [
    0.00012958,
    0.00012861
  ],
  "RFC": [
    0.0005912,
    0.00069419
  ],
  "BDXN": [
    0.00251032,
    0.00249985
  ],
  "LOOKS": [
    0.0003739,
    0.00040283
  ],
  "CHESS": [
    0.00143898,
    0.00150243
  ],
  "MOONPIG": [
    0.00031165,
    0.00030976
  ],
  "ROOT": [
    0.00007291,
    0.00007538
  ],
  "CHILLGUY": [
    0.00006247,
    0.00006247
  ],
  "APU": [
    0.00003131,
    0.00003124
  ],
  "HOLO": [
    0.00001278,
    0.00001278
  ],
  "GMMT": [
    0.00338696,
    0.00339194
  ],
  "RATS": [
    0.00004768,
    0.00004781
  ],
  "ADB": [
    null,
    null
  ]
}