{
  "PUMP": [
    0.00171311,
    0.00170513
  ],
  "STABLE": [
    0.02705452,
    0.02687265
  ],
  "AERO": [
    0.323993,
    0.328679
  ],
  "MON": [
    0.02444039,
    0.02496974
  ],
  "JASMY": [
    0.00540857,
    0.00544279
  ],
  "LIT": [
    0.872823,
    0.907008
  ],
  "SIREN": [
    0.272528,
    0.229336
  ],
  "CVX": [
    1.8,
    1.8
  ],
  "BAT": [
    0.100949,
    0.101083
  ],
  "BANANAS31": [
    0.0133513,
    0.01314392
  ],
  "ATH": [
    0.00709407,
    0.00700585
  ],
  "COW": [
    0.205536,
    0.207113
  ],
  "ONT": [
    0.11044,
    0.123896
  ],
  "CHEEMS": [
    4.45578e-7,
    4.6594e-7
  ],
  "SAHARA": [
    0.02313946,
    0.02304853
  ],
  "TAG": [
    0.00054089,
    0.0006582
  ],
  "CKB": [
    0.00143208,
    0.00145882
  ],
  "NPC": [
    0.007609,
    0.00756362
  ],
  "SKYAI": [
    0.060787,
    0.061146
  ],
  "POLYX": [
    0.04663883,
    0.046549
  ],
  "BEAT": [
    0.426739,
    0.421424
  ],
  "ARC": [
    0.057463,
    0.056103
  ],
  "CSPR": [
    0.00316092,
    0.00323947
  ],
  "BAN": [
    0.055192,
    0.04483591
  ],
  "IOTX": [
    0.00456734,
    0.00455924
  ],
  "MYX": [
    0.212338,
    0.216403
  ],
  "NOT": [
    0.00036644,
    0.00036615
  ],
  "SNEK": [
    0.00042036,
    0.00043256
  ],
  "DEP": [
    0.00115983,
    0.00115949
  ],
  "ISLM": [
    0.01258679,
    0.01251972
  ],
  "GUN": [
    0.01747086,
    0.01734662
  ],
  "MERL": [
    0.02420524,
    0.02431008
  ],
  "NYM": [
    0.03407552,
    0.03413606
  ],
  "SPELL": [
    0.00016462,
    0.00016487
  ],
  "REZ": [
    0.00342497,
    0.00342105
  ],
  "DEGEN": [
    0.0006929,
    0.00070991
  ],
  "HUMA": [
    0.01450397,
    0.0145025
  ],
  "LRC": [
    0.01992785,
    0.01984907
  ],
  "NEIRO": [
    0.00005846,
    0.00005852
  ],
  "CORN": [
    0.0448936,
    0.04486199
  ],
  "ALLO": [
    0.104657,
    0.106327
  ],
  "SATS": [
    1.101e-8,
    1.108e-8
  ],
  "SLP": [
    0.00059816,
    0.00060037
  ],
  "CPOOL": [
    0.021856,
    0.0221878
  ],
  "BANK": [
    0.04314664,
    0.050179
  ],
  "MAGMA": [
    0.106409,
    0.105604
  ],
  "AURORA": [
    0.02680731,
    0.0268161
  ],
  "DENT": [
    0.00018287,
    0.0001839
  ],
  "DSYNC": [
    0.01517933,
    0.01547161
  ],
  "RESOLV": [
    0.03979872,
    0.03981366
  ],
  "NEWT": [
    0.069209,
    0.069653
  ],
  "DAO": [
    0.05271,
    0.05931
  ],
  "BOB": [
    0.00524634,
    0.0052676
  ],
  "INIT": [
    0.077209,
    0.078152
  ],
  "NIL": [
    0.03382125,
    0.0336571
  ],
  "SONIC": [
    0.0388033,
    0.03870085
  ],
  "L3": [
    0.00967384,
    0.00963252
  ],
  "ROAM": [
    0.03675176,
    0.03702623
  ],
  "PAAL": [
    0.01391284,
    0.01383003
  ],
  "MUBARAK": [
    0.01162378,
    0.01170678
  ],
  "IKA": [
    0.00430192,
    0.00385352
  ],
  "GRIFFAIN": [
    0.0111795,
    0.01132602
  ],
  "HONEY": [
    0.00194385,
    0.00194242
  ],
  "TLM": [
    0.00164456,
    0.0016494
  ],
  "SWARMS": [
    0.00982145,
    0.00999442
  ],
  "AIN": [
    0.053939,
    0.053311
  ],
  "TAI": [
    0.01644492,
    0.01592261
  ],
  "NKN": [
    0.01225569,
    0.01140252
  ],
  "LAT": [
    0.00130266,
    0.0013058
  ],
  "HMSTR": [
    0.00013203,
    0.00013412
  ],
  "AVL": [
    0.02609902,
    0.02785723
  ],
  "NAVX": [
    0.00930137,
    0.00928223
  ],
  "FUEL": [
    0.00092479,
    0.00091958
  ],
  "COQ": [
    9.7668e-8,
    9.7315e-8
  ],
  "COS": [
    0.00132741,
    0.0012935
  ],
  "PIXEL": [
    0.00792758,
    0.00795162
  ],
  "SOLV": [
    0.00383226,
    0.00379509
  ],
  "HIPPO": [
    0.00054682,
    0.00054901
  ],
  "OBT": [
    0.00101743,
    0.00101535
  ],
  "FWOG": [
    0.00511488,
    0.00525361
  ],
  "RSS3": [
    0.00554029,
    0.00558796
  ],
  "RDNT": [
    0.00359205,
    0.00359641
  ],
  "FHE": [
    0.01814622,
    0.01838245
  ],
  "DMC": [
    0.00075491,
    0.00074015
  ],
  "LYXE": [
    0.276868,
    0.276528
  ],
  "DUCK": [
    0.00051291,
    0.00049311
  ],
  "FORTH": [
    0.286411,
    0.282546
  ],
  "GEAR": [
    0.00029923,
    0.00030155
  ],
  "HOOK": [
    0.00837037,
    0.0089352
  ],
  "SAMO": [
    0.000423,
    0.00042876
  ],
  "OAS": [
    0.00034477,
    0.00033791
  ],
  "PERP": [
    0.0296683,
    0.02924423
  ],
  "FIS": [
    0.01386489,
    0.01368418
  ],
  "CUDIS": [
    0.00794645,
    0.00789218
  ],
  "EPT": [
    0.00076214,
    0.0007496
  ],
  "FLM": [
    0.00280145,
    0.00283992
  ],
  "PTB": [
    0.000823,
    0.00076309
  ],
  "GORK": [
    0.00144938,
    0.0014645
  ],
  "SAROS": [
    0.00054806,
    0.00054902
  ],
  "DATA": [
    0.00099632,
    0.00099904
  ],
  "INSP": [
    0.00139259,
    0.00144631
  ],
  "ACA": [
    0.00078824,
    0.0007718
  ],
  "A2Z": [
    0.00008348,
    0.00008389
  ],
  "SWTCH": [
    0.00377237,
    0.00425552
  ],
  "FOXY": [
    0.00010185,
    0.00009531
  ],
  "RFC": [
    0.0005595,
    0.00056644
  ],
  "LOOKS": [
    0.00043842,
    0.00042648
  ],
  "BDXN": [
    0.00196898,
    0.00199793
  ],
  "MOONPIG": [
    0.00030236,
    0.00030601
  ],
  "CHESS": [
    0.00114735,
    0.00115377
  ],
  "ROOT": [
    0.00005998,
    0.00005899
  ],
  "CHILLGUY": [
    0.00006699,
    0.00006699
  ],
  "APU": [
    0.00003131,
    0.00003189
  ],
  "HOLO": [
    0.00001282,
    0.00001282
  ],
  "RATS": [
    0.00003957,
    0.0000379
  ],
  "GMMT": [
    0.00372233,
    0.00372282
  ],
  "ADB": [
    null,
    null
  ]
}