{
  "PUMP": [
    0.0018216,
    0.00181479
  ],
  "STABLE": [
    0.02556891,
    0.02540429
  ],
  "SIREN": [
    0.703352,
    0.703854
  ],
  "MON": [
    0.03083142,
    0.03151955
  ],
  "AERO": [
    0.382964,
    0.388571
  ],
  "JASMY": [
    0.00571204,
    0.00572939
  ],
  "LIT": [
    0.91253,
    0.906633
  ],
  "SKYAI": [
    0.173571,
    0.17672
  ],
  "CVX": [
    1.78,
    1.79
  ],
  "BAT": [
    0.099687,
    0.100542
  ],
  "ATH": [
    0.0058677,
    0.00589447
  ],
  "CHEEMS": [
    5.22912e-7,
    5.22011e-7
  ],
  "COW": [
    0.184092,
    0.184158
  ],
  "BANANAS31": [
    0.00946525,
    0.00954996
  ],
  "ONT": [
    0.07547,
    0.075257
  ],
  "CKB": [
    0.00151829,
    0.00152095
  ],
  "TAG": [
    0.00071157,
    0.00065177
  ],
  "ARC": [
    0.07081,
    0.069914
  ],
  "BAN": [
    0.066539,
    0.06747
  ],
  "SAHARA": [
    0.021315,
    0.02104432
  ],
  "POLYX": [
    0.05041,
    0.050408
  ],
  "BEAT": [
    0.463032,
    0.445073
  ],
  "NPC": [
    0.00764573,
    0.00766861
  ],
  "MERL": [
    0.04317909,
    0.04317023
  ],
  "CSPR": [
    0.00298303,
    0.0029917
  ],
  "IOTX": [
    0.00461313,
    0.00474699
  ],
  "MYX": [
    0.221865,
    0.21913
  ],
  "NOT": [
    0.00038418,
    0.00038829
  ],
  "NEIRO": [
    0.00008738,
    0.00008556
  ],
  "SNEK": [
    0.00048233,
    0.00048043
  ],
  "GUN": [
    0.02042056,
    0.02012192
  ],
  "HUMA": [
    0.01987561,
    0.01968479
  ],
  "REZ": [
    0.00368105,
    0.00387319
  ],
  "ISLM": [
    0.01219124,
    0.01222188
  ],
  "SATS": [
    1.4398e-8,
    1.4827e-8
  ],
  "DEP": [
    0.00111139,
    0.00111298
  ],
  "MAGMA": [
    0.168483,
    0.157895
  ],
  "SPELL": [
    0.00016439,
    0.00016596
  ],
  "NYM": [
    0.03379634,
    0.03335919
  ],
  "CPOOL": [
    0.02737029,
    0.02729348
  ],
  "DEGEN": [
    0.00071377,
    0.00072162
  ],
  "ALLO": [
    0.107834,
    0.108869
  ],
  "SLP": [
    0.00063943,
    0.00064245
  ],
  "CORN": [
    0.04109798,
    0.04110175
  ],
  "LRC": [
    0.01707746,
    0.01699386
  ],
  "AURORA": [
    0.02904551,
    0.02844112
  ],
  "SWARMS": [
    0.01901884,
    0.01911245
  ],
  "BOB": [
    0.00673816,
    0.00671446
  ],
  "INIT": [
    0.090946,
    0.093572
  ],
  "GRIFFAIN": [
    0.01662172,
    0.01690343
  ],
  "NIL": [
    0.03823739,
    0.03879317
  ],
  "NEWT": [
    0.074952,
    0.076056
  ],
  "DSYNC": [
    0.01571744,
    0.01547158
  ],
  "L3": [
    0.01057925,
    0.01066472
  ],
  "BANK": [
    0.03524529,
    0.0341438
  ],
  "MUBARAK": [
    0.01347952,
    0.01358249
  ],
  "SONIC": [
    0.03562789,
    0.03604289
  ],
  "RESOLV": [
    0.03226287,
    0.03259058
  ],
  "PAAL": [
    0.01328675,
    0.01328437
  ],
  "TLM": [
    0.00178488,
    0.00180373
  ],
  "DAO": [
    0.04569257,
    0.04587061
  ],
  "HONEY": [
    0.00198457,
    0.00197929
  ],
  "AIN": [
    0.055652,
    0.05588
  ],
  "IKA": [
    0.00333906,
    0.0033795
  ],
  "TAI": [
    0.01696713,
    0.01693548
  ],
  "HMSTR": [
    0.00015157,
    0.0001518
  ],
  "LAT": [
    0.00134745,
    0.00134469
  ],
  "COQ": [
    1.30723e-7,
    1.30704e-7
  ],
  "AVL": [
    0.02682214,
    0.0265456
  ],
  "DENT": [
    0.00007697,
    0.00008053
  ],
  "FUEL": [
    0.0009407,
    0.00094073
  ],
  "NAVX": [
    0.0087829,
    0.00850034
  ],
  "NKN": [
    0.00810386,
    0.00811274
  ],
  "COS": [
    0.00118512,
    0.00119485
  ],
  "OBT": [
    0.00103457,
    0.00103362
  ],
  "ROAM": [
    0.01584735,
    0.016058
  ],
  "PIXEL": [
    0.00717981,
    0.00714029
  ],
  "SOLV": [
    0.00355947,
    0.00364875
  ],
  "RSS3": [
    0.00568758,
    0.00572092
  ],
  "OAS": [
    0.00076738,
    0.00070464
  ],
  "FWOG": [
    0.00469902,
    0.00472259
  ],
  "DMC": [
    0.0007128,
    0.00070408
  ],
  "FHE": [
    0.01736595,
    0.01702686
  ],
  "LYXE": [
    0.231892,
    0.234084
  ],
  "GEAR": [
    0.00025946,
    0.00026279
  ],
  "RDNT": [
    0.00196764,
    0.00197405
  ],
  "FORTH": [
    0.233529,
    0.238383
  ],
  "SAMO": [
    0.00040672,
    0.00042086
  ],
  "HOOK": [
    0.00826905,
    0.00822341
  ],
  "PTB": [
    0.00094943,
    0.00098237
  ],
  "PERP": [
    0.02596509,
    0.02667939
  ],
  "CUDIS": [
    0.00787698,
    0.00780853
  ],
  "SAROS": [
    0.0007973,
    0.00073438
  ],
  "EPT": [
    0.00075671,
    0.0007395
  ],
  "FIS": [
    0.01076377,
    0.01069468
  ],
  "FLM": [
    0.00287561,
    0.00289574
  ],
  "HIPPO": [
    0.00016161,
    0.00016349
  ],
  "GORK": [
    0.00168934,
    0.0015911
  ],
  "DATA": [
    0.00095654,
    0.00091633
  ],
  "ACA": [
    0.00070179,
    0.00071922
  ],
  "INSP": [
    0.00102871,
    0.00103379
  ],
  "A2Z": [
    0.00008856,
    0.00009516
  ],
  "FOXY": [
    0.00011787,
    0.00011885
  ],
  "DUCK": [
    0.00006698,
    0.00007236
  ],
  "RFC": [
    0.00053447,
    0.00052807
  ],
  "SWTCH": [
    0.00302514,
    0.00297227
  ],
  "LOOKS": [
    0.00038202,
    0.00038594
  ],
  "MOONPIG": [
    0.00030382,
    0.00030279
  ],
  "BDXN": [
    0.00181774,
    0.0018186
  ],
  "ROOT": [
    0.00005691,
    0.00005891
  ],
  "CHILLGUY": [
    0.00008937,
    0.00010735
  ],
  "CHESS": [
    0.00016542,
    0.00016537
  ],
  "APU": [
    0.0000323,
    0.00003405
  ],
  "HOLO": [
    0.00001257,
    0.00001257
  ],
  "RATS": [
    0.00003409,
    0.00003389
  ],
  "GMMT": [
    0.00313931,
    0.00313258
  ],
  "ADB": [
    null,
    null
  ]
}