{
  "PUMP": [
    0.00193067,
    0.00191471
  ],
  "STABLE": [
    0.02612252,
    0.025924
  ],
  "SIREN": [
    0.637576,
    0.633384
  ],
  "MON": [
    0.03472832,
    0.03476115
  ],
  "AERO": [
    0.419456,
    0.427323
  ],
  "JASMY": [
    0.00574185,
    0.00577345
  ],
  "LIT": [
    0.930384,
    0.924985
  ],
  "SKYAI": [
    0.195276,
    0.177285
  ],
  "CVX": [
    1.87,
    1.87
  ],
  "BAT": [
    0.10455,
    0.10461
  ],
  "CHEEMS": [
    6.00724e-7,
    6.04773e-7
  ],
  "ATH": [
    0.00609564,
    0.00609238
  ],
  "COW": [
    0.190156,
    0.190685
  ],
  "BANANAS31": [
    0.00959447,
    0.00955665
  ],
  "BAN": [
    0.081831,
    0.086247
  ],
  "BEAT": [
    0.557475,
    0.561272
  ],
  "ONT": [
    0.077336,
    0.077122
  ],
  "CKB": [
    0.00153557,
    0.00153304
  ],
  "TAG": [
    0.00065913,
    0.00065951
  ],
  "SAHARA": [
    0.02219752,
    0.02240657
  ],
  "NPC": [
    0.0086339,
    0.00862332
  ],
  "ARC": [
    0.067321,
    0.066775
  ],
  "POLYX": [
    0.051567,
    0.051629
  ],
  "MERL": [
    0.03627968,
    0.03845672
  ],
  "CSPR": [
    0.00296055,
    0.00293784
  ],
  "MYX": [
    0.238803,
    0.239628
  ],
  "IOTX": [
    0.0047977,
    0.00479777
  ],
  "NEIRO": [
    0.00009566,
    0.0001002
  ],
  "NOT": [
    0.00041189,
    0.00041385
  ],
  "HUMA": [
    0.02348522,
    0.02311466
  ],
  "SNEK": [
    0.0005125,
    0.00052193
  ],
  "SATS": [
    1.4677e-8,
    1.5074e-8
  ],
  "ISLM": [
    0.01221292,
    0.01211974
  ],
  "REZ": [
    0.00377629,
    0.00377609
  ],
  "DEP": [
    0.00111225,
    0.00111084
  ],
  "CPOOL": [
    0.02953182,
    0.02945206
  ],
  "GUN": [
    0.01686282,
    0.01658913
  ],
  "SPELL": [
    0.00016782,
    0.00016757
  ],
  "DEGEN": [
    0.00075797,
    0.00076114
  ],
  "ALLO": [
    0.119179,
    0.123526
  ],
  "NYM": [
    0.03236847,
    0.03128692
  ],
  "MAGMA": [
    0.140135,
    0.137513
  ],
  "SLP": [
    0.0006731,
    0.00068119
  ],
  "LRC": [
    0.0173702,
    0.0174466
  ],
  "CORN": [
    0.04078051,
    0.04069776
  ],
  "AURORA": [
    0.02793949,
    0.02798511
  ],
  "BOB": [
    0.00691089,
    0.0068883
  ],
  "SWARMS": [
    0.01777413,
    0.01849969
  ],
  "NIL": [
    0.04122645,
    0.04085578
  ],
  "GRIFFAIN": [
    0.0169927,
    0.01700756
  ],
  "NEWT": [
    0.079108,
    0.079018
  ],
  "INIT": [
    0.08907,
    0.089293
  ],
  "BANK": [
    0.03789502,
    0.03806279
  ],
  "DSYNC": [
    0.01526513,
    0.01526352
  ],
  "L3": [
    0.01054248,
    0.01047803
  ],
  "MUBARAK": [
    0.01391128,
    0.01397178
  ],
  "SONIC": [
    0.0368792,
    0.03681268
  ],
  "RESOLV": [
    0.03189829,
    0.03168793
  ],
  "PAAL": [
    0.01340301,
    0.01341777
  ],
  "TLM": [
    0.00179888,
    0.00179409
  ],
  "HONEY": [
    0.00198767,
    0.00200663
  ],
  "DAO": [
    0.04627536,
    0.04587689
  ],
  "IKA": [
    0.00393451,
    0.00373317
  ],
  "AIN": [
    0.05771,
    0.057561
  ],
  "COQ": [
    1.45197e-7,
    1.51303e-7
  ],
  "HMSTR": [
    0.00015761,
    0.00015777
  ],
  "TAI": [
    0.01664532,
    0.01659474
  ],
  "LAT": [
    0.00134661,
    0.0013506
  ],
  "AVL": [
    0.02616958,
    0.02655913
  ],
  "DENT": [
    0.00007558,
    0.00007841
  ],
  "FUEL": [
    0.0009407,
    0.00094611
  ],
  "NAVX": [
    0.00865312,
    0.00864718
  ],
  "NKN": [
    0.00843269,
    0.00837364
  ],
  "ROAM": [
    0.01756029,
    0.01793535
  ],
  "COS": [
    0.0011878,
    0.00118863
  ],
  "PIXEL": [
    0.00763473,
    0.00755642
  ],
  "OBT": [
    0.00104025,
    0.00103922
  ],
  "SOLV": [
    0.00374702,
    0.0037792
  ],
  "RSS3": [
    0.00574701,
    0.00577869
  ],
  "OAS": [
    0.00067768,
    0.00068093
  ],
  "FHE": [
    0.0175761,
    0.01759141
  ],
  "FWOG": [
    0.0045417,
    0.00449166
  ],
  "DMC": [
    0.00069113,
    0.00069143
  ],
  "LYXE": [
    0.231365,
    0.23263
  ],
  "FORTH": [
    0.244855,
    0.25493
  ],
  "RDNT": [
    0.00197904,
    0.00199073
  ],
  "HOOK": [
    0.00840025,
    0.00852448
  ],
  "SAMO": [
    0.00039704,
    0.00039984
  ],
  "GEAR": [
    0.00022491,
    0.00022503
  ],
  "CUDIS": [
    0.0082299,
    0.00820439
  ],
  "PERP": [
    0.02621497,
    0.02610176
  ],
  "EPT": [
    0.00074351,
    0.0007467
  ],
  "PTB": [
    0.00084329,
    0.00083497
  ],
  "SAROS": [
    0.00064537,
    0.00064315
  ],
  "GORK": [
    0.00167326,
    0.00168065
  ],
  "HIPPO": [
    0.00016304,
    0.00016498
  ],
  "FIS": [
    0.01058941,
    0.01055919
  ],
  "FLM": [
    0.00289777,
    0.00284818
  ],
  "DATA": [
    0.00090737,
    0.00091695
  ],
  "INSP": [
    0.00109733,
    0.00114603
  ],
  "ACA": [
    0.00069831,
    0.00070266
  ],
  "FOXY": [
    0.00012104,
    0.00012009
  ],
  "A2Z": [
    0.00007579,
    0.00007471
  ],
  "RFC": [
    0.00058686,
    0.00059614
  ],
  "DUCK": [
    0.00006966,
    0.00007115
  ],
  "SWTCH": [
    0.00326165,
    0.00326716
  ],
  "LOOKS": [
    0.00040508,
    0.00040493
  ],
  "BDXN": [
    0.00191365,
    0.00191174
  ],
  "MOONPIG": [
    0.00030724,
    0.00030816
  ],
  "ROOT": [
    0.00005872,
    0.00006102
  ],
  "CHILLGUY": [
    0.0001432,
    0.00015375
  ],
  "APU": [
    0.00006493,
    0.00006261
  ],
  "CHESS": [
    0.0001362,
    0.00013528
  ],
  "HOLO": [
    0.00001286,
    0.00001279
  ],
  "GMMT": [
    0.00297779,
    0.00300769
  ],
  "RATS": [
    0.0000377,
    0.00003675
  ],
  "ADB": [
    null,
    null
  ]
}