{
  "PUMP": [
    0.00200064,
    0.00201494
  ],
  "STABLE": [
    0.02578639,
    0.02601166
  ],
  "SIREN": [
    0.673329,
    0.704189
  ],
  "MON": [
    0.03489074,
    0.03450599
  ],
  "AERO": [
    0.434485,
    0.438538
  ],
  "JASMY": [
    0.00581568,
    0.00586338
  ],
  "LIT": [
    1.046,
    1.041
  ],
  "SKYAI": [
    0.18713,
    0.186201
  ],
  "CVX": [
    1.91,
    1.9
  ],
  "BAT": [
    0.104304,
    0.104504
  ],
  "ATH": [
    0.00641163,
    0.00640607
  ],
  "CHEEMS": [
    5.44657e-7,
    5.85363e-7
  ],
  "COW": [
    0.194945,
    0.191787
  ],
  "BANANAS31": [
    0.01000196,
    0.01016899
  ],
  "ONT": [
    0.08011,
    0.083643
  ],
  "CKB": [
    0.00163863,
    0.00161873
  ],
  "TAG": [
    0.0007454,
    0.00071409
  ],
  "SAHARA": [
    0.02334158,
    0.02369062
  ],
  "BAN": [
    0.070563,
    0.070208
  ],
  "ARC": [
    0.069762,
    0.06891
  ],
  "BEAT": [
    0.478951,
    0.493752
  ],
  "POLYX": [
    0.054237,
    0.05326
  ],
  "NPC": [
    0.00811065,
    0.00811571
  ],
  "MYX": [
    0.272495,
    0.27361
  ],
  "CSPR": [
    0.00308129,
    0.00309518
  ],
  "IOTX": [
    0.00486283,
    0.00477048
  ],
  "MERL": [
    0.03630706,
    0.03680351
  ],
  "NOT": [
    0.00041993,
    0.00041477
  ],
  "NEIRO": [
    0.00010235,
    0.00009436
  ],
  "MAGMA": [
    0.208093,
    0.20897
  ],
  "SNEK": [
    0.00052353,
    0.00052041
  ],
  "SATS": [
    1.7672e-8,
    1.7289e-8
  ],
  "REZ": [
    0.00411018,
    0.00417591
  ],
  "HUMA": [
    0.01812753,
    0.0189674
  ],
  "ISLM": [
    0.01237473,
    0.01239279
  ],
  "DEP": [
    0.00111212,
    0.00111255
  ],
  "SPELL": [
    0.00017379,
    0.000175
  ],
  "DEGEN": [
    0.00077073,
    0.00077764
  ],
  "NYM": [
    0.03312303,
    0.03336693
  ],
  "GUN": [
    0.01599306,
    0.01554787
  ],
  "LRC": [
    0.01945879,
    0.02091477
  ],
  "ALLO": [
    0.11155,
    0.112426
  ],
  "CPOOL": [
    0.02552084,
    0.0256688
  ],
  "SLP": [
    0.00065957,
    0.00066774
  ],
  "BOB": [
    0.00812286,
    0.00811768
  ],
  "CORN": [
    0.04138476,
    0.04143734
  ],
  "AURORA": [
    0.02758858,
    0.02757248
  ],
  "SWARMS": [
    0.01816938,
    0.01874675
  ],
  "NIL": [
    0.04143018,
    0.0427141
  ],
  "GRIFFAIN": [
    0.01625182,
    0.01714541
  ],
  "NEWT": [
    0.078147,
    0.078934
  ],
  "DSYNC": [
    0.01712715,
    0.0169485
  ],
  "INIT": [
    0.090334,
    0.090285
  ],
  "BANK": [
    0.03808692,
    0.03875935
  ],
  "MUBARAK": [
    0.01547102,
    0.01640319
  ],
  "L3": [
    0.01097054,
    0.01091986
  ],
  "RESOLV": [
    0.03497467,
    0.03604156
  ],
  "SONIC": [
    0.03827439,
    0.03830855
  ],
  "AIN": [
    0.071599,
    0.074016
  ],
  "PAAL": [
    0.01431822,
    0.0144229
  ],
  "TLM": [
    0.00186443,
    0.00192973
  ],
  "DAO": [
    0.04817883,
    0.04802862
  ],
  "HONEY": [
    0.00206329,
    0.00195211
  ],
  "IKA": [
    0.00392533,
    0.00364617
  ],
  "HMSTR": [
    0.00016323,
    0.00016527
  ],
  "DENT": [
    0.0001163,
    0.00010838
  ],
  "TAI": [
    0.01675856,
    0.01707868
  ],
  "COQ": [
    1.49752e-7,
    1.43494e-7
  ],
  "LAT": [
    0.00137333,
    0.00136747
  ],
  "AVL": [
    0.02732102,
    0.02816421
  ],
  "SOLV": [
    0.00467408,
    0.00526843
  ],
  "NAVX": [
    0.0092562,
    0.00930464
  ],
  "FUEL": [
    0.00094208,
    0.0009431
  ],
  "NKN": [
    0.00913021,
    0.00877483
  ],
  "PIXEL": [
    0.00812633,
    0.00860418
  ],
  "COS": [
    0.0012425,
    0.00127164
  ],
  "FHE": [
    0.02036444,
    0.02583751
  ],
  "OBT": [
    0.00107333,
    0.00107868
  ],
  "RSS3": [
    0.00619214,
    0.00609667
  ],
  "OAS": [
    0.00079245,
    0.00084089
  ],
  "ROAM": [
    0.01617358,
    0.01572633
  ],
  "FWOG": [
    0.00524301,
    0.00514954
  ],
  "DMC": [
    0.00072482,
    0.00072597
  ],
  "LYXE": [
    0.245466,
    0.245466
  ],
  "GEAR": [
    0.00037557,
    0.0003789
  ],
  "FORTH": [
    0.270786,
    0.267917
  ],
  "RDNT": [
    0.00212571,
    0.00213197
  ],
  "SAMO": [
    0.00044112,
    0.00042619
  ],
  "HOOK": [
    0.00829819,
    0.0083793
  ],
  "PTB": [
    0.00114391,
    0.00112833
  ],
  "CUDIS": [
    0.00818945,
    0.00817516
  ],
  "PERP": [
    0.02706823,
    0.02709327
  ],
  "SAROS": [
    0.00064864,
    0.00071637
  ],
  "HIPPO": [
    0.00017635,
    0.00017898
  ],
  "EPT": [
    0.00076469,
    0.00076699
  ],
  "FLM": [
    0.00302789,
    0.00302421
  ],
  "FIS": [
    0.01101275,
    0.01101401
  ],
  "GORK": [
    0.00153454,
    0.00151283
  ],
  "DATA": [
    0.00098097,
    0.0009803
  ],
  "ACA": [
    0.00070753,
    0.0007105
  ],
  "INSP": [
    0.00103662,
    0.00102937
  ],
  "FOXY": [
    0.00012761,
    0.00012692
  ],
  "A2Z": [
    0.00009392,
    0.00008669
  ],
  "DUCK": [
    0.00007405,
    0.00007338
  ],
  "SWTCH": [
    0.00360084,
    0.00347552
  ],
  "RFC": [
    0.0005668,
    0.00057603
  ],
  "LOOKS": [
    0.00039837,
    0.00041286
  ],
  "MOONPIG": [
    0.00030605,
    0.00031588
  ],
  "BDXN": [
    0.00187897,
    0.00186814
  ],
  "ROOT": [
    0.00005891,
    0.00005771
  ],
  "CHILLGUY": [
    0.00008442,
    0.00008387
  ],
  "APU": [
    0.00003617,
    0.00003597
  ],
  "CHESS": [
    0.00016847,
    0.00016779
  ],
  "HOLO": [
    0.00001308,
    0.00001298
  ],
  "RATS": [
    0.00003965,
    0.00003961
  ],
  "GMMT": [
    0.00343842,
    0.00337546
  ],
  "ADB": [
    null,
    null
  ]
}