{
  "STABLE": [
    0.03332908,
    0.03292228
  ],
  "SKYAI": [
    0.63143,
    0.694101
  ],
  "PUMP": [
    0.00182197,
    0.00181457
  ],
  "SIREN": [
    0.760816,
    0.773458
  ],
  "AERO": [
    0.446775,
    0.44571
  ],
  "MON": [
    0.02996336,
    0.02982243
  ],
  "JASMY": [
    0.00557311,
    0.0055668
  ],
  "LIT": [
    0.9444,
    0.95851
  ],
  "TAG": [
    0.00194229,
    0.00179155
  ],
  "CVX": [
    1.76,
    1.76
  ],
  "BAT": [
    0.104577,
    0.104907
  ],
  "CHEEMS": [
    6.35704e-7,
    6.29402e-7
  ],
  "BANANAS31": [
    0.01136633,
    0.0119872
  ],
  "ATH": [
    0.00602155,
    0.00602193
  ],
  "COW": [
    0.189826,
    0.188635
  ],
  "SAHARA": [
    0.02512861,
    0.02505109
  ],
  "BEAT": [
    0.566696,
    0.569521
  ],
  "BAN": [
    0.075329,
    0.075467
  ],
  "ONT": [
    0.070897,
    0.072185
  ],
  "CKB": [
    0.00148502,
    0.00148802
  ],
  "ARC": [
    0.066894,
    0.066326
  ],
  "NPC": [
    0.00773961,
    0.0076589
  ],
  "POLYX": [
    0.04784019,
    0.04767239
  ],
  "MERL": [
    0.04011239,
    0.03903739
  ],
  "REZ": [
    0.00539546,
    0.0054765
  ],
  "MYX": [
    0.238462,
    0.237658
  ],
  "CSPR": [
    0.00280975,
    0.00281483
  ],
  "MAGMA": [
    0.227177,
    0.226337
  ],
  "IOTX": [
    0.00453991,
    0.00453548
  ],
  "ISLM": [
    0.01172261,
    0.01172421
  ],
  "NOT": [
    0.00040824,
    0.00040648
  ],
  "NEIRO": [
    0.00009166,
    0.00009192
  ],
  "HUMA": [
    0.02200607,
    0.02176423
  ],
  "SNEK": [
    0.00045707,
    0.00045887
  ],
  "SATS": [
    1.476e-8,
    1.481e-8
  ],
  "DEP": [
    0.00111158,
    0.00111353
  ],
  "SWARMS": [
    0.02894219,
    0.02935711
  ],
  "SPELL": [
    0.00016802,
    0.000168
  ],
  "CPOOL": [
    0.02844408,
    0.0285381
  ],
  "ALLO": [
    0.120731,
    0.11905
  ],
  "GUN": [
    0.01468662,
    0.01465789
  ],
  "SLP": [
    0.00070493,
    0.0007056
  ],
  "DEGEN": [
    0.00067103,
    0.00066514
  ],
  "CORN": [
    0.04022984,
    0.04025982
  ],
  "LRC": [
    0.01685821,
    0.01682569
  ],
  "AURORA": [
    0.02674988,
    0.02674724
  ],
  "NIL": [
    0.04143236,
    0.04116742
  ],
  "AIN": [
    0.095312,
    0.096817
  ],
  "INIT": [
    0.089369,
    0.090182
  ],
  "GRIFFAIN": [
    0.01727599,
    0.01727748
  ],
  "L3": [
    0.01166149,
    0.01144378
  ],
  "MUBARAK": [
    0.01659955,
    0.01660207
  ],
  "NYM": [
    0.01979057,
    0.01979357
  ],
  "BOB": [
    0.00562881,
    0.00560762
  ],
  "NEWT": [
    0.073692,
    0.073722
  ],
  "BANK": [
    0.03343553,
    0.0333894
  ],
  "SONIC": [
    0.0368862,
    0.03676597
  ],
  "DSYNC": [
    0.01283229,
    0.01284515
  ],
  "TLM": [
    0.00185795,
    0.00186416
  ],
  "PAAL": [
    0.01299076,
    0.01299321
  ],
  "RESOLV": [
    0.02869181,
    0.02890634
  ],
  "HONEY": [
    0.0018303,
    0.00183273
  ],
  "DAO": [
    0.04174298,
    0.04159108
  ],
  "HMSTR": [
    0.00015936,
    0.00015998
  ],
  "IKA": [
    0.00343253,
    0.00341996
  ],
  "RSS3": [
    0.00636655,
    0.00632501
  ],
  "LAT": [
    0.00133457,
    0.00133276
  ],
  "TAI": [
    0.01495391,
    0.01543377
  ],
  "COQ": [
    1.26055e-7,
    1.28183e-7
  ],
  "AVL": [
    0.02776407,
    0.0274339
  ],
  "NAVX": [
    0.00883165,
    0.00882599
  ],
  "FUEL": [
    0.00089265,
    0.00089513
  ],
  "SOLV": [
    0.00449276,
    0.00442242
  ],
  "NKN": [
    0.0080351,
    0.00798815
  ],
  "PIXEL": [
    0.00784838,
    0.00782867
  ],
  "COS": [
    0.00116038,
    0.00116133
  ],
  "FWOG": [
    0.00622087,
    0.00609875
  ],
  "OBT": [
    0.00098357,
    0.00099049
  ],
  "FHE": [
    0.02111923,
    0.02148131
  ],
  "DMC": [
    0.00070696,
    0.00070976
  ],
  "LYXE": [
    0.276272,
    0.276232
  ],
  "ROAM": [
    0.01178265,
    0.01159325
  ],
  "DENT": [
    0.00003961,
    0.00003963
  ],
  "OAS": [
    0.00053202,
    0.00053366
  ],
  "GEAR": [
    0.00032041,
    0.00031846
  ],
  "FORTH": [
    0.233128,
    0.236906
  ],
  "RDNT": [
    0.00177915,
    0.00178407
  ],
  "HOOK": [
    0.00796614,
    0.00796605
  ],
  "CUDIS": [
    0.00795595,
    0.00797966
  ],
  "SAMO": [
    0.00032518,
    0.00032878
  ],
  "HIPPO": [
    0.00018877,
    0.00018517
  ],
  "PERP": [
    0.02514772,
    0.02493756
  ],
  "PTB": [
    0.0008262,
    0.00082392
  ],
  "FIS": [
    0.01039748,
    0.01047501
  ],
  "EPT": [
    0.00071244,
    0.00071588
  ],
  "FLM": [
    0.00259007,
    0.00266425
  ],
  "GORK": [
    0.00151642,
    0.00147578
  ],
  "SAROS": [
    0.00056238,
    0.0005569
  ],
  "DATA": [
    0.00073679,
    0.00073088
  ],
  "ACA": [
    0.00063774,
    0.00065256
  ],
  "INSP": [
    0.00090698,
    0.00091069
  ],
  "A2Z": [
    0.00008312,
    0.00008449
  ],
  "FOXY": [
    0.00011898,
    0.0001181
  ],
  "DUCK": [
    0.00007035,
    0.00007101
  ],
  "RFC": [
    0.00057117,
    0.00056438
  ],
  "SWTCH": [
    0.00309618,
    0.00302331
  ],
  "LOOKS": [
    0.00035985,
    0.00035047
  ],
  "MOONPIG": [
    0.0002759,
    0.00027393
  ],
  "BDXN": [
    0.00162799,
    0.00163573
  ],
  "ROOT": [
    0.00005519,
    0.00005559
  ],
  "CHILLGUY": [
    0.00010442,
    0.00010442
  ],
  "APU": [
    0.00004392,
    0.00004336
  ],
  "CHESS": [
    0.00019641,
    0.00019349
  ],
  "HOLO": [
    0.00001187,
    0.00001187
  ],
  "GMMT": [
    0.00385735,
    0.00371719
  ],
  "RATS": [
    0.00003755,
    0.00003777
  ],
  "ADB": [
    null,
    null
  ]
}