{
  "PUMP": [
    0.00175649,
    0.00177678
  ],
  "STABLE": [
    0.03567964,
    0.03583185
  ],
  "SIREN": [
    0.684502,
    0.690225
  ],
  "AERO": [
    0.45425,
    0.456486
  ],
  "MON": [
    0.03017935,
    0.03045104
  ],
  "JASMY": [
    0.00585308,
    0.00588815
  ],
  "LIT": [
    0.863535,
    0.861376
  ],
  "SKYAI": [
    0.164839,
    0.165014
  ],
  "CVX": [
    1.73,
    1.74
  ],
  "BAT": [
    0.102192,
    0.1025
  ],
  "CHEEMS": [
    5.82117e-7,
    5.91024e-7
  ],
  "ATH": [
    0.00581799,
    0.00582755
  ],
  "COW": [
    0.186422,
    0.187374
  ],
  "BANANAS31": [
    0.00946243,
    0.0094945
  ],
  "TAG": [
    0.00071718,
    0.00071814
  ],
  "ARC": [
    0.077995,
    0.077429
  ],
  "BEAT": [
    0.553439,
    0.553723
  ],
  "SAHARA": [
    0.02249742,
    0.02254704
  ],
  "CKB": [
    0.00148156,
    0.00148821
  ],
  "ONT": [
    0.071527,
    0.071636
  ],
  "BAN": [
    0.071791,
    0.070568
  ],
  "NPC": [
    0.00815686,
    0.00815228
  ],
  "POLYX": [
    0.04872104,
    0.04896911
  ],
  "MYX": [
    0.25925,
    0.256279
  ],
  "MERL": [
    0.03890898,
    0.03902116
  ],
  "CSPR": [
    0.00289186,
    0.00290961
  ],
  "IOTX": [
    0.00473221,
    0.00476066
  ],
  "NOT": [
    0.00040348,
    0.00040443
  ],
  "HUMA": [
    0.02282604,
    0.02241578
  ],
  "NEIRO": [
    0.0000881,
    0.00008974
  ],
  "MAGMA": [
    0.189137,
    0.189078
  ],
  "SNEK": [
    0.00047733,
    0.00047631
  ],
  "REZ": [
    0.00393543,
    0.00398648
  ],
  "SPELL": [
    0.00018511,
    0.00018365
  ],
  "SATS": [
    1.4122e-8,
    1.4363e-8
  ],
  "ISLM": [
    0.01174841,
    0.01175149
  ],
  "DEP": [
    0.00107596,
    0.00107531
  ],
  "SLP": [
    0.00070893,
    0.00071279
  ],
  "GUN": [
    0.01433278,
    0.01465582
  ],
  "CPOOL": [
    0.02505325,
    0.02519174
  ],
  "DEGEN": [
    0.0006744,
    0.00068024
  ],
  "ALLO": [
    0.108414,
    0.108456
  ],
  "NYM": [
    0.02742551,
    0.02716408
  ],
  "CORN": [
    0.0402177,
    0.04012031
  ],
  "LRC": [
    0.01674708,
    0.01680917
  ],
  "SWARMS": [
    0.0214315,
    0.02029292
  ],
  "AURORA": [
    0.02658944,
    0.02658415
  ],
  "NIL": [
    0.04064861,
    0.04109967
  ],
  "INIT": [
    0.089921,
    0.090179
  ],
  "GRIFFAIN": [
    0.0173882,
    0.01734719
  ],
  "AIN": [
    0.088637,
    0.089554
  ],
  "NEWT": [
    0.076526,
    0.076666
  ],
  "BOB": [
    0.00574681,
    0.00574935
  ],
  "L3": [
    0.01040611,
    0.01042433
  ],
  "SONIC": [
    0.04019546,
    0.04056106
  ],
  "BANK": [
    0.03389053,
    0.0338375
  ],
  "MUBARAK": [
    0.01329308,
    0.01335472
  ],
  "DSYNC": [
    0.01344206,
    0.0133839
  ],
  "TLM": [
    0.00182336,
    0.00183104
  ],
  "HONEY": [
    0.00205421,
    0.00205456
  ],
  "PAAL": [
    0.01266252,
    0.01269757
  ],
  "RESOLV": [
    0.02969083,
    0.02926343
  ],
  "DAO": [
    0.04157706,
    0.04148644
  ],
  "IKA": [
    0.00333917,
    0.00336727
  ],
  "HMSTR": [
    0.00015362,
    0.00015405
  ],
  "TAI": [
    0.01658603,
    0.01651284
  ],
  "COQ": [
    1.36783e-7,
    1.37067e-7
  ],
  "LAT": [
    0.0013296,
    0.00132922
  ],
  "AVL": [
    0.02551659,
    0.02564226
  ],
  "FUEL": [
    0.00092229,
    0.00092443
  ],
  "NAVX": [
    0.00874291,
    0.00874722
  ],
  "NKN": [
    0.00812274,
    0.00817749
  ],
  "PIXEL": [
    0.00821037,
    0.00823367
  ],
  "COS": [
    0.001164,
    0.00116394
  ],
  "SOLV": [
    0.00400312,
    0.00404204
  ],
  "OBT": [
    0.00101229,
    0.00100406
  ],
  "ROAM": [
    0.01530869,
    0.01521473
  ],
  "RSS3": [
    0.00553222,
    0.00558839
  ],
  "FHE": [
    0.01824354,
    0.01833059
  ],
  "DMC": [
    0.00070208,
    0.00070098
  ],
  "FWOG": [
    0.00460875,
    0.00459153
  ],
  "LYXE": [
    0.242851,
    0.249888
  ],
  "DENT": [
    0.00004252,
    0.00003892
  ],
  "OAS": [
    0.00055827,
    0.00055702
  ],
  "FORTH": [
    0.242395,
    0.241439
  ],
  "HOOK": [
    0.00828075,
    0.00848279
  ],
  "RDNT": [
    0.00182406,
    0.00182276
  ],
  "GEAR": [
    0.00022839,
    0.0002285
  ],
  "SAMO": [
    0.00037155,
    0.00037116
  ],
  "CUDIS": [
    0.00775543,
    0.00775583
  ],
  "PERP": [
    0.02563803,
    0.02575402
  ],
  "EPT": [
    0.00073084,
    0.00073044
  ],
  "FIS": [
    0.01065792,
    0.01059235
  ],
  "PTB": [
    0.00079719,
    0.00079088
  ],
  "HIPPO": [
    0.00016261,
    0.00016167
  ],
  "FLM": [
    0.00265391,
    0.002652
  ],
  "GORK": [
    0.00144138,
    0.00144103
  ],
  "SAROS": [
    0.00050076,
    0.00050046
  ],
  "DATA": [
    0.00072613,
    0.00072552
  ],
  "INSP": [
    0.0009849,
    0.00104657
  ],
  "ACA": [
    0.00066024,
    0.00066218
  ],
  "FOXY": [
    0.00011501,
    0.00011503
  ],
  "A2Z": [
    0.00007304,
    0.00007246
  ],
  "RFC": [
    0.00057974,
    0.00056595
  ],
  "DUCK": [
    0.00006863,
    0.00006879
  ],
  "SWTCH": [
    0.00317509,
    0.00324834
  ],
  "LOOKS": [
    0.00035994,
    0.00035997
  ],
  "MOONPIG": [
    0.00027429,
    0.00027181
  ],
  "BDXN": [
    0.00155665,
    0.00160683
  ],
  "ROOT": [
    0.00006208,
    0.00006156
  ],
  "CHILLGUY": [
    0.00012264,
    0.00012287
  ],
  "APU": [
    0.00004069,
    0.00003942
  ],
  "CHESS": [
    0.00017023,
    0.00017023
  ],
  "HOLO": [
    0.00001191,
    0.00001191
  ],
  "GMMT": [
    0.00249773,
    0.00250049
  ],
  "RATS": [
    0.00003774,
    0.00003808
  ],
  "ADB": [
    null,
    null
  ]
}