{
  "PUMP": [
    0.00179125,
    0.00179936
  ],
  "STABLE": [
    0.03094873,
    0.03086824
  ],
  "SIREN": [
    0.653735,
    0.653055
  ],
  "AERO": [
    0.428165,
    0.433609
  ],
  "MON": [
    0.03264516,
    0.03251823
  ],
  "JASMY": [
    0.00555687,
    0.00555909
  ],
  "LIT": [
    0.903245,
    0.906411
  ],
  "SKYAI": [
    0.246374,
    0.219454
  ],
  "CVX": [
    1.76,
    1.76
  ],
  "BAT": [
    0.102469,
    0.103245
  ],
  "CHEEMS": [
    5.79721e-7,
    5.82064e-7
  ],
  "ATH": [
    0.00598012,
    0.00607187
  ],
  "BANANAS31": [
    0.00997063,
    0.01056913
  ],
  "COW": [
    0.182955,
    0.184003
  ],
  "BAN": [
    0.08291,
    0.082399
  ],
  "ONT": [
    0.079924,
    0.080142
  ],
  "BEAT": [
    0.526647,
    0.530179
  ],
  "CKB": [
    0.00149722,
    0.00150793
  ],
  "TAG": [
    0.000654,
    0.00065212
  ],
  "NPC": [
    0.00850571,
    0.00847482
  ],
  "SAHARA": [
    0.02136643,
    0.0215145
  ],
  "ARC": [
    0.067243,
    0.067318
  ],
  "POLYX": [
    0.050233,
    0.050474
  ],
  "HUMA": [
    0.0265534,
    0.02747202
  ],
  "MERL": [
    0.0374136,
    0.03762876
  ],
  "CSPR": [
    0.00292338,
    0.0029352
  ],
  "MYX": [
    0.243903,
    0.243041
  ],
  "IOTX": [
    0.00478827,
    0.00484121
  ],
  "NOT": [
    0.00039909,
    0.00040174
  ],
  "SNEK": [
    0.00053762,
    0.00053355
  ],
  "NEIRO": [
    0.00009218,
    0.00009315
  ],
  "MAGMA": [
    0.197324,
    0.197946
  ],
  "REZ": [
    0.00398588,
    0.00394608
  ],
  "DEP": [
    0.00113222,
    0.0011304
  ],
  "SATS": [
    1.4388e-8,
    1.4563e-8
  ],
  "ISLM": [
    0.01178148,
    0.01176473
  ],
  "CPOOL": [
    0.02820457,
    0.02837106
  ],
  "SPELL": [
    0.00016424,
    0.00016425
  ],
  "ALLO": [
    0.122561,
    0.122607
  ],
  "GUN": [
    0.01578895,
    0.0157682
  ],
  "DEGEN": [
    0.00068322,
    0.00069861
  ],
  "NYM": [
    0.03102467,
    0.03106065
  ],
  "SLP": [
    0.00066139,
    0.00066258
  ],
  "LRC": [
    0.01719721,
    0.01722301
  ],
  "CORN": [
    0.04040199,
    0.04042661
  ],
  "AURORA": [
    0.02763721,
    0.02765383
  ],
  "SWARMS": [
    0.01852954,
    0.01847347
  ],
  "GRIFFAIN": [
    0.01749619,
    0.01750786
  ],
  "NIL": [
    0.04038667,
    0.0407794
  ],
  "BOB": [
    0.00602034,
    0.00601363
  ],
  "NEWT": [
    0.076742,
    0.076761
  ],
  "INIT": [
    0.084855,
    0.085187
  ],
  "BANK": [
    0.03703014,
    0.03706541
  ],
  "L3": [
    0.01046423,
    0.010511
  ],
  "DSYNC": [
    0.0138222,
    0.01383235
  ],
  "MUBARAK": [
    0.01348362,
    0.01370274
  ],
  "HONEY": [
    0.00228626,
    0.00225128
  ],
  "SONIC": [
    0.03532979,
    0.03553363
  ],
  "TLM": [
    0.00180307,
    0.00181308
  ],
  "PAAL": [
    0.01271652,
    0.01290816
  ],
  "RESOLV": [
    0.02950174,
    0.02959194
  ],
  "IKA": [
    0.00385389,
    0.00378238
  ],
  "AIN": [
    0.061181,
    0.061123
  ],
  "DAO": [
    0.04498619,
    0.04503309
  ],
  "COQ": [
    1.4654e-7,
    1.46678e-7
  ],
  "HMSTR": [
    0.00015422,
    0.00015506
  ],
  "TAI": [
    0.01637552,
    0.01642963
  ],
  "LAT": [
    0.00132805,
    0.00133452
  ],
  "AVL": [
    0.02589677,
    0.02590586
  ],
  "FUEL": [
    0.00094355,
    0.00094475
  ],
  "DENT": [
    0.00007753,
    0.00007691
  ],
  "NAVX": [
    0.00858365,
    0.00859104
  ],
  "NKN": [
    0.0086368,
    0.00867393
  ],
  "COS": [
    0.00115697,
    0.00115595
  ],
  "SOLV": [
    0.00391748,
    0.00399077
  ],
  "PIXEL": [
    0.00752454,
    0.00751093
  ],
  "OBT": [
    0.00101448,
    0.00101315
  ],
  "ROAM": [
    0.01652644,
    0.01637187
  ],
  "RSS3": [
    0.00574673,
    0.00581448
  ],
  "FWOG": [
    0.00455718,
    0.00458923
  ],
  "FHE": [
    0.01771913,
    0.01789839
  ],
  "DMC": [
    0.00071484,
    0.00071303
  ],
  "OAS": [
    0.00065218,
    0.00065732
  ],
  "LYXE": [
    0.224656,
    0.224656
  ],
  "RDNT": [
    0.00194457,
    0.0019587
  ],
  "GEAR": [
    0.00025086,
    0.0002521
  ],
  "FORTH": [
    0.234247,
    0.234313
  ],
  "HOOK": [
    0.00819119,
    0.00820312
  ],
  "SAMO": [
    0.00039107,
    0.00039123
  ],
  "CUDIS": [
    0.00795297,
    0.00797938
  ],
  "PERP": [
    0.0255893,
    0.02565051
  ],
  "PTB": [
    0.0008253,
    0.0008211
  ],
  "EPT": [
    0.0007294,
    0.00073401
  ],
  "FIS": [
    0.0105616,
    0.01072663
  ],
  "HIPPO": [
    0.00016081,
    0.00016546
  ],
  "GORK": [
    0.00156754,
    0.00162651
  ],
  "FLM": [
    0.00269154,
    0.00269387
  ],
  "SAROS": [
    0.00053162,
    0.00053368
  ],
  "DATA": [
    0.00087458,
    0.00087696
  ],
  "INSP": [
    0.00122684,
    0.00124385
  ],
  "ACA": [
    0.00068476,
    0.00068405
  ],
  "FOXY": [
    0.00011893,
    0.00011908
  ],
  "A2Z": [
    0.00007431,
    0.00007434
  ],
  "DUCK": [
    0.00007344,
    0.00007282
  ],
  "SWTCH": [
    0.00341172,
    0.00343183
  ],
  "RFC": [
    0.000569,
    0.0005689
  ],
  "LOOKS": [
    0.00040177,
    0.00040154
  ],
  "BDXN": [
    0.00183428,
    0.00182655
  ],
  "MOONPIG": [
    0.00029501,
    0.00029503
  ],
  "ROOT": [
    0.0000596,
    0.00006319
  ],
  "CHILLGUY": [
    0.00015922,
    0.0001593
  ],
  "APU": [
    0.00005501,
    0.00005423
  ],
  "CHESS": [
    0.00015525,
    0.00015525
  ],
  "HOLO": [
    0.0000123,
    0.0000123
  ],
  "GMMT": [
    0.00276824,
    0.00276844
  ],
  "RATS": [
    0.00003908,
    0.00003962
  ],
  "ADB": [
    null,
    null
  ]
}