{
  "PUMP": [
    0.00176435,
    0.00175131
  ],
  "STABLE": [
    0.03360665,
    0.03377797
  ],
  "SIREN": [
    0.682258,
    0.683772
  ],
  "AERO": [
    0.47068,
    0.464599
  ],
  "MON": [
    0.0308936,
    0.03051908
  ],
  "JASMY": [
    0.00596521,
    0.00589622
  ],
  "LIT": [
    0.926295,
    0.915583
  ],
  "SKYAI": [
    0.187752,
    0.189854
  ],
  "CVX": [
    1.79,
    1.77
  ],
  "BAT": [
    0.105881,
    0.104794
  ],
  "ATH": [
    0.00611895,
    0.00606832
  ],
  "CHEEMS": [
    5.8058e-7,
    5.71636e-7
  ],
  "COW": [
    0.191724,
    0.191142
  ],
  "BANANAS31": [
    0.00951781,
    0.00965396
  ],
  "SAHARA": [
    0.02426562,
    0.02424276
  ],
  "CKB": [
    0.00167293,
    0.00162042
  ],
  "BEAT": [
    0.560449,
    0.561128
  ],
  "TAG": [
    0.000687,
    0.00067592
  ],
  "ONT": [
    0.073893,
    0.073207
  ],
  "BAN": [
    0.087432,
    0.073003
  ],
  "NPC": [
    0.00830105,
    0.0082363
  ],
  "ARC": [
    0.064776,
    0.065557
  ],
  "POLYX": [
    0.051137,
    0.050823
  ],
  "MYX": [
    0.256115,
    0.263346
  ],
  "MERL": [
    0.03749966,
    0.03851609
  ],
  "CSPR": [
    0.00288398,
    0.0028966
  ],
  "IOTX": [
    0.00486499,
    0.00485614
  ],
  "HUMA": [
    0.02421298,
    0.02432648
  ],
  "NOT": [
    0.00042562,
    0.00042189
  ],
  "MAGMA": [
    0.191143,
    0.210951
  ],
  "SNEK": [
    0.00050661,
    0.00050337
  ],
  "NEIRO": [
    0.00009253,
    0.00008895
  ],
  "REZ": [
    0.00396015,
    0.00393696
  ],
  "ISLM": [
    0.0119015,
    0.01195539
  ],
  "SATS": [
    1.4764e-8,
    1.465e-8
  ],
  "DEP": [
    0.00110688,
    0.00110602
  ],
  "SPELL": [
    0.00016615,
    0.00016502
  ],
  "CPOOL": [
    0.02649265,
    0.02651947
  ],
  "SLP": [
    0.00072741,
    0.00072516
  ],
  "GUN": [
    0.01513897,
    0.01508386
  ],
  "ALLO": [
    0.116281,
    0.1154
  ],
  "NYM": [
    0.02957366,
    0.0294611
  ],
  "DEGEN": [
    0.00066758,
    0.00066143
  ],
  "INIT": [
    0.089624,
    0.089169
  ],
  "LRC": [
    0.01716075,
    0.01706351
  ],
  "CORN": [
    0.04003153,
    0.03998581
  ],
  "NIL": [
    0.04410151,
    0.04377684
  ],
  "AURORA": [
    0.02775553,
    0.02774398
  ],
  "SWARMS": [
    0.01840981,
    0.01839125
  ],
  "NEWT": [
    0.080865,
    0.080869
  ],
  "GRIFFAIN": [
    0.01718906,
    0.01711501
  ],
  "BOB": [
    0.00604741,
    0.00591805
  ],
  "L3": [
    0.01101611,
    0.01108151
  ],
  "BANK": [
    0.03444728,
    0.03446284
  ],
  "DSYNC": [
    0.01438899,
    0.01388894
  ],
  "AIN": [
    0.063909,
    0.073984
  ],
  "SONIC": [
    0.03803672,
    0.03769732
  ],
  "MUBARAK": [
    0.01363405,
    0.01356589
  ],
  "TLM": [
    0.0018977,
    0.00189274
  ],
  "HONEY": [
    0.00206739,
    0.0020525
  ],
  "IKA": [
    0.00375557,
    0.00375281
  ],
  "PAAL": [
    0.01247615,
    0.01240121
  ],
  "DAO": [
    0.04413379,
    0.04383353
  ],
  "RESOLV": [
    0.02767139,
    0.02778505
  ],
  "HMSTR": [
    0.00015848,
    0.00015674
  ],
  "COQ": [
    1.4509e-7,
    1.45254e-7
  ],
  "TAI": [
    0.01672792,
    0.01670702
  ],
  "LAT": [
    0.0013333,
    0.00132681
  ],
  "AVL": [
    0.02644483,
    0.0265911
  ],
  "FUEL": [
    0.00093691,
    0.00093732
  ],
  "NAVX": [
    0.00871122,
    0.00871637
  ],
  "NKN": [
    0.00840952,
    0.00852108
  ],
  "DENT": [
    0.00006354,
    0.00006551
  ],
  "PIXEL": [
    0.00804388,
    0.00807295
  ],
  "SOLV": [
    0.00407076,
    0.00409849
  ],
  "COS": [
    0.0011808,
    0.00117309
  ],
  "OBT": [
    0.00103765,
    0.00103408
  ],
  "ROAM": [
    0.01677617,
    0.01611335
  ],
  "RSS3": [
    0.00584327,
    0.00578859
  ],
  "FWOG": [
    0.00474956,
    0.00472868
  ],
  "DMC": [
    0.0007092,
    0.00070722
  ],
  "FHE": [
    0.01802022,
    0.01796244
  ],
  "OAS": [
    0.00058936,
    0.00059125
  ],
  "LYXE": [
    0.236748,
    0.241283
  ],
  "FORTH": [
    0.246514,
    0.247506
  ],
  "RDNT": [
    0.00187496,
    0.00190316
  ],
  "HOOK": [
    0.00850997,
    0.00843171
  ],
  "GEAR": [
    0.00022784,
    0.00022768
  ],
  "SAMO": [
    0.00038319,
    0.00038585
  ],
  "CUDIS": [
    0.00799251,
    0.00794253
  ],
  "PERP": [
    0.02622176,
    0.02620182
  ],
  "EPT": [
    0.0007405,
    0.00074114
  ],
  "PTB": [
    0.00082443,
    0.00081844
  ],
  "FIS": [
    0.01056968,
    0.01055021
  ],
  "HIPPO": [
    0.00016036,
    0.00015939
  ],
  "FLM": [
    0.00270271,
    0.00269466
  ],
  "GORK": [
    0.00154326,
    0.00152381
  ],
  "SAROS": [
    0.00049893,
    0.00050189
  ],
  "DATA": [
    0.00075289,
    0.00074826
  ],
  "INSP": [
    0.00108558,
    0.00107792
  ],
  "ACA": [
    0.00068163,
    0.00068215
  ],
  "FOXY": [
    0.00011983,
    0.00011896
  ],
  "A2Z": [
    0.0000684,
    0.00006963
  ],
  "RFC": [
    0.00059276,
    0.00058563
  ],
  "DUCK": [
    0.00007161,
    0.000071
  ],
  "SWTCH": [
    0.00340899,
    0.00337029
  ],
  "LOOKS": [
    0.00036478,
    0.00036476
  ],
  "MOONPIG": [
    0.00029415,
    0.00029208
  ],
  "BDXN": [
    0.00161721,
    0.00158694
  ],
  "ROOT": [
    0.00006061,
    0.00006031
  ],
  "CHILLGUY": [
    0.00014148,
    0.00014132
  ],
  "APU": [
    0.0000443,
    0.0000441
  ],
  "CHESS": [
    0.00016931,
    0.00016933
  ],
  "HOLO": [
    0.00001228,
    0.00001228
  ],
  "GMMT": [
    0.00254513,
    0.00254078
  ],
  "RATS": [
    0.00003791,
    0.00003771
  ],
  "ADB": [
    null,
    null
  ]
}