{
  "PUMP": [
    0.00190858
  ],
  "STABLE": [
    0.02674876
  ],
  "AERO": [
    0.337422,
    0.336632
  ],
  "MON": [
    0.02532428,
    0.02641937
  ],
  "JASMY": [
    0.00553846,
    0.00555522
  ],
  "LIT": [
    0.984093,
    0.990844
  ],
  "BAT": [
    0.108907,
    0.109147
  ],
  "CVX": [
    1.77,
    1.78
  ],
  "BANANAS31": [
    0.01411753,
    0.01407573
  ],
  "ATH": [
    0.00774333,
    0.00756923
  ],
  "COW": [
    0.209359,
    0.211009
  ],
  "CHEEMS": [
    4.86247e-7,
    4.83907e-7
  ],
  "BEAT": [
    0.591914,
    0.584288
  ],
  "SAHARA": [
    0.02714482
  ],
  "CKB": [
    0.00144248,
    0.00145716
  ],
  "NPC": [
    0.0082985
  ],
  "TAG": [
    0.00059717
  ],
  "SKYAI": [
    0.061641
  ],
  "MYX": [
    0.317217,
    0.318789
  ],
  "BAN": [
    0.060076,
    0.060206
  ],
  "CSPR": [
    0.00360951,
    0.00366145
  ],
  "POLYX": [
    0.0457232
  ],
  "ONT": [
    0.061615
  ],
  "IOTX": [
    0.00527793,
    0.00527234
  ],
  "ARC": [
    0.04465385,
    0.04452232
  ],
  "NOT": [
    0.00038288
  ],
  "GUN": [
    0.02224542,
    0.02210176
  ],
  "SNEK": [
    0.00047075
  ],
  "MERL": [
    0.02835766,
    0.02830243
  ],
  "HUMA": [
    0.01913898,
    0.01890138
  ],
  "ISLM": [
    0.01313093,
    0.01298606
  ],
  "DEP": [
    0.00116295,
    0.00116483
  ],
  "LRC": [
    0.02433697,
    0.02432363
  ],
  "SPELL": [
    0.00017221
  ],
  "DEGEN": [
    0.0007434,
    0.00074563
  ],
  "NYM": [
    0.03274475
  ],
  "ALLO": [
    0.119754,
    0.119659
  ],
  "REZ": [
    0.00335131
  ],
  "NEIRO": [
    0.00006164
  ],
  "MAGMA": [
    0.13503,
    0.134097
  ],
  "SATS": [
    1.1529e-8
  ],
  "CORN": [
    0.04577448,
    0.04581508
  ],
  "SLP": [
    0.00062307
  ],
  "CPOOL": [
    0.02322728,
    0.02336488
  ],
  "AURORA": [
    0.02881693,
    0.02881194
  ],
  "DENT": [
    0.00020219,
    0.00020344
  ],
  "DAO": [
    0.082708,
    0.076391
  ],
  "DSYNC": [
    0.01852596,
    0.01876799
  ],
  "BANK": [
    0.03885093,
    0.03898935
  ],
  "RESOLV": [
    0.04295193
  ],
  "NIL": [
    0.03838957
  ],
  "NEWT": [
    0.07469
  ],
  "L3": [
    0.01217149,
    0.01168634
  ],
  "HONEY": [
    0.00263093,
    0.00266163
  ],
  "INIT": [
    0.082279,
    0.082818
  ],
  "SONIC": [
    0.0419798
  ],
  "PAAL": [
    0.01649365
  ],
  "ROAM": [
    0.0422402
  ],
  "MUBARAK": [
    0.01247016,
    0.01253732
  ],
  "BOB": [
    0.0054099,
    0.00540384
  ],
  "AIN": [
    0.062307,
    0.061974
  ],
  "TLM": [
    0.00171849
  ],
  "GRIFFAIN": [
    0.01112703,
    0.01110137
  ],
  "TAI": [
    0.01763843
  ],
  "IKA": [
    0.00338564,
    0.0034169
  ],
  "HMSTR": [
    0.00014416,
    0.00014477
  ],
  "LAT": [
    0.00132689,
    0.00133211
  ],
  "FUEL": [
    0.00109362,
    0.00109165
  ],
  "COS": [
    0.00168834,
    0.00160764
  ],
  "DUCK": [
    0.00106907,
    0.0010659
  ],
  "SWARMS": [
    0.00751142
  ],
  "AVL": [
    0.02678771,
    0.02682441
  ],
  "NAVX": [
    0.00872938,
    0.00875826
  ],
  "COQ": [
    1.00158e-7,
    9.9609e-8
  ],
  "RDNT": [
    0.00498493
  ],
  "PIXEL": [
    0.00812312
  ],
  "HIPPO": [
    0.00061565,
    0.00061897
  ],
  "OBT": [
    0.00106236
  ],
  "NKN": [
    0.00707734
  ],
  "FWOG": [
    0.00546153,
    0.00548502
  ],
  "RSS3": [
    0.00572081
  ],
  "LYXE": [
    0.318417,
    0.319968
  ],
  "FHE": [
    0.01967191,
    0.01954081
  ],
  "FORTH": [
    0.453255,
    0.414566
  ],
  "SOLV": [
    0.00318114
  ],
  "DMC": [
    0.0007596,
    0.00075712
  ],
  "PTB": [
    0.00177024
  ],
  "GEAR": [
    0.00034638,
    0.00034597
  ],
  "HOOK": [
    0.01162992,
    0.01118389
  ],
  "A2Z": [
    0.00034519,
    0.00032826
  ],
  "SAMO": [
    0.00046645
  ],
  "FIS": [
    0.01641712,
    0.01589368
  ],
  "PERP": [
    0.0330467
  ],
  "OAS": [
    0.00036136
  ],
  "CUDIS": [
    0.00751726,
    0.00774634
  ],
  "EPT": [
    0.00077914,
    0.00079756
  ],
  "FLM": [
    0.0028794,
    0.00287587
  ],
  "GORK": [
    0.00158847,
    0.00158001
  ],
  "SAROS": [
    0.00058294
  ],
  "DATA": [
    0.00110434,
    0.00109925
  ],
  "INSP": [
    0.00156562,
    0.00139575
  ],
  "ACA": [
    0.0008514,
    0.00084891
  ],
  "FOXY": [
    0.00015003,
    0.00015122
  ],
  "RFC": [
    0.00057397
  ],
  "BDXN": [
    0.0025892,
    0.0027053
  ],
  "SWTCH": [
    0.00264169
  ],
  "LOOKS": [
    0.00040094,
    0.00039711
  ],
  "CHESS": [
    0.00161692,
    0.00161611
  ],
  "MOONPIG": [
    0.00032953,
    0.00032892
  ],
  "ROOT": [
    0.00007036
  ],
  "CHILLGUY": [
    0.00006385,
    0.00006385
  ],
  "APU": [
    0.00003526,
    0.0000359
  ],
  "HOLO": [
    0.00001434,
    0.00001435
  ],
  "GMMT": [
    0.00357007,
    0.00358102
  ],
  "RATS": [
    0.00004932
  ],
  "ADB": [
    null,
    null
  ]
}