{
  "SIREN": [
    1.95,
    1.92
  ],
  "PUMP": [
    0.00183121,
    0.00180531
  ],
  "STABLE": [
    0.02693737,
    0.02640503
  ],
  "AERO": [
    0.331396,
    0.328326
  ],
  "MON": [
    0.02542666,
    0.02551361
  ],
  "JASMY": [
    0.00542925,
    0.00536401
  ],
  "LIT": [
    0.95509,
    0.950813
  ],
  "BAT": [
    0.109073,
    0.106334
  ],
  "CVX": [
    1.72,
    1.7
  ],
  "BANANAS31": [
    0.01384483,
    0.01415203
  ],
  "ATH": [
    0.00760779,
    0.00763257
  ],
  "COW": [
    0.207179,
    0.206427
  ],
  "CHEEMS": [
    4.69634e-7,
    4.63911e-7
  ],
  "SAHARA": [
    0.02745124,
    0.02703378
  ],
  "BEAT": [
    0.640047,
    0.584887
  ],
  "CKB": [
    0.00142609,
    0.00141411
  ],
  "SKYAI": [
    0.063998,
    0.065406
  ],
  "TAG": [
    0.00057637,
    0.00059972
  ],
  "NPC": [
    0.00817966,
    0.00800057
  ],
  "MYX": [
    0.31843,
    0.315969
  ],
  "BAN": [
    0.063748,
    0.057837
  ],
  "POLYX": [
    0.04447516,
    0.04410844
  ],
  "CSPR": [
    0.00344643,
    0.00343609
  ],
  "ONT": [
    0.056277,
    0.057044
  ],
  "IOTX": [
    0.00504937,
    0.00499749
  ],
  "ARC": [
    0.04477203,
    0.04458401
  ],
  "NOT": [
    0.00037564,
    0.00037069
  ],
  "GUN": [
    0.02152074,
    0.02157317
  ],
  "SNEK": [
    0.00045945,
    0.00045621
  ],
  "HUMA": [
    0.01961102,
    0.01910694
  ],
  "MERL": [
    0.02752275,
    0.02718977
  ],
  "ISLM": [
    0.01272643,
    0.01276372
  ],
  "DEP": [
    0.00116342,
    0.00115882
  ],
  "LRC": [
    0.02411183,
    0.02364627
  ],
  "SPELL": [
    0.00016976,
    0.00016877
  ],
  "REZ": [
    0.00342777,
    0.00350026
  ],
  "NYM": [
    0.03259275,
    0.03259578
  ],
  "ALLO": [
    0.12066,
    0.120923
  ],
  "DEGEN": [
    0.00072413,
    0.00071537
  ],
  "MAGMA": [
    0.13123,
    0.136371
  ],
  "NEIRO": [
    0.00005981,
    0.00005906
  ],
  "SATS": [
    1.1206e-8,
    1.1039e-8
  ],
  "CPOOL": [
    0.02517043,
    0.02405523
  ],
  "CORN": [
    0.04388319,
    0.04379045
  ],
  "DAO": [
    0.093416,
    0.088299
  ],
  "SLP": [
    0.0006121,
    0.00060672
  ],
  "AURORA": [
    0.02885072,
    0.02880767
  ],
  "DENT": [
    0.00019891,
    0.00020049
  ],
  "DSYNC": [
    0.01832927,
    0.01804084
  ],
  "BANK": [
    0.03914889,
    0.03857095
  ],
  "NIL": [
    0.03724924,
    0.03621323
  ],
  "INIT": [
    0.08267,
    0.083923
  ],
  "RESOLV": [
    0.04160147,
    0.0400281
  ],
  "NEWT": [
    0.071255,
    0.071536
  ],
  "L3": [
    0.01131979,
    0.01087775
  ],
  "SONIC": [
    0.04105947,
    0.04049794
  ],
  "PAAL": [
    0.01573715,
    0.01564677
  ],
  "HONEY": [
    0.00252726,
    0.00243983
  ],
  "ROAM": [
    0.03945573,
    0.03979061
  ],
  "MUBARAK": [
    0.01218171,
    0.01188971
  ],
  "BOB": [
    0.00536918,
    0.00527892
  ],
  "AIN": [
    0.062478,
    0.061795
  ],
  "GRIFFAIN": [
    0.01096446,
    0.01111027
  ],
  "TLM": [
    0.00169646,
    0.00168385
  ],
  "IKA": [
    0.00335994,
    0.00334276
  ],
  "TAI": [
    0.017229,
    0.01689405
  ],
  "LAT": [
    0.00131107,
    0.00132349
  ],
  "HMSTR": [
    0.00014218,
    0.00014039
  ],
  "FUEL": [
    0.001119,
    0.00109781
  ],
  "COS": [
    0.00160741,
    0.00163594
  ],
  "NKN": [
    0.01056628,
    0.01008778
  ],
  "DUCK": [
    0.00105362,
    0.00105766
  ],
  "SWARMS": [
    0.00736988,
    0.0074034
  ],
  "NAVX": [
    0.00865009,
    0.00861152
  ],
  "AVL": [
    0.02578513,
    0.02572979
  ],
  "COQ": [
    1.01422e-7,
    9.92e-8
  ],
  "RDNT": [
    0.00504259,
    0.00491213
  ],
  "PIXEL": [
    0.0081019,
    0.00809902
  ],
  "HIPPO": [
    0.00058871,
    0.00056723
  ],
  "OBT": [
    0.00105738,
    0.00105856
  ],
  "FWOG": [
    0.00532013,
    0.00526039
  ],
  "RSS3": [
    0.00581139,
    0.00576109
  ],
  "FHE": [
    0.0191201,
    0.01981482
  ],
  "FORTH": [
    0.396008,
    0.425734
  ],
  "LYXE": [
    0.300961,
    0.297726
  ],
  "DMC": [
    0.0007558,
    0.00074576
  ],
  "SOLV": [
    0.00306959,
    0.00301971
  ],
  "PTB": [
    0.00178665,
    0.00178878
  ],
  "HOOK": [
    0.01134354,
    0.01184027
  ],
  "GEAR": [
    0.00033967,
    0.00033357
  ],
  "SAMO": [
    0.00046737,
    0.00046592
  ],
  "A2Z": [
    0.00032393,
    0.00030721
  ],
  "FIS": [
    0.01573448,
    0.0162249
  ],
  "PERP": [
    0.03232682,
    0.03240948
  ],
  "OAS": [
    0.00035922,
    0.00035929
  ],
  "CUDIS": [
    0.00756238,
    0.00751955
  ],
  "EPT": [
    0.00077682,
    0.0007869
  ],
  "FLM": [
    0.00280782,
    0.0027973
  ],
  "SAROS": [
    0.0005734,
    0.00056885
  ],
  "GORK": [
    0.00153274,
    0.00147097
  ],
  "DATA": [
    0.00111205,
    0.00111226
  ],
  "ACA": [
    0.00087136,
    0.00106543
  ],
  "INSP": [
    0.00133029,
    0.00131916
  ],
  "FOXY": [
    0.00013983,
    0.0001384
  ],
  "RFC": [
    0.00056307,
    0.00054993
  ],
  "SWTCH": [
    0.00254066,
    0.00257881
  ],
  "LOOKS": [
    0.00039844,
    0.000402
  ],
  "BDXN": [
    0.00250654,
    0.00244842
  ],
  "CHESS": [
    0.00160692,
    0.00160317
  ],
  "MOONPIG": [
    0.00032482,
    0.00032354
  ],
  "ROOT": [
    0.00006493,
    0.00006087
  ],
  "CHILLGUY": [
    0.0000663,
    0.00006593
  ],
  "APU": [
    0.00003521,
    0.00003431
  ],
  "HOLO": [
    0.00001439,
    0.00001439
  ],
  "GMMT": [
    0.00355338,
    0.003519
  ],
  "RATS": [
    0.00005153,
    0.00005263
  ],
  "ADB": [
    null,
    null
  ]
}