{
  "PUMP": [
    0.00181953,
    0.00182838
  ],
  "STABLE": [
    0.02646304,
    0.02631545
  ],
  "SIREN": [
    0.801674,
    0.78153
  ],
  "MON": [
    0.03542744,
    0.03582141
  ],
  "AERO": [
    0.390047,
    0.395612
  ],
  "LIT": [
    1.2,
    1.17
  ],
  "JASMY": [
    0.00530837,
    0.00530491
  ],
  "CVX": [
    1.77,
    1.78
  ],
  "BAT": [
    0.097157,
    0.097314
  ],
  "SKYAI": [
    0.125287,
    0.126284
  ],
  "COW": [
    0.226019,
    0.226591
  ],
  "ATH": [
    0.00586698,
    0.00585504
  ],
  "BANANAS31": [
    0.00994009,
    0.01000026
  ],
  "CHEEMS": [
    4.42819e-7,
    4.41337e-7
  ],
  "ONT": [
    0.085364,
    0.085427
  ],
  "TAG": [
    0.00062832,
    0.00071622
  ],
  "ARC": [
    0.073252,
    0.073483
  ],
  "CKB": [
    0.00147856,
    0.00148472
  ],
  "SAHARA": [
    0.02158318,
    0.02155057
  ],
  "NPC": [
    0.00781817,
    0.00776649
  ],
  "POLYX": [
    0.04895029,
    0.04921416
  ],
  "BAN": [
    0.058774,
    0.059265
  ],
  "CSPR": [
    0.00305334,
    0.00304099
  ],
  "IOTX": [
    0.00457464,
    0.00459665
  ],
  "MYX": [
    0.223858,
    0.224685
  ],
  "BEAT": [
    0.310226,
    0.304196
  ],
  "NOT": [
    0.00036522,
    0.00036898
  ],
  "MAGMA": [
    0.189709,
    0.18573
  ],
  "SNEK": [
    0.00044275,
    0.00044349
  ],
  "ISLM": [
    0.0126235,
    0.01268774
  ],
  "DEP": [
    0.00112559,
    0.00112928
  ],
  "REZ": [
    0.00368447,
    0.00366656
  ],
  "MERL": [
    0.02510971,
    0.02510033
  ],
  "NYM": [
    0.03509186,
    0.03509195
  ],
  "GUN": [
    0.01633668,
    0.01645089
  ],
  "DEGEN": [
    0.00074253,
    0.0007414
  ],
  "SPELL": [
    0.00015854,
    0.00015847
  ],
  "HUMA": [
    0.014826,
    0.01526968
  ],
  "NEIRO": [
    0.00005815,
    0.00005845
  ],
  "ALLO": [
    0.103704,
    0.103784
  ],
  "CPOOL": [
    0.02361027,
    0.02357893
  ],
  "SATS": [
    1.0899e-8,
    1.0935e-8
  ],
  "SLP": [
    0.00060164,
    0.00060986
  ],
  "CORN": [
    0.04139317,
    0.04087075
  ],
  "LRC": [
    0.01645736,
    0.01642787
  ],
  "BOB": [
    0.00683083,
    0.00687023
  ],
  "AURORA": [
    0.02695151,
    0.02706691
  ],
  "L3": [
    0.01202141,
    0.01206647
  ],
  "GRIFFAIN": [
    0.01730648,
    0.01703552
  ],
  "DSYNC": [
    0.01640258,
    0.01646708
  ],
  "DENT": [
    0.00016349,
    0.00016176
  ],
  "INIT": [
    0.082249,
    0.082651
  ],
  "BANK": [
    0.03405488,
    0.03515842
  ],
  "NEWT": [
    0.068367,
    0.069052
  ],
  "RESOLV": [
    0.03781954,
    0.03796514
  ],
  "NIL": [
    0.0337381,
    0.03425033
  ],
  "SWARMS": [
    0.01529647,
    0.01435661
  ],
  "SONIC": [
    0.03550716,
    0.03552735
  ],
  "DAO": [
    0.04978753,
    0.04940045
  ],
  "AIN": [
    0.060594,
    0.06493
  ],
  "MUBARAK": [
    0.01190322,
    0.01190349
  ],
  "PAAL": [
    0.01333764,
    0.0132491
  ],
  "IKA": [
    0.00380617,
    0.00376914
  ],
  "TLM": [
    0.00161194,
    0.00161835
  ],
  "HONEY": [
    0.00181919,
    0.00180384
  ],
  "TAI": [
    0.01753121,
    0.01748932
  ],
  "HMSTR": [
    0.00014568,
    0.00014575
  ],
  "LAT": [
    0.00134332,
    0.00136305
  ],
  "AVL": [
    0.03076194,
    0.02964451
  ],
  "COQ": [
    1.13579e-7,
    1.1471e-7
  ],
  "FUEL": [
    0.00096012,
    0.00095857
  ],
  "ROAM": [
    0.02172522,
    0.02106895
  ],
  "NAVX": [
    0.00876927,
    0.00874059
  ],
  "COS": [
    0.00119641,
    0.00120842
  ],
  "SOLV": [
    0.00416208,
    0.00417585
  ],
  "NKN": [
    0.00736164,
    0.00753185
  ],
  "OBT": [
    0.00105285,
    0.0010435
  ],
  "PIXEL": [
    0.00688726,
    0.00683245
  ],
  "RSS3": [
    0.00543579,
    0.00547648
  ],
  "FWOG": [
    0.0049614,
    0.00495819
  ],
  "DMC": [
    0.0007063,
    0.00070811
  ],
  "FHE": [
    0.01574474,
    0.01610768
  ],
  "LYXE": [
    0.246526,
    0.246526
  ],
  "RDNT": [
    0.00225653,
    0.00226608
  ],
  "FORTH": [
    0.269028,
    0.266834
  ],
  "GEAR": [
    0.00029862,
    0.00028782
  ],
  "HOOK": [
    0.00834102,
    0.00837616
  ],
  "OAS": [
    0.00036822,
    0.00036885
  ],
  "SAMO": [
    0.00041755,
    0.00041844
  ],
  "HIPPO": [
    0.00020538,
    0.00020564
  ],
  "PTB": [
    0.00098452,
    0.00098647
  ],
  "CUDIS": [
    0.00792665,
    0.00805898
  ],
  "PERP": [
    0.02842686,
    0.02842999
  ],
  "EPT": [
    0.00075971,
    0.00081188
  ],
  "FIS": [
    0.01188925,
    0.01182014
  ],
  "FLM": [
    0.0029828,
    0.00294427
  ],
  "GORK": [
    0.00165603,
    0.00167681
  ],
  "DATA": [
    0.00095417,
    0.00095822
  ],
  "SAROS": [
    0.0003827,
    0.00038426
  ],
  "INSP": [
    0.00112703,
    0.00112776
  ],
  "ACA": [
    0.00071906,
    0.00072103
  ],
  "DUCK": [
    0.00010991,
    0.00010813
  ],
  "A2Z": [
    0.00008825,
    0.000088
  ],
  "SWTCH": [
    0.00380517,
    0.00380539
  ],
  "FOXY": [
    0.00010632,
    0.00010166
  ],
  "RFC": [
    0.00055634,
    0.00055703
  ],
  "LOOKS": [
    0.00036385,
    0.00035637
  ],
  "MOONPIG": [
    0.000294,
    0.00029893
  ],
  "BDXN": [
    0.00182441,
    0.00181911
  ],
  "ROOT": [
    0.00005941,
    0.0000593
  ],
  "CHILLGUY": [
    0.0000735,
    0.0000735
  ],
  "APU": [
    0.00003618,
    0.0000366
  ],
  "CHESS": [
    0.00014563,
    0.00014548
  ],
  "HOLO": [
    0.00001254,
    0.00001254
  ],
  "RATS": [
    0.00003765,
    0.0000378
  ],
  "GMMT": [
    0.00387319,
    0.00388138
  ],
  "ADB": [
    null,
    null
  ]
}