{
  "PUMP": [
    0.00174928,
    0.00174786
  ],
  "STABLE": [
    0.03307066,
    0.03355692
  ],
  "SIREN": [
    0.681923,
    0.679606
  ],
  "AERO": [
    0.449236,
    0.450632
  ],
  "MON": [
    0.03098281,
    0.03080633
  ],
  "JASMY": [
    0.00580562,
    0.00587497
  ],
  "LIT": [
    0.934028,
    0.931898
  ],
  "SKYAI": [
    0.183554,
    0.182478
  ],
  "CVX": [
    1.78,
    1.78
  ],
  "BAT": [
    0.105661,
    0.105371
  ],
  "ATH": [
    0.00605068,
    0.00608625
  ],
  "CHEEMS": [
    5.80399e-7,
    5.73292e-7
  ],
  "COW": [
    0.190257,
    0.192044
  ],
  "BANANAS31": [
    0.00981401,
    0.00952059
  ],
  "BAN": [
    0.088859,
    0.08799
  ],
  "CKB": [
    0.00162923,
    0.00163313
  ],
  "SAHARA": [
    0.02417411,
    0.02400565
  ],
  "BEAT": [
    0.571772,
    0.539435
  ],
  "ONT": [
    0.074215,
    0.074104
  ],
  "TAG": [
    0.0006708,
    0.00067488
  ],
  "NPC": [
    0.00833965,
    0.00829014
  ],
  "ARC": [
    0.064961,
    0.064845
  ],
  "POLYX": [
    0.051063,
    0.051084
  ],
  "MYX": [
    0.252835,
    0.252992
  ],
  "CSPR": [
    0.00288721,
    0.00288835
  ],
  "MERL": [
    0.03751806,
    0.03681373
  ],
  "IOTX": [
    0.00480536,
    0.00483254
  ],
  "NOT": [
    0.00043063,
    0.00042794
  ],
  "HUMA": [
    0.02371466,
    0.02424741
  ],
  "NEIRO": [
    0.00009192,
    0.00009067
  ],
  "MAGMA": [
    0.201192,
    0.197585
  ],
  "SNEK": [
    0.00050308,
    0.00049991
  ],
  "REZ": [
    0.0040242,
    0.0040069
  ],
  "SATS": [
    1.4654e-8,
    1.4605e-8
  ],
  "DEP": [
    0.00111039,
    0.0011131
  ],
  "ISLM": [
    0.01186301,
    0.01182286
  ],
  "SPELL": [
    0.00016525,
    0.00016616
  ],
  "CPOOL": [
    0.02597729,
    0.02706061
  ],
  "ALLO": [
    0.116014,
    0.117065
  ],
  "GUN": [
    0.01519451,
    0.01507408
  ],
  "SLP": [
    0.00070734,
    0.00071369
  ],
  "DEGEN": [
    0.00066591,
    0.00066897
  ],
  "INIT": [
    0.090901,
    0.090965
  ],
  "NYM": [
    0.0294876,
    0.02950217
  ],
  "LRC": [
    0.01707122,
    0.01705795
  ],
  "CORN": [
    0.04002037,
    0.04003825
  ],
  "NIL": [
    0.04296295,
    0.04343164
  ],
  "AURORA": [
    0.02777823,
    0.0277753
  ],
  "SWARMS": [
    0.01895079,
    0.01860803
  ],
  "NEWT": [
    0.082591,
    0.082202
  ],
  "GRIFFAIN": [
    0.01748656,
    0.01773121
  ],
  "BOB": [
    0.00598118,
    0.00597532
  ],
  "L3": [
    0.01034605,
    0.01044461
  ],
  "BANK": [
    0.03426881,
    0.03430257
  ],
  "DSYNC": [
    0.01445187,
    0.01436601
  ],
  "SONIC": [
    0.03927187,
    0.03866901
  ],
  "MUBARAK": [
    0.01364487,
    0.01356486
  ],
  "TLM": [
    0.00189366,
    0.00188935
  ],
  "HONEY": [
    0.00205762,
    0.00206866
  ],
  "AIN": [
    0.064222,
    0.063918
  ],
  "PAAL": [
    0.01254443,
    0.01260516
  ],
  "IKA": [
    0.00373997,
    0.00374148
  ],
  "DAO": [
    0.04396118,
    0.04389754
  ],
  "RESOLV": [
    0.02789085,
    0.02752543
  ],
  "HMSTR": [
    0.00015824,
    0.00015736
  ],
  "COQ": [
    1.44932e-7,
    1.45379e-7
  ],
  "TAI": [
    0.01659921,
    0.0165862
  ],
  "LAT": [
    0.00133374,
    0.00133256
  ],
  "AVL": [
    0.02661596,
    0.0266558
  ],
  "FUEL": [
    0.00093472,
    0.00093767
  ],
  "NAVX": [
    0.00876353,
    0.0087572
  ],
  "NKN": [
    0.00837844,
    0.00855768
  ],
  "SOLV": [
    0.0042079,
    0.00425118
  ],
  "PIXEL": [
    0.00799764,
    0.00803544
  ],
  "COS": [
    0.00116475,
    0.00118324
  ],
  "OBT": [
    0.00104292,
    0.00104153
  ],
  "DENT": [
    0.00006118,
    0.00005936
  ],
  "ROAM": [
    0.0163322,
    0.01623244
  ],
  "RSS3": [
    0.0058172,
    0.00578145
  ],
  "FWOG": [
    0.0047046,
    0.00474714
  ],
  "DMC": [
    0.0007169,
    0.00070927
  ],
  "FHE": [
    0.01817876,
    0.0181672
  ],
  "OAS": [
    0.00059548,
    0.00058393
  ],
  "LYXE": [
    0.236133,
    0.236563
  ],
  "FORTH": [
    0.245141,
    0.247754
  ],
  "RDNT": [
    0.00188993,
    0.00188295
  ],
  "HOOK": [
    0.00838852,
    0.0084157
  ],
  "GEAR": [
    0.00022864,
    0.00022755
  ],
  "SAMO": [
    0.00038465,
    0.00038577
  ],
  "CUDIS": [
    0.00797804,
    0.00796957
  ],
  "PERP": [
    0.02635621,
    0.02624391
  ],
  "EPT": [
    0.00074655,
    0.00074122
  ],
  "PTB": [
    0.00082112,
    0.00082022
  ],
  "FIS": [
    0.01055101,
    0.01055778
  ],
  "HIPPO": [
    0.0001617,
    0.00016051
  ],
  "FLM": [
    0.00269664,
    0.0026926
  ],
  "GORK": [
    0.00153503,
    0.00153469
  ],
  "SAROS": [
    0.0005082,
    0.00050756
  ],
  "DATA": [
    0.00074788,
    0.00075371
  ],
  "INSP": [
    0.00110869,
    0.00109075
  ],
  "ACA": [
    0.00065508,
    0.00066529
  ],
  "FOXY": [
    0.00011899,
    0.00011901
  ],
  "A2Z": [
    0.00006882,
    0.0000696
  ],
  "RFC": [
    0.00059266,
    0.00060105
  ],
  "DUCK": [
    0.00007027,
    0.00006962
  ],
  "SWTCH": [
    0.00333344,
    0.00336214
  ],
  "LOOKS": [
    0.00035496,
    0.00035528
  ],
  "MOONPIG": [
    0.00030711,
    0.00030389
  ],
  "BDXN": [
    0.00162488,
    0.00162982
  ],
  "ROOT": [
    0.0000625,
    0.0000624
  ],
  "CHILLGUY": [
    0.00014159,
    0.00014201
  ],
  "APU": [
    0.00004441,
    0.00004449
  ],
  "CHESS": [
    0.0001629,
    0.00016297
  ],
  "HOLO": [
    0.00001224,
    0.00001224
  ],
  "GMMT": [
    0.00260106,
    0.00254559
  ],
  "RATS": [
    0.00003833,
    0.00003803
  ],
  "ADB": [
    null,
    null
  ]
}