{
  "PUMP": [
    0.0016575,
    0.00165208
  ],
  "STABLE": [
    0.02693504,
    0.02705783
  ],
  "MON": [
    0.02785119,
    0.02737827
  ],
  "AERO": [
    0.313167,
    0.314887
  ],
  "JASMY": [
    0.0052971,
    0.00528749
  ],
  "LIT": [
    0.97071,
    0.969063
  ],
  "SIREN": [
    0.22669,
    0.311771
  ],
  "CVX": [
    1.7,
    1.69
  ],
  "BAT": [
    0.09489,
    0.094849
  ],
  "BANANAS31": [
    0.01277925,
    0.01275805
  ],
  "ATH": [
    0.0066734,
    0.00668124
  ],
  "COW": [
    0.203288,
    0.20213
  ],
  "ONT": [
    0.10089,
    0.09767
  ],
  "CHEEMS": [
    4.03342e-7,
    4.08522e-7
  ],
  "TAG": [
    0.00071598,
    0.00071136
  ],
  "SAHARA": [
    0.02260874,
    0.02373381
  ],
  "CKB": [
    0.00148934,
    0.00147412
  ],
  "SKYAI": [
    0.062839,
    0.069204
  ],
  "POLYX": [
    0.053908,
    0.052645
  ],
  "NPC": [
    0.00719317,
    0.00719681
  ],
  "BAN": [
    0.056405,
    0.056829
  ],
  "ARC": [
    0.053641,
    0.054117
  ],
  "BEAT": [
    0.361224,
    0.351677
  ],
  "CSPR": [
    0.00293539,
    0.00292552
  ],
  "IOTX": [
    0.00452683,
    0.00449394
  ],
  "MYX": [
    0.210216,
    0.210065
  ],
  "NOT": [
    0.00035418,
    0.00035475
  ],
  "DEP": [
    0.00114079,
    0.00114213
  ],
  "ISLM": [
    0.01198135,
    0.01198667
  ],
  "SNEK": [
    0.00041282,
    0.00040893
  ],
  "REZ": [
    0.00346765,
    0.00346592
  ],
  "MERL": [
    0.0231157,
    0.02370692
  ],
  "NYM": [
    0.03421749,
    0.03411385
  ],
  "SPELL": [
    0.00015936,
    0.00015848
  ],
  "GUN": [
    0.01468251,
    0.01432932
  ],
  "DEGEN": [
    0.00066958,
    0.00066855
  ],
  "HUMA": [
    0.01392478,
    0.01384586
  ],
  "CORN": [
    0.04504548,
    0.04509254
  ],
  "NEIRO": [
    0.00005466,
    0.00005458
  ],
  "ALLO": [
    0.105272,
    0.104308
  ],
  "SATS": [
    1.0723e-8,
    1.0669e-8
  ],
  "CPOOL": [
    0.02289245,
    0.02274451
  ],
  "LRC": [
    0.01775181,
    0.01759381
  ],
  "MAGMA": [
    0.115191,
    0.113912
  ],
  "SLP": [
    0.00058184,
    0.0005826
  ],
  "AURORA": [
    0.02581666,
    0.02586792
  ],
  "DENT": [
    0.00017837,
    0.0001778
  ],
  "BOB": [
    0.0055816,
    0.00548727
  ],
  "RESOLV": [
    0.03898776,
    0.0390918
  ],
  "INIT": [
    0.081831,
    0.081404
  ],
  "NIL": [
    0.03373515,
    0.03354409
  ],
  "DSYNC": [
    0.01422722,
    0.01418805
  ],
  "DAO": [
    0.056629,
    0.056196
  ],
  "NEWT": [
    0.065405,
    0.065288
  ],
  "SONIC": [
    0.03693162,
    0.03673164
  ],
  "IKA": [
    0.00425775,
    0.00436312
  ],
  "L3": [
    0.00901922,
    0.00897669
  ],
  "GRIFFAIN": [
    0.01198368,
    0.01233574
  ],
  "BANK": [
    0.02830232,
    0.02876015
  ],
  "HONEY": [
    0.00207304,
    0.00209054
  ],
  "PAAL": [
    0.01290565,
    0.01291321
  ],
  "MUBARAK": [
    0.01108607,
    0.01096689
  ],
  "ROAM": [
    0.03085352,
    0.03143708
  ],
  "AIN": [
    0.057981,
    0.058326
  ],
  "TLM": [
    0.00159818,
    0.00159318
  ],
  "SWARMS": [
    0.00952827,
    0.01008562
  ],
  "TAI": [
    0.01615714,
    0.01617633
  ],
  "AVL": [
    0.03163375,
    0.03130995
  ],
  "LAT": [
    0.00130231,
    0.00130616
  ],
  "HMSTR": [
    0.00013811,
    0.00013731
  ],
  "NKN": [
    0.0096539,
    0.00972628
  ],
  "NAVX": [
    0.00875562,
    0.00875324
  ],
  "FUEL": [
    0.00091666,
    0.00091571
  ],
  "SOLV": [
    0.00433741,
    0.00440614
  ],
  "RSS3": [
    0.00734048,
    0.00713168
  ],
  "COQ": [
    9.3022e-8,
    9.3036e-8
  ],
  "COS": [
    0.00121491,
    0.00121737
  ],
  "OBT": [
    0.00103769,
    0.00103129
  ],
  "PIXEL": [
    0.0064787,
    0.00632659
  ],
  "HIPPO": [
    0.00044357,
    0.00046393
  ],
  "FWOG": [
    0.00471414,
    0.00471078
  ],
  "FHE": [
    0.01742685,
    0.01759035
  ],
  "DMC": [
    0.0007181,
    0.00071194
  ],
  "LYXE": [
    0.262017,
    0.262017
  ],
  "RDNT": [
    0.00253625,
    0.00255596
  ],
  "GEAR": [
    0.0002857,
    0.00028531
  ],
  "FORTH": [
    0.243182,
    0.244063
  ],
  "SAMO": [
    0.00043902,
    0.0004429
  ],
  "DUCK": [
    0.00036077,
    0.00032509
  ],
  "OAS": [
    0.00035372,
    0.00035432
  ],
  "HOOK": [
    0.00794922,
    0.00780457
  ],
  "FIS": [
    0.01279931,
    0.01295307
  ],
  "PERP": [
    0.0266688,
    0.02671201
  ],
  "CUDIS": [
    0.00770827,
    0.00773426
  ],
  "EPT": [
    0.00073865,
    0.00074189
  ],
  "FLM": [
    0.00283897,
    0.00285286
  ],
  "PTB": [
    0.00074297,
    0.00075443
  ],
  "GORK": [
    0.00130679,
    0.00130394
  ],
  "DATA": [
    0.00097755,
    0.00098235
  ],
  "SAROS": [
    0.00046759,
    0.00047301
  ],
  "ACA": [
    0.00080496,
    0.00087398
  ],
  "INSP": [
    0.00117092,
    0.00116482
  ],
  "A2Z": [
    0.00010457,
    0.00010362
  ],
  "SWTCH": [
    0.00369387,
    0.00360446
  ],
  "FOXY": [
    0.00008792,
    0.00008792
  ],
  "RFC": [
    0.00051147,
    0.00051219
  ],
  "LOOKS": [
    0.00039538,
    0.00038971
  ],
  "BDXN": [
    0.0019779,
    0.00199759
  ],
  "MOONPIG": [
    0.00028795,
    0.00028778
  ],
  "ROOT": [
    0.00006255,
    0.00006259
  ],
  "CHESS": [
    0.00039684,
    0.00041489
  ],
  "CHILLGUY": [
    0.00006718,
    0.00006718
  ],
  "APU": [
    0.00003003,
    0.00002994
  ],
  "HOLO": [
    0.00001458,
    0.00001458
  ],
  "RATS": [
    0.00003651,
    0.00003729
  ],
  "GMMT": [
    0.0040383,
    0.00403105
  ],
  "ADB": [
    null,
    null
  ]
}