{
  "STABLE": [
    0.03331277,
    0.03299813
  ],
  "PUMP": [
    0.00182472,
    0.00183077
  ],
  "SIREN": [
    0.698017,
    0.704537
  ],
  "AERO": [
    0.463883,
    0.465949
  ],
  "SKYAI": [
    0.374146,
    0.381401
  ],
  "MON": [
    0.0297628,
    0.02964687
  ],
  "JASMY": [
    0.00564669,
    0.00567299
  ],
  "LIT": [
    0.900894,
    0.921959
  ],
  "CVX": [
    1.73,
    1.74
  ],
  "BAT": [
    0.097018,
    0.097253
  ],
  "CHEEMS": [
    6.17724e-7,
    6.21721e-7
  ],
  "ATH": [
    0.00585744,
    0.0059013
  ],
  "COW": [
    0.187047,
    0.187753
  ],
  "BANANAS31": [
    0.00974031,
    0.00978597
  ],
  "TAG": [
    0.00077483,
    0.00076555
  ],
  "BEAT": [
    0.535469,
    0.559906
  ],
  "SAHARA": [
    0.02215922,
    0.02231604
  ],
  "CKB": [
    0.001484,
    0.00150043
  ],
  "BAN": [
    0.07298,
    0.072982
  ],
  "ARC": [
    0.073644,
    0.071201
  ],
  "ONT": [
    0.070971,
    0.071064
  ],
  "NPC": [
    0.00782222,
    0.00780916
  ],
  "POLYX": [
    0.04780476,
    0.04802336
  ],
  "MYX": [
    0.260713,
    0.263436
  ],
  "CSPR": [
    0.00281288,
    0.00282187
  ],
  "MAGMA": [
    0.252811,
    0.228254
  ],
  "IOTX": [
    0.004541,
    0.00455655
  ],
  "ISLM": [
    0.01175848,
    0.01179089
  ],
  "MERL": [
    0.03263159,
    0.03275668
  ],
  "NEIRO": [
    0.00009064,
    0.00009147
  ],
  "NOT": [
    0.00038338,
    0.00038694
  ],
  "HUMA": [
    0.02201512,
    0.02205883
  ],
  "REZ": [
    0.00435542,
    0.00439397
  ],
  "SNEK": [
    0.00046164,
    0.00046016
  ],
  "DEP": [
    0.00111362,
    0.00111154
  ],
  "SATS": [
    1.3748e-8,
    1.3867e-8
  ],
  "SPELL": [
    0.00016815,
    0.00016955
  ],
  "ALLO": [
    0.120976,
    0.120369
  ],
  "SLP": [
    0.00070014,
    0.00070424
  ],
  "CPOOL": [
    0.02574806,
    0.02551082
  ],
  "GUN": [
    0.01441168,
    0.01437389
  ],
  "SWARMS": [
    0.02560766,
    0.0254083
  ],
  "DEGEN": [
    0.00067502,
    0.00067639
  ],
  "CORN": [
    0.04033397,
    0.04021564
  ],
  "LRC": [
    0.01684799,
    0.0169343
  ],
  "L3": [
    0.01276923,
    0.01277574
  ],
  "AURORA": [
    0.02627063,
    0.02642031
  ],
  "NIL": [
    0.03959085,
    0.04145649
  ],
  "NYM": [
    0.02193635,
    0.02200039
  ],
  "INIT": [
    0.090279,
    0.091563
  ],
  "GRIFFAIN": [
    0.01758311,
    0.01757578
  ],
  "AIN": [
    0.091831,
    0.091068
  ],
  "NEWT": [
    0.073681,
    0.074192
  ],
  "BOB": [
    0.00535319,
    0.00540117
  ],
  "BANK": [
    0.0336488,
    0.03375898
  ],
  "MUBARAK": [
    0.01351509,
    0.01370409
  ],
  "SONIC": [
    0.03757306,
    0.03791842
  ],
  "DSYNC": [
    0.01326881,
    0.0133452
  ],
  "TLM": [
    0.00184556,
    0.0018579
  ],
  "PAAL": [
    0.01305074,
    0.01323434
  ],
  "RESOLV": [
    0.02910782,
    0.02936776
  ],
  "DAO": [
    0.0419965,
    0.04193849
  ],
  "HONEY": [
    0.00182399,
    0.00182906
  ],
  "IKA": [
    0.00335945,
    0.00339854
  ],
  "HMSTR": [
    0.00015397,
    0.0001558
  ],
  "COQ": [
    1.3624e-7,
    1.35337e-7
  ],
  "LAT": [
    0.0013353,
    0.0013375
  ],
  "TAI": [
    0.01511461,
    0.015274
  ],
  "RSS3": [
    0.00546113,
    0.00548899
  ],
  "AVL": [
    0.0263842,
    0.02669165
  ],
  "FUEL": [
    0.00091498,
    0.00091215
  ],
  "NAVX": [
    0.00871834,
    0.00876002
  ],
  "SOLV": [
    0.00462886,
    0.00470331
  ],
  "NKN": [
    0.00809896,
    0.00808195
  ],
  "PIXEL": [
    0.00814491,
    0.00818511
  ],
  "COS": [
    0.00115301,
    0.00116208
  ],
  "OBT": [
    0.001002,
    0.00100871
  ],
  "FHE": [
    0.01801914,
    0.01818982
  ],
  "DMC": [
    0.00068989,
    0.0006908
  ],
  "FWOG": [
    0.00452812,
    0.00451176
  ],
  "ROAM": [
    0.01167218,
    0.01178066
  ],
  "LYXE": [
    0.249772,
    0.249772
  ],
  "DENT": [
    0.00004023,
    0.00003989
  ],
  "GEAR": [
    0.00033154,
    0.00033208
  ],
  "OAS": [
    0.00048224,
    0.00048403
  ],
  "FORTH": [
    0.236362,
    0.240314
  ],
  "RDNT": [
    0.00180689,
    0.00181566
  ],
  "HOOK": [
    0.00804905,
    0.00804658
  ],
  "SAMO": [
    0.00036242,
    0.00036046
  ],
  "CUDIS": [
    0.00781383,
    0.00784483
  ],
  "SAROS": [
    0.00071151,
    0.00073482
  ],
  "PERP": [
    0.02551013,
    0.02560844
  ],
  "EPT": [
    0.00072674,
    0.0007297
  ],
  "HIPPO": [
    0.0001617,
    0.00016477
  ],
  "PTB": [
    0.00080003,
    0.00079496
  ],
  "FIS": [
    0.01049303,
    0.01050549
  ],
  "FLM": [
    0.00257693,
    0.00258643
  ],
  "GORK": [
    0.00141997,
    0.0014258
  ],
  "DATA": [
    0.00071685,
    0.00071973
  ],
  "A2Z": [
    0.00010197,
    0.00010526
  ],
  "INSP": [
    0.00094226,
    0.00093744
  ],
  "ACA": [
    0.00063356,
    0.0006365
  ],
  "FOXY": [
    0.00011601,
    0.00011688
  ],
  "DUCK": [
    0.00007169,
    0.00007255
  ],
  "RFC": [
    0.00063147,
    0.00057575
  ],
  "SWTCH": [
    0.003524,
    0.0034216
  ],
  "LOOKS": [
    0.00035722,
    0.000358
  ],
  "BDXN": [
    0.00169754,
    0.00170999
  ],
  "MOONPIG": [
    0.0002659,
    0.00026692
  ],
  "ROOT": [
    0.00005988,
    0.00006128
  ],
  "CHILLGUY": [
    0.00009093,
    0.00009143
  ],
  "CHESS": [
    0.00020597,
    0.00019869
  ],
  "APU": [
    0.00003975,
    0.00003962
  ],
  "HOLO": [
    0.00001187,
    0.00001193
  ],
  "GMMT": [
    0.00246944,
    0.00249829
  ],
  "RATS": [
    0.00003865,
    0.00003881
  ],
  "ADB": [
    null,
    null
  ]
}