{
  "STABLE": [
    0.03350048,
    0.03350712
  ],
  "PUMP": [
    0.00183606,
    0.00182675
  ],
  "SIREN": [
    0.693738,
    0.685814
  ],
  "SKYAI": [
    0.506742,
    0.505178
  ],
  "AERO": [
    0.453816,
    0.453088
  ],
  "MON": [
    0.03066639,
    0.03045015
  ],
  "JASMY": [
    0.0057282,
    0.00571327
  ],
  "LIT": [
    0.910406,
    0.909765
  ],
  "CVX": [
    1.76,
    1.75
  ],
  "BAT": [
    0.097924,
    0.098069
  ],
  "CHEEMS": [
    6.2803e-7,
    6.26388e-7
  ],
  "TAG": [
    0.00122991,
    0.00114024
  ],
  "ATH": [
    0.00587562,
    0.00586367
  ],
  "COW": [
    0.18632,
    0.185856
  ],
  "BANANAS31": [
    0.01013682,
    0.01016826
  ],
  "BEAT": [
    0.606375,
    0.590017
  ],
  "SAHARA": [
    0.02415095,
    0.02421669
  ],
  "BAN": [
    0.079727,
    0.077875
  ],
  "CKB": [
    0.00151278,
    0.00150955
  ],
  "ARC": [
    0.071905,
    0.071392
  ],
  "ONT": [
    0.071593,
    0.071324
  ],
  "NPC": [
    0.00787006,
    0.00783757
  ],
  "POLYX": [
    0.04821809,
    0.04807621
  ],
  "MYX": [
    0.253744,
    0.253122
  ],
  "CSPR": [
    0.00283961,
    0.00281534
  ],
  "MERL": [
    0.0357341,
    0.03552924
  ],
  "IOTX": [
    0.00458278,
    0.00458974
  ],
  "REZ": [
    0.0050342,
    0.00512698
  ],
  "MAGMA": [
    0.233109,
    0.227936
  ],
  "ISLM": [
    0.01174883,
    0.01174855
  ],
  "NEIRO": [
    0.00009779,
    0.00009684
  ],
  "NOT": [
    0.00040001,
    0.00039733
  ],
  "HUMA": [
    0.02244253,
    0.02248132
  ],
  "SNEK": [
    0.000465,
    0.00046504
  ],
  "SATS": [
    1.5673e-8,
    1.5409e-8
  ],
  "DEP": [
    0.00111213,
    0.00111514
  ],
  "SPELL": [
    0.00016751,
    0.00016724
  ],
  "ALLO": [
    0.121261,
    0.121529
  ],
  "SWARMS": [
    0.02664313,
    0.02645947
  ],
  "CPOOL": [
    0.02581694,
    0.02587683
  ],
  "SLP": [
    0.00070874,
    0.00070625
  ],
  "GUN": [
    0.01429627,
    0.01429053
  ],
  "DEGEN": [
    0.00066767,
    0.00066655
  ],
  "CORN": [
    0.04025299,
    0.04027472
  ],
  "LRC": [
    0.01699023,
    0.01696615
  ],
  "NIL": [
    0.0427161,
    0.04191047
  ],
  "AURORA": [
    0.02645737,
    0.0264771
  ],
  "L3": [
    0.01219886,
    0.01219966
  ],
  "AIN": [
    0.096148,
    0.097217
  ],
  "GRIFFAIN": [
    0.01768389,
    0.01763877
  ],
  "INIT": [
    0.088354,
    0.089149
  ],
  "NYM": [
    0.01993903,
    0.01995798
  ],
  "NEWT": [
    0.075931,
    0.075774
  ],
  "BOB": [
    0.00555146,
    0.00555871
  ],
  "BANK": [
    0.033391,
    0.03307526
  ],
  "MUBARAK": [
    0.0139552,
    0.01393218
  ],
  "SONIC": [
    0.03810729,
    0.03813525
  ],
  "DSYNC": [
    0.01317424,
    0.01323428
  ],
  "TLM": [
    0.001861,
    0.00185652
  ],
  "PAAL": [
    0.01310306,
    0.01310407
  ],
  "RSS3": [
    0.00769793,
    0.00741251
  ],
  "RESOLV": [
    0.02928593,
    0.02909661
  ],
  "HONEY": [
    0.00179719,
    0.00179713
  ],
  "DAO": [
    0.04120525,
    0.04126022
  ],
  "IKA": [
    0.00339123,
    0.00338737
  ],
  "HMSTR": [
    0.00015728,
    0.00015664
  ],
  "LAT": [
    0.00133524,
    0.00133318
  ],
  "COQ": [
    1.30397e-7,
    1.31068e-7
  ],
  "TAI": [
    0.01514461,
    0.01497714
  ],
  "AVL": [
    0.02655946,
    0.02727934
  ],
  "NAVX": [
    0.00882603,
    0.0088145
  ],
  "FUEL": [
    0.00089994,
    0.00090072
  ],
  "SOLV": [
    0.004518,
    0.00450934
  ],
  "NKN": [
    0.00802987,
    0.00799398
  ],
  "PIXEL": [
    0.00788501,
    0.00787299
  ],
  "COS": [
    0.00116535,
    0.0011629
  ],
  "FHE": [
    0.02308836,
    0.02276027
  ],
  "OBT": [
    0.00099191,
    0.00099884
  ],
  "DMC": [
    0.00069707,
    0.00069699
  ],
  "FWOG": [
    0.00451946,
    0.00451337
  ],
  "LYXE": [
    0.256066,
    0.256066
  ],
  "DENT": [
    0.00003974,
    0.00003993
  ],
  "ROAM": [
    0.0107504,
    0.01079786
  ],
  "OAS": [
    0.0005268,
    0.00052675
  ],
  "GEAR": [
    0.00032787,
    0.00032776
  ],
  "FORTH": [
    0.237767,
    0.236618
  ],
  "RDNT": [
    0.00180169,
    0.00181438
  ],
  "HOOK": [
    0.00800493,
    0.00816963
  ],
  "SAMO": [
    0.00035532,
    0.00035552
  ],
  "CUDIS": [
    0.00792906,
    0.00796674
  ],
  "PERP": [
    0.02537873,
    0.02534912
  ],
  "PTB": [
    0.00079042,
    0.00080509
  ],
  "EPT": [
    0.00072432,
    0.00071255
  ],
  "HIPPO": [
    0.00016563,
    0.00016464
  ],
  "FIS": [
    0.0101038,
    0.01018762
  ],
  "SAROS": [
    0.00061367,
    0.00060001
  ],
  "FLM": [
    0.00259214,
    0.00257856
  ],
  "GORK": [
    0.00139657,
    0.00140582
  ],
  "DATA": [
    0.00072996,
    0.00073307
  ],
  "A2Z": [
    0.0000949,
    0.000096
  ],
  "ACA": [
    0.00067016,
    0.00066911
  ],
  "INSP": [
    0.00092902,
    0.00093382
  ],
  "FOXY": [
    0.00011785,
    0.00011784
  ],
  "SWTCH": [
    0.00346701,
    0.00346393
  ],
  "DUCK": [
    0.00007083,
    0.00007137
  ],
  "RFC": [
    0.00056584,
    0.00056605
  ],
  "LOOKS": [
    0.00035991,
    0.00036004
  ],
  "BDXN": [
    0.00182009,
    0.00182845
  ],
  "MOONPIG": [
    0.00026941,
    0.00026558
  ],
  "ROOT": [
    0.00005926,
    0.00005916
  ],
  "CHILLGUY": [
    0.00009888,
    0.00009914
  ],
  "APU": [
    0.00004358,
    0.00004291
  ],
  "CHESS": [
    0.00019217,
    0.00019192
  ],
  "HOLO": [
    0.00001187,
    0.00001187
  ],
  "GMMT": [
    0.00250041,
    0.00249421
  ],
  "RATS": [
    0.00003951,
    0.00003953
  ],
  "ADB": [
    null,
    null
  ]
}