{
  "PUMP": [
    0.00168385,
    0.00161645
  ],
  "STABLE": [
    0.02776514,
    0.02958715
  ],
  "AERO": [
    0.325584,
    0.313999
  ],
  "JASMY": [
    0.00540916,
    0.00534281
  ],
  "MON": [
    0.023852,
    0.02352192
  ],
  "LIT": [
    0.889562,
    0.835509
  ],
  "SIREN": [
    0.255004,
    0.241866
  ],
  "CVX": [
    1.76,
    1.7
  ],
  "BAT": [
    0.099252,
    0.095518
  ],
  "BANANAS31": [
    0.0133072,
    0.01338746
  ],
  "ATH": [
    0.00710782,
    0.00683246
  ],
  "COW": [
    0.208654,
    0.201093
  ],
  "CHEEMS": [
    4.96351e-7,
    4.77411e-7
  ],
  "ONT": [
    0.112114,
    0.101374
  ],
  "TAG": [
    0.00075134,
    0.00070589
  ],
  "CKB": [
    0.0014624,
    0.00139709
  ],
  "SAHARA": [
    0.02263781,
    0.02147953
  ],
  "BAN": [
    0.054005,
    0.060058
  ],
  "SKYAI": [
    0.061143,
    0.059949
  ],
  "BEAT": [
    0.416976,
    0.430825
  ],
  "NPC": [
    0.00756607,
    0.00732012
  ],
  "ARC": [
    0.054777,
    0.058256
  ],
  "POLYX": [
    0.04581174,
    0.04457534
  ],
  "CSPR": [
    0.0031664,
    0.00309939
  ],
  "IOTX": [
    0.00454165,
    0.0043856
  ],
  "MYX": [
    0.221414,
    0.210306
  ],
  "NOT": [
    0.00036252,
    0.00035114
  ],
  "SNEK": [
    0.00046014,
    0.00044598
  ],
  "DEP": [
    0.00117945,
    0.0011491
  ],
  "ISLM": [
    0.01215988,
    0.01204197
  ],
  "NYM": [
    0.03411701,
    0.03419046
  ],
  "GUN": [
    0.01683834,
    0.01605918
  ],
  "MERL": [
    0.02361706,
    0.02299624
  ],
  "SPELL": [
    0.00016298,
    0.00015955
  ],
  "REZ": [
    0.00337534,
    0.00330405
  ],
  "DEGEN": [
    0.00068389,
    0.00066649
  ],
  "HUMA": [
    0.01420758,
    0.01374854
  ],
  "LRC": [
    0.0192195,
    0.01904593
  ],
  "NEIRO": [
    0.00005738,
    0.00005543
  ],
  "ALLO": [
    0.107218,
    0.105272
  ],
  "CORN": [
    0.04494083,
    0.04395265
  ],
  "BANK": [
    0.056538,
    0.053253
  ],
  "SATS": [
    1.0912e-8,
    1.0648e-8
  ],
  "SLP": [
    0.00060296,
    0.00058566
  ],
  "CPOOL": [
    0.02224802,
    0.02152009
  ],
  "MAGMA": [
    0.10333,
    0.106128
  ],
  "AURORA": [
    0.02684328,
    0.02656397
  ],
  "DENT": [
    0.00018248,
    0.00017554
  ],
  "RESOLV": [
    0.03886191,
    0.03865324
  ],
  "DAO": [
    0.059293,
    0.058417
  ],
  "BOB": [
    0.00522425,
    0.00513517
  ],
  "INIT": [
    0.078501,
    0.078209
  ],
  "DSYNC": [
    0.01479969,
    0.01438644
  ],
  "NIL": [
    0.03325627,
    0.03312199
  ],
  "NEWT": [
    0.068472,
    0.065994
  ],
  "SONIC": [
    0.0384508,
    0.0371235
  ],
  "ROAM": [
    0.03642158,
    0.03723145
  ],
  "L3": [
    0.00945295,
    0.0088958
  ],
  "PAAL": [
    0.01372784,
    0.01369884
  ],
  "IKA": [
    0.00394782,
    0.00387642
  ],
  "GRIFFAIN": [
    0.01127739,
    0.01154839
  ],
  "HONEY": [
    0.0020004,
    0.00197631
  ],
  "MUBARAK": [
    0.01159686,
    0.01120527
  ],
  "SWARMS": [
    0.01030249,
    0.01099134
  ],
  "AIN": [
    0.054184,
    0.057823
  ],
  "TLM": [
    0.00165693,
    0.00160419
  ],
  "LAT": [
    0.00130352,
    0.00130544
  ],
  "NKN": [
    0.01141496,
    0.01105211
  ],
  "TAI": [
    0.01567759,
    0.01497608
  ],
  "HMSTR": [
    0.00013659,
    0.00013375
  ],
  "AVL": [
    0.02713267,
    0.02605806
  ],
  "FUEL": [
    0.00092077,
    0.00092025
  ],
  "COS": [
    0.00141085,
    0.00135662
  ],
  "NAVX": [
    0.00920209,
    0.00850345
  ],
  "COQ": [
    9.6773e-8,
    9.4738e-8
  ],
  "PIXEL": [
    0.00796572,
    0.00779555
  ],
  "SOLV": [
    0.00389682,
    0.00396923
  ],
  "HIPPO": [
    0.00053716,
    0.00052709
  ],
  "OBT": [
    0.00101244,
    0.00098831
  ],
  "RSS3": [
    0.00557831,
    0.00533895
  ],
  "FWOG": [
    0.00499401,
    0.00477519
  ],
  "DMC": [
    0.00074706,
    0.00071576
  ],
  "LYXE": [
    0.277197,
    0.278467
  ],
  "FHE": [
    0.01809223,
    0.01736419
  ],
  "RDNT": [
    0.00338037,
    0.00307153
  ],
  "DUCK": [
    0.0004757,
    0.0004316
  ],
  "GEAR": [
    0.00029634,
    0.00028647
  ],
  "FORTH": [
    0.274458,
    0.260277
  ],
  "SAMO": [
    0.00042228,
    0.00041653
  ],
  "HOOK": [
    0.00851392,
    0.00809644
  ],
  "OAS": [
    0.00033983,
    0.00032966
  ],
  "FIS": [
    0.01372967,
    0.01369807
  ],
  "PERP": [
    0.02929477,
    0.02945008
  ],
  "CUDIS": [
    0.00800833,
    0.00774152
  ],
  "EPT": [
    0.00074822,
    0.00073511
  ],
  "FLM": [
    0.00284544,
    0.00274261
  ],
  "PTB": [
    0.00077253,
    0.00071847
  ],
  "SAROS": [
    0.00053038,
    0.00051717
  ],
  "GORK": [
    0.0013974,
    0.0013099
  ],
  "DATA": [
    0.00099328,
    0.00096862
  ],
  "INSP": [
    0.00145033,
    0.00143459
  ],
  "SWTCH": [
    0.00482945,
    0.00612068
  ],
  "ACA": [
    0.00075031,
    0.00068207
  ],
  "A2Z": [
    0.00008482,
    0.00008005
  ],
  "FOXY": [
    0.00009577,
    0.00009212
  ],
  "RFC": [
    0.0005465,
    0.00053983
  ],
  "LOOKS": [
    0.00041489,
    0.0004049
  ],
  "BDXN": [
    0.00191127,
    0.00187118
  ],
  "MOONPIG": [
    0.00029378,
    0.00028988
  ],
  "CHESS": [
    0.00128319,
    0.00113671
  ],
  "ROOT": [
    0.00006099,
    0.000057
  ],
  "CHILLGUY": [
    0.00006699,
    0.00006699
  ],
  "APU": [
    0.00003471,
    0.000032
  ],
  "HOLO": [
    0.00001342,
    0.000013
  ],
  "RATS": [
    0.00003755,
    0.00004109
  ],
  "GMMT": [
    0.00387635,
    0.00419048
  ],
  "ADB": [
    null,
    null
  ]
}