{
  "PUMP": [
    0.00190967,
    0.00192487
  ],
  "STABLE": [
    0.03664423,
    0.03597611
  ],
  "SIREN": [
    0.665135,
    0.687038
  ],
  "AERO": [
    0.46551,
    0.49542
  ],
  "MON": [
    0.0291561,
    0.02973883
  ],
  "JASMY": [
    0.00591774,
    0.00597384
  ],
  "LIT": [
    0.935346,
    0.921645
  ],
  "SKYAI": [
    0.208646,
    0.226704
  ],
  "CVX": [
    1.72,
    1.75
  ],
  "BAT": [
    0.100685,
    0.101325
  ],
  "CHEEMS": [
    6.0484e-7,
    6.07009e-7
  ],
  "ATH": [
    0.00590569,
    0.00598481
  ],
  "COW": [
    0.187476,
    0.189026
  ],
  "BANANAS31": [
    0.00938634,
    0.00944398
  ],
  "BEAT": [
    0.592372,
    0.575414
  ],
  "SAHARA": [
    0.02282506,
    0.02303226
  ],
  "CKB": [
    0.00150899,
    0.00151359
  ],
  "BAN": [
    0.075622,
    0.072608
  ],
  "ONT": [
    0.071977,
    0.071515
  ],
  "ARC": [
    0.066152,
    0.068661
  ],
  "TAG": [
    0.0005672,
    0.00060125
  ],
  "NPC": [
    0.00808241,
    0.00810681
  ],
  "POLYX": [
    0.04916821,
    0.04950049
  ],
  "MYX": [
    0.271168,
    0.271903
  ],
  "CSPR": [
    0.00292322,
    0.00290751
  ],
  "MERL": [
    0.03613114,
    0.03638104
  ],
  "IOTX": [
    0.00467994,
    0.00471094
  ],
  "ISLM": [
    0.01194772,
    0.01172146
  ],
  "NOT": [
    0.00040122,
    0.00040642
  ],
  "NEIRO": [
    0.0000885,
    0.00009001
  ],
  "MAGMA": [
    0.188569,
    0.192044
  ],
  "HUMA": [
    0.02127506,
    0.02094947
  ],
  "REZ": [
    0.00437927,
    0.00436516
  ],
  "SNEK": [
    0.00046072,
    0.00046662
  ],
  "DEP": [
    0.00111182,
    0.00111173
  ],
  "SPELL": [
    0.0001761,
    0.00017751
  ],
  "SATS": [
    1.4148e-8,
    1.4283e-8
  ],
  "SLP": [
    0.00071474,
    0.00072166
  ],
  "GUN": [
    0.01461508,
    0.01453631
  ],
  "DEGEN": [
    0.00067865,
    0.00068912
  ],
  "CPOOL": [
    0.02576714,
    0.02540227
  ],
  "ALLO": [
    0.11034,
    0.110688
  ],
  "LRC": [
    0.01824188,
    0.01779287
  ],
  "NYM": [
    0.02681457,
    0.02649825
  ],
  "CORN": [
    0.04046305,
    0.04046351
  ],
  "L3": [
    0.01145752,
    0.01439317
  ],
  "GRIFFAIN": [
    0.01927663,
    0.01932065
  ],
  "AURORA": [
    0.02663459,
    0.02665599
  ],
  "SWARMS": [
    0.02085839,
    0.01859954
  ],
  "NIL": [
    0.0390642,
    0.04065271
  ],
  "INIT": [
    0.093221,
    0.093679
  ],
  "NEWT": [
    0.07777,
    0.078338
  ],
  "AIN": [
    0.087449,
    0.088139
  ],
  "BOB": [
    0.00579588,
    0.00572163
  ],
  "BANK": [
    0.03408207,
    0.03447993
  ],
  "MUBARAK": [
    0.01449898,
    0.01427818
  ],
  "SONIC": [
    0.037625,
    0.03799062
  ],
  "DSYNC": [
    0.01315484,
    0.01310672
  ],
  "TLM": [
    0.00186689,
    0.0018976
  ],
  "PAAL": [
    0.01251128,
    0.01379709
  ],
  "RESOLV": [
    0.03000346,
    0.02968782
  ],
  "HONEY": [
    0.00188977,
    0.00195019
  ],
  "IKA": [
    0.00357172,
    0.00358713
  ],
  "DAO": [
    0.04199617,
    0.04155645
  ],
  "HMSTR": [
    0.00015327,
    0.00015406
  ],
  "COQ": [
    1.37558e-7,
    1.38481e-7
  ],
  "TAI": [
    0.0160567,
    0.01612215
  ],
  "LAT": [
    0.00132166,
    0.00133028
  ],
  "AVL": [
    0.0263795,
    0.02648226
  ],
  "FUEL": [
    0.00091865,
    0.0009201
  ],
  "NAVX": [
    0.0087568,
    0.00877471
  ],
  "NKN": [
    0.00810665,
    0.0082834
  ],
  "PIXEL": [
    0.00840562,
    0.00848958
  ],
  "SOLV": [
    0.00403226,
    0.0041056
  ],
  "COS": [
    0.00116704,
    0.00117332
  ],
  "OBT": [
    0.00099265,
    0.00099653
  ],
  "RSS3": [
    0.00559422,
    0.00556916
  ],
  "ROAM": [
    0.01434725,
    0.01452412
  ],
  "FHE": [
    0.01879589,
    0.01923018
  ],
  "DMC": [
    0.00073473,
    0.00073489
  ],
  "FWOG": [
    0.0047892,
    0.00483648
  ],
  "DENT": [
    0.00004325,
    0.00004239
  ],
  "LYXE": [
    0.245618,
    0.250979
  ],
  "OAS": [
    0.00051276,
    0.00051281
  ],
  "GEAR": [
    0.00026518,
    0.00028158
  ],
  "FORTH": [
    0.249797,
    0.246488
  ],
  "RDNT": [
    0.00187743,
    0.0018353
  ],
  "HOOK": [
    0.00819012,
    0.00808236
  ],
  "SAMO": [
    0.00036164,
    0.00036174
  ],
  "CUDIS": [
    0.0077203,
    0.00780137
  ],
  "PERP": [
    0.02528748,
    0.0252106
  ],
  "PTB": [
    0.00081787,
    0.00079828
  ],
  "EPT": [
    0.00070614,
    0.00070877
  ],
  "FIS": [
    0.01050483,
    0.01048141
  ],
  "HIPPO": [
    0.00016092,
    0.00016123
  ],
  "GORK": [
    0.00150342,
    0.00150518
  ],
  "FLM": [
    0.00261927,
    0.00263293
  ],
  "SAROS": [
    0.00046376,
    0.00046303
  ],
  "DATA": [
    0.00070661,
    0.00071194
  ],
  "INSP": [
    0.00099594,
    0.00097695
  ],
  "ACA": [
    0.00061959,
    0.00061281
  ],
  "FOXY": [
    0.00011596,
    0.00011615
  ],
  "A2Z": [
    0.00007138,
    0.00007039
  ],
  "RFC": [
    0.00060419,
    0.00060622
  ],
  "DUCK": [
    0.00007591,
    0.00007499
  ],
  "SWTCH": [
    0.00316542,
    0.00318129
  ],
  "LOOKS": [
    0.00038274,
    0.00037998
  ],
  "MOONPIG": [
    0.0002614,
    0.00026387
  ],
  "BDXN": [
    0.00154081,
    0.00153962
  ],
  "ROOT": [
    0.00006245,
    0.00006246
  ],
  "CHILLGUY": [
    0.000109,
    0.00011162
  ],
  "APU": [
    0.0000394,
    0.0000401
  ],
  "CHESS": [
    0.00016958,
    0.00016978
  ],
  "HOLO": [
    0.00001191,
    0.00001191
  ],
  "GMMT": [
    0.00245617,
    0.00247215
  ],
  "RATS": [
    0.00004038,
    0.00003905
  ],
  "ADB": [
    null,
    null
  ]
}