{
  "PUMP": [
    0.0017578,
    0.00175906
  ],
  "STABLE": [
    0.02611838,
    0.02546207
  ],
  "SIREN": [
    0.571301,
    0.568652
  ],
  "MON": [
    0.03109983,
    0.03059465
  ],
  "AERO": [
    0.33191,
    0.339984
  ],
  "JASMY": [
    0.00524014,
    0.00522268
  ],
  "LIT": [
    0.996638,
    0.981512
  ],
  "CVX": [
    1.77,
    1.76
  ],
  "BAT": [
    0.099311,
    0.098369
  ],
  "COW": [
    0.214177,
    0.21257
  ],
  "ATH": [
    0.00641448,
    0.00632589
  ],
  "BANANAS31": [
    0.0096694,
    0.00959947
  ],
  "CHEEMS": [
    4.29428e-7,
    4.17198e-7
  ],
  "SKYAI": [
    0.074162,
    0.072773
  ],
  "SAHARA": [
    0.02183018,
    0.02234177
  ],
  "CKB": [
    0.00145646,
    0.00144318
  ],
  "ONT": [
    0.076599,
    0.074597
  ],
  "TAG": [
    0.00058755,
    0.00057671
  ],
  "POLYX": [
    0.04927441,
    0.04949877
  ],
  "ARC": [
    0.060062,
    0.061095
  ],
  "NPC": [
    0.00721522,
    0.0072011
  ],
  "BAN": [
    0.055669,
    0.055488
  ],
  "CSPR": [
    0.00299233,
    0.0030854
  ],
  "MYX": [
    0.229102,
    0.231418
  ],
  "IOTX": [
    0.00463601,
    0.00458558
  ],
  "BEAT": [
    0.332933,
    0.297327
  ],
  "NOT": [
    0.00035056,
    0.00034841
  ],
  "SNEK": [
    0.00041816,
    0.00041718
  ],
  "DEP": [
    0.00114254,
    0.0011268
  ],
  "ISLM": [
    0.01217913,
    0.0119193
  ],
  "REZ": [
    0.0035702,
    0.00366925
  ],
  "GUN": [
    0.01737683,
    0.01724981
  ],
  "NYM": [
    0.03517571,
    0.03494393
  ],
  "MAGMA": [
    0.136887,
    0.146939
  ],
  "SPELL": [
    0.0001595,
    0.00015909
  ],
  "DEGEN": [
    0.00072744,
    0.00073125
  ],
  "MERL": [
    0.02271933,
    0.02246131
  ],
  "ALLO": [
    0.108814,
    0.110283
  ],
  "HUMA": [
    0.01409496,
    0.01423824
  ],
  "NEIRO": [
    0.00005727,
    0.00005684
  ],
  "CPOOL": [
    0.02343903,
    0.02449795
  ],
  "SATS": [
    1.0957e-8,
    1.0915e-8
  ],
  "LRC": [
    0.01709438,
    0.01750655
  ],
  "SLP": [
    0.0005934,
    0.00059144
  ],
  "L3": [
    0.0147153,
    0.01497613
  ],
  "BOB": [
    0.00718913,
    0.00689091
  ],
  "AURORA": [
    0.02768453,
    0.0277125
  ],
  "CORN": [
    0.0343708,
    0.03634757
  ],
  "RESOLV": [
    0.04069056,
    0.04057273
  ],
  "GRIFFAIN": [
    0.01659631,
    0.01567017
  ],
  "DENT": [
    0.00016156,
    0.0001625
  ],
  "SWARMS": [
    0.01589873,
    0.01538431
  ],
  "DSYNC": [
    0.01517066,
    0.01501565
  ],
  "INIT": [
    0.082402,
    0.07986
  ],
  "NIL": [
    0.03464893,
    0.03388522
  ],
  "NEWT": [
    0.067026,
    0.067131
  ],
  "BANK": [
    0.0321716,
    0.03263134
  ],
  "SONIC": [
    0.03597187,
    0.0361917
  ],
  "DAO": [
    0.051209,
    0.050507
  ],
  "PAAL": [
    0.01396966,
    0.01387097
  ],
  "IKA": [
    0.00416543,
    0.00407189
  ],
  "MUBARAK": [
    0.01165209,
    0.01150131
  ],
  "HONEY": [
    0.00192094,
    0.00190442
  ],
  "TLM": [
    0.00166357,
    0.00164478
  ],
  "AIN": [
    0.057713,
    0.057652
  ],
  "TAI": [
    0.01710468,
    0.01793044
  ],
  "LAT": [
    0.00137189,
    0.00136519
  ],
  "HMSTR": [
    0.00013961,
    0.00014091
  ],
  "ROAM": [
    0.02613148,
    0.02619651
  ],
  "AVL": [
    0.03005862,
    0.02920054
  ],
  "FUEL": [
    0.00093845,
    0.00095197
  ],
  "NAVX": [
    0.00874293,
    0.0087171
  ],
  "SOLV": [
    0.00468424,
    0.00469975
  ],
  "COQ": [
    9.619e-8,
    9.9301e-8
  ],
  "COS": [
    0.00124463,
    0.00126262
  ],
  "NKN": [
    0.00799921,
    0.00814435
  ],
  "OBT": [
    0.00104656,
    0.00104463
  ],
  "PIXEL": [
    0.0066889,
    0.00705567
  ],
  "RSS3": [
    0.00579675,
    0.00572638
  ],
  "FWOG": [
    0.0049723,
    0.00492338
  ],
  "FHE": [
    0.01870918,
    0.01868956
  ],
  "DMC": [
    0.0007152,
    0.00072054
  ],
  "LYXE": [
    0.246908,
    0.249795
  ],
  "GEAR": [
    0.00030048,
    0.00030997
  ],
  "RDNT": [
    0.00234656,
    0.00234831
  ],
  "FORTH": [
    0.266745,
    0.266998
  ],
  "SAMO": [
    0.00043153,
    0.00043031
  ],
  "HOOK": [
    0.00835065,
    0.00841278
  ],
  "PTB": [
    0.00112283,
    0.00111853
  ],
  "OAS": [
    0.0003605,
    0.00035553
  ],
  "PERP": [
    0.02792126,
    0.02959529
  ],
  "HIPPO": [
    0.00024105,
    0.00021212
  ],
  "FIS": [
    0.01231024,
    0.01253911
  ],
  "CUDIS": [
    0.00793116,
    0.00779685
  ],
  "EPT": [
    0.00075821,
    0.00074588
  ],
  "FLM": [
    0.0028817,
    0.0028912
  ],
  "GORK": [
    0.00148814,
    0.00159299
  ],
  "DATA": [
    0.00100478,
    0.00100299
  ],
  "DUCK": [
    0.00017787,
    0.00015123
  ],
  "SAROS": [
    0.00037553,
    0.00037745
  ],
  "INSP": [
    0.00107902,
    0.00107363
  ],
  "ACA": [
    0.00072092,
    0.00073485
  ],
  "A2Z": [
    0.00009179,
    0.00009229
  ],
  "SWTCH": [
    0.00340574,
    0.00338575
  ],
  "FOXY": [
    0.000093,
    0.00009313
  ],
  "RFC": [
    0.00056547,
    0.00056068
  ],
  "LOOKS": [
    0.00036323,
    0.00036009
  ],
  "MOONPIG": [
    0.000296,
    0.00029598
  ],
  "BDXN": [
    0.00180073,
    0.00180907
  ],
  "ROOT": [
    0.00006408,
    0.00006349
  ],
  "CHILLGUY": [
    0.00006822,
    0.00006822
  ],
  "APU": [
    0.00003302,
    0.00003393
  ],
  "CHESS": [
    0.00013564,
    0.00013284
  ],
  "HOLO": [
    0.00001253,
    0.00001244
  ],
  "GMMT": [
    0.00387815,
    0.00387545
  ],
  "RATS": [
    0.00003692,
    0.00003575
  ],
  "ADB": [
    null,
    null
  ]
}