{
  "STABLE": [
    0.03312649,
    0.03350181
  ],
  "PUMP": [
    0.00184887,
    0.00184262
  ],
  "SIREN": [
    0.816626,
    0.846574
  ],
  "SKYAI": [
    0.585734,
    0.58619
  ],
  "AERO": [
    0.454671,
    0.453699
  ],
  "MON": [
    0.03086341,
    0.03082046
  ],
  "JASMY": [
    0.00562977,
    0.00563989
  ],
  "LIT": [
    0.941851,
    0.949972
  ],
  "TAG": [
    0.00194852,
    0.00191083
  ],
  "CVX": [
    1.78,
    1.77
  ],
  "BAT": [
    0.10631,
    0.105731
  ],
  "CHEEMS": [
    6.29646e-7,
    6.33323e-7
  ],
  "ATH": [
    0.00597742,
    0.00626011
  ],
  "BANANAS31": [
    0.01102335,
    0.01109402
  ],
  "COW": [
    0.189845,
    0.189375
  ],
  "SAHARA": [
    0.02504613,
    0.02530935
  ],
  "BEAT": [
    0.582384,
    0.570529
  ],
  "BAN": [
    0.075422,
    0.075781
  ],
  "CKB": [
    0.00150873,
    0.00150177
  ],
  "ONT": [
    0.07103,
    0.071224
  ],
  "ARC": [
    0.067273,
    0.067336
  ],
  "NPC": [
    0.00777666,
    0.00772385
  ],
  "POLYX": [
    0.0480937,
    0.0481409
  ],
  "MERL": [
    0.04011199,
    0.04007372
  ],
  "MYX": [
    0.247707,
    0.241535
  ],
  "REZ": [
    0.00535206,
    0.00542929
  ],
  "CSPR": [
    0.00280968,
    0.00281035
  ],
  "IOTX": [
    0.00463103,
    0.00461428
  ],
  "MAGMA": [
    0.236496,
    0.226879
  ],
  "ISLM": [
    0.0117688,
    0.01175695
  ],
  "NOT": [
    0.00040994,
    0.00041823
  ],
  "NEIRO": [
    0.00009576,
    0.00009437
  ],
  "HUMA": [
    0.02168235,
    0.02189565
  ],
  "SNEK": [
    0.00046018,
    0.00046077
  ],
  "SATS": [
    1.501e-8,
    1.4998e-8
  ],
  "DEP": [
    0.00111201,
    0.00111383
  ],
  "ALLO": [
    0.130334,
    0.130915
  ],
  "SPELL": [
    0.0001691,
    0.0001684
  ],
  "SWARMS": [
    0.02629852,
    0.0288078
  ],
  "CPOOL": [
    0.0296227,
    0.02852161
  ],
  "GUN": [
    0.01455549,
    0.01474074
  ],
  "SLP": [
    0.00071228,
    0.00071212
  ],
  "DEGEN": [
    0.00068046,
    0.00067824
  ],
  "LRC": [
    0.01697252,
    0.0169978
  ],
  "CORN": [
    0.04019547,
    0.04023303
  ],
  "NIL": [
    0.04275415,
    0.04240318
  ],
  "AURORA": [
    0.02672462,
    0.02676888
  ],
  "GRIFFAIN": [
    0.01740003,
    0.01756139
  ],
  "INIT": [
    0.089373,
    0.089782
  ],
  "AIN": [
    0.09473,
    0.093279
  ],
  "L3": [
    0.01162667,
    0.01159781
  ],
  "BOB": [
    0.00553596,
    0.00565421
  ],
  "NYM": [
    0.01986991,
    0.01978448
  ],
  "MUBARAK": [
    0.01562398,
    0.016362
  ],
  "NEWT": [
    0.075165,
    0.074844
  ],
  "BANK": [
    0.0335389,
    0.03362725
  ],
  "SONIC": [
    0.03744328,
    0.03736584
  ],
  "DSYNC": [
    0.01285154,
    0.01276258
  ],
  "TLM": [
    0.00186763,
    0.00186987
  ],
  "PAAL": [
    0.01308996,
    0.01311381
  ],
  "RESOLV": [
    0.02863842,
    0.02890686
  ],
  "HONEY": [
    0.00183163,
    0.00183114
  ],
  "DAO": [
    0.04260643,
    0.04214516
  ],
  "IKA": [
    0.00338016,
    0.00343076
  ],
  "HMSTR": [
    0.00015892,
    0.00015854
  ],
  "RSS3": [
    0.00654141,
    0.00644593
  ],
  "LAT": [
    0.00134129,
    0.00134441
  ],
  "TAI": [
    0.0153935,
    0.01516934
  ],
  "COQ": [
    1.30536e-7,
    1.26918e-7
  ],
  "AVL": [
    0.02778269,
    0.02768322
  ],
  "NAVX": [
    0.00881434,
    0.00881292
  ],
  "FUEL": [
    0.00089747,
    0.00089126
  ],
  "SOLV": [
    0.00446441,
    0.00447667
  ],
  "NKN": [
    0.00803258,
    0.00809231
  ],
  "FWOG": [
    0.00647518,
    0.00639935
  ],
  "PIXEL": [
    0.00786249,
    0.00790832
  ],
  "COS": [
    0.00116751,
    0.00116909
  ],
  "OBT": [
    0.0009867,
    0.00098807
  ],
  "FHE": [
    0.0219306,
    0.02199116
  ],
  "DMC": [
    0.00071097,
    0.00071182
  ],
  "LYXE": [
    0.279158,
    0.278572
  ],
  "ROAM": [
    0.0116429,
    0.01143929
  ],
  "DENT": [
    0.00003965,
    0.0000398
  ],
  "OAS": [
    0.00057414,
    0.00056268
  ],
  "GEAR": [
    0.00032396,
    0.0003231
  ],
  "FORTH": [
    0.236307,
    0.233128
  ],
  "HOOK": [
    0.00819094,
    0.00797934
  ],
  "RDNT": [
    0.00178174,
    0.00177945
  ],
  "CUDIS": [
    0.00796715,
    0.00798898
  ],
  "SAMO": [
    0.00032605,
    0.00032218
  ],
  "PERP": [
    0.0252674,
    0.02519186
  ],
  "HIPPO": [
    0.00017162,
    0.00017522
  ],
  "PTB": [
    0.00081108,
    0.00082947
  ],
  "EPT": [
    0.00070929,
    0.00071062
  ],
  "FIS": [
    0.01016182,
    0.00999879
  ],
  "GORK": [
    0.00151776,
    0.0015098
  ],
  "FLM": [
    0.00269559,
    0.00262427
  ],
  "SAROS": [
    0.00056364,
    0.00056305
  ],
  "DATA": [
    0.00074005,
    0.00074056
  ],
  "INSP": [
    0.00094371,
    0.00094192
  ],
  "ACA": [
    0.00063841,
    0.00063869
  ],
  "FOXY": [
    0.00011713,
    0.00011801
  ],
  "A2Z": [
    0.00008369,
    0.00008305
  ],
  "RFC": [
    0.00056952,
    0.00056854
  ],
  "DUCK": [
    0.00007032,
    0.00007041
  ],
  "SWTCH": [
    0.00314009,
    0.0030909
  ],
  "LOOKS": [
    0.00035882,
    0.00035793
  ],
  "MOONPIG": [
    0.00027894,
    0.00027888
  ],
  "BDXN": [
    0.00158755,
    0.00163032
  ],
  "ROOT": [
    0.00005579,
    0.00005588
  ],
  "CHILLGUY": [
    0.00010556,
    0.00010519
  ],
  "APU": [
    0.00004406,
    0.00004437
  ],
  "CHESS": [
    0.00019831,
    0.00019838
  ],
  "HOLO": [
    0.00001187,
    0.00001187
  ],
  "RATS": [
    0.00003901,
    0.00003867
  ],
  "GMMT": [
    0.0038273,
    0.00376204
  ],
  "ADB": [
    null,
    null
  ]
}