{
  "STABLE": [
    0.03597611,
    0.0355893
  ],
  "PUMP": [
    0.00192487,
    0.00189555
  ],
  "SIREN": [
    0.687038,
    0.687054
  ],
  "AERO": [
    0.49542,
    0.479866
  ],
  "MON": [
    0.02973883,
    0.02937693
  ],
  "JASMY": [
    0.00597384,
    0.00590815
  ],
  "SKYAI": [
    0.226704,
    0.231743
  ],
  "LIT": [
    0.921645,
    0.908608
  ],
  "CVX": [
    1.75,
    1.74
  ],
  "BAT": [
    0.101325,
    0.101348
  ],
  "CHEEMS": [
    6.07009e-7,
    6.04387e-7
  ],
  "ATH": [
    0.00598481,
    0.0059448
  ],
  "COW": [
    0.189026,
    0.1904
  ],
  "BANANAS31": [
    0.00944398,
    0.00937111
  ],
  "BEAT": [
    0.575414,
    0.580759
  ],
  "SAHARA": [
    0.02303226,
    0.02284324
  ],
  "CKB": [
    0.00151359,
    0.00151051
  ],
  "BAN": [
    0.072608,
    0.071697
  ],
  "ONT": [
    0.071515,
    0.071739
  ],
  "ARC": [
    0.068661,
    0.070986
  ],
  "TAG": [
    0.00060125,
    0.00058883
  ],
  "NPC": [
    0.00810681,
    0.00790898
  ],
  "POLYX": [
    0.04950049,
    0.04901766
  ],
  "MYX": [
    0.271903,
    0.264192
  ],
  "CSPR": [
    0.00290751,
    0.00290972
  ],
  "MERL": [
    0.03638104,
    0.03605389
  ],
  "IOTX": [
    0.00471094,
    0.00465734
  ],
  "ISLM": [
    0.01172146,
    0.01173367
  ],
  "NOT": [
    0.00040642,
    0.00039823
  ],
  "NEIRO": [
    0.00009001,
    0.0000903
  ],
  "MAGMA": [
    0.192044,
    0.189437
  ],
  "HUMA": [
    0.02094947,
    0.02046965
  ],
  "REZ": [
    0.00436516,
    0.00429755
  ],
  "SNEK": [
    0.00046662,
    0.00046547
  ],
  "DEP": [
    0.00111173,
    0.00110917
  ],
  "SATS": [
    1.4283e-8,
    1.4251e-8
  ],
  "SPELL": [
    0.00017751,
    0.00017378
  ],
  "SLP": [
    0.00072166,
    0.00072093
  ],
  "GUN": [
    0.01453631,
    0.01469833
  ],
  "DEGEN": [
    0.00068912,
    0.00069005
  ],
  "ALLO": [
    0.110688,
    0.110737
  ],
  "CPOOL": [
    0.02540227,
    0.02500131
  ],
  "LRC": [
    0.01779287,
    0.01768145
  ],
  "NYM": [
    0.02649825,
    0.02627752
  ],
  "CORN": [
    0.04046351,
    0.04038762
  ],
  "SWARMS": [
    0.01859954,
    0.02012268
  ],
  "L3": [
    0.01439317,
    0.01345933
  ],
  "GRIFFAIN": [
    0.01932065,
    0.01890293
  ],
  "AURORA": [
    0.02665599,
    0.02668794
  ],
  "INIT": [
    0.093679,
    0.094745
  ],
  "NIL": [
    0.04065271,
    0.04082389
  ],
  "NEWT": [
    0.078338,
    0.077984
  ],
  "AIN": [
    0.088139,
    0.08813
  ],
  "BOB": [
    0.00572163,
    0.00572156
  ],
  "BANK": [
    0.03447993,
    0.0339153
  ],
  "MUBARAK": [
    0.01427818,
    0.01429408
  ],
  "SONIC": [
    0.03799062,
    0.0379493
  ],
  "DSYNC": [
    0.01310672,
    0.01340236
  ],
  "TLM": [
    0.0018976,
    0.00188505
  ],
  "PAAL": [
    0.01379709,
    0.0132758
  ],
  "RESOLV": [
    0.02968782,
    0.0298134
  ],
  "HONEY": [
    0.00195019,
    0.00192941
  ],
  "IKA": [
    0.00358713,
    0.00361741
  ],
  "DAO": [
    0.04155645,
    0.0414543
  ],
  "HMSTR": [
    0.00015406,
    0.00015403
  ],
  "COQ": [
    1.38481e-7,
    1.38455e-7
  ],
  "TAI": [
    0.01612215,
    0.01632644
  ],
  "LAT": [
    0.00133028,
    0.00133286
  ],
  "AVL": [
    0.02648226,
    0.02614439
  ],
  "FUEL": [
    0.0009201,
    0.00091944
  ],
  "NAVX": [
    0.00877471,
    0.00876637
  ],
  "PIXEL": [
    0.00848958,
    0.00841441
  ],
  "NKN": [
    0.0082834,
    0.00804468
  ],
  "SOLV": [
    0.0041056,
    0.0042329
  ],
  "COS": [
    0.00117332,
    0.00117189
  ],
  "OBT": [
    0.00099653,
    0.00100812
  ],
  "RSS3": [
    0.00556916,
    0.00560466
  ],
  "ROAM": [
    0.01452412,
    0.01395365
  ],
  "FHE": [
    0.01923018,
    0.01937329
  ],
  "DMC": [
    0.00073489,
    0.00073459
  ],
  "FWOG": [
    0.00483648,
    0.00487188
  ],
  "DENT": [
    0.00004239,
    0.00004153
  ],
  "LYXE": [
    0.250979,
    0.249767
  ],
  "OAS": [
    0.00051281,
    0.00051504
  ],
  "GEAR": [
    0.00028158,
    0.00030371
  ],
  "FORTH": [
    0.246488,
    0.245591
  ],
  "RDNT": [
    0.0018353,
    0.00184838
  ],
  "HOOK": [
    0.00808236,
    0.00805782
  ],
  "SAMO": [
    0.00036174,
    0.00036319
  ],
  "CUDIS": [
    0.00780137,
    0.00778142
  ],
  "PERP": [
    0.0252106,
    0.02537616
  ],
  "EPT": [
    0.00070877,
    0.00071953
  ],
  "PTB": [
    0.00079828,
    0.00079779
  ],
  "FIS": [
    0.01048141,
    0.0105759
  ],
  "HIPPO": [
    0.00016123,
    0.00016098
  ],
  "FLM": [
    0.00263293,
    0.00264727
  ],
  "GORK": [
    0.00150518,
    0.00150062
  ],
  "SAROS": [
    0.00046303,
    0.00046652
  ],
  "DATA": [
    0.00071194,
    0.00071303
  ],
  "INSP": [
    0.00097695,
    0.00097179
  ],
  "ACA": [
    0.00061281,
    0.00062566
  ],
  "FOXY": [
    0.00011615,
    0.00011598
  ],
  "RFC": [
    0.00060622,
    0.0006358
  ],
  "A2Z": [
    0.00007039,
    0.00007097
  ],
  "DUCK": [
    0.00007499,
    0.00007476
  ],
  "SWTCH": [
    0.00318129,
    0.00318995
  ],
  "LOOKS": [
    0.00037998,
    0.00038165
  ],
  "MOONPIG": [
    0.00026387,
    0.000262
  ],
  "BDXN": [
    0.00153962,
    0.00151734
  ],
  "ROOT": [
    0.00006246,
    0.00006087
  ],
  "CHILLGUY": [
    0.00011162,
    0.0001109
  ],
  "APU": [
    0.0000401,
    0.00003986
  ],
  "CHESS": [
    0.00016978,
    0.00016913
  ],
  "HOLO": [
    0.00001191,
    0.00001191
  ],
  "GMMT": [
    0.00247215,
    0.0024746
  ],
  "RATS": [
    0.00003905,
    0.00003819
  ],
  "ADB": [
    null,
    null
  ]
}