{
  "PUMP": [
    0.00186231,
    0.00196138
  ],
  "STABLE": [
    0.02623037,
    0.02642637
  ],
  "SIREN": [
    0.770998,
    0.760954
  ],
  "MON": [
    0.03630202,
    0.03632862
  ],
  "AERO": [
    0.396029,
    0.395927
  ],
  "LIT": [
    1.21,
    1.2
  ],
  "JASMY": [
    0.00534266,
    0.0054041
  ],
  "CVX": [
    1.79,
    1.84
  ],
  "BAT": [
    0.097891,
    0.099521
  ],
  "COW": [
    0.226209,
    0.229299
  ],
  "SKYAI": [
    0.114642,
    0.112279
  ],
  "ATH": [
    0.00594993,
    0.00608117
  ],
  "BANANAS31": [
    0.01001293,
    0.00997019
  ],
  "CHEEMS": [
    4.43074e-7,
    4.59001e-7
  ],
  "ONT": [
    0.085675,
    0.087075
  ],
  "TAG": [
    0.00074929,
    0.00073609
  ],
  "ARC": [
    0.074366,
    0.078121
  ],
  "CKB": [
    0.0014885,
    0.00149604
  ],
  "SAHARA": [
    0.02172026,
    0.02178318
  ],
  "NPC": [
    0.00782451,
    0.00809114
  ],
  "POLYX": [
    0.04958437,
    0.04991605
  ],
  "BAN": [
    0.059509,
    0.059041
  ],
  "CSPR": [
    0.00304909,
    0.00304319
  ],
  "IOTX": [
    0.00469184,
    0.00470643
  ],
  "MYX": [
    0.225773,
    0.227047
  ],
  "BEAT": [
    0.30276,
    0.30651
  ],
  "NOT": [
    0.00038555,
    0.00040634
  ],
  "SNEK": [
    0.00044293,
    0.00044799
  ],
  "ISLM": [
    0.01274814,
    0.01275131
  ],
  "MAGMA": [
    0.188989,
    0.171585
  ],
  "DEP": [
    0.00113004,
    0.00113039
  ],
  "REZ": [
    0.0036884,
    0.00377676
  ],
  "MERL": [
    0.02506326,
    0.02533314
  ],
  "NYM": [
    0.03507326,
    0.03513332
  ],
  "GUN": [
    0.01660373,
    0.01664183
  ],
  "DEGEN": [
    0.0007434,
    0.00075519
  ],
  "SPELL": [
    0.00015905,
    0.00016068
  ],
  "HUMA": [
    0.01537845,
    0.01525046
  ],
  "NEIRO": [
    0.00005933,
    0.00006041
  ],
  "ALLO": [
    0.103556,
    0.107353
  ],
  "SATS": [
    1.1078e-8,
    1.117e-8
  ],
  "CPOOL": [
    0.02361358,
    0.02379387
  ],
  "SLP": [
    0.00061621,
    0.00062161
  ],
  "CORN": [
    0.04031294,
    0.04053095
  ],
  "LRC": [
    0.01646277,
    0.01666107
  ],
  "BOB": [
    0.0069149,
    0.00710514
  ],
  "AURORA": [
    0.02702048,
    0.02703276
  ],
  "SWARMS": [
    0.01740992,
    0.01745273
  ],
  "GRIFFAIN": [
    0.01677219,
    0.01709953
  ],
  "L3": [
    0.01216226,
    0.01194387
  ],
  "DSYNC": [
    0.01643821,
    0.01678609
  ],
  "AIN": [
    0.070932,
    0.090782
  ],
  "DENT": [
    0.0001635,
    0.00016432
  ],
  "INIT": [
    0.082186,
    0.082652
  ],
  "BANK": [
    0.03440266,
    0.03535375
  ],
  "NEWT": [
    0.069178,
    0.069357
  ],
  "RESOLV": [
    0.03814865,
    0.03840639
  ],
  "NIL": [
    0.0344955,
    0.03457597
  ],
  "SONIC": [
    0.03586534,
    0.03635041
  ],
  "DAO": [
    0.04996137,
    0.050059
  ],
  "PAAL": [
    0.01334908,
    0.01361656
  ],
  "MUBARAK": [
    0.01212125,
    0.01215236
  ],
  "IKA": [
    0.00383414,
    0.00387603
  ],
  "TLM": [
    0.00162059,
    0.00164373
  ],
  "HONEY": [
    0.00179621,
    0.00179026
  ],
  "TAI": [
    0.01743661,
    0.01741102
  ],
  "HMSTR": [
    0.00014774,
    0.00014866
  ],
  "LAT": [
    0.00136381,
    0.00137209
  ],
  "AVL": [
    0.02955036,
    0.02973181
  ],
  "COQ": [
    1.17085e-7,
    1.18953e-7
  ],
  "NKN": [
    0.00760894,
    0.00937782
  ],
  "ROAM": [
    0.02176722,
    0.02214438
  ],
  "FUEL": [
    0.00095771,
    0.00095778
  ],
  "NAVX": [
    0.00877606,
    0.00886814
  ],
  "COS": [
    0.00120583,
    0.00121483
  ],
  "SOLV": [
    0.00413638,
    0.00414994
  ],
  "OBT": [
    0.00105391,
    0.0010601
  ],
  "PIXEL": [
    0.00702913,
    0.00699353
  ],
  "RSS3": [
    0.00560566,
    0.00563715
  ],
  "FWOG": [
    0.00484936,
    0.00491381
  ],
  "DMC": [
    0.00070718,
    0.00069801
  ],
  "FHE": [
    0.01596356,
    0.01600824
  ],
  "LYXE": [
    0.246526,
    0.246526
  ],
  "RDNT": [
    0.00225534,
    0.00228605
  ],
  "FORTH": [
    0.274997,
    0.273585
  ],
  "GEAR": [
    0.00029192,
    0.00028279
  ],
  "OAS": [
    0.00036835,
    0.00037044
  ],
  "HOOK": [
    0.00829864,
    0.00824035
  ],
  "SAMO": [
    0.00042008,
    0.00041863
  ],
  "HIPPO": [
    0.00020901,
    0.00020952
  ],
  "PERP": [
    0.02871504,
    0.02775106
  ],
  "CUDIS": [
    0.0080294,
    0.00806503
  ],
  "PTB": [
    0.00096115,
    0.00094849
  ],
  "FIS": [
    0.01191216,
    0.01217851
  ],
  "EPT": [
    0.00076574,
    0.00076698
  ],
  "FLM": [
    0.00293792,
    0.00295353
  ],
  "GORK": [
    0.00166934,
    0.0016789
  ],
  "DATA": [
    0.00096368,
    0.00096851
  ],
  "SAROS": [
    0.00038511,
    0.00038546
  ],
  "INSP": [
    0.00108662,
    0.00110435
  ],
  "ACA": [
    0.00071804,
    0.0007323
  ],
  "DUCK": [
    0.00010125,
    0.00010728
  ],
  "A2Z": [
    0.00008868,
    0.00008619
  ],
  "FOXY": [
    0.00010841,
    0.00010777
  ],
  "SWTCH": [
    0.00376757,
    0.00373373
  ],
  "RFC": [
    0.00055419,
    0.00055693
  ],
  "LOOKS": [
    0.00035516,
    0.00035527
  ],
  "MOONPIG": [
    0.00029984,
    0.00030502
  ],
  "BDXN": [
    0.00182584,
    0.00182728
  ],
  "ROOT": [
    0.0000593,
    0.00005931
  ],
  "CHILLGUY": [
    0.0000735,
    0.0000735
  ],
  "APU": [
    0.00003575,
    0.00003478
  ],
  "CHESS": [
    0.00014579,
    0.00014628
  ],
  "HOLO": [
    0.00001254,
    0.00001308
  ],
  "GMMT": [
    0.00389563,
    0.00388387
  ],
  "RATS": [
    0.00003802,
    0.00003769
  ],
  "ADB": [
    null,
    null
  ]
}