{
  "STABLE": [
    0.0334781,
    0.03322809
  ],
  "PUMP": [
    0.00180622,
    0.00180099
  ],
  "SIREN": [
    0.663423,
    0.685482
  ],
  "AERO": [
    0.458358,
    0.456069
  ],
  "SKYAI": [
    0.375323,
    0.384164
  ],
  "MON": [
    0.02934761,
    0.02896681
  ],
  "JASMY": [
    0.00565432,
    0.00562093
  ],
  "LIT": [
    0.898836,
    0.900779
  ],
  "CVX": [
    1.72,
    1.72
  ],
  "BAT": [
    0.09668,
    0.096407
  ],
  "CHEEMS": [
    6.15741e-7,
    6.16202e-7
  ],
  "ATH": [
    0.00582505,
    0.0057917
  ],
  "COW": [
    0.185797,
    0.184615
  ],
  "BANANAS31": [
    0.00971764,
    0.009663
  ],
  "TAG": [
    0.00072663,
    0.00070527
  ],
  "BEAT": [
    0.536124,
    0.540341
  ],
  "ARC": [
    0.074063,
    0.074097
  ],
  "BAN": [
    0.072724,
    0.072845
  ],
  "SAHARA": [
    0.02219802,
    0.02205477
  ],
  "CKB": [
    0.00148413,
    0.00147981
  ],
  "ONT": [
    0.070963,
    0.070533
  ],
  "NPC": [
    0.00775605,
    0.00777996
  ],
  "POLYX": [
    0.0476075,
    0.04758238
  ],
  "MAGMA": [
    0.260532,
    0.2645
  ],
  "MYX": [
    0.25817,
    0.262132
  ],
  "CSPR": [
    0.00281732,
    0.00281549
  ],
  "IOTX": [
    0.00446357,
    0.00448352
  ],
  "ISLM": [
    0.01164435,
    0.01175865
  ],
  "MERL": [
    0.03227008,
    0.03229495
  ],
  "HUMA": [
    0.02193086,
    0.0224486
  ],
  "NOT": [
    0.00038145,
    0.00038103
  ],
  "NEIRO": [
    0.0000904,
    0.00008945
  ],
  "REZ": [
    0.00431275,
    0.00435086
  ],
  "SNEK": [
    0.00046662,
    0.00046804
  ],
  "DEP": [
    0.00111116,
    0.0011127
  ],
  "SATS": [
    1.3812e-8,
    1.3762e-8
  ],
  "SPELL": [
    0.00016779,
    0.00016714
  ],
  "ALLO": [
    0.123749,
    0.121818
  ],
  "SWARMS": [
    0.02716104,
    0.02629185
  ],
  "GUN": [
    0.01436344,
    0.01438296
  ],
  "CPOOL": [
    0.02556436,
    0.0257117
  ],
  "SLP": [
    0.000695,
    0.00069727
  ],
  "DEGEN": [
    0.00067269,
    0.00066956
  ],
  "CORN": [
    0.04034878,
    0.04025471
  ],
  "LRC": [
    0.01666394,
    0.01667548
  ],
  "L3": [
    0.01242801,
    0.01270401
  ],
  "AURORA": [
    0.02619338,
    0.02624659
  ],
  "NYM": [
    0.02207643,
    0.02193041
  ],
  "GRIFFAIN": [
    0.0180832,
    0.01827168
  ],
  "INIT": [
    0.090574,
    0.090504
  ],
  "NIL": [
    0.03889195,
    0.03859483
  ],
  "AIN": [
    0.092813,
    0.092375
  ],
  "NEWT": [
    0.073434,
    0.07348
  ],
  "BOB": [
    0.00536018,
    0.00534686
  ],
  "BANK": [
    0.03365044,
    0.03363832
  ],
  "SONIC": [
    0.03743455,
    0.03741629
  ],
  "MUBARAK": [
    0.01363392,
    0.0134428
  ],
  "DSYNC": [
    0.01329024,
    0.01322746
  ],
  "TLM": [
    0.00181917,
    0.00183652
  ],
  "PAAL": [
    0.01322569,
    0.01321186
  ],
  "RESOLV": [
    0.02952835,
    0.02932531
  ],
  "HONEY": [
    0.00181635,
    0.00181777
  ],
  "DAO": [
    0.04137186,
    0.04092722
  ],
  "IKA": [
    0.00338308,
    0.00335934
  ],
  "HMSTR": [
    0.00015216,
    0.00015257
  ],
  "TAI": [
    0.01612976,
    0.0160866
  ],
  "COQ": [
    1.35049e-7,
    1.35608e-7
  ],
  "LAT": [
    0.00132724,
    0.00132573
  ],
  "RSS3": [
    0.00547526,
    0.00544633
  ],
  "AVL": [
    0.02611699,
    0.02633823
  ],
  "FUEL": [
    0.00091341,
    0.00091439
  ],
  "NAVX": [
    0.00869381,
    0.00868792
  ],
  "SOLV": [
    0.00457143,
    0.00458044
  ],
  "NKN": [
    0.00818795,
    0.00800192
  ],
  "PIXEL": [
    0.00802611,
    0.00809908
  ],
  "COS": [
    0.0011389,
    0.00114666
  ],
  "OBT": [
    0.00100127,
    0.00100054
  ],
  "DMC": [
    0.00068963,
    0.00068431
  ],
  "FHE": [
    0.01758423,
    0.01767349
  ],
  "FWOG": [
    0.00453457,
    0.00452298
  ],
  "ROAM": [
    0.01192369,
    0.01145534
  ],
  "DENT": [
    0.00004249,
    0.00004124
  ],
  "LYXE": [
    0.249772,
    0.249772
  ],
  "GEAR": [
    0.00032619,
    0.00032599
  ],
  "OAS": [
    0.00047741,
    0.00047858
  ],
  "FORTH": [
    0.236608,
    0.239604
  ],
  "RDNT": [
    0.00178572,
    0.00178577
  ],
  "HOOK": [
    0.00805258,
    0.00797802
  ],
  "SAMO": [
    0.00036074,
    0.00036128
  ],
  "CUDIS": [
    0.00784687,
    0.00786226
  ],
  "PERP": [
    0.02546412,
    0.02543364
  ],
  "EPT": [
    0.00072026,
    0.00071965
  ],
  "FIS": [
    0.01052023,
    0.01047937
  ],
  "PTB": [
    0.00077443,
    0.00078418
  ],
  "HIPPO": [
    0.0001625,
    0.00016069
  ],
  "SAROS": [
    0.00056171,
    0.00059923
  ],
  "FLM": [
    0.00257362,
    0.00254855
  ],
  "GORK": [
    0.00142655,
    0.00140959
  ],
  "DATA": [
    0.00070479,
    0.0007039
  ],
  "A2Z": [
    0.00009088,
    0.000103
  ],
  "INSP": [
    0.00096541,
    0.00097393
  ],
  "ACA": [
    0.00063276,
    0.00062889
  ],
  "FOXY": [
    0.00011598,
    0.00011598
  ],
  "RFC": [
    0.00062125,
    0.00061917
  ],
  "DUCK": [
    0.00007135,
    0.00007266
  ],
  "SWTCH": [
    0.00352353,
    0.00335586
  ],
  "LOOKS": [
    0.00035503,
    0.00035701
  ],
  "BDXN": [
    0.00167471,
    0.00164231
  ],
  "MOONPIG": [
    0.00026588,
    0.00026589
  ],
  "ROOT": [
    0.00006047,
    0.00006048
  ],
  "CHILLGUY": [
    0.00009015,
    0.00008994
  ],
  "CHESS": [
    0.00020637,
    0.00020638
  ],
  "APU": [
    0.00003966,
    0.00003933
  ],
  "HOLO": [
    0.00001191,
    0.0000118
  ],
  "GMMT": [
    0.00245392,
    0.00245082
  ],
  "RATS": [
    0.00003925,
    0.00003877
  ],
  "ADB": [
    null,
    null
  ]
}