{
  "AERO": [
    0.319064
  ],
  "JASMY": [
    0.00550799
  ],
  "MON": [
    0.02278188
  ],
  "LIT": [
    0.974229
  ],
  "BAT": [
    0.11291
  ],
  "CVX": [
    1.76
  ],
  "BANANAS31": [
    0.0135946
  ],
  "ATH": [
    0.00679798
  ],
  "COW": [
    0.200443
  ],
  "CHEEMS": [
    4.74156e-7
  ],
  "BEAT": [
    0.619216
  ],
  "CKB": [
    0.00142497
  ],
  "MYX": [
    0.326959
  ],
  "BAN": [
    0.057365
  ],
  "CSPR": [
    0.00357333
  ],
  "IOTX": [
    0.00540722
  ],
  "ARC": [
    0.04548092
  ],
  "GUN": [
    0.02268761
  ],
  "ISLM": [
    0.01387442
  ],
  "HUMA": [
    0.01907456
  ],
  "DEP": [
    0.00116081
  ],
  "MERL": [
    0.02634777
  ],
  "LRC": [
    0.02506244
  ],
  "MAGMA": [
    0.14151
  ],
  "DEGEN": [
    0.00070616
  ],
  "ALLO": [
    0.117918
  ],
  "CORN": [
    0.04324891
  ],
  "CPOOL": [
    0.02248108
  ],
  "AURORA": [
    0.02888525
  ],
  "DENT": [
    0.00019688
  ],
  "DSYNC": [
    0.01789289
  ],
  "INIT": [
    0.090647
  ],
  "BANK": [
    0.03870776
  ],
  "HONEY": [
    0.00251364
  ],
  "L3": [
    0.00953193
  ],
  "DAO": [
    0.050827
  ],
  "BOB": [
    0.00563115
  ],
  "MUBARAK": [
    0.01239746
  ],
  "AIN": [
    0.062282
  ],
  "IKA": [
    0.00341808
  ],
  "GRIFFAIN": [
    0.00998248
  ],
  "HMSTR": [
    0.0001443
  ],
  "LAT": [
    0.00132183
  ],
  "FUEL": [
    0.00110378
  ],
  "COS": [
    0.00148544
  ],
  "DUCK": [
    0.0010292
  ],
  "AVL": [
    0.02593593
  ],
  "NAVX": [
    0.00852953
  ],
  "COQ": [
    9.7486e-8
  ],
  "HIPPO": [
    0.00053774
  ],
  "FWOG": [
    0.00549501
  ],
  "FHE": [
    0.02047528
  ],
  "LYXE": [
    0.32133
  ],
  "DMC": [
    0.00078261
  ],
  "FORTH": [
    0.378171
  ],
  "HOOK": [
    0.01136528
  ],
  "GEAR": [
    0.00032558
  ],
  "A2Z": [
    0.00034686
  ],
  "FIS": [
    0.01489054
  ],
  "CUDIS": [
    0.00760086
  ],
  "EPT": [
    0.00081152
  ],
  "GORK": [
    0.001633
  ],
  "FLM": [
    0.00284895
  ],
  "DATA": [
    0.0009055
  ],
  "INSP": [
    0.00132859
  ],
  "FOXY": [
    0.0001688
  ],
  "ACA": [
    0.000808
  ],
  "BDXN": [
    0.00261458
  ],
  "LOOKS": [
    0.00041502
  ],
  "MOONPIG": [
    0.00033983
  ],
  "CHESS": [
    0.00155836
  ],
  "CHILLGUY": [
    0.00006385
  ],
  "APU": [
    0.00003627
  ],
  "HOLO": [
    0.000014
  ],
  "GMMT": [
    0.00350119
  ],
  "ADB": [
    null
  ]
}