{
  "SKYAI": [
    0.763898,
    0.776977
  ],
  "STABLE": [
    0.03385409,
    0.03377998
  ],
  "PUMP": [
    0.00183434,
    0.00182304
  ],
  "SIREN": [
    0.753209,
    0.757407
  ],
  "AERO": [
    0.453901,
    0.456445
  ],
  "MON": [
    0.03144752,
    0.03144459
  ],
  "JASMY": [
    0.00572911,
    0.00576474
  ],
  "LIT": [
    0.979973,
    0.969475
  ],
  "CVX": [
    1.79,
    1.79
  ],
  "BAT": [
    0.104586,
    0.103928
  ],
  "TAG": [
    0.00130867,
    0.00135056
  ],
  "CHEEMS": [
    6.36999e-7,
    6.39281e-7
  ],
  "ATH": [
    0.00618201,
    0.00619261
  ],
  "BANANAS31": [
    0.01156099,
    0.01154961
  ],
  "COW": [
    0.192011,
    0.189672
  ],
  "SAHARA": [
    0.0247974,
    0.02498745
  ],
  "BEAT": [
    0.562869,
    0.560286
  ],
  "BAN": [
    0.076296,
    0.076168
  ],
  "CKB": [
    0.00152438,
    0.0015184
  ],
  "ONT": [
    0.071207,
    0.071173
  ],
  "ARC": [
    0.069209,
    0.069641
  ],
  "POLYX": [
    0.04915051,
    0.04890332
  ],
  "NPC": [
    0.00758095,
    0.00757794
  ],
  "MERL": [
    0.04055987,
    0.04110358
  ],
  "NOT": [
    0.00048329,
    0.00049521
  ],
  "MYX": [
    0.253952,
    0.253148
  ],
  "REZ": [
    0.00531849,
    0.00535523
  ],
  "MAGMA": [
    0.23401,
    0.238414
  ],
  "CSPR": [
    0.00278813,
    0.00279306
  ],
  "IOTX": [
    0.00456092,
    0.00455874
  ],
  "NEIRO": [
    0.00010032,
    0.00010131
  ],
  "ISLM": [
    0.01142966,
    0.01140984
  ],
  "SNEK": [
    0.00050251,
    0.00051423
  ],
  "HUMA": [
    0.02235077,
    0.02203828
  ],
  "SATS": [
    1.4922e-8,
    1.5162e-8
  ],
  "DEP": [
    0.00111239,
    0.00111225
  ],
  "SPELL": [
    0.00016948,
    0.000169
  ],
  "SWARMS": [
    0.02713244,
    0.02870864
  ],
  "CPOOL": [
    0.0281396,
    0.0282366
  ],
  "GUN": [
    0.01463041,
    0.01458475
  ],
  "ALLO": [
    0.117561,
    0.116618
  ],
  "SLP": [
    0.00072071,
    0.00071938
  ],
  "DEGEN": [
    0.00070739,
    0.00070581
  ],
  "LRC": [
    0.01696052,
    0.01699504
  ],
  "CORN": [
    0.04031451,
    0.04030219
  ],
  "AURORA": [
    0.02710862,
    0.02702598
  ],
  "NYM": [
    0.02179663,
    0.02187903
  ],
  "NIL": [
    0.03990326,
    0.03990045
  ],
  "AIN": [
    0.09456,
    0.096377
  ],
  "INIT": [
    0.09064,
    0.090342
  ],
  "GRIFFAIN": [
    0.01729077,
    0.0172576
  ],
  "BOB": [
    0.00579372,
    0.00577602
  ],
  "L3": [
    0.01120408,
    0.01128013
  ],
  "MUBARAK": [
    0.01602168,
    0.0162308
  ],
  "NEWT": [
    0.075466,
    0.075576
  ],
  "BANK": [
    0.03326763,
    0.03317792
  ],
  "SONIC": [
    0.03769258,
    0.03760545
  ],
  "DSYNC": [
    0.01297255,
    0.01296643
  ],
  "RESOLV": [
    0.03224791,
    0.03269563
  ],
  "TLM": [
    0.00186332,
    0.0018684
  ],
  "PAAL": [
    0.01313346,
    0.0132146
  ],
  "HONEY": [
    0.00194097,
    0.00192205
  ],
  "HMSTR": [
    0.00016855,
    0.00017069
  ],
  "IKA": [
    0.00360569,
    0.00360513
  ],
  "RSS3": [
    0.00707836,
    0.0071026
  ],
  "DAO": [
    0.04167329,
    0.04120198
  ],
  "COQ": [
    1.41192e-7,
    1.39625e-7
  ],
  "LAT": [
    0.001332,
    0.00133223
  ],
  "TAI": [
    0.01509177,
    0.01509294
  ],
  "FHE": [
    0.03181831,
    0.03517283
  ],
  "AVL": [
    0.02750044,
    0.02736284
  ],
  "NAVX": [
    0.00893195,
    0.00894937
  ],
  "FUEL": [
    0.00089227,
    0.00088787
  ],
  "SOLV": [
    0.00436432,
    0.00435329
  ],
  "NKN": [
    0.00790237,
    0.00789607
  ],
  "PIXEL": [
    0.00794002,
    0.00800575
  ],
  "FWOG": [
    0.00605032,
    0.00599466
  ],
  "COS": [
    0.00113149,
    0.00112377
  ],
  "OBT": [
    0.00097969,
    0.00097583
  ],
  "DMC": [
    0.00082049,
    0.0008032
  ],
  "LYXE": [
    0.277955,
    0.277955
  ],
  "OAS": [
    0.0006826,
    0.00064085
  ],
  "ROAM": [
    0.01221079,
    0.01211615
  ],
  "DENT": [
    0.00003983,
    0.00003995
  ],
  "GEAR": [
    0.00030904,
    0.0003077
  ],
  "FORTH": [
    0.243796,
    0.240554
  ],
  "HOOK": [
    0.00789584,
    0.00810677
  ],
  "RDNT": [
    0.00179144,
    0.00179495
  ],
  "CUDIS": [
    0.00818475,
    0.00813451
  ],
  "SAMO": [
    0.0003455,
    0.00034629
  ],
  "HIPPO": [
    0.0002082,
    0.0001987
  ],
  "PERP": [
    0.02544462,
    0.02554207
  ],
  "SAROS": [
    0.00065252,
    0.00065294
  ],
  "FIS": [
    0.01089835,
    0.01101064
  ],
  "PTB": [
    0.00081058,
    0.00080537
  ],
  "EPT": [
    0.00072086,
    0.00071904
  ],
  "FLM": [
    0.00268203,
    0.00268517
  ],
  "GORK": [
    0.00146961,
    0.00146936
  ],
  "DATA": [
    0.00075743,
    0.00075748
  ],
  "INSP": [
    0.0009471,
    0.00095369
  ],
  "DUCK": [
    0.00010359,
    0.0000981
  ],
  "ACA": [
    0.00063848,
    0.00063857
  ],
  "A2Z": [
    0.00008449,
    0.00008418
  ],
  "FOXY": [
    0.00011865,
    0.00011785
  ],
  "SWTCH": [
    0.00385917,
    0.00382534
  ],
  "RFC": [
    0.00058417,
    0.00058164
  ],
  "LOOKS": [
    0.00036089,
    0.00035688
  ],
  "MOONPIG": [
    0.00030557,
    0.00030787
  ],
  "BDXN": [
    0.00178186,
    0.00174354
  ],
  "ROOT": [
    0.00005439,
    0.00005547
  ],
  "CHILLGUY": [
    0.00011052,
    0.00010971
  ],
  "APU": [
    0.00004293,
    0.00004287
  ],
  "CHESS": [
    0.00019343,
    0.00019397
  ],
  "HOLO": [
    0.00001224,
    0.0000122
  ],
  "GMMT": [
    0.00349509,
    0.00347245
  ],
  "RATS": [
    0.00003852,
    0.00003904
  ],
  "ADB": [
    null,
    null
  ]
}