{
  "STABLE": [
    0.0334498,
    0.03314898
  ],
  "PUMP": [
    0.0018231,
    0.00179824
  ],
  "SIREN": [
    0.682888,
    0.709828
  ],
  "SKYAI": [
    0.498433,
    0.468411
  ],
  "AERO": [
    0.454062,
    0.450741
  ],
  "MON": [
    0.03043471,
    0.03003388
  ],
  "JASMY": [
    0.00570463,
    0.00565481
  ],
  "LIT": [
    0.908532,
    0.905814
  ],
  "CVX": [
    1.75,
    1.74
  ],
  "BAT": [
    0.097994,
    0.097281
  ],
  "CHEEMS": [
    6.2677e-7,
    6.15968e-7
  ],
  "TAG": [
    0.0012402,
    0.00114013
  ],
  "ATH": [
    0.00587335,
    0.00580936
  ],
  "COW": [
    0.186131,
    0.184093
  ],
  "BANANAS31": [
    0.01023272,
    0.01017891
  ],
  "BEAT": [
    0.583016,
    0.586186
  ],
  "SAHARA": [
    0.02421394,
    0.02467732
  ],
  "BAN": [
    0.078169,
    0.078288
  ],
  "CKB": [
    0.00150943,
    0.00148518
  ],
  "ARC": [
    0.071601,
    0.071509
  ],
  "ONT": [
    0.071169,
    0.070561
  ],
  "NPC": [
    0.00782476,
    0.00783503
  ],
  "POLYX": [
    0.04806345,
    0.04763451
  ],
  "MYX": [
    0.253558,
    0.257686
  ],
  "CSPR": [
    0.00281191,
    0.00282934
  ],
  "MAGMA": [
    0.227625,
    0.23286
  ],
  "MERL": [
    0.03643983,
    0.03573362
  ],
  "IOTX": [
    0.00458542,
    0.00456541
  ],
  "REZ": [
    0.00515355,
    0.00502805
  ],
  "ISLM": [
    0.01174864,
    0.01174842
  ],
  "NEIRO": [
    0.00009621,
    0.00009425
  ],
  "NOT": [
    0.00039737,
    0.0003948
  ],
  "HUMA": [
    0.02234843,
    0.02260097
  ],
  "SNEK": [
    0.00046577,
    0.00046497
  ],
  "SATS": [
    1.5351e-8,
    1.5133e-8
  ],
  "DEP": [
    0.00111242,
    0.00111538
  ],
  "SPELL": [
    0.00016708,
    0.0001664
  ],
  "ALLO": [
    0.121636,
    0.121825
  ],
  "CPOOL": [
    0.02591304,
    0.02697628
  ],
  "SWARMS": [
    0.02630625,
    0.02627495
  ],
  "GUN": [
    0.01429266,
    0.01426496
  ],
  "SLP": [
    0.00070533,
    0.00070196
  ],
  "DEGEN": [
    0.00066743,
    0.00066421
  ],
  "CORN": [
    0.04025211,
    0.04021651
  ],
  "LRC": [
    0.0169721,
    0.01692589
  ],
  "AURORA": [
    0.02649719,
    0.02657653
  ],
  "NIL": [
    0.04207486,
    0.04145587
  ],
  "AIN": [
    0.097107,
    0.098075
  ],
  "L3": [
    0.01230547,
    0.0122469
  ],
  "GRIFFAIN": [
    0.01780515,
    0.01756227
  ],
  "INIT": [
    0.08865,
    0.087601
  ],
  "NYM": [
    0.01996206,
    0.01993786
  ],
  "BOB": [
    0.00554503,
    0.00557836
  ],
  "NEWT": [
    0.075713,
    0.075043
  ],
  "BANK": [
    0.03306237,
    0.03307989
  ],
  "MUBARAK": [
    0.01390916,
    0.01379784
  ],
  "RSS3": [
    0.00887062,
    0.00892066
  ],
  "SONIC": [
    0.03818336,
    0.03767323
  ],
  "DSYNC": [
    0.01319983,
    0.01304219
  ],
  "TLM": [
    0.00185848,
    0.00185423
  ],
  "PAAL": [
    0.01304485,
    0.01315081
  ],
  "RESOLV": [
    0.02907616,
    0.02911097
  ],
  "HONEY": [
    0.00180122,
    0.00180185
  ],
  "DAO": [
    0.04111544,
    0.04112424
  ],
  "IKA": [
    0.00339234,
    0.00338248
  ],
  "HMSTR": [
    0.00015599,
    0.00015527
  ],
  "LAT": [
    0.00133197,
    0.00133285
  ],
  "COQ": [
    1.303e-7,
    1.28968e-7
  ],
  "TAI": [
    0.0150179,
    0.01482317
  ],
  "AVL": [
    0.02716677,
    0.02694445
  ],
  "NAVX": [
    0.00883352,
    0.0088304
  ],
  "FUEL": [
    0.00090059,
    0.00090134
  ],
  "SOLV": [
    0.0044927,
    0.00443541
  ],
  "NKN": [
    0.00798481,
    0.00794895
  ],
  "PIXEL": [
    0.00785675,
    0.00786334
  ],
  "COS": [
    0.00116321,
    0.0011649
  ],
  "OBT": [
    0.00099205,
    0.0009893
  ],
  "FHE": [
    0.02297265,
    0.02269646
  ],
  "DMC": [
    0.00070093,
    0.00070373
  ],
  "FWOG": [
    0.00453048,
    0.00452816
  ],
  "LYXE": [
    0.256066,
    0.256066
  ],
  "OAS": [
    0.00054338,
    0.00057577
  ],
  "DENT": [
    0.00004044,
    0.00004017
  ],
  "ROAM": [
    0.01117018,
    0.01107548
  ],
  "GEAR": [
    0.00032687,
    0.00032438
  ],
  "FORTH": [
    0.23639,
    0.236231
  ],
  "HOOK": [
    0.0081122,
    0.00815165
  ],
  "RDNT": [
    0.0018109,
    0.00180166
  ],
  "SAMO": [
    0.00034548,
    0.00034575
  ],
  "CUDIS": [
    0.0079791,
    0.00792279
  ],
  "PERP": [
    0.02542201,
    0.02550044
  ],
  "EPT": [
    0.00071278,
    0.00071135
  ],
  "PTB": [
    0.00080523,
    0.00079219
  ],
  "HIPPO": [
    0.00016487,
    0.00016448
  ],
  "FIS": [
    0.01022388,
    0.01012879
  ],
  "SAROS": [
    0.00060874,
    0.00059158
  ],
  "FLM": [
    0.0025827,
    0.00258059
  ],
  "GORK": [
    0.00141535,
    0.00139415
  ],
  "DATA": [
    0.0007363,
    0.00073126
  ],
  "ACA": [
    0.00066905,
    0.00067754
  ],
  "A2Z": [
    0.00009587,
    0.00009294
  ],
  "INSP": [
    0.00091978,
    0.0009182
  ],
  "FOXY": [
    0.00011699,
    0.00011673
  ],
  "SWTCH": [
    0.00354798,
    0.00351962
  ],
  "DUCK": [
    0.00007112,
    0.00007184
  ],
  "RFC": [
    0.00056548,
    0.00056726
  ],
  "LOOKS": [
    0.00036004,
    0.00035906
  ],
  "BDXN": [
    0.00176088,
    0.00181962
  ],
  "MOONPIG": [
    0.0002659,
    0.00026793
  ],
  "ROOT": [
    0.00005776,
    0.00005707
  ],
  "CHILLGUY": [
    0.00009916,
    0.00009788
  ],
  "APU": [
    0.0000435,
    0.00004305
  ],
  "CHESS": [
    0.00019217,
    0.00019215
  ],
  "HOLO": [
    0.00001187,
    0.00001187
  ],
  "GMMT": [
    0.00250423,
    0.00252809
  ],
  "RATS": [
    0.00003918,
    0.00003885
  ],
  "ADB": [
    null,
    null
  ]
}