{
  "PUMP": [
    0.00180598,
    0.00179993
  ],
  "STABLE": [
    0.02774077,
    0.02915614
  ],
  "SIREN": [
    0.693338,
    0.699469
  ],
  "MON": [
    0.03292584,
    0.03231311
  ],
  "AERO": [
    0.408606,
    0.406577
  ],
  "JASMY": [
    0.00566482,
    0.00563275
  ],
  "LIT": [
    0.89985,
    0.900105
  ],
  "SKYAI": [
    0.178143,
    0.179333
  ],
  "CVX": [
    1.79,
    1.77
  ],
  "BAT": [
    0.100872,
    0.100045
  ],
  "CHEEMS": [
    5.82967e-7,
    5.7579e-7
  ],
  "ATH": [
    0.00585334,
    0.00583242
  ],
  "COW": [
    0.183586,
    0.182735
  ],
  "BANANAS31": [
    0.00928172,
    0.00929928
  ],
  "BEAT": [
    0.584973,
    0.57792
  ],
  "BAN": [
    0.081483,
    0.079968
  ],
  "ONT": [
    0.07513,
    0.076111
  ],
  "CKB": [
    0.00148174,
    0.00147948
  ],
  "TAG": [
    0.00065332,
    0.00064609
  ],
  "NPC": [
    0.00840806,
    0.00831235
  ],
  "SAHARA": [
    0.02146179,
    0.02126363
  ],
  "ARC": [
    0.067151,
    0.066461
  ],
  "POLYX": [
    0.04985063,
    0.04956212
  ],
  "CSPR": [
    0.00297957,
    0.00294944
  ],
  "MERL": [
    0.03781708,
    0.03746557
  ],
  "MYX": [
    0.236262,
    0.237181
  ],
  "IOTX": [
    0.00469761,
    0.00470214
  ],
  "HUMA": [
    0.02594183,
    0.02454593
  ],
  "NOT": [
    0.0003943,
    0.00039183
  ],
  "MAGMA": [
    0.191724,
    0.198815
  ],
  "SNEK": [
    0.00049826,
    0.00049702
  ],
  "NEIRO": [
    0.000089,
    0.00008796
  ],
  "ISLM": [
    0.01210191,
    0.01182665
  ],
  "DEP": [
    0.00111511,
    0.00111496
  ],
  "REZ": [
    0.00371489,
    0.00365746
  ],
  "SATS": [
    1.3844e-8,
    1.3816e-8
  ],
  "CPOOL": [
    0.02871767,
    0.02838356
  ],
  "DEGEN": [
    0.00076701,
    0.00076342
  ],
  "SPELL": [
    0.00016362,
    0.00016264
  ],
  "GUN": [
    0.01540854,
    0.01596007
  ],
  "NYM": [
    0.03135453,
    0.03149651
  ],
  "ALLO": [
    0.113731,
    0.113082
  ],
  "SLP": [
    0.00065496,
    0.00065411
  ],
  "CORN": [
    0.04069079,
    0.04045654
  ],
  "LRC": [
    0.01703929,
    0.01694897
  ],
  "AURORA": [
    0.02783769,
    0.02780356
  ],
  "BOB": [
    0.0065664,
    0.00654879
  ],
  "SWARMS": [
    0.01887846,
    0.01849936
  ],
  "NIL": [
    0.03970855,
    0.03936647
  ],
  "NEWT": [
    0.076246,
    0.076152
  ],
  "GRIFFAIN": [
    0.01647611,
    0.01633265
  ],
  "INIT": [
    0.085155,
    0.084628
  ],
  "BANK": [
    0.03728497,
    0.03689619
  ],
  "L3": [
    0.01042297,
    0.01030122
  ],
  "DSYNC": [
    0.01416151,
    0.01404748
  ],
  "MUBARAK": [
    0.01338494,
    0.01334079
  ],
  "SONIC": [
    0.03543109,
    0.03513293
  ],
  "HONEY": [
    0.00212971,
    0.00215533
  ],
  "RESOLV": [
    0.02910858,
    0.02949793
  ],
  "PAAL": [
    0.01290718,
    0.01269931
  ],
  "TLM": [
    0.00175048,
    0.00173948
  ],
  "DAO": [
    0.04459084,
    0.04472495
  ],
  "AIN": [
    0.058511,
    0.058019
  ],
  "IKA": [
    0.00357331,
    0.00357135
  ],
  "COQ": [
    1.4859e-7,
    1.49129e-7
  ],
  "HMSTR": [
    0.00015313,
    0.00015248
  ],
  "TAI": [
    0.01629717,
    0.01634564
  ],
  "LAT": [
    0.00133498,
    0.00132982
  ],
  "DENT": [
    0.00008731,
    0.00008776
  ],
  "AVL": [
    0.02590407,
    0.02636576
  ],
  "FUEL": [
    0.00094335,
    0.00093386
  ],
  "NKN": [
    0.00827493,
    0.00875974
  ],
  "NAVX": [
    0.00856527,
    0.0086487
  ],
  "ROAM": [
    0.01950759,
    0.01852077
  ],
  "COS": [
    0.00116638,
    0.00116172
  ],
  "PIXEL": [
    0.00756771,
    0.0074194
  ],
  "OBT": [
    0.00102251,
    0.00101652
  ],
  "SOLV": [
    0.00370902,
    0.00373388
  ],
  "RSS3": [
    0.00561405,
    0.00563751
  ],
  "FWOG": [
    0.00449404,
    0.00448566
  ],
  "DMC": [
    0.0006991,
    0.00070949
  ],
  "OAS": [
    0.00065683,
    0.00065803
  ],
  "FHE": [
    0.01726076,
    0.01724065
  ],
  "LYXE": [
    0.231924,
    0.231924
  ],
  "FORTH": [
    0.232923,
    0.2348
  ],
  "RDNT": [
    0.00194096,
    0.00193939
  ],
  "GEAR": [
    0.00025192,
    0.00024865
  ],
  "HOOK": [
    0.00838354,
    0.00841024
  ],
  "SAMO": [
    0.00039504,
    0.00039285
  ],
  "CUDIS": [
    0.00803968,
    0.00804541
  ],
  "PERP": [
    0.02609925,
    0.02613618
  ],
  "PTB": [
    0.00084379,
    0.00082831
  ],
  "EPT": [
    0.00073528,
    0.00073542
  ],
  "FIS": [
    0.01056905,
    0.01052395
  ],
  "GORK": [
    0.00163787,
    0.00160572
  ],
  "HIPPO": [
    0.00016068,
    0.00016113
  ],
  "FLM": [
    0.00269134,
    0.00270422
  ],
  "SAROS": [
    0.00058228,
    0.00057781
  ],
  "DATA": [
    0.00087524,
    0.00086999
  ],
  "INSP": [
    0.00136437,
    0.00140707
  ],
  "ACA": [
    0.00069613,
    0.00068361
  ],
  "FOXY": [
    0.00011987,
    0.00011908
  ],
  "A2Z": [
    0.00007282,
    0.00007395
  ],
  "DUCK": [
    0.00007586,
    0.00007618
  ],
  "RFC": [
    0.00057861,
    0.00057002
  ],
  "SWTCH": [
    0.00331333,
    0.0032608
  ],
  "LOOKS": [
    0.00037693,
    0.00039194
  ],
  "BDXN": [
    0.00189167,
    0.00189258
  ],
  "MOONPIG": [
    0.00029896,
    0.00029489
  ],
  "ROOT": [
    0.00006031,
    0.00006041
  ],
  "CHILLGUY": [
    0.00016512,
    0.00015595
  ],
  "APU": [
    0.00005167,
    0.00004859
  ],
  "CHESS": [
    0.00013611,
    0.00013656
  ],
  "HOLO": [
    0.00001235,
    0.00001231
  ],
  "GMMT": [
    0.00279662,
    0.00277966
  ],
  "RATS": [
    0.00003654,
    0.00003632
  ],
  "ADB": [
    null,
    null
  ]
}