{
  "STABLE": [
    0.03342137,
    0.03324212
  ],
  "PUMP": [
    0.00180086,
    0.00180161
  ],
  "SIREN": [
    0.691274,
    0.697672
  ],
  "AERO": [
    0.443409,
    0.444038
  ],
  "MON": [
    0.03000695,
    0.02974181
  ],
  "SKYAI": [
    0.378347,
    0.345038
  ],
  "JASMY": [
    0.00562556,
    0.0056183
  ],
  "LIT": [
    0.921113,
    0.923428
  ],
  "CVX": [
    1.75,
    1.75
  ],
  "BAT": [
    0.097365,
    0.097351
  ],
  "CHEEMS": [
    6.12528e-7,
    6.25091e-7
  ],
  "TAG": [
    0.00110078,
    0.00116021
  ],
  "ATH": [
    0.00583841,
    0.00581216
  ],
  "COW": [
    0.185215,
    0.187418
  ],
  "BANANAS31": [
    0.01051613,
    0.01027773
  ],
  "BEAT": [
    0.594312,
    0.597327
  ],
  "SAHARA": [
    0.02442446,
    0.02418326
  ],
  "BAN": [
    0.076803,
    0.077577
  ],
  "ARC": [
    0.069716,
    0.073074
  ],
  "CKB": [
    0.00148043,
    0.00148299
  ],
  "ONT": [
    0.069434,
    0.069367
  ],
  "NPC": [
    0.00769549,
    0.00768289
  ],
  "POLYX": [
    0.04761187,
    0.047583
  ],
  "MAGMA": [
    0.255417,
    0.262779
  ],
  "MYX": [
    0.253038,
    0.25227
  ],
  "CSPR": [
    0.00280405,
    0.00279095
  ],
  "MERL": [
    0.03703197,
    0.03590543
  ],
  "REZ": [
    0.00508058,
    0.00508058
  ],
  "IOTX": [
    0.00454809,
    0.00453825
  ],
  "ISLM": [
    0.01174912,
    0.01176827
  ],
  "NEIRO": [
    0.00009553,
    0.00009605
  ],
  "NOT": [
    0.00039044,
    0.00039416
  ],
  "HUMA": [
    0.0221652,
    0.02206742
  ],
  "SNEK": [
    0.0004617,
    0.00046171
  ],
  "CPOOL": [
    0.0345758,
    0.03374952
  ],
  "DEP": [
    0.00111228,
    0.0011132
  ],
  "SATS": [
    1.4732e-8,
    1.4577e-8
  ],
  "SPELL": [
    0.00016634,
    0.00016624
  ],
  "ALLO": [
    0.122504,
    0.123393
  ],
  "SWARMS": [
    0.02648473,
    0.02650499
  ],
  "GUN": [
    0.01433041,
    0.01436376
  ],
  "SLP": [
    0.00070262,
    0.00070288
  ],
  "DEGEN": [
    0.00066027,
    0.00066238
  ],
  "LRC": [
    0.0169792,
    0.01712822
  ],
  "CORN": [
    0.04030448,
    0.04034726
  ],
  "NIL": [
    0.04207303,
    0.04298506
  ],
  "AURORA": [
    0.02653015,
    0.02656239
  ],
  "AIN": [
    0.097677,
    0.099288
  ],
  "L3": [
    0.01202527,
    0.01203466
  ],
  "INIT": [
    0.088888,
    0.089454
  ],
  "GRIFFAIN": [
    0.01716454,
    0.01726826
  ],
  "NYM": [
    0.01973024,
    0.01967107
  ],
  "NEWT": [
    0.075719,
    0.075704
  ],
  "BOB": [
    0.00557515,
    0.00555522
  ],
  "MUBARAK": [
    0.01430174,
    0.0145588
  ],
  "BANK": [
    0.03339845,
    0.03338944
  ],
  "SONIC": [
    0.03765103,
    0.03749073
  ],
  "DSYNC": [
    0.0130815,
    0.01308957
  ],
  "TLM": [
    0.0018588,
    0.00185628
  ],
  "PAAL": [
    0.01285566,
    0.01291725
  ],
  "RSS3": [
    0.00788777,
    0.00755049
  ],
  "RESOLV": [
    0.02886966,
    0.02875496
  ],
  "HONEY": [
    0.00181072,
    0.00181381
  ],
  "DAO": [
    0.041597,
    0.04134009
  ],
  "IKA": [
    0.00336285,
    0.00335429
  ],
  "HMSTR": [
    0.0001552,
    0.00015631
  ],
  "LAT": [
    0.00132502,
    0.00132598
  ],
  "TAI": [
    0.0150774,
    0.01500162
  ],
  "COQ": [
    1.25488e-7,
    1.26454e-7
  ],
  "AVL": [
    0.0303241,
    0.02905422
  ],
  "NAVX": [
    0.00875976,
    0.00876087
  ],
  "FUEL": [
    0.00090187,
    0.00090004
  ],
  "SOLV": [
    0.00445345,
    0.00447188
  ],
  "NKN": [
    0.00793931,
    0.00784698
  ],
  "PIXEL": [
    0.00793385,
    0.00791079
  ],
  "COS": [
    0.001162,
    0.0011634
  ],
  "FHE": [
    0.02355358,
    0.02242166
  ],
  "OBT": [
    0.00099176,
    0.00099463
  ],
  "FWOG": [
    0.00458036,
    0.0047817
  ],
  "DMC": [
    0.00070711,
    0.00070533
  ],
  "LYXE": [
    0.265944,
    0.266385
  ],
  "DENT": [
    0.00004003,
    0.00003964
  ],
  "ROAM": [
    0.01100185,
    0.01080596
  ],
  "OAS": [
    0.00054908,
    0.00054262
  ],
  "GEAR": [
    0.00031922,
    0.00031952
  ],
  "FORTH": [
    0.238934,
    0.235078
  ],
  "RDNT": [
    0.00178463,
    0.00178194
  ],
  "HOOK": [
    0.00799886,
    0.00793378
  ],
  "CUDIS": [
    0.00791034,
    0.00794687
  ],
  "SAMO": [
    0.00032459,
    0.00032397
  ],
  "PERP": [
    0.02530237,
    0.02536296
  ],
  "EPT": [
    0.00070622,
    0.000711
  ],
  "PTB": [
    0.00077671,
    0.00078409
  ],
  "HIPPO": [
    0.00016342,
    0.00016281
  ],
  "FIS": [
    0.01030029,
    0.01035117
  ],
  "SAROS": [
    0.00059211,
    0.00058612
  ],
  "FLM": [
    0.00262559,
    0.00263046
  ],
  "GORK": [
    0.00143839,
    0.00145129
  ],
  "DATA": [
    0.00073556,
    0.00077936
  ],
  "ACA": [
    0.00066836,
    0.00067575
  ],
  "INSP": [
    0.00093485,
    0.00092932
  ],
  "A2Z": [
    0.0000874,
    0.0000877
  ],
  "FOXY": [
    0.00011689,
    0.00011777
  ],
  "DUCK": [
    0.00006913,
    0.00006955
  ],
  "RFC": [
    0.00055605,
    0.00055784
  ],
  "SWTCH": [
    0.00334008,
    0.00318335
  ],
  "LOOKS": [
    0.00034989,
    0.00035096
  ],
  "BDXN": [
    0.00179812,
    0.00178653
  ],
  "MOONPIG": [
    0.00027591,
    0.00027575
  ],
  "ROOT": [
    0.00005517,
    0.00005717
  ],
  "CHILLGUY": [
    0.00009756,
    0.00009776
  ],
  "APU": [
    0.00004312,
    0.00004312
  ],
  "CHESS": [
    0.00019217,
    0.00019217
  ],
  "HOLO": [
    0.00001187,
    0.00001187
  ],
  "GMMT": [
    0.0025436,
    0.00255142
  ],
  "RATS": [
    0.00003893,
    0.00003913
  ],
  "ADB": [
    null,
    null
  ]
}