{
  "PUMP": [
    0.00193186,
    0.00192425
  ],
  "STABLE": [
    0.02617382,
    0.02641856
  ],
  "SIREN": [
    0.824228,
    0.789913
  ],
  "MON": [
    0.03479369,
    0.03561464
  ],
  "AERO": [
    0.375259,
    0.377611
  ],
  "JASMY": [
    0.00534941,
    0.00534707
  ],
  "LIT": [
    1.07,
    1.046
  ],
  "CVX": [
    1.79,
    1.8
  ],
  "BAT": [
    0.097086,
    0.098313
  ],
  "ATH": [
    0.00617541,
    0.00622719
  ],
  "SKYAI": [
    0.119554,
    0.119975
  ],
  "COW": [
    0.214642,
    0.213757
  ],
  "CHEEMS": [
    5.00842e-7,
    4.9806e-7
  ],
  "BANANAS31": [
    0.01000277,
    0.01003243
  ],
  "BAN": [
    0.079321,
    0.079105
  ],
  "ONT": [
    0.075659,
    0.076727
  ],
  "TAG": [
    0.00068421,
    0.00068117
  ],
  "CKB": [
    0.00149184,
    0.00149997
  ],
  "SAHARA": [
    0.02235994,
    0.02262408
  ],
  "ARC": [
    0.069751,
    0.069999
  ],
  "POLYX": [
    0.051825,
    0.052579
  ],
  "MYX": [
    0.348661,
    0.342453
  ],
  "NPC": [
    0.00775294,
    0.00790392
  ],
  "BEAT": [
    0.378054,
    0.377664
  ],
  "CSPR": [
    0.00294708,
    0.00294449
  ],
  "IOTX": [
    0.00447363,
    0.00451614
  ],
  "NOT": [
    0.00038757,
    0.00039782
  ],
  "MERL": [
    0.03182326,
    0.03188105
  ],
  "MAGMA": [
    0.192387,
    0.188494
  ],
  "NEIRO": [
    0.00007333,
    0.00007874
  ],
  "SNEK": [
    0.00042282,
    0.00042244
  ],
  "REZ": [
    0.00375579,
    0.00384567
  ],
  "DEP": [
    0.00111634,
    0.00111546
  ],
  "ISLM": [
    0.01176532,
    0.01177962
  ],
  "HUMA": [
    0.01742763,
    0.01729308
  ],
  "NYM": [
    0.03385111,
    0.03359677
  ],
  "SATS": [
    1.2744e-8,
    1.3115e-8
  ],
  "SPELL": [
    0.00015954,
    0.00016056
  ],
  "GUN": [
    0.01542885,
    0.01582465
  ],
  "DEGEN": [
    0.00073579,
    0.00073916
  ],
  "CPOOL": [
    0.02643797,
    0.02691302
  ],
  "ALLO": [
    0.107542,
    0.108881
  ],
  "SLP": [
    0.00061944,
    0.00063249
  ],
  "BOB": [
    0.00807881,
    0.00796006
  ],
  "CORN": [
    0.0410525,
    0.04108987
  ],
  "LRC": [
    0.01635841,
    0.01642931
  ],
  "AURORA": [
    0.02717224,
    0.02724019
  ],
  "NEWT": [
    0.075973,
    0.076801
  ],
  "BANK": [
    0.03633551,
    0.03804565
  ],
  "DSYNC": [
    0.01680862,
    0.01595109
  ],
  "L3": [
    0.01091426,
    0.01090132
  ],
  "INIT": [
    0.083026,
    0.082735
  ],
  "NIL": [
    0.0356087,
    0.03585285
  ],
  "DENT": [
    0.00015967,
    0.0001596
  ],
  "SWARMS": [
    0.01485505,
    0.01429433
  ],
  "RESOLV": [
    0.03485406,
    0.03513157
  ],
  "MUBARAK": [
    0.01318733,
    0.01337626
  ],
  "GRIFFAIN": [
    0.01327912,
    0.01321252
  ],
  "SONIC": [
    0.03579264,
    0.0359999
  ],
  "AIN": [
    0.068142,
    0.068497
  ],
  "PAAL": [
    0.01377676,
    0.01393839
  ],
  "DAO": [
    0.04984457,
    0.04985045
  ],
  "HONEY": [
    0.0019054,
    0.00195688
  ],
  "IKA": [
    0.00377565,
    0.003718
  ],
  "TLM": [
    0.00166703,
    0.00167561
  ],
  "TAI": [
    0.01654034,
    0.01655054
  ],
  "HMSTR": [
    0.00014638,
    0.00014756
  ],
  "LAT": [
    0.00135469,
    0.00135904
  ],
  "COQ": [
    1.15005e-7,
    1.15233e-7
  ],
  "AVL": [
    0.02669546,
    0.0265268
  ],
  "FUEL": [
    0.00094085,
    0.00094651
  ],
  "NAVX": [
    0.00862482,
    0.00863176
  ],
  "ROAM": [
    0.01940478,
    0.02001173
  ],
  "NKN": [
    0.0083687,
    0.00858922
  ],
  "COS": [
    0.00123287,
    0.00123853
  ],
  "PIXEL": [
    0.00787467,
    0.00798164
  ],
  "SOLV": [
    0.00419006,
    0.00413122
  ],
  "OBT": [
    0.00104269,
    0.00103164
  ],
  "RSS3": [
    0.005906,
    0.00582641
  ],
  "FWOG": [
    0.00486176,
    0.00483673
  ],
  "FHE": [
    0.0177044,
    0.01800153
  ],
  "DMC": [
    0.00070269,
    0.00070588
  ],
  "LYXE": [
    0.235654,
    0.235654
  ],
  "GEAR": [
    0.00032916,
    0.00031737
  ],
  "FORTH": [
    0.271721,
    0.27612
  ],
  "RDNT": [
    0.00207809,
    0.00208302
  ],
  "OAS": [
    0.00039058,
    0.00039359
  ],
  "SAMO": [
    0.00042359,
    0.00042513
  ],
  "HOOK": [
    0.00819519,
    0.00819424
  ],
  "PTB": [
    0.00113822,
    0.00111546
  ],
  "PERP": [
    0.02796391,
    0.02784743
  ],
  "CUDIS": [
    0.00783152,
    0.00785007
  ],
  "EPT": [
    0.00075243,
    0.00075066
  ],
  "FLM": [
    0.00300415,
    0.00299779
  ],
  "FIS": [
    0.01100066,
    0.01090448
  ],
  "HIPPO": [
    0.0001629,
    0.00016793
  ],
  "GORK": [
    0.0013917,
    0.00135115
  ],
  "DATA": [
    0.00094534,
    0.00095257
  ],
  "SAROS": [
    0.00042424,
    0.00042415
  ],
  "INSP": [
    0.00104165,
    0.00103932
  ],
  "ACA": [
    0.00067894,
    0.00068461
  ],
  "FOXY": [
    0.00011403,
    0.00011894
  ],
  "DUCK": [
    0.00008226,
    0.00008337
  ],
  "A2Z": [
    0.00007472,
    0.00007509
  ],
  "SWTCH": [
    0.00333164,
    0.00345915
  ],
  "RFC": [
    0.00055776,
    0.00055826
  ],
  "LOOKS": [
    0.00038423,
    0.00038925
  ],
  "BDXN": [
    0.00184366,
    0.00184031
  ],
  "MOONPIG": [
    0.00029603,
    0.00029897
  ],
  "ROOT": [
    0.00006089,
    0.0000593
  ],
  "CHILLGUY": [
    0.00007731,
    0.00007731
  ],
  "APU": [
    0.00003738,
    0.00004074
  ],
  "CHESS": [
    0.00015432,
    0.00015481
  ],
  "HOLO": [
    0.00001248,
    0.00001248
  ],
  "GMMT": [
    0.00344245,
    0.00341724
  ],
  "RATS": [
    0.00004094,
    0.00004336
  ],
  "ADB": [
    null,
    null
  ]
}