{
  "PUMP": [
    0.00178411,
    0.00176198
  ],
  "SIREN": [
    1.67,
    1.023
  ],
  "STABLE": [
    0.02609511,
    0.02596198
  ],
  "AERO": [
    0.329002,
    0.332447
  ],
  "JASMY": [
    0.00534257,
    0.00556147
  ],
  "MON": [
    0.02433913,
    0.023864
  ],
  "LIT": [
    0.909545,
    0.882839
  ],
  "CVX": [
    1.69,
    1.69
  ],
  "BAT": [
    0.10163,
    0.099785
  ],
  "ATH": [
    0.00733307,
    0.00769311
  ],
  "BANANAS31": [
    0.01377781,
    0.01337443
  ],
  "COW": [
    0.200306,
    0.20376
  ],
  "CHEEMS": [
    4.4002e-7,
    4.33359e-7
  ],
  "SAHARA": [
    0.02643967,
    0.02688997
  ],
  "BEAT": [
    0.577283,
    0.501318
  ],
  "SKYAI": [
    0.068061,
    0.068742
  ],
  "CKB": [
    0.00140888,
    0.00141712
  ],
  "NPC": [
    0.00785512,
    0.00783036
  ],
  "TAG": [
    0.0005864,
    0.00056803
  ],
  "MYX": [
    0.306792,
    0.301758
  ],
  "BAN": [
    0.058235,
    0.057107
  ],
  "POLYX": [
    0.04466965,
    0.04510568
  ],
  "CSPR": [
    0.00331923,
    0.00324747
  ],
  "ONT": [
    0.056587,
    0.051698
  ],
  "IOTX": [
    0.00498806,
    0.0049031
  ],
  "ARC": [
    0.04268295,
    0.04185751
  ],
  "NOT": [
    0.00036232,
    0.0003612
  ],
  "SNEK": [
    0.00045015,
    0.00044592
  ],
  "DEP": [
    0.00116156,
    0.00115992
  ],
  "ISLM": [
    0.01239564,
    0.01238056
  ],
  "MERL": [
    0.02621206,
    0.02567722
  ],
  "LRC": [
    0.02311229,
    0.02336998
  ],
  "SPELL": [
    0.0001668,
    0.00016707
  ],
  "GUN": [
    0.01807505,
    0.01736217
  ],
  "HUMA": [
    0.0168354,
    0.01610065
  ],
  "MAGMA": [
    0.141164,
    0.144399
  ],
  "NYM": [
    0.03264943,
    0.03250391
  ],
  "REZ": [
    0.00349819,
    0.00340898
  ],
  "ALLO": [
    0.117363,
    0.117111
  ],
  "DEGEN": [
    0.0006999,
    0.00069552
  ],
  "CORN": [
    0.04625168,
    0.0462907
  ],
  "NEIRO": [
    0.00005836,
    0.0000576
  ],
  "CPOOL": [
    0.02389761,
    0.02517168
  ],
  "SATS": [
    1.0902e-8,
    1.0894e-8
  ],
  "SLP": [
    0.00060184,
    0.00060456
  ],
  "DENT": [
    0.00021568,
    0.00021195
  ],
  "AURORA": [
    0.02853271,
    0.02856625
  ],
  "DAO": [
    0.072487,
    0.070902
  ],
  "BANK": [
    0.04134612,
    0.04121128
  ],
  "DSYNC": [
    0.01767799,
    0.01756
  ],
  "RESOLV": [
    0.04027576,
    0.04190855
  ],
  "INIT": [
    0.083118,
    0.082413
  ],
  "NEWT": [
    0.070198,
    0.070857
  ],
  "NIL": [
    0.03448207,
    0.03446077
  ],
  "ROAM": [
    0.03798467,
    0.04209705
  ],
  "SONIC": [
    0.03969848,
    0.03985845
  ],
  "PAAL": [
    0.01556001,
    0.01536461
  ],
  "L3": [
    0.01050617,
    0.01000293
  ],
  "HONEY": [
    0.00233478,
    0.00231818
  ],
  "BOB": [
    0.00576801,
    0.00585912
  ],
  "NKN": [
    0.01652658,
    0.01486467
  ],
  "MUBARAK": [
    0.01165875,
    0.01157196
  ],
  "TLM": [
    0.00169573,
    0.00170842
  ],
  "AIN": [
    0.061371,
    0.060087
  ],
  "GRIFFAIN": [
    0.01129408,
    0.01092202
  ],
  "IKA": [
    0.0033407,
    0.00337008
  ],
  "TAI": [
    0.01651311,
    0.016082
  ],
  "LAT": [
    0.00130833,
    0.00130859
  ],
  "HMSTR": [
    0.00013938,
    0.00013858
  ],
  "COS": [
    0.0015539,
    0.00158468
  ],
  "FUEL": [
    0.0010718,
    0.00107068
  ],
  "SWARMS": [
    0.00831051,
    0.00784178
  ],
  "DUCK": [
    0.00105938,
    0.00107497
  ],
  "AVL": [
    0.02604747,
    0.02719975
  ],
  "NAVX": [
    0.00855555,
    0.00857671
  ],
  "COQ": [
    9.7377e-8,
    9.4695e-8
  ],
  "PIXEL": [
    0.00824946,
    0.00844284
  ],
  "RDNT": [
    0.0045782,
    0.00452784
  ],
  "HIPPO": [
    0.00055499,
    0.00054391
  ],
  "OBT": [
    0.00101666,
    0.00100477
  ],
  "SOLV": [
    0.00323671,
    0.0033023
  ],
  "FWOG": [
    0.00502488,
    0.00499344
  ],
  "RSS3": [
    0.00551354,
    0.00552415
  ],
  "LYXE": [
    0.289035,
    0.292255
  ],
  "FHE": [
    0.01807866,
    0.01788075
  ],
  "DMC": [
    0.0007249,
    0.00072243
  ],
  "FORTH": [
    0.376062,
    0.364239
  ],
  "PTB": [
    0.00169189,
    0.00185508
  ],
  "GEAR": [
    0.00032612,
    0.00032537
  ],
  "HOOK": [
    0.01010704,
    0.01010165
  ],
  "FIS": [
    0.01553935,
    0.01554375
  ],
  "OAS": [
    0.00036209,
    0.00036234
  ],
  "A2Z": [
    0.00029411,
    0.00027761
  ],
  "SAMO": [
    0.0004287,
    0.00040222
  ],
  "PERP": [
    0.03030442,
    0.0299197
  ],
  "CUDIS": [
    0.00777782,
    0.00792009
  ],
  "EPT": [
    0.00077658,
    0.00083618
  ],
  "FLM": [
    0.00279946,
    0.00280399
  ],
  "GORK": [
    0.00157325,
    0.0015715
  ],
  "SAROS": [
    0.00055129,
    0.00054825
  ],
  "DATA": [
    0.00109671,
    0.00107699
  ],
  "INSP": [
    0.0013252,
    0.00131954
  ],
  "ACA": [
    0.00090409,
    0.00083966
  ],
  "FOXY": [
    0.00013756,
    0.00013114
  ],
  "RFC": [
    0.00054638,
    0.00057372
  ],
  "LOOKS": [
    0.00041926,
    0.00041898
  ],
  "BDXN": [
    0.00252475,
    0.00251392
  ],
  "SWTCH": [
    0.00231544,
    0.00229196
  ],
  "CHESS": [
    0.00159263,
    0.00158648
  ],
  "MOONPIG": [
    0.00032268,
    0.00032064
  ],
  "ROOT": [
    0.00006787,
    0.00006697
  ],
  "CHILLGUY": [
    0.0000648,
    0.00006418
  ],
  "APU": [
    0.00003372,
    0.00003495
  ],
  "HOLO": [
    0.00001439,
    0.00001439
  ],
  "GMMT": [
    0.0034531,
    0.00345104
  ],
  "RATS": [
    0.00005844,
    0.00005863
  ],
  "ADB": [
    null,
    null
  ]
}