{
  "PUMP": [
    0.00175131,
    0.00175673
  ],
  "STABLE": [
    0.03377797,
    0.03387378
  ],
  "SIREN": [
    0.683772,
    0.70339
  ],
  "AERO": [
    0.464599,
    0.467462
  ],
  "MON": [
    0.03051908,
    0.03100547
  ],
  "JASMY": [
    0.00589622,
    0.00589195
  ],
  "LIT": [
    0.915583,
    0.915456
  ],
  "SKYAI": [
    0.189854,
    0.186828
  ],
  "CVX": [
    1.77,
    1.77
  ],
  "BAT": [
    0.104794,
    0.105513
  ],
  "CHEEMS": [
    5.71636e-7,
    5.75524e-7
  ],
  "ATH": [
    0.00606832,
    0.00605442
  ],
  "COW": [
    0.191142,
    0.191886
  ],
  "BANANAS31": [
    0.00965396,
    0.0096431
  ],
  "BAN": [
    0.073003,
    0.090884
  ],
  "SAHARA": [
    0.02424276,
    0.02436582
  ],
  "CKB": [
    0.00162042,
    0.00163122
  ],
  "BEAT": [
    0.561128,
    0.561429
  ],
  "TAG": [
    0.00067592,
    0.00068276
  ],
  "ONT": [
    0.073207,
    0.072744
  ],
  "NPC": [
    0.0082363,
    0.0084242
  ],
  "ARC": [
    0.065557,
    0.065427
  ],
  "POLYX": [
    0.050823,
    0.050927
  ],
  "MYX": [
    0.263346,
    0.260834
  ],
  "MERL": [
    0.03851609,
    0.03925958
  ],
  "CSPR": [
    0.0028966,
    0.00289563
  ],
  "IOTX": [
    0.00485614,
    0.00485904
  ],
  "HUMA": [
    0.02432648,
    0.02420032
  ],
  "NOT": [
    0.00042189,
    0.00042133
  ],
  "MAGMA": [
    0.210951,
    0.206209
  ],
  "SNEK": [
    0.00050337,
    0.0005054
  ],
  "NEIRO": [
    0.00008895,
    0.00008955
  ],
  "REZ": [
    0.00393696,
    0.00393832
  ],
  "ISLM": [
    0.01195539,
    0.01190529
  ],
  "SATS": [
    1.465e-8,
    1.4582e-8
  ],
  "DEP": [
    0.00110602,
    0.00110931
  ],
  "SPELL": [
    0.00016502,
    0.00016898
  ],
  "CPOOL": [
    0.02651947,
    0.02671267
  ],
  "SLP": [
    0.00072516,
    0.00071961
  ],
  "GUN": [
    0.01508386,
    0.0150449
  ],
  "ALLO": [
    0.1154,
    0.115531
  ],
  "DEGEN": [
    0.00066143,
    0.00066561
  ],
  "NYM": [
    0.0294611,
    0.02951428
  ],
  "INIT": [
    0.089169,
    0.089283
  ],
  "LRC": [
    0.01706351,
    0.01715611
  ],
  "CORN": [
    0.03998581,
    0.04000171
  ],
  "NIL": [
    0.04377684,
    0.04423307
  ],
  "AURORA": [
    0.02774398,
    0.02774472
  ],
  "SWARMS": [
    0.01839125,
    0.01843397
  ],
  "NEWT": [
    0.080869,
    0.080954
  ],
  "GRIFFAIN": [
    0.01711501,
    0.01720192
  ],
  "BOB": [
    0.00591805,
    0.0058803
  ],
  "L3": [
    0.01108151,
    0.01135404
  ],
  "BANK": [
    0.03446284,
    0.03433241
  ],
  "DSYNC": [
    0.01388894,
    0.01399573
  ],
  "SONIC": [
    0.03769732,
    0.03833748
  ],
  "MUBARAK": [
    0.01356589,
    0.01364359
  ],
  "AIN": [
    0.073984,
    0.072443
  ],
  "TLM": [
    0.00189274,
    0.00188946
  ],
  "HONEY": [
    0.0020525,
    0.00204634
  ],
  "IKA": [
    0.00375281,
    0.00375227
  ],
  "PAAL": [
    0.01240121,
    0.01232786
  ],
  "DAO": [
    0.04383353,
    0.04389783
  ],
  "RESOLV": [
    0.02778505,
    0.02775643
  ],
  "COQ": [
    1.45254e-7,
    1.44542e-7
  ],
  "HMSTR": [
    0.00015674,
    0.00015598
  ],
  "TAI": [
    0.01670702,
    0.01650619
  ],
  "LAT": [
    0.00132681,
    0.00132428
  ],
  "AVL": [
    0.0265911,
    0.02741031
  ],
  "FUEL": [
    0.00093732,
    0.00093663
  ],
  "NAVX": [
    0.00871637,
    0.00869667
  ],
  "NKN": [
    0.00852108,
    0.00869275
  ],
  "PIXEL": [
    0.00807295,
    0.00806014
  ],
  "SOLV": [
    0.00409849,
    0.00410605
  ],
  "COS": [
    0.00117309,
    0.00117327
  ],
  "DENT": [
    0.00006551,
    0.00006248
  ],
  "OBT": [
    0.00103408,
    0.00103713
  ],
  "ROAM": [
    0.01611335,
    0.01599234
  ],
  "RSS3": [
    0.00578859,
    0.00577981
  ],
  "FWOG": [
    0.00472868,
    0.00476849
  ],
  "DMC": [
    0.00070722,
    0.00070916
  ],
  "FHE": [
    0.01796244,
    0.01796671
  ],
  "OAS": [
    0.00059125,
    0.00059148
  ],
  "LYXE": [
    0.241283,
    0.242556
  ],
  "FORTH": [
    0.247506,
    0.250584
  ],
  "RDNT": [
    0.00190316,
    0.00189459
  ],
  "HOOK": [
    0.00843171,
    0.00849794
  ],
  "GEAR": [
    0.00022768,
    0.00022916
  ],
  "SAMO": [
    0.00038585,
    0.00038576
  ],
  "CUDIS": [
    0.00794253,
    0.00803189
  ],
  "PERP": [
    0.02620182,
    0.02627269
  ],
  "EPT": [
    0.00074114,
    0.00074241
  ],
  "PTB": [
    0.00081844,
    0.00081927
  ],
  "FIS": [
    0.01055021,
    0.01059039
  ],
  "HIPPO": [
    0.00015939,
    0.00015896
  ],
  "FLM": [
    0.00269466,
    0.00271111
  ],
  "GORK": [
    0.00152381,
    0.00151021
  ],
  "SAROS": [
    0.00050189,
    0.00050478
  ],
  "DATA": [
    0.00074826,
    0.00074929
  ],
  "INSP": [
    0.00107792,
    0.00108643
  ],
  "ACA": [
    0.00068215,
    0.00068516
  ],
  "FOXY": [
    0.00011896,
    0.00011902
  ],
  "A2Z": [
    0.00006963,
    0.00006974
  ],
  "RFC": [
    0.00058563,
    0.00059175
  ],
  "DUCK": [
    0.000071,
    0.00007079
  ],
  "SWTCH": [
    0.00337029,
    0.00337548
  ],
  "LOOKS": [
    0.00036476,
    0.00036494
  ],
  "MOONPIG": [
    0.00029208,
    0.00029495
  ],
  "BDXN": [
    0.00158694,
    0.00156973
  ],
  "ROOT": [
    0.00006031,
    0.00006071
  ],
  "CHILLGUY": [
    0.00014132,
    0.00014225
  ],
  "APU": [
    0.0000441,
    0.00004425
  ],
  "CHESS": [
    0.00016933,
    0.00017022
  ],
  "HOLO": [
    0.00001228,
    0.00001228
  ],
  "GMMT": [
    0.00254078,
    0.00254486
  ],
  "RATS": [
    0.00003771,
    0.00003811
  ],
  "ADB": [
    null,
    null
  ]
}