{
  "STABLE": [
    0.03394279,
    0.0339186
  ],
  "SKYAI": [
    0.749857,
    0.745832
  ],
  "PUMP": [
    0.00185695,
    0.00185581
  ],
  "SIREN": [
    0.749469,
    0.74442
  ],
  "AERO": [
    0.460301,
    0.466742
  ],
  "MON": [
    0.03221355,
    0.03186275
  ],
  "JASMY": [
    0.00576519,
    0.00573865
  ],
  "LIT": [
    0.979887,
    0.97875
  ],
  "CVX": [
    1.81,
    1.81
  ],
  "BAT": [
    0.105051,
    0.10469
  ],
  "TAG": [
    0.00129295,
    0.00132412
  ],
  "CHEEMS": [
    6.37026e-7,
    6.34828e-7
  ],
  "ATH": [
    0.00621389,
    0.00619353
  ],
  "BANANAS31": [
    0.01117176,
    0.01132916
  ],
  "COW": [
    0.185725,
    0.183534
  ],
  "SAHARA": [
    0.02476597,
    0.02485974
  ],
  "BAN": [
    0.077341,
    0.077081
  ],
  "BEAT": [
    0.553115,
    0.550289
  ],
  "CKB": [
    0.00154257,
    0.00153642
  ],
  "ONT": [
    0.071789,
    0.071735
  ],
  "ARC": [
    0.068901,
    0.069564
  ],
  "NPC": [
    0.00817953,
    0.00808285
  ],
  "POLYX": [
    0.04980607,
    0.04987976
  ],
  "NOT": [
    0.00051973,
    0.00051989
  ],
  "MERL": [
    0.03971071,
    0.03915928
  ],
  "MYX": [
    0.249973,
    0.24672
  ],
  "MAGMA": [
    0.240948,
    0.241157
  ],
  "CSPR": [
    0.00282846,
    0.00282723
  ],
  "REZ": [
    0.00537092,
    0.00530665
  ],
  "IOTX": [
    0.00465615,
    0.00471393
  ],
  "NEIRO": [
    0.00010042,
    0.00009975
  ],
  "ISLM": [
    0.01151266,
    0.01160821
  ],
  "SNEK": [
    0.00052465,
    0.00052491
  ],
  "HUMA": [
    0.02198617,
    0.02190408
  ],
  "SATS": [
    1.5358e-8,
    1.5282e-8
  ],
  "DEP": [
    0.00111119,
    0.0011139
  ],
  "SWARMS": [
    0.03110397,
    0.03066453
  ],
  "SPELL": [
    0.00017123,
    0.00017081
  ],
  "CPOOL": [
    0.02827149,
    0.02831153
  ],
  "GUN": [
    0.01478416,
    0.01468869
  ],
  "DEGEN": [
    0.00071621,
    0.00071292
  ],
  "SLP": [
    0.00072395,
    0.00072056
  ],
  "ALLO": [
    0.116474,
    0.114993
  ],
  "LRC": [
    0.01699738,
    0.0170024
  ],
  "CORN": [
    0.03976405,
    0.03866917
  ],
  "AURORA": [
    0.02702504,
    0.02702078
  ],
  "AIN": [
    0.102338,
    0.098828
  ],
  "NIL": [
    0.04068975,
    0.04074518
  ],
  "NYM": [
    0.02179629,
    0.021797
  ],
  "INIT": [
    0.090825,
    0.090919
  ],
  "GRIFFAIN": [
    0.01731041,
    0.01725623
  ],
  "L3": [
    0.01120686,
    0.01126158
  ],
  "BOB": [
    0.00571035,
    0.00569195
  ],
  "NEWT": [
    0.075884,
    0.075876
  ],
  "MUBARAK": [
    0.01613061,
    0.01616851
  ],
  "BANK": [
    0.0331893,
    0.03308026
  ],
  "SONIC": [
    0.03774976,
    0.03775365
  ],
  "DSYNC": [
    0.01294397,
    0.01293653
  ],
  "RESOLV": [
    0.03139007,
    0.03107468
  ],
  "TLM": [
    0.00189939,
    0.00188621
  ],
  "HONEY": [
    0.00198859,
    0.00202743
  ],
  "PAAL": [
    0.01307582,
    0.01308923
  ],
  "HMSTR": [
    0.00017277,
    0.00017532
  ],
  "RSS3": [
    0.00716263,
    0.00714612
  ],
  "IKA": [
    0.0036093,
    0.00360638
  ],
  "COQ": [
    1.51436e-7,
    1.50285e-7
  ],
  "DAO": [
    0.04153066,
    0.04145581
  ],
  "FHE": [
    0.04545287,
    0.03746268
  ],
  "LAT": [
    0.00133289,
    0.0013338
  ],
  "TAI": [
    0.01515735,
    0.01537033
  ],
  "AVL": [
    0.02725725,
    0.02760086
  ],
  "NAVX": [
    0.0089937,
    0.00899173
  ],
  "FUEL": [
    0.00090851,
    0.00091653
  ],
  "SOLV": [
    0.00435092,
    0.00435653
  ],
  "NKN": [
    0.0078328,
    0.00779716
  ],
  "PIXEL": [
    0.00804649,
    0.00804694
  ],
  "FWOG": [
    0.0060119,
    0.00606229
  ],
  "COS": [
    0.00113054,
    0.00113093
  ],
  "OBT": [
    0.00095779,
    0.00097399
  ],
  "DMC": [
    0.00076881,
    0.00076988
  ],
  "DENT": [
    0.00004225,
    0.00004795
  ],
  "LYXE": [
    0.279112,
    0.279271
  ],
  "ROAM": [
    0.01234638,
    0.01224555
  ],
  "OAS": [
    0.00064877,
    0.00063704
  ],
  "GEAR": [
    0.0003055,
    0.00030512
  ],
  "FORTH": [
    0.239123,
    0.23934
  ],
  "RDNT": [
    0.00180743,
    0.00180711
  ],
  "HOOK": [
    0.00796993,
    0.0081559
  ],
  "HIPPO": [
    0.00020386,
    0.00021451
  ],
  "SAMO": [
    0.00034762,
    0.00034859
  ],
  "CUDIS": [
    0.00798687,
    0.00794922
  ],
  "SAROS": [
    0.00075676,
    0.00072822
  ],
  "PERP": [
    0.02556186,
    0.02555464
  ],
  "FIS": [
    0.01080748,
    0.0108503
  ],
  "PTB": [
    0.00080509,
    0.00080369
  ],
  "EPT": [
    0.00071339,
    0.00071158
  ],
  "FLM": [
    0.00274916,
    0.00275074
  ],
  "GORK": [
    0.00151904,
    0.00152039
  ],
  "DATA": [
    0.00075603,
    0.00074948
  ],
  "DUCK": [
    0.0000957,
    0.00010019
  ],
  "ACA": [
    0.00063765,
    0.00063912
  ],
  "INSP": [
    0.00094139,
    0.00092899
  ],
  "A2Z": [
    0.00008403,
    0.00008849
  ],
  "FOXY": [
    0.00011879,
    0.0001171
  ],
  "SWTCH": [
    0.00418408,
    0.00396653
  ],
  "RFC": [
    0.00058967,
    0.00059227
  ],
  "LOOKS": [
    0.000351,
    0.00035098
  ],
  "MOONPIG": [
    0.00030791,
    0.00030868
  ],
  "BDXN": [
    0.00177527,
    0.00179994
  ],
  "ROOT": [
    0.000055,
    0.000055
  ],
  "CHILLGUY": [
    0.00009777,
    0.00009766
  ],
  "APU": [
    0.00004142,
    0.00004308
  ],
  "CHESS": [
    0.00019364,
    0.00019367
  ],
  "HOLO": [
    0.00001222,
    0.00001218
  ],
  "GMMT": [
    0.00340547,
    0.00337354
  ],
  "RATS": [
    0.00003894,
    0.00003873
  ],
  "ADB": [
    null,
    null
  ]
}