{
  "STABLE": [
    0.03294886,
    0.03269547
  ],
  "PUMP": [
    0.00180106,
    0.00186208
  ],
  "SKYAI": [
    0.465079,
    0.617919
  ],
  "SIREN": [
    0.746646,
    0.769007
  ],
  "AERO": [
    0.449981,
    0.46064
  ],
  "MON": [
    0.02912628,
    0.03094641
  ],
  "JASMY": [
    0.00556429,
    0.00564563
  ],
  "LIT": [
    0.923148,
    0.948877
  ],
  "TAG": [
    0.00151243,
    0.00194401
  ],
  "BAT": [
    0.107267,
    0.108099
  ],
  "CVX": [
    1.75,
    1.78
  ],
  "CHEEMS": [
    6.11635e-7,
    6.32499e-7
  ],
  "BANANAS31": [
    0.01127047,
    0.01173207
  ],
  "ATH": [
    0.00595515,
    0.00603857
  ],
  "COW": [
    0.187174,
    0.191021
  ],
  "SAHARA": [
    0.02479655,
    0.02560224
  ],
  "BEAT": [
    0.577594,
    0.587033
  ],
  "BAN": [
    0.074812,
    0.07629
  ],
  "CKB": [
    0.00148512,
    0.00152027
  ],
  "ONT": [
    0.069772,
    0.070941
  ],
  "ARC": [
    0.068278,
    0.068366
  ],
  "NPC": [
    0.00771227,
    0.00774915
  ],
  "POLYX": [
    0.0475153,
    0.04841528
  ],
  "MERL": [
    0.03895997,
    0.0400364
  ],
  "MYX": [
    0.24962,
    0.251601
  ],
  "REZ": [
    0.00521168,
    0.00526052
  ],
  "CSPR": [
    0.00279761,
    0.00280089
  ],
  "MAGMA": [
    0.227919,
    0.231983
  ],
  "IOTX": [
    0.00451754,
    0.00464036
  ],
  "ISLM": [
    0.01170969,
    0.01174891
  ],
  "NOT": [
    0.00040312,
    0.0004127
  ],
  "NEIRO": [
    0.0000941,
    0.00009756
  ],
  "HUMA": [
    0.02167248,
    0.02197069
  ],
  "SNEK": [
    0.00046017,
    0.00046263
  ],
  "SATS": [
    1.4672e-8,
    1.5219e-8
  ],
  "DEP": [
    0.00111198,
    0.00111105
  ],
  "CPOOL": [
    0.03085306,
    0.02983907
  ],
  "SPELL": [
    0.00016785,
    0.00016944
  ],
  "ALLO": [
    0.120541,
    0.125455
  ],
  "GUN": [
    0.01471593,
    0.01457113
  ],
  "SLP": [
    0.00070063,
    0.00071533
  ],
  "SWARMS": [
    0.02623836,
    0.02578581
  ],
  "DEGEN": [
    0.00067632,
    0.00068361
  ],
  "LRC": [
    0.01677819,
    0.01710732
  ],
  "CORN": [
    0.04020049,
    0.04025147
  ],
  "NIL": [
    0.04168831,
    0.0428595
  ],
  "AURORA": [
    0.02683866,
    0.02695818
  ],
  "AIN": [
    0.098013,
    0.097761
  ],
  "GRIFFAIN": [
    0.01775935,
    0.01788637
  ],
  "L3": [
    0.01194563,
    0.011776
  ],
  "INIT": [
    0.088907,
    0.088751
  ],
  "NYM": [
    0.01970193,
    0.01970734
  ],
  "NEWT": [
    0.074399,
    0.075622
  ],
  "BOB": [
    0.00557319,
    0.00546206
  ],
  "MUBARAK": [
    0.01517049,
    0.01549995
  ],
  "BANK": [
    0.03333222,
    0.03369429
  ],
  "SONIC": [
    0.03743289,
    0.03748531
  ],
  "DSYNC": [
    0.01270698,
    0.01281093
  ],
  "TLM": [
    0.00183463,
    0.00187889
  ],
  "PAAL": [
    0.01300365,
    0.01328965
  ],
  "RESOLV": [
    0.02820188,
    0.02900036
  ],
  "HONEY": [
    0.00183981,
    0.00182823
  ],
  "DAO": [
    0.04180091,
    0.04212139
  ],
  "HMSTR": [
    0.00015622,
    0.00015908
  ],
  "IKA": [
    0.00333818,
    0.00335518
  ],
  "RSS3": [
    0.00644931,
    0.00645952
  ],
  "LAT": [
    0.00132681,
    0.00134429
  ],
  "TAI": [
    0.01536602,
    0.01561094
  ],
  "COQ": [
    1.25501e-7,
    1.29037e-7
  ],
  "AVL": [
    0.02785759,
    0.02763939
  ],
  "NAVX": [
    0.00882673,
    0.00888898
  ],
  "FUEL": [
    0.00089839,
    0.00090012
  ],
  "SOLV": [
    0.00455069,
    0.00456329
  ],
  "NKN": [
    0.00788841,
    0.00801511
  ],
  "FWOG": [
    0.00511777,
    0.00648154
  ],
  "COS": [
    0.00115235,
    0.0011676
  ],
  "PIXEL": [
    0.00778174,
    0.00780896
  ],
  "FHE": [
    0.02294786,
    0.02316996
  ],
  "OBT": [
    0.00097931,
    0.00098804
  ],
  "DMC": [
    0.00071474,
    0.000708
  ],
  "LYXE": [
    0.274289,
    0.281443
  ],
  "ROAM": [
    0.01153545,
    0.01159246
  ],
  "DENT": [
    0.00004041,
    0.00003985
  ],
  "OAS": [
    0.00054678,
    0.00055269
  ],
  "GEAR": [
    0.00032005,
    0.00032792
  ],
  "FORTH": [
    0.240327,
    0.235994
  ],
  "HOOK": [
    0.0080999,
    0.00815801
  ],
  "RDNT": [
    0.00177406,
    0.00178845
  ],
  "CUDIS": [
    0.00790447,
    0.00798278
  ],
  "SAMO": [
    0.00034076,
    0.00034192
  ],
  "PERP": [
    0.02540597,
    0.02518808
  ],
  "HIPPO": [
    0.00016318,
    0.00016866
  ],
  "PTB": [
    0.00080121,
    0.00080052
  ],
  "EPT": [
    0.00070673,
    0.0007095
  ],
  "FIS": [
    0.01020801,
    0.01021677
  ],
  "FLM": [
    0.00267777,
    0.00267171
  ],
  "GORK": [
    0.00148323,
    0.00151601
  ],
  "SAROS": [
    0.00056756,
    0.00056802
  ],
  "DATA": [
    0.00073398,
    0.00074686
  ],
  "ACA": [
    0.00065365,
    0.00065028
  ],
  "INSP": [
    0.00093711,
    0.00094407
  ],
  "A2Z": [
    0.00008553,
    0.00008495
  ],
  "FOXY": [
    0.00011695,
    0.00011715
  ],
  "DUCK": [
    0.00006989,
    0.00007156
  ],
  "RFC": [
    0.0005725,
    0.0005704
  ],
  "SWTCH": [
    0.00323482,
    0.00311527
  ],
  "LOOKS": [
    0.00035397,
    0.00035688
  ],
  "MOONPIG": [
    0.00027188,
    0.00027991
  ],
  "BDXN": [
    0.00155157,
    0.00162183
  ],
  "ROOT": [
    0.00005689,
    0.00005619
  ],
  "CHILLGUY": [
    0.00010358,
    0.00010633
  ],
  "APU": [
    0.00004436,
    0.00004501
  ],
  "CHESS": [
    0.00019787,
    0.00019766
  ],
  "HOLO": [
    0.00001187,
    0.00001187
  ],
  "RATS": [
    0.00003842,
    0.00003889
  ],
  "GMMT": [
    0.00384652,
    0.00388723
  ],
  "ADB": [
    null,
    null
  ]
}