{
  "PUMP": [
    0.00176776,
    0.00176226
  ],
  "STABLE": [
    0.03271688,
    0.0325943
  ],
  "SIREN": [
    0.694209,
    0.700662
  ],
  "AERO": [
    0.427179,
    0.429196
  ],
  "MON": [
    0.03096333,
    0.03088911
  ],
  "JASMY": [
    0.00576267,
    0.0057508
  ],
  "LIT": [
    0.916228,
    0.921366
  ],
  "SKYAI": [
    0.197121,
    0.194534
  ],
  "CVX": [
    1.79,
    1.79
  ],
  "BAT": [
    0.104458,
    0.104277
  ],
  "CHEEMS": [
    5.95328e-7,
    5.96638e-7
  ],
  "ATH": [
    0.00613824,
    0.00607476
  ],
  "COW": [
    0.189555,
    0.19124
  ],
  "BANANAS31": [
    0.00916541,
    0.0091873
  ],
  "BAN": [
    0.087997,
    0.08816
  ],
  "BEAT": [
    0.561877,
    0.552143
  ],
  "ONT": [
    0.076954,
    0.076106
  ],
  "SAHARA": [
    0.02680362,
    0.02369937
  ],
  "CKB": [
    0.00152763,
    0.00152161
  ],
  "TAG": [
    0.00063449,
    0.00063906
  ],
  "ARC": [
    0.067232,
    0.067452
  ],
  "NPC": [
    0.00829566,
    0.00832345
  ],
  "POLYX": [
    0.051636,
    0.051735
  ],
  "MYX": [
    0.249156,
    0.253165
  ],
  "CSPR": [
    0.00293068,
    0.00292587
  ],
  "MERL": [
    0.03757889,
    0.03731848
  ],
  "IOTX": [
    0.00482035,
    0.00484287
  ],
  "HUMA": [
    0.02508222,
    0.02434449
  ],
  "NOT": [
    0.00041749,
    0.00041769
  ],
  "MAGMA": [
    0.204007,
    0.208677
  ],
  "SNEK": [
    0.00050754,
    0.00050765
  ],
  "NEIRO": [
    0.0000882,
    0.00008839
  ],
  "REZ": [
    0.00400605,
    0.00402946
  ],
  "DEP": [
    0.00111541,
    0.00111549
  ],
  "ISLM": [
    0.01181232,
    0.0118172
  ],
  "SATS": [
    1.4409e-8,
    1.4473e-8
  ],
  "SPELL": [
    0.00016707,
    0.00016636
  ],
  "CPOOL": [
    0.02737795,
    0.02725752
  ],
  "ALLO": [
    0.1175,
    0.119247
  ],
  "SLP": [
    0.00075072,
    0.0007267
  ],
  "GUN": [
    0.0153516,
    0.0152771
  ],
  "INIT": [
    0.095263,
    0.095752
  ],
  "NYM": [
    0.03100197,
    0.03118124
  ],
  "DEGEN": [
    0.00065558,
    0.00065368
  ],
  "LRC": [
    0.01716625,
    0.01713557
  ],
  "CORN": [
    0.04031737,
    0.04025691
  ],
  "AURORA": [
    0.02791814,
    0.0278858
  ],
  "NIL": [
    0.04274412,
    0.04244372
  ],
  "SWARMS": [
    0.01852049,
    0.01861828
  ],
  "GRIFFAIN": [
    0.01764335,
    0.01764117
  ],
  "NEWT": [
    0.083553,
    0.080636
  ],
  "BOB": [
    0.00589668,
    0.00586334
  ],
  "L3": [
    0.01032493,
    0.01025684
  ],
  "BANK": [
    0.03480957,
    0.03440482
  ],
  "DSYNC": [
    0.01429684,
    0.01430248
  ],
  "MUBARAK": [
    0.01378093,
    0.0139539
  ],
  "SONIC": [
    0.0379983,
    0.03739845
  ],
  "TLM": [
    0.00192001,
    0.00192465
  ],
  "HONEY": [
    0.00209645,
    0.00210269
  ],
  "IKA": [
    0.00390767,
    0.00389591
  ],
  "AIN": [
    0.063637,
    0.062892
  ],
  "DAO": [
    0.04500884,
    0.04501406
  ],
  "PAAL": [
    0.01219953,
    0.01212739
  ],
  "RESOLV": [
    0.02845897,
    0.02788525
  ],
  "COQ": [
    1.4653e-7,
    1.47112e-7
  ],
  "HMSTR": [
    0.00015852,
    0.00015799
  ],
  "TAI": [
    0.01653766,
    0.01658065
  ],
  "LAT": [
    0.00133815,
    0.00133601
  ],
  "AVL": [
    0.0272886,
    0.02721391
  ],
  "FUEL": [
    0.00093882,
    0.00093916
  ],
  "NAVX": [
    0.0088923,
    0.0088399
  ],
  "NKN": [
    0.00858821,
    0.00856793
  ],
  "PIXEL": [
    0.00797423,
    0.00813054
  ],
  "SOLV": [
    0.00419275,
    0.00418308
  ],
  "COS": [
    0.00117406,
    0.00118328
  ],
  "DENT": [
    0.00006558,
    0.0000631
  ],
  "OBT": [
    0.00104068,
    0.001037
  ],
  "ROAM": [
    0.01626578,
    0.01631431
  ],
  "RSS3": [
    0.00582388,
    0.00586116
  ],
  "DMC": [
    0.00070987,
    0.0007098
  ],
  "FHE": [
    0.01804091,
    0.01803148
  ],
  "FWOG": [
    0.00452855,
    0.00453214
  ],
  "OAS": [
    0.00062267,
    0.00061141
  ],
  "LYXE": [
    0.234516,
    0.234681
  ],
  "FORTH": [
    0.289223,
    0.261246
  ],
  "RDNT": [
    0.00193205,
    0.00192282
  ],
  "HOOK": [
    0.00850683,
    0.00849692
  ],
  "GEAR": [
    0.00022873,
    0.00022978
  ],
  "SAMO": [
    0.00037518,
    0.00037818
  ],
  "CUDIS": [
    0.00800187,
    0.00804758
  ],
  "PERP": [
    0.02602495,
    0.02627073
  ],
  "PTB": [
    0.00083058,
    0.0008238
  ],
  "EPT": [
    0.00073293,
    0.00073706
  ],
  "FIS": [
    0.01068535,
    0.01061633
  ],
  "HIPPO": [
    0.00015997,
    0.00016194
  ],
  "GORK": [
    0.00151943,
    0.00152005
  ],
  "FLM": [
    0.00261322,
    0.00262727
  ],
  "SAROS": [
    0.0005162,
    0.00051468
  ],
  "DATA": [
    0.00075927,
    0.00075041
  ],
  "INSP": [
    0.00114761,
    0.00113588
  ],
  "ACA": [
    0.00067801,
    0.0006774
  ],
  "FOXY": [
    0.00011959,
    0.00012086
  ],
  "A2Z": [
    0.00007023,
    0.00006929
  ],
  "RFC": [
    0.0005948,
    0.00059514
  ],
  "SWTCH": [
    0.0034421,
    0.00342287
  ],
  "DUCK": [
    0.00007013,
    0.00006948
  ],
  "LOOKS": [
    0.00038106,
    0.00037955
  ],
  "MOONPIG": [
    0.00029799,
    0.00029899
  ],
  "BDXN": [
    0.00163455,
    0.00159147
  ],
  "ROOT": [
    0.00006011,
    0.0000619
  ],
  "CHILLGUY": [
    0.00013397,
    0.00013392
  ],
  "APU": [
    0.00005249,
    0.00005351
  ],
  "CHESS": [
    0.00015217,
    0.00015261
  ],
  "HOLO": [
    0.00001221,
    0.0000122
  ],
  "GMMT": [
    0.00262696,
    0.00262115
  ],
  "RATS": [
    0.00003712,
    0.00003687
  ],
  "ADB": [
    null,
    null
  ]
}