{
  "PUMP": [
    0.00181346,
    0.00177322
  ],
  "STABLE": [
    0.02613329,
    0.02563525
  ],
  "SIREN": [
    0.648943,
    0.66243
  ],
  "MON": [
    0.03011717,
    0.0301586
  ],
  "AERO": [
    0.379683,
    0.371415
  ],
  "JASMY": [
    0.0057706,
    0.00562425
  ],
  "LIT": [
    0.902405,
    0.892686
  ],
  "SKYAI": [
    0.18275,
    0.181098
  ],
  "CVX": [
    1.78,
    1.73
  ],
  "BAT": [
    0.099398,
    0.097327
  ],
  "ATH": [
    0.00588499,
    0.0057804
  ],
  "CHEEMS": [
    5.23602e-7,
    5.11801e-7
  ],
  "COW": [
    0.185099,
    0.180333
  ],
  "BANANAS31": [
    0.00959063,
    0.00937697
  ],
  "ONT": [
    0.076535,
    0.07584
  ],
  "TAG": [
    0.00069316,
    0.00068865
  ],
  "CKB": [
    0.00151623,
    0.00149407
  ],
  "BEAT": [
    0.492267,
    0.496411
  ],
  "BAN": [
    0.067433,
    0.067178
  ],
  "SAHARA": [
    0.02154464,
    0.02118491
  ],
  "ARC": [
    0.067092,
    0.065748
  ],
  "POLYX": [
    0.050846,
    0.04955803
  ],
  "NPC": [
    0.00750383,
    0.00740844
  ],
  "MERL": [
    0.03724644,
    0.03810103
  ],
  "CSPR": [
    0.00291021,
    0.00295895
  ],
  "IOTX": [
    0.00461917,
    0.00448758
  ],
  "MYX": [
    0.225554,
    0.214423
  ],
  "NEIRO": [
    0.00009142,
    0.00008901
  ],
  "NOT": [
    0.00039007,
    0.00037598
  ],
  "SNEK": [
    0.00049921,
    0.00047987
  ],
  "MAGMA": [
    0.189947,
    0.186007
  ],
  "GUN": [
    0.01893608,
    0.02026542
  ],
  "HUMA": [
    0.01955102,
    0.01949191
  ],
  "ISLM": [
    0.01195951,
    0.01194689
  ],
  "DEP": [
    0.00111205,
    0.00111046
  ],
  "REZ": [
    0.00369972,
    0.00362752
  ],
  "SATS": [
    1.4836e-8,
    1.405e-8
  ],
  "NYM": [
    0.03413395,
    0.03393095
  ],
  "SPELL": [
    0.00016494,
    0.00016083
  ],
  "CPOOL": [
    0.02800175,
    0.02781467
  ],
  "DEGEN": [
    0.00074589,
    0.00071664
  ],
  "SLP": [
    0.00063915,
    0.0006226
  ],
  "ALLO": [
    0.10066,
    0.099005
  ],
  "CORN": [
    0.04110621,
    0.04107889
  ],
  "LRC": [
    0.01734218,
    0.01695234
  ],
  "AURORA": [
    0.02908873,
    0.02904729
  ],
  "BOB": [
    0.00703821,
    0.00680479
  ],
  "SWARMS": [
    0.01868138,
    0.01905916
  ],
  "INIT": [
    0.092589,
    0.089287
  ],
  "GRIFFAIN": [
    0.01664436,
    0.01660722
  ],
  "NIL": [
    0.03878584,
    0.03791301
  ],
  "L3": [
    0.01057264,
    0.01071215
  ],
  "NEWT": [
    0.071916,
    0.070779
  ],
  "DSYNC": [
    0.0153762,
    0.01507587
  ],
  "BANK": [
    0.03491233,
    0.033777
  ],
  "MUBARAK": [
    0.01376371,
    0.0133561
  ],
  "SONIC": [
    0.03559634,
    0.03474333
  ],
  "RESOLV": [
    0.0321613,
    0.03167007
  ],
  "DAO": [
    0.04628108,
    0.04619801
  ],
  "PAAL": [
    0.01317731,
    0.01290017
  ],
  "HONEY": [
    0.00199849,
    0.00200052
  ],
  "TLM": [
    0.00178575,
    0.00174263
  ],
  "AIN": [
    0.056669,
    0.054395
  ],
  "TAI": [
    0.01639573,
    0.01682808
  ],
  "IKA": [
    0.00357466,
    0.00325785
  ],
  "HMSTR": [
    0.00015387,
    0.00014824
  ],
  "LAT": [
    0.00134366,
    0.00134616
  ],
  "COQ": [
    1.3121e-7,
    1.2951e-7
  ],
  "AVL": [
    0.02741013,
    0.0268889
  ],
  "DENT": [
    0.0000837,
    0.0000817
  ],
  "FUEL": [
    0.00094114,
    0.00093971
  ],
  "NAVX": [
    0.00880593,
    0.00872794
  ],
  "NKN": [
    0.00820503,
    0.00803217
  ],
  "COS": [
    0.00119503,
    0.00116376
  ],
  "OBT": [
    0.00105066,
    0.00103449
  ],
  "PIXEL": [
    0.00736731,
    0.00712622
  ],
  "ROAM": [
    0.01576,
    0.01581477
  ],
  "RSS3": [
    0.00590467,
    0.00568834
  ],
  "SOLV": [
    0.00356683,
    0.00348308
  ],
  "FWOG": [
    0.00480078,
    0.0046539
  ],
  "OAS": [
    0.00062542,
    0.00065314
  ],
  "FHE": [
    0.01791467,
    0.01713228
  ],
  "DMC": [
    0.00070471,
    0.00069511
  ],
  "LYXE": [
    0.242227,
    0.242227
  ],
  "FORTH": [
    0.248209,
    0.246507
  ],
  "RDNT": [
    0.00196292,
    0.00195523
  ],
  "GEAR": [
    0.00025279,
    0.00025079
  ],
  "SAMO": [
    0.00042243,
    0.00042646
  ],
  "HOOK": [
    0.00829171,
    0.00822051
  ],
  "SAROS": [
    0.00079811,
    0.00080028
  ],
  "PTB": [
    0.0009989,
    0.00096252
  ],
  "CUDIS": [
    0.00796276,
    0.00782631
  ],
  "PERP": [
    0.0260649,
    0.0260373
  ],
  "EPT": [
    0.00075096,
    0.00074757
  ],
  "FLM": [
    0.00291509,
    0.00292053
  ],
  "FIS": [
    0.01071778,
    0.01068442
  ],
  "HIPPO": [
    0.00017531,
    0.00016616
  ],
  "GORK": [
    0.00150217,
    0.00150047
  ],
  "DATA": [
    0.0009609,
    0.00094612
  ],
  "ACA": [
    0.00072711,
    0.00074445
  ],
  "INSP": [
    0.00100786,
    0.00103246
  ],
  "A2Z": [
    0.0000931,
    0.0000933
  ],
  "FOXY": [
    0.00012147,
    0.00012101
  ],
  "DUCK": [
    0.00007069,
    0.00006921
  ],
  "RFC": [
    0.00054304,
    0.00053838
  ],
  "SWTCH": [
    0.00306651,
    0.00294834
  ],
  "LOOKS": [
    0.00038771,
    0.000384
  ],
  "MOONPIG": [
    0.00031517,
    0.00030302
  ],
  "BDXN": [
    0.00182949,
    0.00182386
  ],
  "ROOT": [
    0.00005641,
    0.00005857
  ],
  "CHILLGUY": [
    0.00008073,
    0.00009279
  ],
  "CHESS": [
    0.00016701,
    0.00016704
  ],
  "APU": [
    0.00003462,
    0.00003186
  ],
  "HOLO": [
    0.00001257,
    0.00001257
  ],
  "GMMT": [
    0.0030322,
    0.00326832
  ],
  "RATS": [
    0.00003431,
    0.0000326
  ],
  "ADB": [
    null,
    null
  ]
}