{
  "PUMP": [
    0.00184443,
    0.00186194
  ],
  "STABLE": [
    0.02556967,
    0.02555847
  ],
  "SIREN": [
    0.643996,
    0.648374
  ],
  "MON": [
    0.03236199,
    0.03315234
  ],
  "AERO": [
    0.38157,
    0.390403
  ],
  "JASMY": [
    0.00562059,
    0.00569626
  ],
  "LIT": [
    0.931351,
    0.93853
  ],
  "SKYAI": [
    0.173702,
    0.168965
  ],
  "CVX": [
    1.8,
    1.82
  ],
  "BAT": [
    0.100556,
    0.100736
  ],
  "ATH": [
    0.00598381,
    0.00596631
  ],
  "CHEEMS": [
    5.21697e-7,
    5.20201e-7
  ],
  "COW": [
    0.185372,
    0.185383
  ],
  "BANANAS31": [
    0.00956434,
    0.00965521
  ],
  "ONT": [
    0.076907,
    0.077094
  ],
  "CKB": [
    0.00153646,
    0.00153645
  ],
  "TAG": [
    0.00068574,
    0.0006794
  ],
  "BEAT": [
    0.491966,
    0.49672
  ],
  "BAN": [
    0.067894,
    0.06888
  ],
  "SAHARA": [
    0.02161699,
    0.02163637
  ],
  "ARC": [
    0.066817,
    0.066936
  ],
  "POLYX": [
    0.050446,
    0.051186
  ],
  "NPC": [
    0.00761605,
    0.00759375
  ],
  "CSPR": [
    0.00293724,
    0.00293117
  ],
  "MERL": [
    0.03570799,
    0.03722247
  ],
  "MYX": [
    0.227089,
    0.232148
  ],
  "IOTX": [
    0.00459942,
    0.00466657
  ],
  "NEIRO": [
    0.00008598,
    0.00009224
  ],
  "NOT": [
    0.000386,
    0.00038855
  ],
  "SNEK": [
    0.00048872,
    0.00048951
  ],
  "MAGMA": [
    0.191718,
    0.189314
  ],
  "HUMA": [
    0.01881798,
    0.01930127
  ],
  "SATS": [
    1.4834e-8,
    1.5062e-8
  ],
  "ISLM": [
    0.01235402,
    0.01199591
  ],
  "DEP": [
    0.00111225,
    0.00111068
  ],
  "REZ": [
    0.00374294,
    0.00371954
  ],
  "SPELL": [
    0.00016413,
    0.00016529
  ],
  "NYM": [
    0.03343754,
    0.03367127
  ],
  "DEGEN": [
    0.00074664,
    0.00075621
  ],
  "CPOOL": [
    0.02751212,
    0.02716334
  ],
  "GUN": [
    0.01509883,
    0.0150771
  ],
  "SLP": [
    0.00064637,
    0.00065172
  ],
  "ALLO": [
    0.101349,
    0.10029
  ],
  "CORN": [
    0.04144291,
    0.0414321
  ],
  "LRC": [
    0.01696352,
    0.01712372
  ],
  "GRIFFAIN": [
    0.01899279,
    0.02104588
  ],
  "AURORA": [
    0.02890099,
    0.02892801
  ],
  "BOB": [
    0.00671042,
    0.00699121
  ],
  "INIT": [
    0.094871,
    0.095199
  ],
  "NIL": [
    0.0376166,
    0.04091591
  ],
  "SWARMS": [
    0.0167109,
    0.01703448
  ],
  "DSYNC": [
    0.01517281,
    0.01594205
  ],
  "NEWT": [
    0.072696,
    0.073172
  ],
  "L3": [
    0.01055863,
    0.01058525
  ],
  "BANK": [
    0.0334986,
    0.03295547
  ],
  "MUBARAK": [
    0.01371638,
    0.01391411
  ],
  "SONIC": [
    0.03610609,
    0.03614185
  ],
  "RESOLV": [
    0.03259247,
    0.03240955
  ],
  "PAAL": [
    0.01336325,
    0.01345297
  ],
  "TLM": [
    0.00181407,
    0.00181134
  ],
  "DAO": [
    0.04653295,
    0.04707953
  ],
  "HONEY": [
    0.00197468,
    0.00199742
  ],
  "AIN": [
    0.054836,
    0.060235
  ],
  "IKA": [
    0.00358933,
    0.00360652
  ],
  "TAI": [
    0.01636058,
    0.01724664
  ],
  "HMSTR": [
    0.00015045,
    0.00015129
  ],
  "COQ": [
    1.30608e-7,
    1.34197e-7
  ],
  "LAT": [
    0.00132952,
    0.00131903
  ],
  "DENT": [
    0.00009043,
    0.00008427
  ],
  "AVL": [
    0.02733734,
    0.02709995
  ],
  "NAVX": [
    0.00922866,
    0.0091885
  ],
  "FUEL": [
    0.00094276,
    0.00094227
  ],
  "NKN": [
    0.00804776,
    0.00826144
  ],
  "COS": [
    0.00116682,
    0.00116284
  ],
  "PIXEL": [
    0.00775859,
    0.00774393
  ],
  "OBT": [
    0.00105141,
    0.0010567
  ],
  "RSS3": [
    0.00590182,
    0.0059368
  ],
  "SOLV": [
    0.00372586,
    0.00365456
  ],
  "ROAM": [
    0.01631832,
    0.01552253
  ],
  "FWOG": [
    0.00477454,
    0.00480736
  ],
  "FHE": [
    0.01830373,
    0.01852648
  ],
  "DMC": [
    0.00069616,
    0.0006994
  ],
  "OAS": [
    0.00061304,
    0.00062933
  ],
  "LYXE": [
    0.242227,
    0.242227
  ],
  "GEAR": [
    0.00029707,
    0.00030247
  ],
  "FORTH": [
    0.255146,
    0.254827
  ],
  "RDNT": [
    0.00201528,
    0.00202647
  ],
  "SAROS": [
    0.00097066,
    0.00096221
  ],
  "HOOK": [
    0.00860384,
    0.00854307
  ],
  "SAMO": [
    0.00041072,
    0.00041096
  ],
  "PTB": [
    0.00099089,
    0.00100309
  ],
  "CUDIS": [
    0.00799308,
    0.00812195
  ],
  "PERP": [
    0.02650329,
    0.02623606
  ],
  "EPT": [
    0.00075392,
    0.00075221
  ],
  "FIS": [
    0.01089446,
    0.01102441
  ],
  "FLM": [
    0.0029423,
    0.00293147
  ],
  "HIPPO": [
    0.00015942,
    0.00016433
  ],
  "GORK": [
    0.00148275,
    0.00150555
  ],
  "DATA": [
    0.00096663,
    0.00096906
  ],
  "ACA": [
    0.00068619,
    0.00070495
  ],
  "INSP": [
    0.00101725,
    0.00100631
  ],
  "A2Z": [
    0.000095,
    0.000094
  ],
  "FOXY": [
    0.00012205,
    0.00012308
  ],
  "DUCK": [
    0.00006818,
    0.00006991
  ],
  "RFC": [
    0.00054454,
    0.00054658
  ],
  "SWTCH": [
    0.00310511,
    0.00311408
  ],
  "LOOKS": [
    0.00041538,
    0.00040545
  ],
  "MOONPIG": [
    0.00031512,
    0.00031794
  ],
  "BDXN": [
    0.00182148,
    0.00181311
  ],
  "ROOT": [
    0.00005731,
    0.00005621
  ],
  "CHILLGUY": [
    0.00008058,
    0.00008099
  ],
  "CHESS": [
    0.00016644,
    0.00016669
  ],
  "APU": [
    0.00003501,
    0.00003475
  ],
  "HOLO": [
    0.00001257,
    0.00001257
  ],
  "RATS": [
    0.00003456,
    0.00003502
  ],
  "GMMT": [
    0.0028087,
    0.0029982
  ],
  "ADB": [
    null,
    null
  ]
}