{
  "PUMP": [
    0.00175523,
    0.00176733
  ],
  "STABLE": [
    0.03604269,
    0.03533551
  ],
  "SIREN": [
    0.707037,
    0.69703
  ],
  "AERO": [
    0.462268,
    0.465357
  ],
  "MON": [
    0.02888012,
    0.02944389
  ],
  "JASMY": [
    0.00593385,
    0.00594255
  ],
  "LIT": [
    0.844476,
    0.839336
  ],
  "SKYAI": [
    0.159542,
    0.156827
  ],
  "CVX": [
    1.72,
    1.72
  ],
  "BAT": [
    0.101286,
    0.101105
  ],
  "CHEEMS": [
    6.05945e-7,
    6.07195e-7
  ],
  "ATH": [
    0.00585933,
    0.00585019
  ],
  "COW": [
    0.184862,
    0.186663
  ],
  "BANANAS31": [
    0.00920023,
    0.00926567
  ],
  "BEAT": [
    0.545021,
    0.549802
  ],
  "SAHARA": [
    0.02292137,
    0.02267562
  ],
  "BAN": [
    0.073422,
    0.073651
  ],
  "ARC": [
    0.075159,
    0.073609
  ],
  "CKB": [
    0.00150774,
    0.00150102
  ],
  "TAG": [
    0.00065474,
    0.00064757
  ],
  "ONT": [
    0.071058,
    0.070432
  ],
  "NPC": [
    0.00806841,
    0.00810199
  ],
  "POLYX": [
    0.04893661,
    0.04894213
  ],
  "MYX": [
    0.279492,
    0.271902
  ],
  "MERL": [
    0.03759781,
    0.03751215
  ],
  "CSPR": [
    0.00289602,
    0.00289702
  ],
  "IOTX": [
    0.00466382,
    0.00466314
  ],
  "NOT": [
    0.00039622,
    0.00039771
  ],
  "HUMA": [
    0.02184971,
    0.02157453
  ],
  "NEIRO": [
    0.00008783,
    0.00008735
  ],
  "MAGMA": [
    0.189831,
    0.187895
  ],
  "SNEK": [
    0.0004664,
    0.00046627
  ],
  "REZ": [
    0.00395954,
    0.00405737
  ],
  "ISLM": [
    0.01173909,
    0.01186195
  ],
  "SPELL": [
    0.00017692,
    0.00017623
  ],
  "SATS": [
    1.4203e-8,
    1.42e-8
  ],
  "DEP": [
    0.00100471,
    0.00104668
  ],
  "SLP": [
    0.00073349,
    0.00071518
  ],
  "ALLO": [
    0.111448,
    0.111498
  ],
  "GUN": [
    0.01424005,
    0.01430554
  ],
  "DEGEN": [
    0.00067633,
    0.0006687
  ],
  "CPOOL": [
    0.02459644,
    0.02462785
  ],
  "NYM": [
    0.02741043,
    0.02706705
  ],
  "SWARMS": [
    0.02504487,
    0.02166813
  ],
  "CORN": [
    0.04049847,
    0.04046287
  ],
  "LRC": [
    0.01668562,
    0.01670187
  ],
  "AURORA": [
    0.02681759,
    0.02672886
  ],
  "NIL": [
    0.03973394,
    0.03958252
  ],
  "INIT": [
    0.091503,
    0.089948
  ],
  "GRIFFAIN": [
    0.01738908,
    0.01669862
  ],
  "NEWT": [
    0.077296,
    0.077867
  ],
  "BOB": [
    0.00565199,
    0.00576535
  ],
  "AIN": [
    0.086348,
    0.08751
  ],
  "L3": [
    0.01031527,
    0.01120105
  ],
  "BANK": [
    0.03342838,
    0.03425145
  ],
  "SONIC": [
    0.03888,
    0.03899603
  ],
  "DSYNC": [
    0.01332784,
    0.01343578
  ],
  "MUBARAK": [
    0.01321465,
    0.0131238
  ],
  "TLM": [
    0.0018351,
    0.00183391
  ],
  "HONEY": [
    0.00207378,
    0.00205873
  ],
  "RESOLV": [
    0.02967172,
    0.03014645
  ],
  "PAAL": [
    0.01231334,
    0.01230602
  ],
  "IKA": [
    0.00347585,
    0.00357432
  ],
  "DAO": [
    0.04125064,
    0.04129797
  ],
  "HMSTR": [
    0.00015237,
    0.00015184
  ],
  "TAI": [
    0.01644546,
    0.01648393
  ],
  "COQ": [
    1.37111e-7,
    1.36367e-7
  ],
  "LAT": [
    0.00131813,
    0.00131632
  ],
  "AVL": [
    0.02614227,
    0.02610722
  ],
  "FUEL": [
    0.00092615,
    0.00092607
  ],
  "NAVX": [
    0.00871444,
    0.00872053
  ],
  "NKN": [
    0.00831444,
    0.00832428
  ],
  "PIXEL": [
    0.00836424,
    0.00826123
  ],
  "COS": [
    0.00116852,
    0.00117151
  ],
  "SOLV": [
    0.00400891,
    0.00400604
  ],
  "OBT": [
    0.00100141,
    0.00100884
  ],
  "RSS3": [
    0.00564559,
    0.00564517
  ],
  "ROAM": [
    0.01489635,
    0.014532
  ],
  "DMC": [
    0.00071588,
    0.00073904
  ],
  "FWOG": [
    0.00458138,
    0.00456066
  ],
  "FHE": [
    0.01766464,
    0.01779772
  ],
  "LYXE": [
    0.248356,
    0.248673
  ],
  "DENT": [
    0.00004011,
    0.00004016
  ],
  "OAS": [
    0.00054771,
    0.00054831
  ],
  "FORTH": [
    0.243919,
    0.243851
  ],
  "RDNT": [
    0.00179349,
    0.00181404
  ],
  "HOOK": [
    0.00820057,
    0.00819243
  ],
  "GEAR": [
    0.00022315,
    0.00022371
  ],
  "SAMO": [
    0.00037125,
    0.00037201
  ],
  "CUDIS": [
    0.00777423,
    0.00776357
  ],
  "PERP": [
    0.02565847,
    0.02583276
  ],
  "EPT": [
    0.00072148,
    0.00071576
  ],
  "PTB": [
    0.00079608,
    0.00079375
  ],
  "FIS": [
    0.01052366,
    0.01054657
  ],
  "HIPPO": [
    0.00016092,
    0.00015821
  ],
  "FLM": [
    0.00265762,
    0.002626
  ],
  "GORK": [
    0.0014256,
    0.0014247
  ],
  "SAROS": [
    0.0004772,
    0.00047374
  ],
  "DATA": [
    0.00070572,
    0.00070864
  ],
  "INSP": [
    0.00099322,
    0.00098664
  ],
  "ACA": [
    0.00066204,
    0.00066096
  ],
  "FOXY": [
    0.00011581,
    0.00011582
  ],
  "A2Z": [
    0.00007279,
    0.0000727
  ],
  "RFC": [
    0.00059471,
    0.00059245
  ],
  "DUCK": [
    0.00006886,
    0.00006924
  ],
  "SWTCH": [
    0.00319128,
    0.00306331
  ],
  "LOOKS": [
    0.00035987,
    0.00035991
  ],
  "MOONPIG": [
    0.00027218,
    0.00026887
  ],
  "BDXN": [
    0.00163417,
    0.00159045
  ],
  "ROOT": [
    0.00006249,
    0.00006241
  ],
  "CHILLGUY": [
    0.0001115,
    0.00011178
  ],
  "APU": [
    0.00003885,
    0.00004445
  ],
  "CHESS": [
    0.0001682,
    0.0001695
  ],
  "HOLO": [
    0.00001191,
    0.00001191
  ],
  "GMMT": [
    0.00248053,
    0.00247781
  ],
  "RATS": [
    0.00003823,
    0.00003893
  ],
  "ADB": [
    null,
    null
  ]
}