{
  "STABLE": [
    0.03278954,
    0.03302936
  ],
  "PUMP": [
    0.0018337,
    0.00184146
  ],
  "SIREN": [
    0.718709,
    0.71099
  ],
  "AERO": [
    0.464798,
    0.463301
  ],
  "MON": [
    0.02944635,
    0.02984989
  ],
  "SKYAI": [
    0.353893,
    0.350104
  ],
  "JASMY": [
    0.00564318,
    0.00562898
  ],
  "LIT": [
    0.913011,
    0.908611
  ],
  "CVX": [
    1.74,
    1.73
  ],
  "BAT": [
    0.096754,
    0.097143
  ],
  "CHEEMS": [
    6.1537e-7,
    6.1251e-7
  ],
  "ATH": [
    0.00587172,
    0.00584792
  ],
  "COW": [
    0.18676,
    0.186807
  ],
  "BANANAS31": [
    0.00970503,
    0.00968335
  ],
  "TAG": [
    0.00083041,
    0.00085304
  ],
  "BEAT": [
    0.563758,
    0.573434
  ],
  "SAHARA": [
    0.02224229,
    0.02310091
  ],
  "CKB": [
    0.00150182,
    0.00150529
  ],
  "BAN": [
    0.072952,
    0.072209
  ],
  "ONT": [
    0.070943,
    0.070915
  ],
  "ARC": [
    0.070745,
    0.070571
  ],
  "NPC": [
    0.00788842,
    0.0078916
  ],
  "POLYX": [
    0.04800881,
    0.04806125
  ],
  "MYX": [
    0.264899,
    0.265167
  ],
  "CSPR": [
    0.00281141,
    0.00281488
  ],
  "MAGMA": [
    0.226182,
    0.226089
  ],
  "IOTX": [
    0.00456953,
    0.00448735
  ],
  "ISLM": [
    0.01177124,
    0.01165345
  ],
  "MERL": [
    0.03227721,
    0.03238579
  ],
  "NEIRO": [
    0.00009169,
    0.00009217
  ],
  "HUMA": [
    0.02219555,
    0.02217694
  ],
  "NOT": [
    0.00038512,
    0.00038588
  ],
  "REZ": [
    0.00436213,
    0.00437811
  ],
  "SNEK": [
    0.00046255,
    0.00046226
  ],
  "DEP": [
    0.00111135,
    0.00113485
  ],
  "SATS": [
    1.3832e-8,
    1.3784e-8
  ],
  "SPELL": [
    0.00016863,
    0.00016809
  ],
  "ALLO": [
    0.121459,
    0.119958
  ],
  "SWARMS": [
    0.02561786,
    0.026484
  ],
  "CPOOL": [
    0.0257163,
    0.02602542
  ],
  "GUN": [
    0.01442535,
    0.01447253
  ],
  "SLP": [
    0.00070452,
    0.00070301
  ],
  "DEGEN": [
    0.00067897,
    0.00067965
  ],
  "CORN": [
    0.04032512,
    0.04026268
  ],
  "LRC": [
    0.01683795,
    0.01681127
  ],
  "GRIFFAIN": [
    0.01792293,
    0.01856389
  ],
  "NYM": [
    0.02215315,
    0.02215397
  ],
  "AURORA": [
    0.02635255,
    0.0263013
  ],
  "L3": [
    0.01238639,
    0.01226992
  ],
  "NIL": [
    0.04067953,
    0.04039526
  ],
  "INIT": [
    0.092374,
    0.091267
  ],
  "BOB": [
    0.00592898,
    0.00606115
  ],
  "AIN": [
    0.091673,
    0.091393
  ],
  "NEWT": [
    0.074114,
    0.074049
  ],
  "BANK": [
    0.03355693,
    0.03394152
  ],
  "MUBARAK": [
    0.01362268,
    0.01364034
  ],
  "SONIC": [
    0.03768434,
    0.03774751
  ],
  "DSYNC": [
    0.01324329,
    0.01318337
  ],
  "TLM": [
    0.0018512,
    0.00184281
  ],
  "PAAL": [
    0.01321161,
    0.01319916
  ],
  "RESOLV": [
    0.02916985,
    0.02886468
  ],
  "HONEY": [
    0.0018101,
    0.00180016
  ],
  "DAO": [
    0.04163934,
    0.04096893
  ],
  "IKA": [
    0.00337368,
    0.00336828
  ],
  "HMSTR": [
    0.00015504,
    0.00015487
  ],
  "COQ": [
    1.37278e-7,
    1.37051e-7
  ],
  "LAT": [
    0.00133615,
    0.00133293
  ],
  "TAI": [
    0.01502257,
    0.01490215
  ],
  "RSS3": [
    0.00591938,
    0.00559097
  ],
  "AVL": [
    0.02639991,
    0.02648155
  ],
  "FUEL": [
    0.00091255,
    0.00091375
  ],
  "NAVX": [
    0.00876654,
    0.00873903
  ],
  "SOLV": [
    0.00476179,
    0.00464709
  ],
  "NKN": [
    0.00800106,
    0.00783353
  ],
  "PIXEL": [
    0.00808117,
    0.00805179
  ],
  "COS": [
    0.00115709,
    0.00115233
  ],
  "OBT": [
    0.00100888,
    0.00100489
  ],
  "DMC": [
    0.00069479,
    0.00069849
  ],
  "FHE": [
    0.01809187,
    0.01802983
  ],
  "FWOG": [
    0.00452784,
    0.00452441
  ],
  "ROAM": [
    0.01141028,
    0.01130825
  ],
  "DENT": [
    0.00003993,
    0.00004066
  ],
  "LYXE": [
    0.249772,
    0.249772
  ],
  "GEAR": [
    0.00033161,
    0.00032987
  ],
  "OAS": [
    0.00048134,
    0.00049221
  ],
  "FORTH": [
    0.240925,
    0.241193
  ],
  "HOOK": [
    0.00797486,
    0.00809574
  ],
  "RDNT": [
    0.00178659,
    0.00177547
  ],
  "SAMO": [
    0.00036203,
    0.00036048
  ],
  "CUDIS": [
    0.00778255,
    0.00779164
  ],
  "PERP": [
    0.02558394,
    0.02558686
  ],
  "SAROS": [
    0.00065907,
    0.0006801
  ],
  "EPT": [
    0.00071963,
    0.00072537
  ],
  "FIS": [
    0.0106182,
    0.01060063
  ],
  "PTB": [
    0.0007914,
    0.00079073
  ],
  "HIPPO": [
    0.00016465,
    0.0001625
  ],
  "FLM": [
    0.0025898,
    0.00262878
  ],
  "GORK": [
    0.00141913,
    0.00142105
  ],
  "DATA": [
    0.00071744,
    0.00071656
  ],
  "A2Z": [
    0.00011449,
    0.00010455
  ],
  "INSP": [
    0.00094313,
    0.00093436
  ],
  "ACA": [
    0.00063643,
    0.00063798
  ],
  "FOXY": [
    0.00011599,
    0.000116
  ],
  "DUCK": [
    0.00007232,
    0.00007372
  ],
  "RFC": [
    0.00058609,
    0.00058563
  ],
  "SWTCH": [
    0.00339695,
    0.0033195
  ],
  "LOOKS": [
    0.00035794,
    0.00035992
  ],
  "MOONPIG": [
    0.0002669,
    0.00026497
  ],
  "BDXN": [
    0.00159414,
    0.00160004
  ],
  "ROOT": [
    0.00006088,
    0.00006019
  ],
  "CHILLGUY": [
    0.00009104,
    0.00009074
  ],
  "CHESS": [
    0.00019869,
    0.00019867
  ],
  "APU": [
    0.00003975,
    0.00003989
  ],
  "HOLO": [
    0.00001187,
    0.00001188
  ],
  "GMMT": [
    0.00248739,
    0.00249347
  ],
  "RATS": [
    0.0000385,
    0.00003819
  ],
  "ADB": [
    null,
    null
  ]
}