{
  "PUMP": [
    0.00178263,
    0.00178616
  ],
  "STABLE": [
    0.03334833,
    0.03468543
  ],
  "SIREN": [
    0.681071,
    0.67733
  ],
  "AERO": [
    0.426771,
    0.426679
  ],
  "MON": [
    0.03123342,
    0.03095595
  ],
  "JASMY": [
    0.00576705,
    0.00574797
  ],
  "LIT": [
    0.944783,
    0.945366
  ],
  "SKYAI": [
    0.196695,
    0.19637
  ],
  "CVX": [
    1.78,
    1.78
  ],
  "BAT": [
    0.105051,
    0.104781
  ],
  "CHEEMS": [
    6.1837e-7,
    6.2042e-7
  ],
  "ATH": [
    0.00608485,
    0.00606325
  ],
  "COW": [
    0.191315,
    0.191397
  ],
  "BANANAS31": [
    0.00932249,
    0.00922378
  ],
  "BEAT": [
    0.589338,
    0.595575
  ],
  "ONT": [
    0.078097,
    0.077447
  ],
  "BAN": [
    0.077408,
    0.077462
  ],
  "TAG": [
    0.00069444,
    0.00068645
  ],
  "CKB": [
    0.0015184,
    0.00151733
  ],
  "SAHARA": [
    0.02172905,
    0.02176173
  ],
  "NPC": [
    0.00840903,
    0.00843055
  ],
  "ARC": [
    0.064983,
    0.064997
  ],
  "POLYX": [
    0.05121,
    0.050889
  ],
  "MAGMA": [
    0.248888,
    0.251492
  ],
  "MERL": [
    0.03820062,
    0.0385747
  ],
  "CSPR": [
    0.00301097,
    0.00295317
  ],
  "HUMA": [
    0.02647282,
    0.02677562
  ],
  "IOTX": [
    0.00484899,
    0.00485855
  ],
  "MYX": [
    0.239583,
    0.240301
  ],
  "NOT": [
    0.00042136,
    0.0004206
  ],
  "SNEK": [
    0.00052638,
    0.00052204
  ],
  "NEIRO": [
    0.00008983,
    0.00008976
  ],
  "REZ": [
    0.00388949,
    0.00387423
  ],
  "DEP": [
    0.00112969,
    0.00112925
  ],
  "SATS": [
    1.4734e-8,
    1.4656e-8
  ],
  "ISLM": [
    0.01165122,
    0.01186951
  ],
  "SPELL": [
    0.00016565,
    0.000165
  ],
  "CPOOL": [
    0.02817406,
    0.02820116
  ],
  "ALLO": [
    0.12224,
    0.122779
  ],
  "GUN": [
    0.01549154,
    0.01534123
  ],
  "NYM": [
    0.03100716,
    0.03109505
  ],
  "INIT": [
    0.087808,
    0.092682
  ],
  "DEGEN": [
    0.00067771,
    0.00067474
  ],
  "SLP": [
    0.000693,
    0.00068366
  ],
  "LRC": [
    0.01735555,
    0.01730621
  ],
  "CORN": [
    0.04039693,
    0.04030189
  ],
  "GRIFFAIN": [
    0.02048614,
    0.02111166
  ],
  "AURORA": [
    0.02797577,
    0.02798081
  ],
  "NIL": [
    0.04140953,
    0.04145764
  ],
  "SWARMS": [
    0.01778169,
    0.01773008
  ],
  "BOB": [
    0.00608719,
    0.00610143
  ],
  "NEWT": [
    0.078918,
    0.078975
  ],
  "BANK": [
    0.03666658,
    0.03689654
  ],
  "L3": [
    0.01049506,
    0.01048328
  ],
  "MUBARAK": [
    0.01390281,
    0.01401174
  ],
  "DSYNC": [
    0.01375479,
    0.01371634
  ],
  "SONIC": [
    0.03640342,
    0.03622646
  ],
  "HONEY": [
    0.00215694,
    0.00220321
  ],
  "TLM": [
    0.00190925,
    0.00188288
  ],
  "PAAL": [
    0.01269919,
    0.01260345
  ],
  "AIN": [
    0.059952,
    0.060794
  ],
  "DAO": [
    0.04488611,
    0.04481888
  ],
  "RESOLV": [
    0.02840669,
    0.02851365
  ],
  "IKA": [
    0.00365478,
    0.0036344
  ],
  "COQ": [
    1.49103e-7,
    1.49758e-7
  ],
  "HMSTR": [
    0.0001589,
    0.00015745
  ],
  "TAI": [
    0.01656255,
    0.01659154
  ],
  "LAT": [
    0.00132673,
    0.00132857
  ],
  "AVL": [
    0.02848381,
    0.02867972
  ],
  "FUEL": [
    0.00094115,
    0.00094115
  ],
  "NAVX": [
    0.00864529,
    0.00865183
  ],
  "DENT": [
    0.00007337,
    0.00007266
  ],
  "NKN": [
    0.00861924,
    0.0085887
  ],
  "COS": [
    0.00118821,
    0.00118546
  ],
  "SOLV": [
    0.00404942,
    0.00407519
  ],
  "PIXEL": [
    0.0079118,
    0.00774946
  ],
  "ROAM": [
    0.01689631,
    0.01688104
  ],
  "OBT": [
    0.00102609,
    0.00102003
  ],
  "RSS3": [
    0.00573286,
    0.00563063
  ],
  "FHE": [
    0.01944433,
    0.01969661
  ],
  "DMC": [
    0.00069914,
    0.00069534
  ],
  "FWOG": [
    0.0046364,
    0.00463305
  ],
  "OAS": [
    0.00063133,
    0.00063102
  ],
  "LYXE": [
    0.228408,
    0.228057
  ],
  "FORTH": [
    0.234014,
    0.238307
  ],
  "RDNT": [
    0.00193779,
    0.00194793
  ],
  "HOOK": [
    0.00848672,
    0.00853284
  ],
  "GEAR": [
    0.00022398,
    0.00022313
  ],
  "SAMO": [
    0.00038632,
    0.00038538
  ],
  "CUDIS": [
    0.00815234,
    0.00812526
  ],
  "PERP": [
    0.02615407,
    0.02608458
  ],
  "PTB": [
    0.0008847,
    0.00087233
  ],
  "EPT": [
    0.00073887,
    0.00073734
  ],
  "HIPPO": [
    0.00016523,
    0.00016635
  ],
  "FIS": [
    0.01068127,
    0.01068217
  ],
  "GORK": [
    0.00162935,
    0.00162727
  ],
  "FLM": [
    0.00269654,
    0.0026957
  ],
  "SAROS": [
    0.0005388,
    0.00052846
  ],
  "DATA": [
    0.00086852,
    0.00069096
  ],
  "INSP": [
    0.00112452,
    0.00112707
  ],
  "ACA": [
    0.00067945,
    0.00065585
  ],
  "FOXY": [
    0.00012096,
    0.00012095
  ],
  "A2Z": [
    0.00007199,
    0.00007262
  ],
  "RFC": [
    0.0005801,
    0.00057912
  ],
  "DUCK": [
    0.0000692,
    0.00007019
  ],
  "SWTCH": [
    0.00320324,
    0.00315648
  ],
  "LOOKS": [
    0.00038806,
    0.00038603
  ],
  "MOONPIG": [
    0.00030103,
    0.00029903
  ],
  "BDXN": [
    0.00176224,
    0.00174705
  ],
  "ROOT": [
    0.0000596,
    0.00006031
  ],
  "CHILLGUY": [
    0.00013892,
    0.00013838
  ],
  "APU": [
    0.00006208,
    0.00006229
  ],
  "CHESS": [
    0.00015508,
    0.00015195
  ],
  "HOLO": [
    0.0000125,
    0.0000125
  ],
  "GMMT": [
    0.00264286,
    0.00263853
  ],
  "RATS": [
    0.00003783,
    0.00003794
  ],
  "ADB": [
    null,
    null
  ]
}