{
  "PUMP": [
    0.00162758,
    0.00163702
  ],
  "SIREN": [
    1.67,
    1.12
  ],
  "STABLE": [
    0.02374192,
    0.02362703
  ],
  "AERO": [
    0.309362,
    0.310917
  ],
  "JASMY": [
    0.00522853,
    0.00525417
  ],
  "MON": [
    0.02258132,
    0.02287654
  ],
  "LIT": [
    0.78684,
    0.79688
  ],
  "CVX": [
    1.73,
    1.73
  ],
  "BAT": [
    0.093947,
    0.09385
  ],
  "BANANAS31": [
    0.0134905,
    0.01313317
  ],
  "ATH": [
    0.00664134,
    0.00664745
  ],
  "COW": [
    0.196824,
    0.199583
  ],
  "CHEEMS": [
    4.20968e-7,
    4.23549e-7
  ],
  "SAHARA": [
    0.02297648,
    0.02303167
  ],
  "ONT": [
    0.077583,
    0.077143
  ],
  "CKB": [
    0.00134712,
    0.00135046
  ],
  "BEAT": [
    0.508975,
    0.468326
  ],
  "TAG": [
    0.00057923,
    0.00057917
  ],
  "SKYAI": [
    0.061486,
    0.061711
  ],
  "BAN": [
    0.065688,
    0.060651
  ],
  "POLYX": [
    0.04544238,
    0.04661279
  ],
  "NPC": [
    0.00714777,
    0.00709501
  ],
  "ARC": [
    0.053552,
    0.051751
  ],
  "CSPR": [
    0.00309285,
    0.0031196
  ],
  "MYX": [
    0.239337,
    0.239309
  ],
  "IOTX": [
    0.00458386,
    0.00466829
  ],
  "ISLM": [
    0.01379157,
    0.01387731
  ],
  "NOT": [
    0.00035261,
    0.00035419
  ],
  "DEP": [
    0.00116253,
    0.00116073
  ],
  "SNEK": [
    0.00040616,
    0.00040692
  ],
  "MERL": [
    0.02390273,
    0.0244209
  ],
  "GUN": [
    0.01658408,
    0.01735451
  ],
  "SPELL": [
    0.00016275,
    0.00016305
  ],
  "NYM": [
    0.03344058,
    0.03352856
  ],
  "REZ": [
    0.00329528,
    0.00331343
  ],
  "DEGEN": [
    0.00067023,
    0.00067147
  ],
  "HUMA": [
    0.01458342,
    0.01415207
  ],
  "LRC": [
    0.01962258,
    0.01951033
  ],
  "CORN": [
    0.04602243,
    0.04600331
  ],
  "MAGMA": [
    0.125171,
    0.125517
  ],
  "NEIRO": [
    0.00005601,
    0.0000562
  ],
  "ALLO": [
    0.105524,
    0.105485
  ],
  "SATS": [
    1.054e-8,
    1.0599e-8
  ],
  "SLP": [
    0.00057515,
    0.00057591
  ],
  "CPOOL": [
    0.02125746,
    0.02153781
  ],
  "AURORA": [
    0.02680187,
    0.02652879
  ],
  "DENT": [
    0.00017486,
    0.00017797
  ],
  "BANK": [
    0.03971603,
    0.03893869
  ],
  "RESOLV": [
    0.042527,
    0.04197046
  ],
  "DSYNC": [
    0.01575924,
    0.01595889
  ],
  "BOB": [
    0.00557667,
    0.00537011
  ],
  "NEWT": [
    0.066805,
    0.067907
  ],
  "NIL": [
    0.03442424,
    0.03393458
  ],
  "INIT": [
    0.075976,
    0.076397
  ],
  "SONIC": [
    0.03747148,
    0.0380006
  ],
  "ROAM": [
    0.03928623,
    0.03949317
  ],
  "PAAL": [
    0.01430218,
    0.01457797
  ],
  "L3": [
    0.00940599,
    0.0094207
  ],
  "HONEY": [
    0.00209032,
    0.00207192
  ],
  "DAO": [
    0.04676911,
    0.04578206
  ],
  "MUBARAK": [
    0.01125548,
    0.01128066
  ],
  "GRIFFAIN": [
    0.0112016,
    0.01098895
  ],
  "AIN": [
    0.057245,
    0.05717
  ],
  "TLM": [
    0.00158737,
    0.00158363
  ],
  "NKN": [
    0.01282843,
    0.01305632
  ],
  "IKA": [
    0.00318545,
    0.0032118
  ],
  "TAI": [
    0.01548551,
    0.01628308
  ],
  "SWARMS": [
    0.00953318,
    0.00942256
  ],
  "LAT": [
    0.00130673,
    0.00131111
  ],
  "HMSTR": [
    0.00013191,
    0.00013169
  ],
  "FUEL": [
    0.00096475,
    0.00095977
  ],
  "NAVX": [
    0.00872371,
    0.00879212
  ],
  "AVL": [
    0.02602133,
    0.0260089
  ],
  "COS": [
    0.00137302,
    0.00135082
  ],
  "COQ": [
    9.4051e-8,
    9.5267e-8
  ],
  "DUCK": [
    0.00085783,
    0.00088239
  ],
  "PIXEL": [
    0.00803314,
    0.00797285
  ],
  "HIPPO": [
    0.00054271,
    0.00053738
  ],
  "OBT": [
    0.00102073,
    0.00100879
  ],
  "RDNT": [
    0.00400446,
    0.00391066
  ],
  "RSS3": [
    0.00549262,
    0.00555071
  ],
  "FWOG": [
    0.00491365,
    0.00488181
  ],
  "DMC": [
    0.00077976,
    0.00077384
  ],
  "FHE": [
    0.01923525,
    0.01890774
  ],
  "SOLV": [
    0.00313802,
    0.0031311
  ],
  "LYXE": [
    0.28024,
    0.28024
  ],
  "FORTH": [
    0.345075,
    0.349516
  ],
  "GEAR": [
    0.00029078,
    0.00028925
  ],
  "OAS": [
    0.00037357,
    0.00037459
  ],
  "HOOK": [
    0.00875042,
    0.00837355
  ],
  "SAMO": [
    0.00040591,
    0.00040097
  ],
  "FIS": [
    0.01427919,
    0.01384135
  ],
  "PERP": [
    0.02976593,
    0.02883593
  ],
  "PTB": [
    0.00103727,
    0.00099213
  ],
  "CUDIS": [
    0.00819934,
    0.00798495
  ],
  "EPT": [
    0.00072948,
    0.00072455
  ],
  "FLM": [
    0.00276317,
    0.00270401
  ],
  "GORK": [
    0.00151545,
    0.00150208
  ],
  "SAROS": [
    0.00055847,
    0.00056324
  ],
  "A2Z": [
    0.00017993,
    0.00017084
  ],
  "DATA": [
    0.00098908,
    0.00099446
  ],
  "INSP": [
    0.00130841,
    0.00136924
  ],
  "ACA": [
    0.00080702,
    0.00080901
  ],
  "SWTCH": [
    0.00505346,
    0.00466958
  ],
  "FOXY": [
    0.00012091,
    0.00011949
  ],
  "RFC": [
    0.00054002,
    0.00054922
  ],
  "LOOKS": [
    0.00040913,
    0.00039993
  ],
  "BDXN": [
    0.00217864,
    0.00230453
  ],
  "MOONPIG": [
    0.00029576,
    0.00029181
  ],
  "CHESS": [
    0.00141199,
    0.00137856
  ],
  "ROOT": [
    0.00005696,
    0.00006093
  ],
  "CHILLGUY": [
    0.00006675,
    0.00006699
  ],
  "APU": [
    0.00003129,
    0.0000302
  ],
  "HOLO": [
    0.00001312,
    0.00001312
  ],
  "RATS": [
    0.00004293,
    0.00004217
  ],
  "GMMT": [
    0.00377357,
    0.00373985
  ],
  "ADB": [
    null,
    null
  ]
}