{
  "PUMP": [
    0.00181956,
    0.00180598
  ],
  "STABLE": [
    0.02743903,
    0.02774077
  ],
  "SIREN": [
    0.680606,
    0.693338
  ],
  "MON": [
    0.03340598,
    0.03292584
  ],
  "AERO": [
    0.412057,
    0.408606
  ],
  "JASMY": [
    0.00568231,
    0.00566482
  ],
  "LIT": [
    0.890007,
    0.89985
  ],
  "SKYAI": [
    0.178414,
    0.178143
  ],
  "CVX": [
    1.79,
    1.79
  ],
  "BAT": [
    0.101042,
    0.100872
  ],
  "CHEEMS": [
    5.8821e-7,
    5.82967e-7
  ],
  "ATH": [
    0.00587713,
    0.00585334
  ],
  "COW": [
    0.184692,
    0.183586
  ],
  "BANANAS31": [
    0.00927634,
    0.00928172
  ],
  "BAN": [
    0.086182,
    0.081483
  ],
  "BEAT": [
    0.579908,
    0.584973
  ],
  "ONT": [
    0.075582,
    0.07513
  ],
  "CKB": [
    0.00148288,
    0.00148174
  ],
  "TAG": [
    0.00066094,
    0.00065332
  ],
  "NPC": [
    0.0084153,
    0.00840806
  ],
  "SAHARA": [
    0.02156562,
    0.02146179
  ],
  "ARC": [
    0.066533,
    0.067151
  ],
  "POLYX": [
    0.04990704,
    0.04985063
  ],
  "CSPR": [
    0.00294795,
    0.00297957
  ],
  "MERL": [
    0.03700184,
    0.03781708
  ],
  "MYX": [
    0.241889,
    0.236262
  ],
  "HUMA": [
    0.0259436,
    0.02594183
  ],
  "IOTX": [
    0.00467444,
    0.00469761
  ],
  "NOT": [
    0.00039639,
    0.0003943
  ],
  "NEIRO": [
    0.00009185,
    0.000089
  ],
  "SNEK": [
    0.00049987,
    0.00049826
  ],
  "MAGMA": [
    0.209903,
    0.191724
  ],
  "ISLM": [
    0.0120574,
    0.01210191
  ],
  "DEP": [
    0.00111464,
    0.00111511
  ],
  "REZ": [
    0.00368187,
    0.00371489
  ],
  "SATS": [
    1.401e-8,
    1.3844e-8
  ],
  "CPOOL": [
    0.02962253,
    0.02871767
  ],
  "DEGEN": [
    0.00076681,
    0.00076701
  ],
  "SPELL": [
    0.00016499,
    0.00016362
  ],
  "GUN": [
    0.0157635,
    0.01540854
  ],
  "NYM": [
    0.03147258,
    0.03135453
  ],
  "ALLO": [
    0.113862,
    0.113731
  ],
  "SLP": [
    0.00065484,
    0.00065496
  ],
  "CORN": [
    0.04071817,
    0.04069079
  ],
  "LRC": [
    0.01699233,
    0.01703929
  ],
  "AURORA": [
    0.02785583,
    0.02783769
  ],
  "SWARMS": [
    0.01925245,
    0.01887846
  ],
  "BOB": [
    0.00658082,
    0.0065664
  ],
  "NIL": [
    0.03904594,
    0.03970855
  ],
  "GRIFFAIN": [
    0.01655549,
    0.01647611
  ],
  "NEWT": [
    0.076392,
    0.076246
  ],
  "INIT": [
    0.085188,
    0.085155
  ],
  "BANK": [
    0.03700413,
    0.03728497
  ],
  "L3": [
    0.01044688,
    0.01042297
  ],
  "DSYNC": [
    0.01413459,
    0.01416151
  ],
  "MUBARAK": [
    0.01344147,
    0.01338494
  ],
  "SONIC": [
    0.03556124,
    0.03543109
  ],
  "HONEY": [
    0.00212697,
    0.00212971
  ],
  "PAAL": [
    0.01299431,
    0.01290718
  ],
  "TLM": [
    0.00174744,
    0.00175048
  ],
  "RESOLV": [
    0.02960777,
    0.02910858
  ],
  "DAO": [
    0.044856,
    0.04459084
  ],
  "AIN": [
    0.058509,
    0.058511
  ],
  "IKA": [
    0.00358981,
    0.00357331
  ],
  "COQ": [
    1.49549e-7,
    1.4859e-7
  ],
  "HMSTR": [
    0.00015353,
    0.00015313
  ],
  "TAI": [
    0.01621443,
    0.01629717
  ],
  "LAT": [
    0.00133456,
    0.00133498
  ],
  "DENT": [
    0.0000766,
    0.00008731
  ],
  "AVL": [
    0.0263394,
    0.02590407
  ],
  "FUEL": [
    0.00094109,
    0.00094335
  ],
  "NAVX": [
    0.00856707,
    0.00856527
  ],
  "ROAM": [
    0.02001394,
    0.01950759
  ],
  "NKN": [
    0.00834914,
    0.00827493
  ],
  "COS": [
    0.00116078,
    0.00116638
  ],
  "PIXEL": [
    0.00756396,
    0.00756771
  ],
  "OBT": [
    0.00102543,
    0.00102251
  ],
  "SOLV": [
    0.00373469,
    0.00370902
  ],
  "RSS3": [
    0.00569105,
    0.00561405
  ],
  "FWOG": [
    0.00445358,
    0.00449404
  ],
  "OAS": [
    0.00068045,
    0.00065683
  ],
  "FHE": [
    0.0172896,
    0.01726076
  ],
  "DMC": [
    0.00069536,
    0.0006991
  ],
  "LYXE": [
    0.231924,
    0.231924
  ],
  "GEAR": [
    0.00025144,
    0.00025192
  ],
  "RDNT": [
    0.00195864,
    0.00194096
  ],
  "FORTH": [
    0.237981,
    0.232923
  ],
  "HOOK": [
    0.00836963,
    0.00838354
  ],
  "SAMO": [
    0.00039634,
    0.00039504
  ],
  "CUDIS": [
    0.00801244,
    0.00803968
  ],
  "PERP": [
    0.02583968,
    0.02609925
  ],
  "PTB": [
    0.00081807,
    0.00084379
  ],
  "EPT": [
    0.00074295,
    0.00073528
  ],
  "FIS": [
    0.01055267,
    0.01056905
  ],
  "GORK": [
    0.00163866,
    0.00163787
  ],
  "HIPPO": [
    0.00016446,
    0.00016068
  ],
  "SAROS": [
    0.00062248,
    0.00058228
  ],
  "FLM": [
    0.00271231,
    0.00269134
  ],
  "DATA": [
    0.00087545,
    0.00087524
  ],
  "INSP": [
    0.00128546,
    0.00136437
  ],
  "ACA": [
    0.00069769,
    0.00069613
  ],
  "FOXY": [
    0.00011997,
    0.00011987
  ],
  "A2Z": [
    0.00007235,
    0.00007282
  ],
  "DUCK": [
    0.00007201,
    0.00007586
  ],
  "RFC": [
    0.00057809,
    0.00057861
  ],
  "SWTCH": [
    0.00330361,
    0.00331333
  ],
  "LOOKS": [
    0.00038258,
    0.00037693
  ],
  "BDXN": [
    0.00189347,
    0.00189167
  ],
  "MOONPIG": [
    0.00029996,
    0.00029896
  ],
  "ROOT": [
    0.00005882,
    0.00006031
  ],
  "CHILLGUY": [
    0.00016585,
    0.00016512
  ],
  "APU": [
    0.0000519,
    0.00005167
  ],
  "CHESS": [
    0.00013657,
    0.00013611
  ],
  "HOLO": [
    0.00001235,
    0.00001235
  ],
  "GMMT": [
    0.00279921,
    0.00279662
  ],
  "RATS": [
    0.00003628,
    0.00003654
  ],
  "ADB": [
    null,
    null
  ]
}