{
  "PUMP": [
    0.0018477,
    0.00187262
  ],
  "STABLE": [
    0.02644815,
    0.02652257
  ],
  "SIREN": [
    0.706927,
    0.70269
  ],
  "MON": [
    0.03285657,
    0.03345868
  ],
  "AERO": [
    0.381533,
    0.399132
  ],
  "JASMY": [
    0.00567123,
    0.00572449
  ],
  "LIT": [
    0.899092,
    0.905423
  ],
  "CVX": [
    1.82,
    1.84
  ],
  "SKYAI": [
    0.15914,
    0.161911
  ],
  "BAT": [
    0.105721,
    0.106131
  ],
  "CHEEMS": [
    5.56143e-7,
    5.98147e-7
  ],
  "ATH": [
    0.00591292,
    0.00599337
  ],
  "COW": [
    0.188336,
    0.188782
  ],
  "BANANAS31": [
    0.009553,
    0.00964676
  ],
  "ONT": [
    0.079736,
    0.078212
  ],
  "BAN": [
    0.073611,
    0.077427
  ],
  "BEAT": [
    0.559942,
    0.547713
  ],
  "CKB": [
    0.0014977,
    0.00151191
  ],
  "TAG": [
    0.00066225,
    0.00066437
  ],
  "SAHARA": [
    0.02153184,
    0.02153765
  ],
  "ARC": [
    0.066741,
    0.066953
  ],
  "POLYX": [
    0.050799,
    0.051491
  ],
  "NPC": [
    0.00793251,
    0.00810293
  ],
  "CSPR": [
    0.00296329,
    0.00295963
  ],
  "MYX": [
    0.24065,
    0.239597
  ],
  "IOTX": [
    0.0046887,
    0.00470086
  ],
  "MERL": [
    0.0335191,
    0.03458415
  ],
  "NOT": [
    0.00039474,
    0.00040233
  ],
  "HUMA": [
    0.02051011,
    0.02135083
  ],
  "SNEK": [
    0.00048662,
    0.00049296
  ],
  "NEIRO": [
    0.00008297,
    0.00008543
  ],
  "GUN": [
    0.01933004,
    0.01928673
  ],
  "ISLM": [
    0.01203079,
    0.01204781
  ],
  "SATS": [
    1.4859e-8,
    1.4846e-8
  ],
  "REZ": [
    0.00371691,
    0.00375374
  ],
  "DEP": [
    0.00109987,
    0.00110648
  ],
  "MAGMA": [
    0.152423,
    0.155746
  ],
  "SPELL": [
    0.00016504,
    0.00016698
  ],
  "DEGEN": [
    0.00074141,
    0.00075237
  ],
  "CPOOL": [
    0.02729591,
    0.02746941
  ],
  "ALLO": [
    0.119348,
    0.119512
  ],
  "NYM": [
    0.03224368,
    0.03225173
  ],
  "SLP": [
    0.00066845,
    0.00067043
  ],
  "CORN": [
    0.04109266,
    0.04107185
  ],
  "LRC": [
    0.01713653,
    0.01717631
  ],
  "BOB": [
    0.00692843,
    0.00694948
  ],
  "AURORA": [
    0.02774101,
    0.02772551
  ],
  "SWARMS": [
    0.0181588,
    0.01838145
  ],
  "NEWT": [
    0.082435,
    0.082262
  ],
  "NIL": [
    0.03963166,
    0.04044329
  ],
  "GRIFFAIN": [
    0.01646716,
    0.01681478
  ],
  "INIT": [
    0.090067,
    0.088748
  ],
  "BANK": [
    0.03800817,
    0.03734384
  ],
  "DSYNC": [
    0.0149796,
    0.01558908
  ],
  "L3": [
    0.01037235,
    0.01034209
  ],
  "MUBARAK": [
    0.01360566,
    0.01396327
  ],
  "SONIC": [
    0.03610287,
    0.03643678
  ],
  "RESOLV": [
    0.03277118,
    0.0326862
  ],
  "TLM": [
    0.00181021,
    0.00182152
  ],
  "PAAL": [
    0.01281729,
    0.01309869
  ],
  "DAO": [
    0.04587275,
    0.04598104
  ],
  "HONEY": [
    0.00197459,
    0.00195276
  ],
  "AIN": [
    0.056878,
    0.059904
  ],
  "IKA": [
    0.00347302,
    0.00338502
  ],
  "HMSTR": [
    0.00015541,
    0.00015707
  ],
  "COQ": [
    1.33105e-7,
    1.41038e-7
  ],
  "TAI": [
    0.01639226,
    0.01647397
  ],
  "LAT": [
    0.00134313,
    0.00134964
  ],
  "AVL": [
    0.0262077,
    0.02657757
  ],
  "DENT": [
    0.00007892,
    0.00007762
  ],
  "FUEL": [
    0.00093674,
    0.00094103
  ],
  "NAVX": [
    0.00851781,
    0.00853713
  ],
  "NKN": [
    0.00831146,
    0.00837389
  ],
  "COS": [
    0.00118454,
    0.00119551
  ],
  "PIXEL": [
    0.00755925,
    0.00766233
  ],
  "OBT": [
    0.00101298,
    0.00103617
  ],
  "ROAM": [
    0.01692514,
    0.01635222
  ],
  "SOLV": [
    0.00365669,
    0.00378067
  ],
  "RSS3": [
    0.00558025,
    0.00563385
  ],
  "OAS": [
    0.00070511,
    0.00070484
  ],
  "FWOG": [
    0.00442127,
    0.00449478
  ],
  "FHE": [
    0.01750496,
    0.0175477
  ],
  "DMC": [
    0.00068402,
    0.00069064
  ],
  "LYXE": [
    0.23065,
    0.23065
  ],
  "RDNT": [
    0.00211528,
    0.00207824
  ],
  "FORTH": [
    0.245572,
    0.245817
  ],
  "HOOK": [
    0.00822791,
    0.00830714
  ],
  "SAMO": [
    0.00039956,
    0.0004005
  ],
  "GEAR": [
    0.00021585,
    0.00021982
  ],
  "CUDIS": [
    0.00799971,
    0.00800307
  ],
  "PERP": [
    0.02610808,
    0.02597812
  ],
  "SAROS": [
    0.00068228,
    0.00067353
  ],
  "PTB": [
    0.00087726,
    0.00086548
  ],
  "EPT": [
    0.00073704,
    0.00073971
  ],
  "GORK": [
    0.00166024,
    0.00167826
  ],
  "HIPPO": [
    0.00016292,
    0.00016816
  ],
  "FIS": [
    0.01038154,
    0.01048211
  ],
  "FLM": [
    0.00285346,
    0.00279702
  ],
  "DATA": [
    0.00089022,
    0.00089977
  ],
  "INSP": [
    0.00104003,
    0.00106192
  ],
  "ACA": [
    0.00070499,
    0.00071547
  ],
  "FOXY": [
    0.000121,
    0.00012184
  ],
  "A2Z": [
    0.00007779,
    0.00007807
  ],
  "DUCK": [
    0.00006953,
    0.0000714
  ],
  "RFC": [
    0.00055304,
    0.00055328
  ],
  "SWTCH": [
    0.00305275,
    0.00312277
  ],
  "LOOKS": [
    0.00037991,
    0.00037937
  ],
  "MOONPIG": [
    0.00030595,
    0.00030609
  ],
  "BDXN": [
    0.00186778,
    0.00186665
  ],
  "ROOT": [
    0.00005811,
    0.00005821
  ],
  "CHILLGUY": [
    0.00010505,
    0.00010645
  ],
  "APU": [
    0.00004905,
    0.00007873
  ],
  "CHESS": [
    0.00013581,
    0.00013509
  ],
  "HOLO": [
    0.00001235,
    0.00001259
  ],
  "GMMT": [
    0.00293314,
    0.00297776
  ],
  "RATS": [
    0.00003462,
    0.00003486
  ],
  "ADB": [
    null,
    null
  ]
}