{
  "SIREN": [
    1.64,
    1.77
  ],
  "PUMP": [
    0.00171031,
    0.00170999
  ],
  "STABLE": [
    0.025373,
    0.02531185
  ],
  "AERO": [
    0.32424,
    0.323524
  ],
  "JASMY": [
    0.00534264,
    0.00533373
  ],
  "MON": [
    0.02288408,
    0.02285166
  ],
  "LIT": [
    0.85515,
    0.858358
  ],
  "CVX": [
    1.63,
    1.62
  ],
  "BAT": [
    0.093496,
    0.093105
  ],
  "BANANAS31": [
    0.01314619,
    0.01317636
  ],
  "ATH": [
    0.00698962,
    0.00696356
  ],
  "COW": [
    0.196976,
    0.197627
  ],
  "CHEEMS": [
    4.30752e-7,
    4.25633e-7
  ],
  "SAHARA": [
    0.02458701,
    0.02487535
  ],
  "CKB": [
    0.00135977,
    0.00137683
  ],
  "BEAT": [
    0.478915,
    0.454593
  ],
  "TAG": [
    0.00057635,
    0.00057436
  ],
  "SKYAI": [
    0.06236,
    0.061273
  ],
  "NPC": [
    0.00748298,
    0.00747843
  ],
  "BAN": [
    0.056773,
    0.057178
  ],
  "POLYX": [
    0.0448048,
    0.04491974
  ],
  "ONT": [
    0.059074,
    0.059247
  ],
  "ARC": [
    0.053156,
    0.053365
  ],
  "CSPR": [
    0.00332116,
    0.00330379
  ],
  "MYX": [
    0.242927,
    0.242583
  ],
  "IOTX": [
    0.00473159,
    0.00471267
  ],
  "NOT": [
    0.00035166,
    0.0003526
  ],
  "DEP": [
    0.00116076,
    0.00116122
  ],
  "ISLM": [
    0.01248313,
    0.01245697
  ],
  "SNEK": [
    0.00040934,
    0.00040882
  ],
  "MERL": [
    0.02432635,
    0.02446493
  ],
  "LRC": [
    0.02261149,
    0.02245442
  ],
  "GUN": [
    0.01750916,
    0.01698866
  ],
  "SPELL": [
    0.00016355,
    0.00016275
  ],
  "NYM": [
    0.03259973,
    0.03256902
  ],
  "REZ": [
    0.00337241,
    0.00340705
  ],
  "HUMA": [
    0.01527161,
    0.01461932
  ],
  "DEGEN": [
    0.0006785,
    0.0006762
  ],
  "CORN": [
    0.04655057,
    0.04657447
  ],
  "NEIRO": [
    0.00005537,
    0.00005534
  ],
  "MAGMA": [
    0.122167,
    0.121396
  ],
  "ALLO": [
    0.104793,
    0.104573
  ],
  "SATS": [
    1.0435e-8,
    1.0392e-8
  ],
  "SLP": [
    0.00057857,
    0.00057719
  ],
  "CPOOL": [
    0.02212613,
    0.0218256
  ],
  "AURORA": [
    0.02730211,
    0.0273577
  ],
  "BANK": [
    0.04127761,
    0.04256963
  ],
  "DENT": [
    0.00018625,
    0.00018691
  ],
  "DSYNC": [
    0.01643884,
    0.01636154
  ],
  "DAO": [
    0.060029,
    0.061201
  ],
  "NEWT": [
    0.069625,
    0.070804
  ],
  "BOB": [
    0.005567,
    0.00555476
  ],
  "RESOLV": [
    0.03749664,
    0.0385832
  ],
  "INIT": [
    0.079262,
    0.078835
  ],
  "SONIC": [
    0.04050194,
    0.03997534
  ],
  "NIL": [
    0.03200273,
    0.03175204
  ],
  "ROAM": [
    0.03925456,
    0.03906858
  ],
  "L3": [
    0.00977718,
    0.00961933
  ],
  "PAAL": [
    0.01478838,
    0.01452192
  ],
  "HONEY": [
    0.00209479,
    0.00209065
  ],
  "MUBARAK": [
    0.01140788,
    0.01151556
  ],
  "GRIFFAIN": [
    0.01078389,
    0.01097616
  ],
  "AIN": [
    0.058607,
    0.058749
  ],
  "TLM": [
    0.00162808,
    0.00162658
  ],
  "TAI": [
    0.01661361,
    0.01712582
  ],
  "IKA": [
    0.0033125,
    0.00329649
  ],
  "SWARMS": [
    0.00924342,
    0.00918647
  ],
  "LAT": [
    0.00130451,
    0.0013
  ],
  "HMSTR": [
    0.00013231,
    0.0001315
  ],
  "NKN": [
    0.01041689,
    0.01037447
  ],
  "DUCK": [
    0.00110555,
    0.00109567
  ],
  "COS": [
    0.00151442,
    0.00150267
  ],
  "FUEL": [
    0.00101763,
    0.00101736
  ],
  "AVL": [
    0.02506873,
    0.02507961
  ],
  "NAVX": [
    0.00853043,
    0.00845624
  ],
  "COQ": [
    9.7573e-8,
    9.7503e-8
  ],
  "PIXEL": [
    0.00821875,
    0.00816642
  ],
  "OBT": [
    0.00101594,
    0.00102159
  ],
  "RDNT": [
    0.00424924,
    0.00418369
  ],
  "HIPPO": [
    0.00052844,
    0.00053094
  ],
  "RSS3": [
    0.00595674,
    0.00582845
  ],
  "DMC": [
    0.00077704,
    0.0008829
  ],
  "FWOG": [
    0.00490981,
    0.0049019
  ],
  "SOLV": [
    0.00319916,
    0.00315976
  ],
  "LYXE": [
    0.290443,
    0.289759
  ],
  "FHE": [
    0.01734038,
    0.01728461
  ],
  "FORTH": [
    0.399099,
    0.381305
  ],
  "GEAR": [
    0.00030203,
    0.00030019
  ],
  "HOOK": [
    0.01002977,
    0.00930561
  ],
  "PTB": [
    0.00120352,
    0.00118521
  ],
  "PERP": [
    0.03313011,
    0.03264545
  ],
  "SAMO": [
    0.00039848,
    0.00040569
  ],
  "OAS": [
    0.00036512,
    0.00035596
  ],
  "FIS": [
    0.01426211,
    0.01445915
  ],
  "CUDIS": [
    0.00773016,
    0.00772769
  ],
  "A2Z": [
    0.00021895,
    0.00021698
  ],
  "EPT": [
    0.00074927,
    0.00075109
  ],
  "FLM": [
    0.00269512,
    0.00273156
  ],
  "GORK": [
    0.00154472,
    0.00153902
  ],
  "SAROS": [
    0.00052121,
    0.00053756
  ],
  "DATA": [
    0.00099817,
    0.00099571
  ],
  "SWTCH": [
    0.00811528,
    0.00650351
  ],
  "INSP": [
    0.00130169,
    0.00127575
  ],
  "ACA": [
    0.00083045,
    0.00081554
  ],
  "FOXY": [
    0.00012881,
    0.00012958
  ],
  "RFC": [
    0.0005864,
    0.0005912
  ],
  "BDXN": [
    0.00254618,
    0.00251032
  ],
  "LOOKS": [
    0.00038717,
    0.0003739
  ],
  "MOONPIG": [
    0.00031067,
    0.00031165
  ],
  "CHESS": [
    0.00147628,
    0.00143898
  ],
  "ROOT": [
    0.00007093,
    0.00007291
  ],
  "CHILLGUY": [
    0.00006247,
    0.00006247
  ],
  "APU": [
    0.00003135,
    0.00003131
  ],
  "HOLO": [
    0.00001278,
    0.00001278
  ],
  "GMMT": [
    0.0033534,
    0.00338696
  ],
  "RATS": [
    0.00004756,
    0.00004768
  ],
  "ADB": [
    null,
    null
  ]
}