{
  "PUMP": [
    0.0016094,
    0.00160354
  ],
  "STABLE": [
    0.02930026,
    0.02805872
  ],
  "AERO": [
    0.315207,
    0.313897
  ],
  "JASMY": [
    0.00532147,
    0.00527195
  ],
  "MON": [
    0.02369225,
    0.02342606
  ],
  "LIT": [
    0.931837,
    0.942795
  ],
  "CVX": [
    1.7,
    1.7
  ],
  "BAT": [
    0.093937,
    0.093894
  ],
  "SIREN": [
    0.190315,
    0.176559
  ],
  "BANANAS31": [
    0.01318066,
    0.01258913
  ],
  "ATH": [
    0.00653421,
    0.00636767
  ],
  "COW": [
    0.199094,
    0.197261
  ],
  "ONT": [
    0.104899,
    0.10278
  ],
  "CHEEMS": [
    4.21666e-7,
    4.23041e-7
  ],
  "TAG": [
    0.00070413,
    0.00074641
  ],
  "CKB": [
    0.00139353,
    0.00139189
  ],
  "SAHARA": [
    0.02129287,
    0.02105819
  ],
  "SKYAI": [
    0.063507,
    0.064615
  ],
  "NPC": [
    0.00724252,
    0.00736046
  ],
  "BAN": [
    0.060528,
    0.059735
  ],
  "ARC": [
    0.056691,
    0.057159
  ],
  "POLYX": [
    0.04466376,
    0.04440804
  ],
  "BEAT": [
    0.394698,
    0.382034
  ],
  "CSPR": [
    0.00296298,
    0.00298141
  ],
  "IOTX": [
    0.00439842,
    0.00441827
  ],
  "MYX": [
    0.197617,
    0.192294
  ],
  "NOT": [
    0.00034809,
    0.00034676
  ],
  "SNEK": [
    0.00043164,
    0.00043123
  ],
  "DEP": [
    0.00114245,
    0.00114297
  ],
  "ISLM": [
    0.01210297,
    0.01197906
  ],
  "REZ": [
    0.00355832,
    0.00358018
  ],
  "NYM": [
    0.03410884,
    0.03394696
  ],
  "SPELL": [
    0.00015743,
    0.00015871
  ],
  "MERL": [
    0.02281388,
    0.02251708
  ],
  "GUN": [
    0.01541085,
    0.01518508
  ],
  "DEGEN": [
    0.00066747,
    0.00065563
  ],
  "CORN": [
    0.04482894,
    0.0449987
  ],
  "ALLO": [
    0.106944,
    0.105752
  ],
  "HUMA": [
    0.01330679,
    0.01338089
  ],
  "NEIRO": [
    0.00005469,
    0.00005412
  ],
  "LRC": [
    0.0184005,
    0.01799377
  ],
  "SATS": [
    1.0598e-8,
    1.0499e-8
  ],
  "SLP": [
    0.00058025,
    0.00058782
  ],
  "CPOOL": [
    0.02132699,
    0.02122444
  ],
  "AURORA": [
    0.02616617,
    0.02613457
  ],
  "RESOLV": [
    0.04492266,
    0.04513474
  ],
  "DENT": [
    0.00017367,
    0.00017179
  ],
  "INIT": [
    0.080718,
    0.082356
  ],
  "BOB": [
    0.00550736,
    0.00538444
  ],
  "NIL": [
    0.0351425,
    0.0350949
  ],
  "DSYNC": [
    0.01392592,
    0.01426636
  ],
  "NEWT": [
    0.066462,
    0.065979
  ],
  "MAGMA": [
    0.09766,
    0.070871
  ],
  "IKA": [
    0.00388067,
    0.00426177
  ],
  "SONIC": [
    0.03699053,
    0.03672637
  ],
  "BANK": [
    0.03444552,
    0.03140185
  ],
  "DAO": [
    0.054206,
    0.050122
  ],
  "L3": [
    0.0088593,
    0.00885068
  ],
  "ROAM": [
    0.03399764,
    0.03414067
  ],
  "GRIFFAIN": [
    0.01192408,
    0.01168414
  ],
  "PAAL": [
    0.01282027,
    0.01288745
  ],
  "HONEY": [
    0.00195183,
    0.00194463
  ],
  "MUBARAK": [
    0.01087722,
    0.01089587
  ],
  "TLM": [
    0.00159196,
    0.00159172
  ],
  "AIN": [
    0.057149,
    0.056058
  ],
  "SWARMS": [
    0.00936521,
    0.00934858
  ],
  "TAI": [
    0.01584261,
    0.01589161
  ],
  "LAT": [
    0.00130955,
    0.00130922
  ],
  "HMSTR": [
    0.00013707,
    0.00013829
  ],
  "SOLV": [
    0.00681388,
    0.00573397
  ],
  "NKN": [
    0.01033923,
    0.01022803
  ],
  "AVL": [
    0.02657435,
    0.02663985
  ],
  "NAVX": [
    0.00889749,
    0.00900023
  ],
  "FUEL": [
    0.00091981,
    0.00092068
  ],
  "COS": [
    0.00133849,
    0.00130231
  ],
  "COQ": [
    9.3304e-8,
    9.3781e-8
  ],
  "PIXEL": [
    0.00704657,
    0.00688606
  ],
  "OBT": [
    0.00099538,
    0.00099599
  ],
  "HIPPO": [
    0.00052503,
    0.00052092
  ],
  "RSS3": [
    0.00520489,
    0.00533551
  ],
  "FWOG": [
    0.00485343,
    0.0048279
  ],
  "DMC": [
    0.00071064,
    0.00071118
  ],
  "FHE": [
    0.01725553,
    0.01742445
  ],
  "LYXE": [
    0.265496,
    0.255044
  ],
  "RDNT": [
    0.00290857,
    0.00280423
  ],
  "DUCK": [
    0.00039695,
    0.00039249
  ],
  "GEAR": [
    0.00029739,
    0.00029964
  ],
  "FORTH": [
    0.251696,
    0.256651
  ],
  "SAMO": [
    0.0004048,
    0.00041443
  ],
  "HOOK": [
    0.00827503,
    0.0083121
  ],
  "OAS": [
    0.00032526,
    0.00032299
  ],
  "CUDIS": [
    0.00774802,
    0.00776376
  ],
  "PERP": [
    0.02738857,
    0.02625403
  ],
  "FIS": [
    0.01283209,
    0.01218115
  ],
  "EPT": [
    0.00074178,
    0.00073804
  ],
  "FLM": [
    0.00275272,
    0.00275005
  ],
  "PTB": [
    0.00069487,
    0.00067939
  ],
  "GORK": [
    0.00129137,
    0.00139465
  ],
  "DATA": [
    0.0009722,
    0.00097271
  ],
  "SAROS": [
    0.00045949,
    0.0004578
  ],
  "INSP": [
    0.00130048,
    0.00129901
  ],
  "SWTCH": [
    0.00559837,
    0.00526266
  ],
  "ACA": [
    0.00071248,
    0.00062477
  ],
  "A2Z": [
    0.00007733,
    0.00007699
  ],
  "FOXY": [
    0.000089,
    0.00008825
  ],
  "RFC": [
    0.00054499,
    0.00053867
  ],
  "LOOKS": [
    0.00038495,
    0.00039789
  ],
  "BDXN": [
    0.00202429,
    0.00200152
  ],
  "MOONPIG": [
    0.00028299,
    0.000286
  ],
  "CHESS": [
    0.0010171,
    0.00094941
  ],
  "ROOT": [
    0.00005899,
    0.00005799
  ],
  "CHILLGUY": [
    0.00006699,
    0.00006699
  ],
  "APU": [
    0.00002954,
    0.00003012
  ],
  "HOLO": [
    0.00001416,
    0.00001422
  ],
  "RATS": [
    0.00004101,
    0.00004039
  ],
  "GMMT": [
    0.00423153,
    0.0042294
  ],
  "ADB": [
    null,
    null
  ]
}