{
  "PUMP": [
    0.00177163,
    0.00177268
  ],
  "STABLE": [
    0.03578148,
    0.03645127
  ],
  "SIREN": [
    0.703551,
    0.69411
  ],
  "AERO": [
    0.46351,
    0.459226
  ],
  "MON": [
    0.02841084,
    0.02873938
  ],
  "JASMY": [
    0.00600442,
    0.00594034
  ],
  "LIT": [
    0.864832,
    0.886217
  ],
  "SKYAI": [
    0.16797,
    0.201805
  ],
  "CVX": [
    1.73,
    1.73
  ],
  "BAT": [
    0.101226,
    0.101055
  ],
  "CHEEMS": [
    6.11292e-7,
    6.01076e-7
  ],
  "ATH": [
    0.00586311,
    0.00587983
  ],
  "COW": [
    0.185766,
    0.186119
  ],
  "BANANAS31": [
    0.009493,
    0.00937353
  ],
  "BEAT": [
    0.561372,
    0.576658
  ],
  "BAN": [
    0.075053,
    0.076382
  ],
  "SAHARA": [
    0.02271411,
    0.0227104
  ],
  "CKB": [
    0.00150394,
    0.00149501
  ],
  "ONT": [
    0.072128,
    0.072909
  ],
  "ARC": [
    0.070328,
    0.067768
  ],
  "NPC": [
    0.00808333,
    0.00807383
  ],
  "TAG": [
    0.00059972,
    0.00058404
  ],
  "POLYX": [
    0.04931054,
    0.04939051
  ],
  "MYX": [
    0.283771,
    0.281121
  ],
  "CSPR": [
    0.00291986,
    0.00292034
  ],
  "MERL": [
    0.036623,
    0.03705664
  ],
  "IOTX": [
    0.0047221,
    0.00471241
  ],
  "ISLM": [
    0.01189977,
    0.01190354
  ],
  "NOT": [
    0.00040177,
    0.00039813
  ],
  "NEIRO": [
    0.00008813,
    0.00008751
  ],
  "REZ": [
    0.00427877,
    0.00436511
  ],
  "HUMA": [
    0.02129017,
    0.02105635
  ],
  "MAGMA": [
    0.184013,
    0.186712
  ],
  "SNEK": [
    0.00046289,
    0.00046214
  ],
  "DEP": [
    0.00111007,
    0.00111285
  ],
  "SATS": [
    1.4201e-8,
    1.4122e-8
  ],
  "SPELL": [
    0.00017342,
    0.0001727
  ],
  "SLP": [
    0.00071606,
    0.00071653
  ],
  "GUN": [
    0.01491242,
    0.01471934
  ],
  "ALLO": [
    0.112677,
    0.112772
  ],
  "DEGEN": [
    0.00066356,
    0.00067487
  ],
  "CPOOL": [
    0.02469589,
    0.02483033
  ],
  "SWARMS": [
    0.02291558,
    0.02262336
  ],
  "LRC": [
    0.01730731,
    0.0180874
  ],
  "NYM": [
    0.02702851,
    0.02680313
  ],
  "CORN": [
    0.04037502,
    0.04035597
  ],
  "AURORA": [
    0.02662353,
    0.02659859
  ],
  "GRIFFAIN": [
    0.01795865,
    0.01816581
  ],
  "INIT": [
    0.092694,
    0.09279
  ],
  "NIL": [
    0.04006352,
    0.04018132
  ],
  "NEWT": [
    0.077369,
    0.077932
  ],
  "AIN": [
    0.088088,
    0.089976
  ],
  "BOB": [
    0.00627911,
    0.00588266
  ],
  "L3": [
    0.01063819,
    0.01052513
  ],
  "BANK": [
    0.03414195,
    0.03403166
  ],
  "MUBARAK": [
    0.01352287,
    0.01434172
  ],
  "SONIC": [
    0.03895712,
    0.03919783
  ],
  "DSYNC": [
    0.01310121,
    0.01315373
  ],
  "TLM": [
    0.00183578,
    0.00184929
  ],
  "RESOLV": [
    0.03032397,
    0.03046361
  ],
  "HONEY": [
    0.00202227,
    0.00198422
  ],
  "PAAL": [
    0.01258262,
    0.01259204
  ],
  "IKA": [
    0.00356915,
    0.00355561
  ],
  "DAO": [
    0.0425191,
    0.04252738
  ],
  "HMSTR": [
    0.00015272,
    0.00015393
  ],
  "TAI": [
    0.01631811,
    0.01624625
  ],
  "COQ": [
    1.3905e-7,
    1.3637e-7
  ],
  "LAT": [
    0.00131731,
    0.00132074
  ],
  "AVL": [
    0.02570634,
    0.02596715
  ],
  "FUEL": [
    0.00092772,
    0.00092539
  ],
  "NAVX": [
    0.00876031,
    0.0087612
  ],
  "NKN": [
    0.00819957,
    0.00810249
  ],
  "PIXEL": [
    0.0083836,
    0.00836684
  ],
  "SOLV": [
    0.00408457,
    0.00410635
  ],
  "COS": [
    0.00117298,
    0.00116718
  ],
  "OBT": [
    0.0010056,
    0.00099703
  ],
  "RSS3": [
    0.00563326,
    0.00560609
  ],
  "ROAM": [
    0.01440718,
    0.01455323
  ],
  "DMC": [
    0.00072216,
    0.00072215
  ],
  "FHE": [
    0.01812195,
    0.01881235
  ],
  "FWOG": [
    0.00464267,
    0.00469513
  ],
  "DENT": [
    0.00004235,
    0.00004257
  ],
  "LYXE": [
    0.248572,
    0.249589
  ],
  "OAS": [
    0.00051912,
    0.00051612
  ],
  "FORTH": [
    0.244111,
    0.242268
  ],
  "RDNT": [
    0.00184734,
    0.00185295
  ],
  "HOOK": [
    0.00800732,
    0.0080989
  ],
  "GEAR": [
    0.00022092,
    0.00022773
  ],
  "SAMO": [
    0.0003661,
    0.00036754
  ],
  "CUDIS": [
    0.0077338,
    0.00774684
  ],
  "PERP": [
    0.02570017,
    0.02570229
  ],
  "PTB": [
    0.00078487,
    0.00079105
  ],
  "EPT": [
    0.00070258,
    0.00070807
  ],
  "FIS": [
    0.01053622,
    0.01044
  ],
  "HIPPO": [
    0.00015997,
    0.00015955
  ],
  "GORK": [
    0.00152473,
    0.00152267
  ],
  "FLM": [
    0.00260143,
    0.00263652
  ],
  "SAROS": [
    0.00047759,
    0.00047318
  ],
  "DATA": [
    0.00070325,
    0.00070339
  ],
  "INSP": [
    0.00098697,
    0.00098664
  ],
  "ACA": [
    0.00064134,
    0.00064927
  ],
  "FOXY": [
    0.00011588,
    0.00011589
  ],
  "DUCK": [
    0.00008238,
    0.00007897
  ],
  "A2Z": [
    0.00007369,
    0.00007227
  ],
  "RFC": [
    0.00058545,
    0.00058336
  ],
  "SWTCH": [
    0.0032693,
    0.0033314
  ],
  "LOOKS": [
    0.00036687,
    0.00036691
  ],
  "BDXN": [
    0.00162504,
    0.00159228
  ],
  "MOONPIG": [
    0.00026282,
    0.00025702
  ],
  "ROOT": [
    0.00006244,
    0.00006235
  ],
  "CHILLGUY": [
    0.00011156,
    0.00011226
  ],
  "APU": [
    0.00003749,
    0.00004199
  ],
  "CHESS": [
    0.00016959,
    0.00016959
  ],
  "HOLO": [
    0.00001191,
    0.00001191
  ],
  "GMMT": [
    0.00245101,
    0.00240562
  ],
  "RATS": [
    0.00003842,
    0.00003882
  ],
  "ADB": [
    null,
    null
  ]
}