{
  "PUMP": [
    0.00174476,
    0.00174583
  ],
  "STABLE": [
    0.03571243,
    0.03570057
  ],
  "SIREN": [
    0.702426,
    0.701332
  ],
  "AERO": [
    0.465419,
    0.45445
  ],
  "MON": [
    0.02891992,
    0.02814848
  ],
  "JASMY": [
    0.00589789,
    0.00587179
  ],
  "LIT": [
    0.837219,
    0.858392
  ],
  "SKYAI": [
    0.15788,
    0.166074
  ],
  "CVX": [
    1.72,
    1.71
  ],
  "BAT": [
    0.100755,
    0.100526
  ],
  "CHEEMS": [
    6.16771e-7,
    5.99253e-7
  ],
  "ATH": [
    0.00581571,
    0.00581514
  ],
  "COW": [
    0.185584,
    0.185228
  ],
  "BANANAS31": [
    0.00926089,
    0.00951223
  ],
  "BEAT": [
    0.556502,
    0.55746
  ],
  "BAN": [
    0.073212,
    0.074468
  ],
  "SAHARA": [
    0.02258956,
    0.02268745
  ],
  "CKB": [
    0.00149156,
    0.00148489
  ],
  "ONT": [
    0.070516,
    0.071467
  ],
  "ARC": [
    0.072692,
    0.071059
  ],
  "TAG": [
    0.00064273,
    0.00063515
  ],
  "NPC": [
    0.00805246,
    0.00809234
  ],
  "POLYX": [
    0.04881493,
    0.04880813
  ],
  "MYX": [
    0.268395,
    0.280115
  ],
  "CSPR": [
    0.00290538,
    0.00293172
  ],
  "MERL": [
    0.03701072,
    0.03727763
  ],
  "IOTX": [
    0.00465364,
    0.00467235
  ],
  "ISLM": [
    0.01196834,
    0.01188506
  ],
  "NOT": [
    0.00039601,
    0.00039295
  ],
  "HUMA": [
    0.02177064,
    0.02154825
  ],
  "NEIRO": [
    0.00008663,
    0.00008724
  ],
  "MAGMA": [
    0.192597,
    0.189691
  ],
  "SNEK": [
    0.00046423,
    0.00046595
  ],
  "REZ": [
    0.00407955,
    0.00419411
  ],
  "DEP": [
    0.00108731,
    0.00109725
  ],
  "SPELL": [
    0.00017231,
    0.00017329
  ],
  "SATS": [
    1.3939e-8,
    1.3929e-8
  ],
  "GUN": [
    0.01612419,
    0.01542467
  ],
  "SLP": [
    0.0007104,
    0.00071327
  ],
  "ALLO": [
    0.111423,
    0.111176
  ],
  "CPOOL": [
    0.02451623,
    0.02485072
  ],
  "DEGEN": [
    0.00065872,
    0.00065856
  ],
  "SWARMS": [
    0.02438252,
    0.02305375
  ],
  "NYM": [
    0.02716052,
    0.02708949
  ],
  "CORN": [
    0.04048036,
    0.04041972
  ],
  "LRC": [
    0.01668153,
    0.0167016
  ],
  "AURORA": [
    0.02655178,
    0.02671743
  ],
  "INIT": [
    0.089198,
    0.095205
  ],
  "NIL": [
    0.03923227,
    0.0394213
  ],
  "GRIFFAIN": [
    0.0164941,
    0.01692415
  ],
  "NEWT": [
    0.077602,
    0.077575
  ],
  "AIN": [
    0.089603,
    0.088932
  ],
  "L3": [
    0.01143944,
    0.01110158
  ],
  "BOB": [
    0.00563388,
    0.00572574
  ],
  "BANK": [
    0.03345875,
    0.03425468
  ],
  "SONIC": [
    0.03859324,
    0.03913235
  ],
  "DSYNC": [
    0.01339808,
    0.01336298
  ],
  "MUBARAK": [
    0.01309925,
    0.01321574
  ],
  "TLM": [
    0.00182271,
    0.00182569
  ],
  "HONEY": [
    0.00198674,
    0.0020167
  ],
  "RESOLV": [
    0.03057835,
    0.02981741
  ],
  "PAAL": [
    0.01240941,
    0.01260673
  ],
  "IKA": [
    0.00355513,
    0.00356756
  ],
  "DAO": [
    0.04104354,
    0.04102794
  ],
  "HMSTR": [
    0.00015094,
    0.00015144
  ],
  "COQ": [
    1.39487e-7,
    1.38063e-7
  ],
  "TAI": [
    0.01648054,
    0.01623212
  ],
  "LAT": [
    0.00131616,
    0.00132072
  ],
  "AVL": [
    0.02595727,
    0.02592079
  ],
  "FUEL": [
    0.00092461,
    0.00092415
  ],
  "NAVX": [
    0.00871913,
    0.00875836
  ],
  "NKN": [
    0.00830681,
    0.00826783
  ],
  "PIXEL": [
    0.00839504,
    0.00831916
  ],
  "COS": [
    0.00116478,
    0.0011747
  ],
  "SOLV": [
    0.00397503,
    0.00404501
  ],
  "OBT": [
    0.00100686,
    0.00100202
  ],
  "RSS3": [
    0.00563666,
    0.00563105
  ],
  "ROAM": [
    0.01458903,
    0.01428454
  ],
  "DMC": [
    0.00072633,
    0.00072103
  ],
  "FHE": [
    0.01778638,
    0.01796373
  ],
  "FWOG": [
    0.0045562,
    0.00456064
  ],
  "DENT": [
    0.00004319,
    0.00004223
  ],
  "LYXE": [
    0.247687,
    0.247355
  ],
  "OAS": [
    0.00052877,
    0.00052268
  ],
  "FORTH": [
    0.24318,
    0.246583
  ],
  "RDNT": [
    0.00183178,
    0.00183095
  ],
  "HOOK": [
    0.00817546,
    0.00819579
  ],
  "GEAR": [
    0.0002223,
    0.00022372
  ],
  "SAMO": [
    0.00037201,
    0.00037149
  ],
  "CUDIS": [
    0.00774799,
    0.00771629
  ],
  "PERP": [
    0.02571813,
    0.02551561
  ],
  "EPT": [
    0.00071441,
    0.00070255
  ],
  "FIS": [
    0.0105582,
    0.01054119
  ],
  "PTB": [
    0.00079321,
    0.00078899
  ],
  "HIPPO": [
    0.00016008,
    0.00015968
  ],
  "GORK": [
    0.00127432,
    0.00151715
  ],
  "FLM": [
    0.00258215,
    0.00257957
  ],
  "SAROS": [
    0.00047732,
    0.00047408
  ],
  "DATA": [
    0.00070466,
    0.00070227
  ],
  "INSP": [
    0.00100173,
    0.0010027
  ],
  "ACA": [
    0.00066086,
    0.00065352
  ],
  "FOXY": [
    0.00011493,
    0.0001149
  ],
  "A2Z": [
    0.00007239,
    0.00007299
  ],
  "DUCK": [
    0.00006956,
    0.00007768
  ],
  "RFC": [
    0.00059203,
    0.00059546
  ],
  "SWTCH": [
    0.0031343,
    0.00308055
  ],
  "LOOKS": [
    0.00036992,
    0.00036867
  ],
  "BDXN": [
    0.00161094,
    0.00165561
  ],
  "MOONPIG": [
    0.00025899,
    0.00025814
  ],
  "ROOT": [
    0.00006432,
    0.00006277
  ],
  "CHILLGUY": [
    0.00011131,
    0.00011088
  ],
  "APU": [
    0.00004143,
    0.00004334
  ],
  "CHESS": [
    0.0001695,
    0.00016948
  ],
  "HOLO": [
    0.00001191,
    0.00001191
  ],
  "GMMT": [
    0.00247618,
    0.0024687
  ],
  "RATS": [
    0.00003867,
    0.00003829
  ],
  "ADB": [
    null,
    null
  ]
}