{
  "PUMP": [
    0.00165678,
    0.00165454
  ],
  "STABLE": [
    0.02656381,
    0.0264108
  ],
  "SIREN": [
    0.563746,
    0.551774
  ],
  "MON": [
    0.02731921,
    0.02735479
  ],
  "AERO": [
    0.31554,
    0.31328
  ],
  "JASMY": [
    0.0052111,
    0.00521029
  ],
  "LIT": [
    0.960398,
    0.958954
  ],
  "CVX": [
    1.69,
    1.69
  ],
  "BAT": [
    0.094401,
    0.094166
  ],
  "ATH": [
    0.00665119,
    0.00660082
  ],
  "COW": [
    0.200012,
    0.199144
  ],
  "BANANAS31": [
    0.01062169,
    0.0106467
  ],
  "ONT": [
    0.090186,
    0.089859
  ],
  "CHEEMS": [
    4.08103e-7,
    4.07394e-7
  ],
  "SKYAI": [
    0.075089,
    0.075066
  ],
  "TAG": [
    0.00064306,
    0.00064355
  ],
  "SAHARA": [
    0.02236273,
    0.02223023
  ],
  "CKB": [
    0.00141235,
    0.00140671
  ],
  "POLYX": [
    0.04878703,
    0.04870735
  ],
  "BAN": [
    0.059683,
    0.059482
  ],
  "NPC": [
    0.00693161,
    0.0069242
  ],
  "ARC": [
    0.05435,
    0.053849
  ],
  "CSPR": [
    0.00289599,
    0.00289547
  ],
  "BEAT": [
    0.314681,
    0.321443
  ],
  "MYX": [
    0.228028,
    0.228733
  ],
  "IOTX": [
    0.00441734,
    0.00440623
  ],
  "NOT": [
    0.00033992,
    0.00033747
  ],
  "ISLM": [
    0.01248273,
    0.01246459
  ],
  "DEP": [
    0.00114076,
    0.00114188
  ],
  "SNEK": [
    0.00041265,
    0.00041282
  ],
  "REZ": [
    0.00363201,
    0.00363939
  ],
  "NYM": [
    0.03446668,
    0.03439711
  ],
  "MERL": [
    0.02366418,
    0.02355417
  ],
  "SPELL": [
    0.0001565,
    0.00015607
  ],
  "L3": [
    0.01862541,
    0.01897753
  ],
  "HUMA": [
    0.01430755,
    0.01424604
  ],
  "DEGEN": [
    0.00066138,
    0.00065645
  ],
  "CORN": [
    0.04504286,
    0.04504406
  ],
  "GUN": [
    0.01359454,
    0.01363824
  ],
  "ALLO": [
    0.106931,
    0.106163
  ],
  "NEIRO": [
    0.00005332,
    0.00005307
  ],
  "CPOOL": [
    0.02226185,
    0.02226076
  ],
  "SATS": [
    1.0307e-8,
    1.0294e-8
  ],
  "LRC": [
    0.01715251,
    0.01710549
  ],
  "SLP": [
    0.0005791,
    0.00057552
  ],
  "MAGMA": [
    0.108995,
    0.108208
  ],
  "AURORA": [
    0.02576696,
    0.02576739
  ],
  "DENT": [
    0.00017438,
    0.00017424
  ],
  "BOB": [
    0.00588736,
    0.00588199
  ],
  "INIT": [
    0.079844,
    0.08012
  ],
  "RESOLV": [
    0.0369365,
    0.03686037
  ],
  "DSYNC": [
    0.01409951,
    0.01410316
  ],
  "NIL": [
    0.03189221,
    0.03208233
  ],
  "NEWT": [
    0.06379,
    0.063495
  ],
  "DAO": [
    0.051433,
    0.05154
  ],
  "SONIC": [
    0.03567534,
    0.03560961
  ],
  "IKA": [
    0.00407968,
    0.00407724
  ],
  "HONEY": [
    0.00208467,
    0.00207084
  ],
  "BANK": [
    0.02772387,
    0.02798246
  ],
  "PAAL": [
    0.01293787,
    0.01292898
  ],
  "GRIFFAIN": [
    0.01151497,
    0.01142579
  ],
  "MUBARAK": [
    0.01110238,
    0.01111747
  ],
  "TLM": [
    0.00160424,
    0.00160108
  ],
  "ROAM": [
    0.02991459,
    0.02981176
  ],
  "AIN": [
    0.055177,
    0.055331
  ],
  "SWARMS": [
    0.00989717,
    0.0098814
  ],
  "AVL": [
    0.03193276,
    0.03193546
  ],
  "TAI": [
    0.01576254,
    0.01567437
  ],
  "LAT": [
    0.00132079,
    0.00132008
  ],
  "HMSTR": [
    0.00013461,
    0.00013437
  ],
  "NKN": [
    0.00899278,
    0.0093953
  ],
  "NAVX": [
    0.00891663,
    0.00891841
  ],
  "FUEL": [
    0.00093222,
    0.00093117
  ],
  "COS": [
    0.00128503,
    0.00127371
  ],
  "COQ": [
    9.2638e-8,
    9.2674e-8
  ],
  "SOLV": [
    0.00436785,
    0.00432001
  ],
  "OBT": [
    0.00104387,
    0.00103721
  ],
  "RSS3": [
    0.00583948,
    0.00584322
  ],
  "PIXEL": [
    0.00647965,
    0.00649278
  ],
  "FHE": [
    0.01977297,
    0.02005503
  ],
  "FWOG": [
    0.00472243,
    0.00470276
  ],
  "DMC": [
    0.00072089,
    0.00072088
  ],
  "HIPPO": [
    0.00043889,
    0.00043894
  ],
  "LYXE": [
    0.258538,
    0.258139
  ],
  "RDNT": [
    0.00249144,
    0.00248593
  ],
  "FORTH": [
    0.281876,
    0.290584
  ],
  "GEAR": [
    0.00028693,
    0.00028682
  ],
  "HOOK": [
    0.0089246,
    0.00886633
  ],
  "DUCK": [
    0.0003239,
    0.00032454
  ],
  "SAMO": [
    0.00043279,
    0.00043181
  ],
  "OAS": [
    0.00036541,
    0.00036584
  ],
  "PTB": [
    0.00105543,
    0.00102358
  ],
  "FIS": [
    0.01302241,
    0.01304835
  ],
  "CUDIS": [
    0.00763076,
    0.00762942
  ],
  "PERP": [
    0.02544171,
    0.02541748
  ],
  "EPT": [
    0.00075436,
    0.00075336
  ],
  "FLM": [
    0.00294071,
    0.00292014
  ],
  "DATA": [
    0.00098529,
    0.00098236
  ],
  "GORK": [
    0.0012422,
    0.00123886
  ],
  "SAROS": [
    0.00046595,
    0.00046137
  ],
  "INSP": [
    0.00117084,
    0.00118041
  ],
  "ACA": [
    0.000758,
    0.00075643
  ],
  "A2Z": [
    0.00009775,
    0.00009619
  ],
  "FOXY": [
    0.000108,
    0.00011449
  ],
  "SWTCH": [
    0.00446732,
    0.00409582
  ],
  "RFC": [
    0.00052242,
    0.00052136
  ],
  "LOOKS": [
    0.00036194,
    0.00036174
  ],
  "BDXN": [
    0.00188057,
    0.00188112
  ],
  "MOONPIG": [
    0.0002888,
    0.0002869
  ],
  "ROOT": [
    0.00006248,
    0.00006258
  ],
  "CHESS": [
    0.00037032,
    0.00037315
  ],
  "CHILLGUY": [
    0.00006723,
    0.00006723
  ],
  "APU": [
    0.00003202,
    0.00003198
  ],
  "HOLO": [
    0.00001219,
    0.00001213
  ],
  "RATS": [
    0.00003865,
    0.00003866
  ],
  "GMMT": [
    0.00376546,
    0.00375502
  ],
  "ADB": [
    null,
    null
  ]
}