{
  "PUMP": [
    0.00178047,
    0.00178888
  ],
  "STABLE": [
    0.02983085,
    0.03025323
  ],
  "SIREN": [
    0.656264,
    0.653036
  ],
  "AERO": [
    0.439732,
    0.439562
  ],
  "MON": [
    0.03251274,
    0.03269835
  ],
  "JASMY": [
    0.00559823,
    0.00560045
  ],
  "SKYAI": [
    0.21498,
    0.237535
  ],
  "LIT": [
    0.90338,
    0.898889
  ],
  "CVX": [
    1.77,
    1.77
  ],
  "BAT": [
    0.101608,
    0.102007
  ],
  "CHEEMS": [
    5.73597e-7,
    5.7814e-7
  ],
  "ATH": [
    0.0059599,
    0.00600418
  ],
  "COW": [
    0.182658,
    0.183635
  ],
  "BANANAS31": [
    0.00985069,
    0.00958401
  ],
  "BAN": [
    0.081935,
    0.082204
  ],
  "ONT": [
    0.079701,
    0.079627
  ],
  "BEAT": [
    0.547581,
    0.533944
  ],
  "CKB": [
    0.00148721,
    0.00149213
  ],
  "TAG": [
    0.00064886,
    0.00065342
  ],
  "NPC": [
    0.00847478,
    0.00845051
  ],
  "ARC": [
    0.067005,
    0.067374
  ],
  "SAHARA": [
    0.02118069,
    0.02134208
  ],
  "POLYX": [
    0.050008,
    0.05022
  ],
  "CSPR": [
    0.00291463,
    0.00291315
  ],
  "MERL": [
    0.03650387,
    0.03747238
  ],
  "MYX": [
    0.242182,
    0.241916
  ],
  "HUMA": [
    0.02554551,
    0.02608347
  ],
  "IOTX": [
    0.00473862,
    0.0047819
  ],
  "SNEK": [
    0.00052727,
    0.00053194
  ],
  "NOT": [
    0.00039582,
    0.00039858
  ],
  "NEIRO": [
    0.0000885,
    0.00009123
  ],
  "MAGMA": [
    0.192777,
    0.1959
  ],
  "REZ": [
    0.00390406,
    0.00396802
  ],
  "DEP": [
    0.00113014,
    0.00113262
  ],
  "ISLM": [
    0.01181954,
    0.01180367
  ],
  "SATS": [
    1.4038e-8,
    1.4309e-8
  ],
  "SPELL": [
    0.00016348,
    0.00016459
  ],
  "CPOOL": [
    0.02834569,
    0.02814118
  ],
  "GUN": [
    0.01573256,
    0.01584998
  ],
  "ALLO": [
    0.11493,
    0.118068
  ],
  "NYM": [
    0.03096227,
    0.03081824
  ],
  "DEGEN": [
    0.00067495,
    0.00068015
  ],
  "SLP": [
    0.00065884,
    0.00066015
  ],
  "LRC": [
    0.01716113,
    0.0172135
  ],
  "CORN": [
    0.04045963,
    0.04046634
  ],
  "AURORA": [
    0.027705,
    0.02771539
  ],
  "SWARMS": [
    0.01869026,
    0.01849251
  ],
  "GRIFFAIN": [
    0.01762196,
    0.01747117
  ],
  "NIL": [
    0.04007312,
    0.04011039
  ],
  "BOB": [
    0.00595886,
    0.00599836
  ],
  "NEWT": [
    0.076282,
    0.076402
  ],
  "BANK": [
    0.03704329,
    0.03713293
  ],
  "INIT": [
    0.084005,
    0.084187
  ],
  "L3": [
    0.01029825,
    0.01067959
  ],
  "HONEY": [
    0.00214842,
    0.00241589
  ],
  "DSYNC": [
    0.01357105,
    0.01376618
  ],
  "MUBARAK": [
    0.01340855,
    0.01351315
  ],
  "SONIC": [
    0.03513059,
    0.03528885
  ],
  "TLM": [
    0.00177727,
    0.0018065
  ],
  "PAAL": [
    0.01271452,
    0.0127229
  ],
  "RESOLV": [
    0.02932031,
    0.02943178
  ],
  "AIN": [
    0.06172,
    0.061294
  ],
  "DAO": [
    0.0449616,
    0.04498347
  ],
  "IKA": [
    0.0036859,
    0.00372067
  ],
  "COQ": [
    1.46148e-7,
    1.47223e-7
  ],
  "HMSTR": [
    0.00015284,
    0.00015396
  ],
  "TAI": [
    0.01627274,
    0.01620787
  ],
  "LAT": [
    0.00132892,
    0.0013268
  ],
  "AVL": [
    0.02577646,
    0.025852
  ],
  "DENT": [
    0.00007631,
    0.00007692
  ],
  "FUEL": [
    0.00094734,
    0.00094266
  ],
  "NKN": [
    0.00871461,
    0.00890522
  ],
  "NAVX": [
    0.00858279,
    0.00858772
  ],
  "COS": [
    0.0011545,
    0.00115425
  ],
  "SOLV": [
    0.00398171,
    0.00396606
  ],
  "PIXEL": [
    0.00745472,
    0.00755712
  ],
  "OBT": [
    0.00101825,
    0.00101862
  ],
  "ROAM": [
    0.01631969,
    0.01643691
  ],
  "RSS3": [
    0.00571636,
    0.00570169
  ],
  "FWOG": [
    0.00459283,
    0.0045752
  ],
  "FHE": [
    0.01765488,
    0.0177372
  ],
  "DMC": [
    0.00071181,
    0.00071655
  ],
  "OAS": [
    0.00064632,
    0.00064448
  ],
  "LYXE": [
    0.224656,
    0.224656
  ],
  "GEAR": [
    0.00025031,
    0.00025166
  ],
  "FORTH": [
    0.230444,
    0.234698
  ],
  "RDNT": [
    0.0019282,
    0.00192327
  ],
  "HOOK": [
    0.00829742,
    0.00827885
  ],
  "SAMO": [
    0.00039064,
    0.0003982
  ],
  "CUDIS": [
    0.00795919,
    0.00791002
  ],
  "PERP": [
    0.02571935,
    0.02576176
  ],
  "PTB": [
    0.00082565,
    0.00082518
  ],
  "EPT": [
    0.00073491,
    0.00073336
  ],
  "FIS": [
    0.01052833,
    0.01056635
  ],
  "HIPPO": [
    0.00016123,
    0.00016048
  ],
  "GORK": [
    0.00158753,
    0.00155146
  ],
  "FLM": [
    0.00269865,
    0.00269398
  ],
  "SAROS": [
    0.00056147,
    0.00054268
  ],
  "DATA": [
    0.00087264,
    0.00087398
  ],
  "INSP": [
    0.00121456,
    0.00120902
  ],
  "ACA": [
    0.000683,
    0.00068467
  ],
  "FOXY": [
    0.00011894,
    0.00011802
  ],
  "A2Z": [
    0.00007348,
    0.00007396
  ],
  "DUCK": [
    0.00007303,
    0.00007313
  ],
  "RFC": [
    0.00056948,
    0.00056911
  ],
  "SWTCH": [
    0.00338951,
    0.00335059
  ],
  "LOOKS": [
    0.00040156,
    0.00040468
  ],
  "BDXN": [
    0.00185855,
    0.00184559
  ],
  "MOONPIG": [
    0.000294,
    0.00029403
  ],
  "ROOT": [
    0.0000594,
    0.0000595
  ],
  "CHILLGUY": [
    0.00015816,
    0.00015911
  ],
  "APU": [
    0.00005317,
    0.00005315
  ],
  "CHESS": [
    0.0001553,
    0.00015525
  ],
  "HOLO": [
    0.00001236,
    0.0000123
  ],
  "GMMT": [
    0.00278669,
    0.00275765
  ],
  "RATS": [
    0.00003796,
    0.000038
  ],
  "ADB": [
    null,
    null
  ]
}