{
  "PUMP": [
    0.0017669,
    0.00175982
  ],
  "STABLE": [
    0.03197511,
    0.03169175
  ],
  "SIREN": [
    0.656769,
    0.66085
  ],
  "AERO": [
    0.425358,
    0.425632
  ],
  "MON": [
    0.03092109,
    0.03071051
  ],
  "JASMY": [
    0.0057847,
    0.00578702
  ],
  "LIT": [
    0.926606,
    0.92441
  ],
  "SKYAI": [
    0.1952,
    0.194569
  ],
  "CVX": [
    1.78,
    1.78
  ],
  "BAT": [
    0.106248,
    0.106297
  ],
  "CHEEMS": [
    6.04707e-7,
    6.04878e-7
  ],
  "ATH": [
    0.00611741,
    0.00607447
  ],
  "COW": [
    0.188964,
    0.188712
  ],
  "BANANAS31": [
    0.00913016,
    0.00910677
  ],
  "BAN": [
    0.084807,
    0.088222
  ],
  "ONT": [
    0.078867,
    0.078662
  ],
  "BEAT": [
    0.578926,
    0.563873
  ],
  "CKB": [
    0.00153262,
    0.00152318
  ],
  "TAG": [
    0.00066254,
    0.00066043
  ],
  "SAHARA": [
    0.0225751,
    0.02266211
  ],
  "NPC": [
    0.00832681,
    0.00835973
  ],
  "ARC": [
    0.064748,
    0.064858
  ],
  "POLYX": [
    0.05092,
    0.050539
  ],
  "MERL": [
    0.03899688,
    0.03904125
  ],
  "HUMA": [
    0.02883816,
    0.02786234
  ],
  "MYX": [
    0.251718,
    0.248372
  ],
  "CSPR": [
    0.00293209,
    0.00293066
  ],
  "IOTX": [
    0.00488003,
    0.00488463
  ],
  "NOT": [
    0.00042407,
    0.00042082
  ],
  "MAGMA": [
    0.207885,
    0.214541
  ],
  "SNEK": [
    0.00050678,
    0.00050478
  ],
  "NEIRO": [
    0.00008843,
    0.00008784
  ],
  "REZ": [
    0.00390576,
    0.0038942
  ],
  "SATS": [
    1.4833e-8,
    1.4778e-8
  ],
  "DEP": [
    0.00111792,
    0.00111776
  ],
  "ISLM": [
    0.01186432,
    0.01175708
  ],
  "SPELL": [
    0.0001663,
    0.00016612
  ],
  "CPOOL": [
    0.02758545,
    0.02778232
  ],
  "ALLO": [
    0.12138,
    0.120871
  ],
  "GUN": [
    0.01595861,
    0.01568159
  ],
  "SLP": [
    0.00072841,
    0.00074018
  ],
  "INIT": [
    0.094651,
    0.096344
  ],
  "NYM": [
    0.03091282,
    0.03091099
  ],
  "DEGEN": [
    0.00066312,
    0.00066179
  ],
  "LRC": [
    0.01722753,
    0.01733504
  ],
  "CORN": [
    0.04027729,
    0.04027541
  ],
  "AURORA": [
    0.02799687,
    0.02795641
  ],
  "NIL": [
    0.04252965,
    0.0423742
  ],
  "GRIFFAIN": [
    0.01877844,
    0.01850773
  ],
  "SWARMS": [
    0.01789533,
    0.01793041
  ],
  "NEWT": [
    0.079157,
    0.078771
  ],
  "BOB": [
    0.00593487,
    0.00589308
  ],
  "BANK": [
    0.03695528,
    0.03695475
  ],
  "L3": [
    0.01031127,
    0.01018119
  ],
  "DSYNC": [
    0.01356392,
    0.01439475
  ],
  "MUBARAK": [
    0.0140056,
    0.01400443
  ],
  "TLM": [
    0.00198617,
    0.00203003
  ],
  "SONIC": [
    0.03672192,
    0.03659163
  ],
  "HONEY": [
    0.00211657,
    0.00214037
  ],
  "IKA": [
    0.00386142,
    0.00387556
  ],
  "AIN": [
    0.06093,
    0.061973
  ],
  "DAO": [
    0.04521547,
    0.04512436
  ],
  "PAAL": [
    0.0125293,
    0.01241392
  ],
  "RESOLV": [
    0.02845001,
    0.0286315
  ],
  "HMSTR": [
    0.00015861,
    0.00015934
  ],
  "COQ": [
    1.45455e-7,
    1.46851e-7
  ],
  "TAI": [
    0.01644872,
    0.0165422
  ],
  "LAT": [
    0.00133867,
    0.0013417
  ],
  "AVL": [
    0.02772835,
    0.0274778
  ],
  "FUEL": [
    0.00093915,
    0.00093887
  ],
  "NAVX": [
    0.00870334,
    0.00871201
  ],
  "NKN": [
    0.00881244,
    0.00878054
  ],
  "PIXEL": [
    0.00829447,
    0.00822456
  ],
  "DENT": [
    0.00006265,
    0.00006541
  ],
  "COS": [
    0.00118657,
    0.00120118
  ],
  "SOLV": [
    0.00402425,
    0.00401118
  ],
  "ROAM": [
    0.0165478,
    0.01656337
  ],
  "OBT": [
    0.00101915,
    0.00102398
  ],
  "RSS3": [
    0.00580975,
    0.00579628
  ],
  "DMC": [
    0.00071882,
    0.0007102
  ],
  "FHE": [
    0.01790282,
    0.01813097
  ],
  "FWOG": [
    0.00455141,
    0.00456199
  ],
  "OAS": [
    0.00061212,
    0.0006201
  ],
  "LYXE": [
    0.234516,
    0.234516
  ],
  "FORTH": [
    0.251596,
    0.245725
  ],
  "RDNT": [
    0.00192747,
    0.00194175
  ],
  "HOOK": [
    0.00857097,
    0.00849647
  ],
  "GEAR": [
    0.00022187,
    0.00022473
  ],
  "SAMO": [
    0.00036008,
    0.00036427
  ],
  "CUDIS": [
    0.007971,
    0.00793378
  ],
  "PERP": [
    0.02592459,
    0.02678788
  ],
  "PTB": [
    0.00082807,
    0.00083265
  ],
  "EPT": [
    0.00073429,
    0.00073966
  ],
  "FIS": [
    0.01081394,
    0.01080398
  ],
  "HIPPO": [
    0.00016374,
    0.00016259
  ],
  "GORK": [
    0.00158796,
    0.00158497
  ],
  "FLM": [
    0.00267317,
    0.0026777
  ],
  "SAROS": [
    0.00052339,
    0.00051833
  ],
  "DATA": [
    0.00075586,
    0.00075777
  ],
  "INSP": [
    0.00115321,
    0.00111324
  ],
  "ACA": [
    0.00065881,
    0.00067856
  ],
  "FOXY": [
    0.00011998,
    0.00011998
  ],
  "A2Z": [
    0.00007304,
    0.00007297
  ],
  "RFC": [
    0.00059884,
    0.00059785
  ],
  "SWTCH": [
    0.00347974,
    0.00350695
  ],
  "DUCK": [
    0.00007051,
    0.00007021
  ],
  "LOOKS": [
    0.00037571,
    0.00037495
  ],
  "MOONPIG": [
    0.00029903,
    0.00029905
  ],
  "BDXN": [
    0.00152904,
    0.00152948
  ],
  "ROOT": [
    0.00006001,
    0.00006001
  ],
  "CHILLGUY": [
    0.00013393,
    0.00013396
  ],
  "APU": [
    0.00006215,
    0.00006262
  ],
  "CHESS": [
    0.00015261,
    0.00015261
  ],
  "HOLO": [
    0.00001228,
    0.00001228
  ],
  "GMMT": [
    0.00261775,
    0.00261552
  ],
  "RATS": [
    0.0000377,
    0.00003752
  ],
  "ADB": [
    null,
    null
  ]
}