{
  "PUMP": [
    0.0017985,
    0.00182215
  ],
  "STABLE": [
    0.02863927,
    0.02933879
  ],
  "SIREN": [
    0.668845,
    0.667625
  ],
  "AERO": [
    0.418441,
    0.451266
  ],
  "MON": [
    0.0326103,
    0.03311549
  ],
  "JASMY": [
    0.00561027,
    0.00567941
  ],
  "LIT": [
    0.90154,
    0.917282
  ],
  "SKYAI": [
    0.197101,
    0.191662
  ],
  "CVX": [
    1.78,
    1.8
  ],
  "BAT": [
    0.101666,
    0.102907
  ],
  "CHEEMS": [
    5.77067e-7,
    5.86676e-7
  ],
  "ATH": [
    0.00589414,
    0.0060025
  ],
  "BANANAS31": [
    0.00943285,
    0.01078819
  ],
  "COW": [
    0.182389,
    0.18568
  ],
  "ONT": [
    0.078063,
    0.079614
  ],
  "BAN": [
    0.078482,
    0.07899
  ],
  "BEAT": [
    0.578836,
    0.557314
  ],
  "CKB": [
    0.00148945,
    0.00151222
  ],
  "TAG": [
    0.00065695,
    0.00065969
  ],
  "SAHARA": [
    0.02133363,
    0.0215689
  ],
  "NPC": [
    0.00822597,
    0.00823459
  ],
  "ARC": [
    0.06616,
    0.066088
  ],
  "POLYX": [
    0.050024,
    0.050511
  ],
  "MERL": [
    0.03749116,
    0.03837122
  ],
  "CSPR": [
    0.00294795,
    0.00293184
  ],
  "MYX": [
    0.235673,
    0.237893
  ],
  "IOTX": [
    0.004748,
    0.00482196
  ],
  "HUMA": [
    0.02661511,
    0.02576814
  ],
  "NOT": [
    0.00039609,
    0.00040236
  ],
  "SNEK": [
    0.00050492,
    0.00050782
  ],
  "NEIRO": [
    0.00008827,
    0.00008994
  ],
  "MAGMA": [
    0.194327,
    0.192937
  ],
  "DEP": [
    0.00111322,
    0.00112977
  ],
  "REZ": [
    0.00368835,
    0.00371242
  ],
  "ISLM": [
    0.01172715,
    0.01175512
  ],
  "SATS": [
    1.4219e-8,
    1.43e-8
  ],
  "CPOOL": [
    0.02795076,
    0.02823251
  ],
  "SPELL": [
    0.00016373,
    0.0001644
  ],
  "GUN": [
    0.01588857,
    0.01600879
  ],
  "NYM": [
    0.03130978,
    0.03120557
  ],
  "ALLO": [
    0.112758,
    0.11504
  ],
  "DEGEN": [
    0.00077077,
    0.0006774
  ],
  "SLP": [
    0.00066156,
    0.00066616
  ],
  "LRC": [
    0.01703916,
    0.01731678
  ],
  "CORN": [
    0.04058014,
    0.04057213
  ],
  "AURORA": [
    0.02781435,
    0.02782116
  ],
  "SWARMS": [
    0.01853109,
    0.01851215
  ],
  "NIL": [
    0.03946978,
    0.04084652
  ],
  "GRIFFAIN": [
    0.01633802,
    0.01724817
  ],
  "BOB": [
    0.00662197,
    0.00597918
  ],
  "NEWT": [
    0.075978,
    0.077101
  ],
  "BANK": [
    0.03680875,
    0.03718637
  ],
  "INIT": [
    0.083424,
    0.083064
  ],
  "L3": [
    0.01039193,
    0.01040786
  ],
  "DSYNC": [
    0.01393281,
    0.01402039
  ],
  "MUBARAK": [
    0.01342661,
    0.0136325
  ],
  "HONEY": [
    0.0021645,
    0.00236237
  ],
  "SONIC": [
    0.03534723,
    0.03564356
  ],
  "TLM": [
    0.00177181,
    0.0018071
  ],
  "AIN": [
    0.060076,
    0.062936
  ],
  "PAAL": [
    0.01269867,
    0.01278412
  ],
  "RESOLV": [
    0.02949607,
    0.02973832
  ],
  "DAO": [
    0.04488072,
    0.04539753
  ],
  "IKA": [
    0.00357406,
    0.00360504
  ],
  "COQ": [
    1.48122e-7,
    1.51203e-7
  ],
  "HMSTR": [
    0.00015392,
    0.00015517
  ],
  "TAI": [
    0.01618879,
    0.01627343
  ],
  "LAT": [
    0.00133096,
    0.00133436
  ],
  "AVL": [
    0.02550542,
    0.02584221
  ],
  "FUEL": [
    0.00093807,
    0.00093816
  ],
  "DENT": [
    0.00007629,
    0.0000758
  ],
  "NKN": [
    0.00881088,
    0.0088845
  ],
  "NAVX": [
    0.0085852,
    0.00858099
  ],
  "ROAM": [
    0.0180682,
    0.0179269
  ],
  "COS": [
    0.0011673,
    0.00116473
  ],
  "PIXEL": [
    0.00748612,
    0.00745662
  ],
  "OBT": [
    0.00102064,
    0.00102469
  ],
  "SOLV": [
    0.0038516,
    0.00385933
  ],
  "RSS3": [
    0.00573049,
    0.0057166
  ],
  "FWOG": [
    0.00450157,
    0.0045789
  ],
  "FHE": [
    0.01743043,
    0.01774424
  ],
  "DMC": [
    0.0007174,
    0.00071048
  ],
  "OAS": [
    0.00066017,
    0.0006594
  ],
  "LYXE": [
    0.22379,
    0.224656
  ],
  "GEAR": [
    0.00025063,
    0.00025234
  ],
  "RDNT": [
    0.00194079,
    0.00195589
  ],
  "FORTH": [
    0.236608,
    0.233037
  ],
  "HOOK": [
    0.00839176,
    0.0083226
  ],
  "SAMO": [
    0.00039062,
    0.00039064
  ],
  "CUDIS": [
    0.00811139,
    0.00804519
  ],
  "PERP": [
    0.02574411,
    0.02573131
  ],
  "PTB": [
    0.0008474,
    0.00084048
  ],
  "EPT": [
    0.00073898,
    0.00074197
  ],
  "FIS": [
    0.01064093,
    0.01058778
  ],
  "HIPPO": [
    0.00016018,
    0.00016307
  ],
  "GORK": [
    0.0015932,
    0.00160905
  ],
  "FLM": [
    0.00270452,
    0.00269687
  ],
  "SAROS": [
    0.00057673,
    0.00056524
  ],
  "DATA": [
    0.00087157,
    0.00087814
  ],
  "INSP": [
    0.00130578,
    0.00124018
  ],
  "ACA": [
    0.0006836,
    0.00068223
  ],
  "FOXY": [
    0.0001199,
    0.00011989
  ],
  "A2Z": [
    0.00007325,
    0.0000739
  ],
  "DUCK": [
    0.00007416,
    0.00007293
  ],
  "RFC": [
    0.00056336,
    0.0005681
  ],
  "SWTCH": [
    0.0033323,
    0.00338064
  ],
  "LOOKS": [
    0.00040263,
    0.00040309
  ],
  "BDXN": [
    0.0018629,
    0.00186825
  ],
  "MOONPIG": [
    0.00029788,
    0.00029504
  ],
  "ROOT": [
    0.00006041,
    0.0000603
  ],
  "CHILLGUY": [
    0.00015624,
    0.00015849
  ],
  "APU": [
    0.0000517,
    0.0000517
  ],
  "CHESS": [
    0.00014445,
    0.00015532
  ],
  "HOLO": [
    0.00001243,
    0.00001244
  ],
  "GMMT": [
    0.00278195,
    0.0027959
  ],
  "RATS": [
    0.00004686,
    0.00004132
  ],
  "ADB": [
    null,
    null
  ]
}