{
  "STABLE": [
    0.0322111,
    0.03229379
  ],
  "PUMP": [
    0.00176348,
    0.00176868
  ],
  "SIREN": [
    0.668126,
    0.662552
  ],
  "AERO": [
    0.441373,
    0.442767
  ],
  "SKYAI": [
    0.335362,
    0.348204
  ],
  "MON": [
    0.02755113,
    0.02732489
  ],
  "JASMY": [
    0.00567413,
    0.00564649
  ],
  "LIT": [
    0.894632,
    0.887342
  ],
  "CVX": [
    1.69,
    1.68
  ],
  "BAT": [
    0.096719,
    0.096928
  ],
  "CHEEMS": [
    6.20608e-7,
    6.32131e-7
  ],
  "ATH": [
    0.00588496,
    0.0058579
  ],
  "COW": [
    0.183638,
    0.184107
  ],
  "BANANAS31": [
    0.00967466,
    0.00982527
  ],
  "TAG": [
    0.00066518,
    0.00072645
  ],
  "BEAT": [
    0.564381,
    0.552764
  ],
  "ARC": [
    0.073023,
    0.073851
  ],
  "SAHARA": [
    0.02207818,
    0.02203486
  ],
  "CKB": [
    0.0014746,
    0.00147316
  ],
  "BAN": [
    0.070593,
    0.071458
  ],
  "ONT": [
    0.070276,
    0.070393
  ],
  "NPC": [
    0.00777068,
    0.00785448
  ],
  "POLYX": [
    0.0471534,
    0.04721674
  ],
  "MYX": [
    0.257842,
    0.257696
  ],
  "CSPR": [
    0.0028584,
    0.00283185
  ],
  "MAGMA": [
    0.230707,
    0.229966
  ],
  "IOTX": [
    0.00452234,
    0.00453648
  ],
  "MERL": [
    0.03342725,
    0.03314434
  ],
  "ISLM": [
    0.01163809,
    0.01159941
  ],
  "NOT": [
    0.00038923,
    0.0003844
  ],
  "REZ": [
    0.00450605,
    0.00452117
  ],
  "HUMA": [
    0.02148496,
    0.02160554
  ],
  "NEIRO": [
    0.0000884,
    0.00008836
  ],
  "SNEK": [
    0.00046804,
    0.00047262
  ],
  "DEP": [
    0.00111051,
    0.00110735
  ],
  "SATS": [
    1.3782e-8,
    1.373e-8
  ],
  "SPELL": [
    0.00016586,
    0.00016588
  ],
  "GUN": [
    0.01487009,
    0.01501324
  ],
  "SWARMS": [
    0.02609596,
    0.02641076
  ],
  "ALLO": [
    0.118756,
    0.115853
  ],
  "CPOOL": [
    0.02589036,
    0.02577066
  ],
  "DEGEN": [
    0.00066728,
    0.00067567
  ],
  "SLP": [
    0.00069273,
    0.00068459
  ],
  "CORN": [
    0.04018258,
    0.04025821
  ],
  "LRC": [
    0.01663695,
    0.01665231
  ],
  "NYM": [
    0.02351351,
    0.02383022
  ],
  "L3": [
    0.01336435,
    0.01294303
  ],
  "AURORA": [
    0.02657899,
    0.02656971
  ],
  "GRIFFAIN": [
    0.01816854,
    0.01790236
  ],
  "INIT": [
    0.090858,
    0.09091
  ],
  "NIL": [
    0.03973551,
    0.03944029
  ],
  "AIN": [
    0.097389,
    0.093306
  ],
  "NEWT": [
    0.074154,
    0.074145
  ],
  "BOB": [
    0.00547169,
    0.00546589
  ],
  "BANK": [
    0.03414517,
    0.03387857
  ],
  "SONIC": [
    0.0381008,
    0.03802063
  ],
  "MUBARAK": [
    0.01348255,
    0.01342263
  ],
  "DSYNC": [
    0.01286691,
    0.01295646
  ],
  "TLM": [
    0.00182758,
    0.00182779
  ],
  "PAAL": [
    0.01279156,
    0.0127052
  ],
  "RESOLV": [
    0.02944921,
    0.02923141
  ],
  "HONEY": [
    0.0019453,
    0.00193779
  ],
  "DAO": [
    0.04069821,
    0.04086013
  ],
  "IKA": [
    0.00341523,
    0.00341519
  ],
  "HMSTR": [
    0.00015464,
    0.00015502
  ],
  "COQ": [
    1.35575e-7,
    1.33937e-7
  ],
  "LAT": [
    0.00131856,
    0.0013209
  ],
  "TAI": [
    0.01467362,
    0.01476149
  ],
  "RSS3": [
    0.00554187,
    0.00553473
  ],
  "AVL": [
    0.02585896,
    0.02594405
  ],
  "FUEL": [
    0.0009149,
    0.00091574
  ],
  "NAVX": [
    0.00873743,
    0.00870038
  ],
  "SOLV": [
    0.00459915,
    0.00451404
  ],
  "NKN": [
    0.00792595,
    0.00793788
  ],
  "PIXEL": [
    0.00814049,
    0.00816279
  ],
  "COS": [
    0.00112664,
    0.00112194
  ],
  "OBT": [
    0.00098841,
    0.00098776
  ],
  "DMC": [
    0.00068948,
    0.00068962
  ],
  "FHE": [
    0.01807551,
    0.01789964
  ],
  "FWOG": [
    0.00452244,
    0.00449298
  ],
  "ROAM": [
    0.01196631,
    0.01233037
  ],
  "LYXE": [
    0.249772,
    0.249772
  ],
  "DENT": [
    0.00003922,
    0.00003998
  ],
  "GEAR": [
    0.00033164,
    0.00033505
  ],
  "OAS": [
    0.0004825,
    0.00048235
  ],
  "FORTH": [
    0.23934,
    0.241042
  ],
  "HOOK": [
    0.00820382,
    0.00801223
  ],
  "RDNT": [
    0.00181036,
    0.00179774
  ],
  "SAMO": [
    0.00035892,
    0.00036195
  ],
  "CUDIS": [
    0.00783618,
    0.00781691
  ],
  "PERP": [
    0.02551883,
    0.02548409
  ],
  "EPT": [
    0.00070613,
    0.00070571
  ],
  "FIS": [
    0.01078862,
    0.01044708
  ],
  "HIPPO": [
    0.00015784,
    0.00015854
  ],
  "PTB": [
    0.00076065,
    0.0007594
  ],
  "FLM": [
    0.0026089,
    0.00259373
  ],
  "GORK": [
    0.0013525,
    0.00135523
  ],
  "SAROS": [
    0.00046018,
    0.00046385
  ],
  "DATA": [
    0.00070618,
    0.00070582
  ],
  "ACA": [
    0.00062765,
    0.00067353
  ],
  "INSP": [
    0.00097202,
    0.00097979
  ],
  "A2Z": [
    0.00008665,
    0.00008905
  ],
  "FOXY": [
    0.00011418,
    0.00011599
  ],
  "RFC": [
    0.00062249,
    0.00062128
  ],
  "DUCK": [
    0.00007183,
    0.00007203
  ],
  "SWTCH": [
    0.00322468,
    0.00335914
  ],
  "LOOKS": [
    0.00034641,
    0.00035161
  ],
  "BDXN": [
    0.00164682,
    0.00162996
  ],
  "MOONPIG": [
    0.00026382,
    0.00025894
  ],
  "ROOT": [
    0.00005816,
    0.00005808
  ],
  "CHILLGUY": [
    0.00010094,
    0.00010109
  ],
  "CHESS": [
    0.00020538,
    0.00020637
  ],
  "APU": [
    0.00003816,
    0.0000379
  ],
  "HOLO": [
    0.00001191,
    0.00001191
  ],
  "GMMT": [
    0.00244565,
    0.00244941
  ],
  "RATS": [
    0.00003903,
    0.00003864
  ],
  "ADB": [
    null,
    null
  ]
}