{
  "PUMP": [
    0.00177678,
    0.00177702
  ],
  "STABLE": [
    0.03583185,
    0.03531266
  ],
  "SIREN": [
    0.690225,
    0.701569
  ],
  "AERO": [
    0.456486,
    0.45689
  ],
  "MON": [
    0.03045104,
    0.03072596
  ],
  "JASMY": [
    0.00588815,
    0.00587126
  ],
  "LIT": [
    0.861376,
    0.854903
  ],
  "SKYAI": [
    0.165014,
    0.164946
  ],
  "CVX": [
    1.74,
    1.74
  ],
  "BAT": [
    0.1025,
    0.102364
  ],
  "CHEEMS": [
    5.91024e-7,
    5.92497e-7
  ],
  "ATH": [
    0.00582755,
    0.00590006
  ],
  "COW": [
    0.187374,
    0.187457
  ],
  "BANANAS31": [
    0.0094945,
    0.00950212
  ],
  "BEAT": [
    0.553723,
    0.559538
  ],
  "ARC": [
    0.077429,
    0.076814
  ],
  "TAG": [
    0.00071814,
    0.00069848
  ],
  "SAHARA": [
    0.02254704,
    0.0232331
  ],
  "CKB": [
    0.00148821,
    0.0015176
  ],
  "ONT": [
    0.071636,
    0.071149
  ],
  "BAN": [
    0.070568,
    0.071155
  ],
  "NPC": [
    0.00815228,
    0.00816396
  ],
  "POLYX": [
    0.04896911,
    0.04925447
  ],
  "MYX": [
    0.256279,
    0.256623
  ],
  "MERL": [
    0.03902116,
    0.03843795
  ],
  "CSPR": [
    0.00290961,
    0.00292835
  ],
  "IOTX": [
    0.00476066,
    0.00474268
  ],
  "NOT": [
    0.00040443,
    0.00040335
  ],
  "HUMA": [
    0.02241578,
    0.02190253
  ],
  "NEIRO": [
    0.00008974,
    0.00008863
  ],
  "MAGMA": [
    0.189078,
    0.18939
  ],
  "SNEK": [
    0.00047631,
    0.00047561
  ],
  "REZ": [
    0.00398648,
    0.00400261
  ],
  "SPELL": [
    0.00018365,
    0.00018534
  ],
  "SATS": [
    1.4363e-8,
    1.4351e-8
  ],
  "ISLM": [
    0.01175149,
    0.0118222
  ],
  "DEP": [
    0.00107531,
    0.00107874
  ],
  "SLP": [
    0.00071279,
    0.00071534
  ],
  "DEGEN": [
    0.00068024,
    0.0006916
  ],
  "GUN": [
    0.01465582,
    0.01441864
  ],
  "CPOOL": [
    0.02519174,
    0.02503164
  ],
  "ALLO": [
    0.108456,
    0.109316
  ],
  "NYM": [
    0.02716408,
    0.02758036
  ],
  "CORN": [
    0.04012031,
    0.04018998
  ],
  "LRC": [
    0.01680917,
    0.01684417
  ],
  "SWARMS": [
    0.02029292,
    0.01991518
  ],
  "AURORA": [
    0.02658415,
    0.02653329
  ],
  "NIL": [
    0.04109967,
    0.04121881
  ],
  "GRIFFAIN": [
    0.01734719,
    0.01769521
  ],
  "INIT": [
    0.090179,
    0.089327
  ],
  "NEWT": [
    0.076666,
    0.077627
  ],
  "AIN": [
    0.089554,
    0.089163
  ],
  "BOB": [
    0.00574935,
    0.00568627
  ],
  "L3": [
    0.01042433,
    0.01050573
  ],
  "BANK": [
    0.0338375,
    0.03390148
  ],
  "SONIC": [
    0.04056106,
    0.03907933
  ],
  "DSYNC": [
    0.0133839,
    0.01348518
  ],
  "MUBARAK": [
    0.01335472,
    0.01335063
  ],
  "TLM": [
    0.00183104,
    0.00183726
  ],
  "HONEY": [
    0.00205456,
    0.00208124
  ],
  "PAAL": [
    0.01269757,
    0.01269711
  ],
  "RESOLV": [
    0.02926343,
    0.02937382
  ],
  "DAO": [
    0.04148644,
    0.0414882
  ],
  "IKA": [
    0.00336727,
    0.00340518
  ],
  "HMSTR": [
    0.00015405,
    0.00015417
  ],
  "TAI": [
    0.01651284,
    0.01662636
  ],
  "COQ": [
    1.37067e-7,
    1.38092e-7
  ],
  "LAT": [
    0.00132922,
    0.00132595
  ],
  "AVL": [
    0.02564226,
    0.02574175
  ],
  "FUEL": [
    0.00092443,
    0.0009238
  ],
  "NAVX": [
    0.00874722,
    0.00874195
  ],
  "NKN": [
    0.00817749,
    0.00821955
  ],
  "PIXEL": [
    0.00823367,
    0.00832051
  ],
  "COS": [
    0.00116394,
    0.00116415
  ],
  "SOLV": [
    0.00404204,
    0.00403164
  ],
  "OBT": [
    0.00100406,
    0.00101008
  ],
  "ROAM": [
    0.01521473,
    0.0153561
  ],
  "RSS3": [
    0.00558839,
    0.00557573
  ],
  "DMC": [
    0.00070098,
    0.00070491
  ],
  "FHE": [
    0.01833059,
    0.01833577
  ],
  "FWOG": [
    0.00459153,
    0.00468792
  ],
  "LYXE": [
    0.249888,
    0.251628
  ],
  "OAS": [
    0.00055702,
    0.0005574
  ],
  "DENT": [
    0.00003892,
    0.00003716
  ],
  "FORTH": [
    0.241439,
    0.243788
  ],
  "HOOK": [
    0.00848279,
    0.00823991
  ],
  "RDNT": [
    0.00182276,
    0.00181556
  ],
  "GEAR": [
    0.0002285,
    0.00022959
  ],
  "SAMO": [
    0.00037116,
    0.00037168
  ],
  "CUDIS": [
    0.00775583,
    0.00778517
  ],
  "PERP": [
    0.02575402,
    0.02566323
  ],
  "EPT": [
    0.00073044,
    0.00072497
  ],
  "FIS": [
    0.01059235,
    0.01052804
  ],
  "PTB": [
    0.00079088,
    0.00078718
  ],
  "HIPPO": [
    0.00016167,
    0.00016303
  ],
  "FLM": [
    0.002652,
    0.00265446
  ],
  "GORK": [
    0.00144103,
    0.00143997
  ],
  "SAROS": [
    0.00050046,
    0.00050186
  ],
  "DATA": [
    0.00072552,
    0.00072178
  ],
  "INSP": [
    0.00104657,
    0.00103671
  ],
  "ACA": [
    0.00066218,
    0.00066134
  ],
  "FOXY": [
    0.00011503,
    0.0001159
  ],
  "A2Z": [
    0.00007246,
    0.0000731
  ],
  "RFC": [
    0.00056595,
    0.00057288
  ],
  "DUCK": [
    0.00006879,
    0.0000683
  ],
  "SWTCH": [
    0.00324834,
    0.00317198
  ],
  "LOOKS": [
    0.00035997,
    0.00036681
  ],
  "MOONPIG": [
    0.00027181,
    0.00027503
  ],
  "BDXN": [
    0.00160683,
    0.00160652
  ],
  "ROOT": [
    0.00006156,
    0.00006204
  ],
  "CHILLGUY": [
    0.00012287,
    0.00012363
  ],
  "APU": [
    0.00003942,
    0.00003984
  ],
  "CHESS": [
    0.00017023,
    0.00017024
  ],
  "HOLO": [
    0.00001191,
    0.00001191
  ],
  "GMMT": [
    0.00250049,
    0.00250433
  ],
  "RATS": [
    0.00003808,
    0.00003842
  ],
  "ADB": [
    null,
    null
  ]
}