{
  "SIREN": [
    1.61,
    1.65
  ],
  "PUMP": [
    0.00172264,
    0.00172452
  ],
  "STABLE": [
    0.02582612,
    0.02595246
  ],
  "AERO": [
    0.317986,
    0.319054
  ],
  "JASMY": [
    0.00534029,
    0.00533934
  ],
  "MON": [
    0.02211212,
    0.0220407
  ],
  "LIT": [
    0.863354,
    0.864353
  ],
  "CVX": [
    1.62,
    1.64
  ],
  "BAT": [
    0.094595,
    0.094858
  ],
  "BANANAS31": [
    0.01282364,
    0.01315677
  ],
  "ATH": [
    0.00699943,
    0.00707309
  ],
  "COW": [
    0.198305,
    0.200243
  ],
  "SAHARA": [
    0.02605586,
    0.02657782
  ],
  "CHEEMS": [
    4.0649e-7,
    4.07542e-7
  ],
  "CKB": [
    0.00137004,
    0.00137807
  ],
  "BEAT": [
    0.486812,
    0.47825
  ],
  "SKYAI": [
    0.063017,
    0.062756
  ],
  "TAG": [
    0.00057062,
    0.00057264
  ],
  "ONT": [
    0.066116,
    0.06413
  ],
  "NPC": [
    0.0073427,
    0.00734963
  ],
  "CSPR": [
    0.00355082,
    0.00360297
  ],
  "BAN": [
    0.056856,
    0.056832
  ],
  "POLYX": [
    0.04419335,
    0.04428421
  ],
  "ARC": [
    0.05021,
    0.0499173
  ],
  "MYX": [
    0.252408,
    0.254971
  ],
  "IOTX": [
    0.00481608,
    0.00482807
  ],
  "NOT": [
    0.00034818,
    0.00035027
  ],
  "SNEK": [
    0.00043796,
    0.00043832
  ],
  "ISLM": [
    0.01258679,
    0.01278674
  ],
  "DEP": [
    0.00114421,
    0.00114393
  ],
  "MERL": [
    0.02478784,
    0.02508498
  ],
  "LRC": [
    0.02267194,
    0.02297116
  ],
  "SPELL": [
    0.00016303,
    0.0001628
  ],
  "GUN": [
    0.01618026,
    0.01654467
  ],
  "NYM": [
    0.03250407,
    0.0325053
  ],
  "REZ": [
    0.00327413,
    0.00330258
  ],
  "HUMA": [
    0.01520707,
    0.0147674
  ],
  "DEGEN": [
    0.00067953,
    0.00068211
  ],
  "CORN": [
    0.04665634,
    0.04666498
  ],
  "ALLO": [
    0.106339,
    0.107119
  ],
  "NEIRO": [
    0.00005591,
    0.000056
  ],
  "CPOOL": [
    0.02366152,
    0.02383818
  ],
  "MAGMA": [
    0.121746,
    0.119877
  ],
  "SATS": [
    1.0464e-8,
    1.0534e-8
  ],
  "SLP": [
    0.00057958,
    0.00058103
  ],
  "AURORA": [
    0.02821834,
    0.02823838
  ],
  "DENT": [
    0.00019548,
    0.00019599
  ],
  "BANK": [
    0.04115715,
    0.04142848
  ],
  "DAO": [
    0.068854,
    0.069446
  ],
  "DSYNC": [
    0.01698517,
    0.01697861
  ],
  "BOB": [
    0.00579996,
    0.0057583
  ],
  "RESOLV": [
    0.04046596,
    0.04066281
  ],
  "NEWT": [
    0.070724,
    0.071414
  ],
  "INIT": [
    0.079125,
    0.079986
  ],
  "NIL": [
    0.03160794,
    0.03254574
  ],
  "SONIC": [
    0.03857655,
    0.03876606
  ],
  "PAAL": [
    0.01488606,
    0.0152603
  ],
  "ROAM": [
    0.03819189,
    0.03939854
  ],
  "L3": [
    0.00942145,
    0.00949522
  ],
  "HONEY": [
    0.00220413,
    0.00216494
  ],
  "MUBARAK": [
    0.01113208,
    0.01122721
  ],
  "AIN": [
    0.059108,
    0.059328
  ],
  "TLM": [
    0.00160342,
    0.00162589
  ],
  "GRIFFAIN": [
    0.01037979,
    0.01030782
  ],
  "IKA": [
    0.00337773,
    0.00337683
  ],
  "TAI": [
    0.01638386,
    0.0164539
  ],
  "NKN": [
    0.01153009,
    0.01169537
  ],
  "SWARMS": [
    0.00901631,
    0.00921755
  ],
  "LAT": [
    0.00131317,
    0.00131774
  ],
  "HMSTR": [
    0.00013382,
    0.0001339
  ],
  "FUEL": [
    0.00106055,
    0.00105945
  ],
  "DUCK": [
    0.00112313,
    0.00112225
  ],
  "COS": [
    0.00149377,
    0.0014907
  ],
  "NAVX": [
    0.00851613,
    0.00864552
  ],
  "AVL": [
    0.02551605,
    0.02576084
  ],
  "COQ": [
    9.7177e-8,
    9.7155e-8
  ],
  "PIXEL": [
    0.00827903,
    0.00819426
  ],
  "OBT": [
    0.0010727,
    0.00106349
  ],
  "PTB": [
    0.0028169,
    0.00255511
  ],
  "RDNT": [
    0.00415268,
    0.0041722
  ],
  "HIPPO": [
    0.0005188,
    0.00052183
  ],
  "RSS3": [
    0.00546264,
    0.00550292
  ],
  "FWOG": [
    0.00488257,
    0.00489452
  ],
  "FORTH": [
    0.410128,
    0.424338
  ],
  "SOLV": [
    0.00300136,
    0.00302
  ],
  "FHE": [
    0.01777009,
    0.01783687
  ],
  "LYXE": [
    0.283035,
    0.283035
  ],
  "DMC": [
    0.00071306,
    0.00070455
  ],
  "GEAR": [
    0.0002998,
    0.00029992
  ],
  "HOOK": [
    0.00939832,
    0.00946136
  ],
  "FIS": [
    0.01519994,
    0.01513801
  ],
  "OAS": [
    0.00035981,
    0.00035731
  ],
  "SAMO": [
    0.00039476,
    0.00039319
  ],
  "PERP": [
    0.02858125,
    0.0283315
  ],
  "CUDIS": [
    0.00790892,
    0.00802964
  ],
  "EPT": [
    0.00079404,
    0.00079636
  ],
  "A2Z": [
    0.00022945,
    0.00021492
  ],
  "GORK": [
    0.00162177,
    0.00162706
  ],
  "FLM": [
    0.00273536,
    0.00274836
  ],
  "SAROS": [
    0.00052681,
    0.00052441
  ],
  "DATA": [
    0.00102593,
    0.00101708
  ],
  "SWTCH": [
    0.00743661,
    0.00699931
  ],
  "INSP": [
    0.00124972,
    0.0012536
  ],
  "ACA": [
    0.00079702,
    0.00083681
  ],
  "FOXY": [
    0.00012815,
    0.00012801
  ],
  "RFC": [
    0.0005429,
    0.00054362
  ],
  "BDXN": [
    0.00258216,
    0.00257444
  ],
  "LOOKS": [
    0.00039202,
    0.00038943
  ],
  "MOONPIG": [
    0.0003108,
    0.00031282
  ],
  "CHESS": [
    0.00144783,
    0.00148206
  ],
  "ROOT": [
    0.00007093,
    0.00007094
  ],
  "CHILLGUY": [
    0.00006211,
    0.00006224
  ],
  "APU": [
    0.00003165,
    0.00003194
  ],
  "HOLO": [
    0.00001285,
    0.00001285
  ],
  "RATS": [
    0.00005178,
    0.00005231
  ],
  "GMMT": [
    0.00332568,
    0.00331836
  ],
  "ADB": [
    null,
    null
  ]
}