{
  "AERO": [
    0.327163,
    0.32388
  ],
  "JASMY": [
    0.00555973,
    0.00557041
  ],
  "MON": [
    0.02349855,
    0.02335499
  ],
  "LIT": [
    0.997115,
    1.008
  ],
  "CVX": [
    1.78,
    1.79
  ],
  "BAT": [
    0.110159,
    0.108742
  ],
  "BANANAS31": [
    0.01360787,
    0.01373238
  ],
  "ATH": [
    0.0067699,
    0.00680877
  ],
  "COW": [
    0.203375,
    0.203708
  ],
  "CHEEMS": [
    4.80519e-7,
    4.79527e-7
  ],
  "BEAT": [
    0.560076,
    0.555856
  ],
  "CKB": [
    0.00145152,
    0.0014518
  ],
  "MYX": [
    0.324808,
    0.324617
  ],
  "BAN": [
    0.057206,
    0.057117
  ],
  "CSPR": [
    0.00359704,
    0.00356663
  ],
  "IOTX": [
    0.00548018,
    0.00548743
  ],
  "ARC": [
    0.0470629,
    0.04671069
  ],
  "HUMA": [
    0.02018764,
    0.02090861
  ],
  "GUN": [
    0.02182842,
    0.02189949
  ],
  "ISLM": [
    0.01393422,
    0.01393714
  ],
  "DEP": [
    0.00116072,
    0.00121817
  ],
  "MERL": [
    0.02760089,
    0.02731817
  ],
  "LRC": [
    0.02479421,
    0.02457999
  ],
  "ALLO": [
    0.121534,
    0.122163
  ],
  "DEGEN": [
    0.00071871,
    0.00072495
  ],
  "MAGMA": [
    0.137339,
    0.139076
  ],
  "CORN": [
    0.04423968,
    0.04519111
  ],
  "CPOOL": [
    0.02288199,
    0.02298261
  ],
  "AURORA": [
    0.02896213,
    0.02895788
  ],
  "DENT": [
    0.00020245,
    0.00020322
  ],
  "DSYNC": [
    0.01820304,
    0.01834134
  ],
  "BANK": [
    0.03837262,
    0.03832632
  ],
  "INIT": [
    0.085665,
    0.084983
  ],
  "HONEY": [
    0.0025406,
    0.00252764
  ],
  "L3": [
    0.00951626,
    0.00951388
  ],
  "DAO": [
    0.050104,
    0.050404
  ],
  "MUBARAK": [
    0.01264843,
    0.01256752
  ],
  "BOB": [
    0.00562429,
    0.00565535
  ],
  "AIN": [
    0.063043,
    0.062755
  ],
  "IKA": [
    0.00349633,
    0.00352062
  ],
  "GRIFFAIN": [
    0.01000932,
    0.01000013
  ],
  "HMSTR": [
    0.00014522,
    0.0001452
  ],
  "LAT": [
    0.00132884,
    0.0013257
  ],
  "FUEL": [
    0.00109984,
    0.00110121
  ],
  "COS": [
    0.00144982,
    0.00146399
  ],
  "DUCK": [
    0.00102776,
    0.00102282
  ],
  "NAVX": [
    0.00863169,
    0.00867978
  ],
  "AVL": [
    0.02570833,
    0.02589318
  ],
  "COQ": [
    9.8129e-8,
    9.9526e-8
  ],
  "HIPPO": [
    0.00053732,
    0.00054173
  ],
  "FWOG": [
    0.00547849,
    0.00551744
  ],
  "FHE": [
    0.02050984,
    0.0205522
  ],
  "LYXE": [
    0.324871,
    0.317735
  ],
  "FORTH": [
    0.389778,
    0.392823
  ],
  "DMC": [
    0.00076244,
    0.0007547
  ],
  "GEAR": [
    0.00033199,
    0.00033207
  ],
  "HOOK": [
    0.01115787,
    0.01109956
  ],
  "A2Z": [
    0.0003532,
    0.0003241
  ],
  "FIS": [
    0.01489234,
    0.01482444
  ],
  "EPT": [
    0.00077999,
    0.0008227
  ],
  "CUDIS": [
    0.00776568,
    0.0076959
  ],
  "GORK": [
    0.00166532,
    0.0016709
  ],
  "FLM": [
    0.00284189,
    0.00285034
  ],
  "DATA": [
    0.00092051,
    0.00092141
  ],
  "INSP": [
    0.00131635,
    0.00132036
  ],
  "FOXY": [
    0.00016911,
    0.00016935
  ],
  "ACA": [
    0.00082265,
    0.00082282
  ],
  "BDXN": [
    0.00261644,
    0.00265865
  ],
  "LOOKS": [
    0.00042213,
    0.00042025
  ],
  "MOONPIG": [
    0.00034976,
    0.00034871
  ],
  "CHESS": [
    0.00155255,
    0.0015623
  ],
  "CHILLGUY": [
    0.00006385,
    0.00006385
  ],
  "APU": [
    0.0000374,
    0.00003767
  ],
  "HOLO": [
    0.00001419,
    0.00001427
  ],
  "GMMT": [
    0.00356259,
    0.00356992
  ],
  "ADB": [
    null,
    null
  ]
}