{
  "PUMP": [
    0.00182171,
    0.0018335
  ],
  "STABLE": [
    0.02607262,
    0.02612982
  ],
  "SIREN": [
    0.683708,
    0.729565
  ],
  "MON": [
    0.03426548,
    0.03416819
  ],
  "AERO": [
    0.363818,
    0.368351
  ],
  "JASMY": [
    0.00529045,
    0.0052773
  ],
  "LIT": [
    1.013,
    1.003
  ],
  "CVX": [
    1.76,
    1.76
  ],
  "BAT": [
    0.095609,
    0.096421
  ],
  "COW": [
    0.220099,
    0.21726
  ],
  "ATH": [
    0.00602245,
    0.00610554
  ],
  "SKYAI": [
    0.121868,
    0.116948
  ],
  "BANANAS31": [
    0.01036099,
    0.0103094
  ],
  "CHEEMS": [
    4.97841e-7,
    4.94552e-7
  ],
  "TAG": [
    0.00070991,
    0.00072999
  ],
  "BAN": [
    0.082574,
    0.078634
  ],
  "ONT": [
    0.077314,
    0.07744
  ],
  "ARC": [
    0.070696,
    0.076797
  ],
  "CKB": [
    0.00147238,
    0.00147494
  ],
  "SAHARA": [
    0.02246684,
    0.0221784
  ],
  "POLYX": [
    0.051672,
    0.051057
  ],
  "MYX": [
    0.300705,
    0.337656
  ],
  "NPC": [
    0.00782784,
    0.00775291
  ],
  "BEAT": [
    0.363634,
    0.363837
  ],
  "CSPR": [
    0.0029427,
    0.00294166
  ],
  "IOTX": [
    0.00442239,
    0.00447683
  ],
  "MERL": [
    0.02819189,
    0.03137206
  ],
  "MAGMA": [
    0.180652,
    0.192105
  ],
  "NOT": [
    0.00036103,
    0.00036288
  ],
  "SNEK": [
    0.00041629,
    0.00041693
  ],
  "HUMA": [
    0.01704518,
    0.01762787
  ],
  "ISLM": [
    0.01211279,
    0.01183626
  ],
  "DEP": [
    0.00112153,
    0.00110878
  ],
  "REZ": [
    0.00361698,
    0.00363586
  ],
  "NYM": [
    0.03401157,
    0.03365605
  ],
  "NEIRO": [
    0.0000643,
    0.00006575
  ],
  "GUN": [
    0.01542016,
    0.01594703
  ],
  "SPELL": [
    0.00015791,
    0.00015819
  ],
  "DEGEN": [
    0.00071682,
    0.00071509
  ],
  "ALLO": [
    0.109863,
    0.10893
  ],
  "CPOOL": [
    0.02464275,
    0.02499305
  ],
  "SATS": [
    1.1269e-8,
    1.1558e-8
  ],
  "SLP": [
    0.00060984,
    0.0006147
  ],
  "BOB": [
    0.00793261,
    0.00785081
  ],
  "CORN": [
    0.04051187,
    0.041285
  ],
  "LRC": [
    0.01598697,
    0.01600047
  ],
  "AURORA": [
    0.02704793,
    0.0270141
  ],
  "L3": [
    0.01121621,
    0.01114721
  ],
  "NEWT": [
    0.070701,
    0.073254
  ],
  "DSYNC": [
    0.01599088,
    0.01576268
  ],
  "BANK": [
    0.03831128,
    0.03654002
  ],
  "NIL": [
    0.03482703,
    0.03588899
  ],
  "DENT": [
    0.00015456,
    0.0001567
  ],
  "INIT": [
    0.080132,
    0.079937
  ],
  "GRIFFAIN": [
    0.01431083,
    0.01481329
  ],
  "SWARMS": [
    0.01646966,
    0.01478207
  ],
  "MUBARAK": [
    0.01328864,
    0.01347719
  ],
  "RESOLV": [
    0.03382986,
    0.03457604
  ],
  "SONIC": [
    0.03537182,
    0.0350313
  ],
  "PAAL": [
    0.01360942,
    0.01359972
  ],
  "AIN": [
    0.069658,
    0.066301
  ],
  "DAO": [
    0.04776203,
    0.04712384
  ],
  "TLM": [
    0.00164775,
    0.00164609
  ],
  "IKA": [
    0.00348719,
    0.00354871
  ],
  "HONEY": [
    0.00174987,
    0.0017188
  ],
  "TAI": [
    0.01646875,
    0.01644837
  ],
  "HMSTR": [
    0.00014638,
    0.00014549
  ],
  "LAT": [
    0.00134332,
    0.001347
  ],
  "AVL": [
    0.02619578,
    0.0272091
  ],
  "COQ": [
    1.13368e-7,
    1.14168e-7
  ],
  "FUEL": [
    0.00095376,
    0.00095445
  ],
  "NAVX": [
    0.00861777,
    0.00864482
  ],
  "NKN": [
    0.00872061,
    0.00845773
  ],
  "ROAM": [
    0.0189011,
    0.01852699
  ],
  "COS": [
    0.00125544,
    0.00123177
  ],
  "PIXEL": [
    0.00819701,
    0.00831126
  ],
  "SOLV": [
    0.00409571,
    0.00423052
  ],
  "OBT": [
    0.00102807,
    0.00102911
  ],
  "RSS3": [
    0.00579372,
    0.00582494
  ],
  "FWOG": [
    0.00489117,
    0.00487431
  ],
  "FHE": [
    0.01823037,
    0.01816377
  ],
  "DMC": [
    0.00069709,
    0.00069153
  ],
  "GEAR": [
    0.00038509,
    0.0004521
  ],
  "LYXE": [
    0.23556,
    0.235502
  ],
  "FORTH": [
    0.267183,
    0.263663
  ],
  "RDNT": [
    0.00203556,
    0.00205519
  ],
  "OAS": [
    0.00037061,
    0.00037536
  ],
  "PTB": [
    0.00113514,
    0.00117212
  ],
  "SAMO": [
    0.00041906,
    0.00041926
  ],
  "HOOK": [
    0.00822433,
    0.00826522
  ],
  "PERP": [
    0.02661602,
    0.0275433
  ],
  "CUDIS": [
    0.0078164,
    0.00775619
  ],
  "EPT": [
    0.00075787,
    0.00074968
  ],
  "FLM": [
    0.00291188,
    0.00296577
  ],
  "FIS": [
    0.01089042,
    0.01070074
  ],
  "HIPPO": [
    0.00016279,
    0.00016262
  ],
  "GORK": [
    0.0014034,
    0.00141133
  ],
  "DATA": [
    0.00094005,
    0.00094001
  ],
  "SAROS": [
    0.00038816,
    0.00041374
  ],
  "INSP": [
    0.00104064,
    0.00102567
  ],
  "ACA": [
    0.00069967,
    0.00069614
  ],
  "DUCK": [
    0.00008265,
    0.00009189
  ],
  "FOXY": [
    0.00010687,
    0.00011064
  ],
  "A2Z": [
    0.00007313,
    0.00007624
  ],
  "SWTCH": [
    0.0033944,
    0.00339831
  ],
  "RFC": [
    0.00055551,
    0.00055502
  ],
  "LOOKS": [
    0.00035983,
    0.0003745
  ],
  "BDXN": [
    0.00191327,
    0.00189346
  ],
  "MOONPIG": [
    0.0002931,
    0.00029005
  ],
  "ROOT": [
    0.0000601,
    0.000059
  ],
  "CHILLGUY": [
    0.00007731,
    0.00007731
  ],
  "APU": [
    0.000036,
    0.00003432
  ],
  "CHESS": [
    0.00015133,
    0.00015399
  ],
  "HOLO": [
    0.00001253,
    0.00001248
  ],
  "GMMT": [
    0.0037373,
    0.00371064
  ],
  "RATS": [
    0.00003621,
    0.00003702
  ],
  "ADB": [
    null,
    null
  ]
}