{
  "PUMP": [
    0.00164411,
    0.00165487
  ],
  "STABLE": [
    0.02651855,
    0.02647038
  ],
  "SIREN": [
    0.554227,
    0.551682
  ],
  "MON": [
    0.02675911,
    0.02753621
  ],
  "AERO": [
    0.308758,
    0.311888
  ],
  "JASMY": [
    0.00520082,
    0.00520774
  ],
  "LIT": [
    0.958014,
    0.970828
  ],
  "CVX": [
    1.68,
    1.69
  ],
  "BAT": [
    0.094929,
    0.094875
  ],
  "ATH": [
    0.00656701,
    0.0066635
  ],
  "COW": [
    0.197879,
    0.199236
  ],
  "BANANAS31": [
    0.01062106,
    0.01090158
  ],
  "ONT": [
    0.09085,
    0.0935
  ],
  "CHEEMS": [
    3.97966e-7,
    4.04301e-7
  ],
  "SKYAI": [
    0.072831,
    0.072505
  ],
  "TAG": [
    0.00066441,
    0.00065415
  ],
  "SAHARA": [
    0.0222828,
    0.02250091
  ],
  "CKB": [
    0.00141718,
    0.00142117
  ],
  "POLYX": [
    0.04876433,
    0.04944741
  ],
  "BAN": [
    0.059131,
    0.059744
  ],
  "NPC": [
    0.00698593,
    0.00698684
  ],
  "ARC": [
    0.05357,
    0.054053
  ],
  "CSPR": [
    0.00288262,
    0.00289433
  ],
  "BEAT": [
    0.327544,
    0.324567
  ],
  "MYX": [
    0.221901,
    0.223283
  ],
  "IOTX": [
    0.00438441,
    0.00437874
  ],
  "NOT": [
    0.00034368,
    0.00034185
  ],
  "DEP": [
    0.0011412,
    0.00114116
  ],
  "ISLM": [
    0.01211601,
    0.0121082
  ],
  "SNEK": [
    0.0004052,
    0.00041014
  ],
  "L3": [
    0.02196539,
    0.02157454
  ],
  "REZ": [
    0.00358734,
    0.00363833
  ],
  "NYM": [
    0.03426748,
    0.03426898
  ],
  "MERL": [
    0.02389644,
    0.02376231
  ],
  "SPELL": [
    0.00015723,
    0.00015851
  ],
  "HUMA": [
    0.01429016,
    0.0145183
  ],
  "DEGEN": [
    0.00066257,
    0.00066033
  ],
  "GUN": [
    0.01393486,
    0.01396972
  ],
  "CORN": [
    0.04498465,
    0.04509959
  ],
  "ALLO": [
    0.106994,
    0.107127
  ],
  "NEIRO": [
    0.00005339,
    0.00005356
  ],
  "CPOOL": [
    0.02216329,
    0.02237915
  ],
  "SATS": [
    1.0292e-8,
    1.0339e-8
  ],
  "LRC": [
    0.01763453,
    0.0172999
  ],
  "SLP": [
    0.0005799,
    0.00058164
  ],
  "MAGMA": [
    0.112455,
    0.109001
  ],
  "AURORA": [
    0.02581409,
    0.02586797
  ],
  "DENT": [
    0.00017171,
    0.00017489
  ],
  "BOB": [
    0.00573513,
    0.005757
  ],
  "INIT": [
    0.080215,
    0.080193
  ],
  "RESOLV": [
    0.03761104,
    0.03739691
  ],
  "DSYNC": [
    0.0139028,
    0.0140588
  ],
  "NIL": [
    0.03185419,
    0.03219468
  ],
  "NEWT": [
    0.063412,
    0.063588
  ],
  "DAO": [
    0.052367,
    0.052267
  ],
  "SONIC": [
    0.0359233,
    0.0359306
  ],
  "IKA": [
    0.00394018,
    0.00409981
  ],
  "BANK": [
    0.02729259,
    0.02809995
  ],
  "HONEY": [
    0.00206502,
    0.00206061
  ],
  "PAAL": [
    0.01291567,
    0.01283523
  ],
  "GRIFFAIN": [
    0.0113139,
    0.01137253
  ],
  "MUBARAK": [
    0.01120353,
    0.01121206
  ],
  "TLM": [
    0.00160527,
    0.0015992
  ],
  "AIN": [
    0.055808,
    0.055247
  ],
  "ROAM": [
    0.02945179,
    0.02945752
  ],
  "SWARMS": [
    0.01008238,
    0.00989986
  ],
  "TAI": [
    0.01617891,
    0.01604556
  ],
  "AVL": [
    0.03377998,
    0.03228766
  ],
  "LAT": [
    0.00130617,
    0.00130469
  ],
  "HMSTR": [
    0.00013395,
    0.00013386
  ],
  "FUEL": [
    0.00093725,
    0.00093655
  ],
  "NAVX": [
    0.00882248,
    0.0088238
  ],
  "NKN": [
    0.00881771,
    0.00883687
  ],
  "SOLV": [
    0.00465823,
    0.00469113
  ],
  "COS": [
    0.00130977,
    0.00128388
  ],
  "COQ": [
    9.2733e-8,
    9.2779e-8
  ],
  "OBT": [
    0.00101615,
    0.00101629
  ],
  "RSS3": [
    0.00622012,
    0.00586997
  ],
  "PIXEL": [
    0.00644567,
    0.00645106
  ],
  "HIPPO": [
    0.00051517,
    0.0004894
  ],
  "FHE": [
    0.01878308,
    0.01933079
  ],
  "FWOG": [
    0.00467237,
    0.00468943
  ],
  "DMC": [
    0.00076142,
    0.00073122
  ],
  "LYXE": [
    0.255362,
    0.257515
  ],
  "RDNT": [
    0.00261182,
    0.00260951
  ],
  "FORTH": [
    0.32667,
    0.295436
  ],
  "HOOK": [
    0.00843799,
    0.00999166
  ],
  "GEAR": [
    0.00028444,
    0.00028423
  ],
  "SAMO": [
    0.00043145,
    0.00043119
  ],
  "DUCK": [
    0.00031374,
    0.00032081
  ],
  "OAS": [
    0.00037025,
    0.00036295
  ],
  "PTB": [
    0.00095108,
    0.00095073
  ],
  "FIS": [
    0.01265906,
    0.012622
  ],
  "CUDIS": [
    0.00763599,
    0.00762638
  ],
  "PERP": [
    0.02531158,
    0.02543298
  ],
  "EPT": [
    0.00075322,
    0.00075639
  ],
  "FLM": [
    0.00281039,
    0.002795
  ],
  "DATA": [
    0.00097416,
    0.00098252
  ],
  "GORK": [
    0.00124861,
    0.00124811
  ],
  "SAROS": [
    0.00045676,
    0.00045992
  ],
  "INSP": [
    0.00117438,
    0.00116588
  ],
  "ACA": [
    0.00074629,
    0.00075413
  ],
  "A2Z": [
    0.00009772,
    0.00009906
  ],
  "SWTCH": [
    0.00398253,
    0.00365758
  ],
  "FOXY": [
    0.00009507,
    0.00009689
  ],
  "RFC": [
    0.00051559,
    0.00051997
  ],
  "LOOKS": [
    0.00035925,
    0.00037313
  ],
  "BDXN": [
    0.00191916,
    0.00189416
  ],
  "MOONPIG": [
    0.00028597,
    0.00028898
  ],
  "ROOT": [
    0.00006261,
    0.00006372
  ],
  "CHESS": [
    0.00040248,
    0.00039333
  ],
  "CHILLGUY": [
    0.00006723,
    0.00006723
  ],
  "APU": [
    0.00003019,
    0.00003105
  ],
  "HOLO": [
    0.00001203,
    0.00001222
  ],
  "RATS": [
    0.0000396,
    0.0000391
  ],
  "GMMT": [
    0.00371187,
    0.00373268
  ],
  "ADB": [
    null,
    null
  ]
}