{
  "STABLE": [
    0.03229379,
    0.03251409
  ],
  "PUMP": [
    0.00176868,
    0.00176187
  ],
  "SIREN": [
    0.662552,
    0.659897
  ],
  "AERO": [
    0.442767,
    0.442837
  ],
  "SKYAI": [
    0.348204,
    0.356596
  ],
  "MON": [
    0.02732489,
    0.02713988
  ],
  "JASMY": [
    0.00564649,
    0.0056387
  ],
  "LIT": [
    0.887342,
    0.89127
  ],
  "CVX": [
    1.68,
    1.68
  ],
  "BAT": [
    0.096928,
    0.096577
  ],
  "CHEEMS": [
    6.32131e-7,
    6.34821e-7
  ],
  "ATH": [
    0.0058579,
    0.00584172
  ],
  "COW": [
    0.184107,
    0.183856
  ],
  "BANANAS31": [
    0.00982527,
    0.00982687
  ],
  "BEAT": [
    0.552764,
    0.551461
  ],
  "ARC": [
    0.073851,
    0.074143
  ],
  "SAHARA": [
    0.02203486,
    0.02199658
  ],
  "CKB": [
    0.00147316,
    0.00146848
  ],
  "BAN": [
    0.071458,
    0.071274
  ],
  "ONT": [
    0.070393,
    0.070552
  ],
  "TAG": [
    0.00072645,
    0.00064561
  ],
  "NPC": [
    0.00785448,
    0.00783136
  ],
  "POLYX": [
    0.04721674,
    0.04720528
  ],
  "MYX": [
    0.257696,
    0.260531
  ],
  "CSPR": [
    0.00283185,
    0.00282705
  ],
  "MAGMA": [
    0.229966,
    0.22964
  ],
  "IOTX": [
    0.00453648,
    0.00452724
  ],
  "ISLM": [
    0.01159941,
    0.01153642
  ],
  "MERL": [
    0.03314434,
    0.03272275
  ],
  "NOT": [
    0.0003844,
    0.00038258
  ],
  "REZ": [
    0.00452117,
    0.00451001
  ],
  "HUMA": [
    0.02160554,
    0.02169163
  ],
  "NEIRO": [
    0.00008836,
    0.000088
  ],
  "SNEK": [
    0.00047262,
    0.00047168
  ],
  "DEP": [
    0.00110735,
    0.00110922
  ],
  "SATS": [
    1.373e-8,
    1.3654e-8
  ],
  "SPELL": [
    0.00016588,
    0.00016644
  ],
  "SWARMS": [
    0.02641076,
    0.02636447
  ],
  "GUN": [
    0.01501324,
    0.01491889
  ],
  "ALLO": [
    0.115853,
    0.116244
  ],
  "CPOOL": [
    0.02577066,
    0.02572208
  ],
  "SLP": [
    0.00068459,
    0.00068944
  ],
  "DEGEN": [
    0.00067567,
    0.00067444
  ],
  "CORN": [
    0.04025821,
    0.04026648
  ],
  "LRC": [
    0.01665231,
    0.01656851
  ],
  "NYM": [
    0.02383022,
    0.02360098
  ],
  "L3": [
    0.01294303,
    0.01288224
  ],
  "AURORA": [
    0.02656971,
    0.02651824
  ],
  "GRIFFAIN": [
    0.01790236,
    0.0180656
  ],
  "INIT": [
    0.09091,
    0.091197
  ],
  "AIN": [
    0.093306,
    0.094602
  ],
  "NIL": [
    0.03944029,
    0.0385873
  ],
  "NEWT": [
    0.074145,
    0.073972
  ],
  "BOB": [
    0.00546589,
    0.00549117
  ],
  "BANK": [
    0.03387857,
    0.03387001
  ],
  "SONIC": [
    0.03802063,
    0.03795575
  ],
  "MUBARAK": [
    0.01342263,
    0.01337671
  ],
  "DSYNC": [
    0.01295646,
    0.01293258
  ],
  "TLM": [
    0.00182779,
    0.00182879
  ],
  "PAAL": [
    0.0127052,
    0.01269119
  ],
  "RESOLV": [
    0.02923141,
    0.02920997
  ],
  "HONEY": [
    0.00193779,
    0.00190533
  ],
  "IKA": [
    0.00341519,
    0.00343372
  ],
  "DAO": [
    0.04086013,
    0.04076329
  ],
  "HMSTR": [
    0.00015502,
    0.00015208
  ],
  "COQ": [
    1.33937e-7,
    1.34534e-7
  ],
  "LAT": [
    0.0013209,
    0.001321
  ],
  "TAI": [
    0.01476149,
    0.01519484
  ],
  "RSS3": [
    0.00553473,
    0.0055075
  ],
  "AVL": [
    0.02594405,
    0.02583363
  ],
  "FUEL": [
    0.00091574,
    0.0009144
  ],
  "NAVX": [
    0.00870038,
    0.00872147
  ],
  "SOLV": [
    0.00451404,
    0.00453109
  ],
  "NKN": [
    0.00793788,
    0.00808086
  ],
  "PIXEL": [
    0.00816279,
    0.00807914
  ],
  "COS": [
    0.00112194,
    0.00112427
  ],
  "OBT": [
    0.00098776,
    0.00099661
  ],
  "DMC": [
    0.00068962,
    0.00069125
  ],
  "FHE": [
    0.01789964,
    0.01786333
  ],
  "FWOG": [
    0.00449298,
    0.00446874
  ],
  "ROAM": [
    0.01233037,
    0.01224014
  ],
  "LYXE": [
    0.249772,
    0.249772
  ],
  "DENT": [
    0.00003998,
    0.00003879
  ],
  "GEAR": [
    0.00033505,
    0.00032651
  ],
  "OAS": [
    0.00048235,
    0.0004831
  ],
  "FORTH": [
    0.241042,
    0.238193
  ],
  "HOOK": [
    0.00801223,
    0.00818978
  ],
  "RDNT": [
    0.00179774,
    0.00180053
  ],
  "SAMO": [
    0.00036195,
    0.00035575
  ],
  "CUDIS": [
    0.00781691,
    0.00779131
  ],
  "PERP": [
    0.02548409,
    0.025398
  ],
  "FIS": [
    0.01044708,
    0.01063376
  ],
  "EPT": [
    0.00070571,
    0.00070393
  ],
  "HIPPO": [
    0.00015854,
    0.00015817
  ],
  "PTB": [
    0.0007594,
    0.00075769
  ],
  "FLM": [
    0.00259373,
    0.00258122
  ],
  "GORK": [
    0.00135523,
    0.00137139
  ],
  "SAROS": [
    0.00046385,
    0.00046496
  ],
  "DATA": [
    0.00070582,
    0.00070443
  ],
  "ACA": [
    0.00067353,
    0.00067441
  ],
  "INSP": [
    0.00097979,
    0.00097488
  ],
  "A2Z": [
    0.00008905,
    0.00009067
  ],
  "FOXY": [
    0.00011599,
    0.00011592
  ],
  "RFC": [
    0.00062128,
    0.00062091
  ],
  "DUCK": [
    0.00007203,
    0.00007208
  ],
  "SWTCH": [
    0.00335914,
    0.00328591
  ],
  "LOOKS": [
    0.00035161,
    0.00035151
  ],
  "BDXN": [
    0.00162996,
    0.00163025
  ],
  "MOONPIG": [
    0.00025894,
    0.00026283
  ],
  "ROOT": [
    0.00005808,
    0.00005806
  ],
  "CHILLGUY": [
    0.00010109,
    0.00010098
  ],
  "CHESS": [
    0.00020637,
    0.00020649
  ],
  "APU": [
    0.0000379,
    0.00003787
  ],
  "HOLO": [
    0.00001191,
    0.00001191
  ],
  "GMMT": [
    0.00244941,
    0.00244933
  ],
  "RATS": [
    0.00003864,
    0.00003806
  ],
  "ADB": [
    null,
    null
  ]
}