{
  "PUMP": [
    0.00173859,
    0.00173216
  ],
  "STABLE": [
    0.03338758,
    0.03370634
  ],
  "SIREN": [
    0.729632,
    0.725629
  ],
  "AERO": [
    0.424033,
    0.422193
  ],
  "MON": [
    0.0297872,
    0.02993574
  ],
  "JASMY": [
    0.00567361,
    0.00565824
  ],
  "LIT": [
    0.909031,
    0.905912
  ],
  "SKYAI": [
    0.202227,
    0.203778
  ],
  "CVX": [
    1.78,
    1.78
  ],
  "BAT": [
    0.10373,
    0.10327
  ],
  "CHEEMS": [
    5.84645e-7,
    5.77718e-7
  ],
  "ATH": [
    0.00601427,
    0.00599075
  ],
  "COW": [
    0.187763,
    0.187599
  ],
  "BAN": [
    0.095702,
    0.098115
  ],
  "BANANAS31": [
    0.0091474,
    0.00918237
  ],
  "BEAT": [
    0.549909,
    0.547871
  ],
  "ONT": [
    0.075326,
    0.074743
  ],
  "CKB": [
    0.00151458,
    0.00150789
  ],
  "SAHARA": [
    0.02294997,
    0.02304486
  ],
  "TAG": [
    0.00065087,
    0.00065648
  ],
  "ARC": [
    0.067495,
    0.067264
  ],
  "NPC": [
    0.00832167,
    0.0082666
  ],
  "POLYX": [
    0.051133,
    0.050981
  ],
  "MYX": [
    0.246236,
    0.241573
  ],
  "CSPR": [
    0.00291938,
    0.00291701
  ],
  "MERL": [
    0.03699605,
    0.03633064
  ],
  "IOTX": [
    0.00477848,
    0.00477097
  ],
  "HUMA": [
    0.02558627,
    0.0248128
  ],
  "NOT": [
    0.00041248,
    0.00040933
  ],
  "SNEK": [
    0.00050453,
    0.00049534
  ],
  "NEIRO": [
    0.00008684,
    0.00008651
  ],
  "MAGMA": [
    0.19307,
    0.189845
  ],
  "REZ": [
    0.00394387,
    0.00392877
  ],
  "DEP": [
    0.00111642,
    0.0011165
  ],
  "ISLM": [
    0.01176545,
    0.01176566
  ],
  "SATS": [
    1.4347e-8,
    1.4212e-8
  ],
  "SPELL": [
    0.00016444,
    0.0001641
  ],
  "CPOOL": [
    0.02707464,
    0.02714162
  ],
  "GUN": [
    0.01548318,
    0.01540387
  ],
  "SLP": [
    0.00073808,
    0.0007267
  ],
  "ALLO": [
    0.117444,
    0.115739
  ],
  "NYM": [
    0.03127795,
    0.03121845
  ],
  "INIT": [
    0.095191,
    0.093998
  ],
  "DEGEN": [
    0.00064674,
    0.00064591
  ],
  "CORN": [
    0.03982382,
    0.04008243
  ],
  "LRC": [
    0.01689255,
    0.01684124
  ],
  "AURORA": [
    0.02774034,
    0.02775859
  ],
  "SWARMS": [
    0.01836396,
    0.01841346
  ],
  "NIL": [
    0.04132514,
    0.0407977
  ],
  "GRIFFAIN": [
    0.01777231,
    0.01796442
  ],
  "NEWT": [
    0.080138,
    0.079864
  ],
  "BOB": [
    0.00576059,
    0.00575909
  ],
  "L3": [
    0.01028131,
    0.01026144
  ],
  "BANK": [
    0.03351342,
    0.03346858
  ],
  "DSYNC": [
    0.01422241,
    0.01424397
  ],
  "MUBARAK": [
    0.01359188,
    0.0135012
  ],
  "SONIC": [
    0.03743064,
    0.03735631
  ],
  "TLM": [
    0.0018912,
    0.00189344
  ],
  "HONEY": [
    0.00207561,
    0.0020634
  ],
  "AIN": [
    0.063648,
    0.063524
  ],
  "IKA": [
    0.00382752,
    0.00383169
  ],
  "DAO": [
    0.04474314,
    0.04455582
  ],
  "PAAL": [
    0.01223489,
    0.01221786
  ],
  "RESOLV": [
    0.0274803,
    0.02727332
  ],
  "COQ": [
    1.4564e-7,
    1.45161e-7
  ],
  "HMSTR": [
    0.00015513,
    0.00015516
  ],
  "TAI": [
    0.01657939,
    0.01657162
  ],
  "LAT": [
    0.00133323,
    0.00133271
  ],
  "AVL": [
    0.02654288,
    0.02661719
  ],
  "FUEL": [
    0.00093542,
    0.0009357
  ],
  "NAVX": [
    0.00871879,
    0.00869684
  ],
  "NKN": [
    0.00857074,
    0.0085786
  ],
  "PIXEL": [
    0.00824285,
    0.0081607
  ],
  "DENT": [
    0.00006554,
    0.00006463
  ],
  "SOLV": [
    0.00417689,
    0.00405027
  ],
  "COS": [
    0.00117204,
    0.00116557
  ],
  "OBT": [
    0.00104043,
    0.00104467
  ],
  "ROAM": [
    0.01603498,
    0.01601518
  ],
  "RSS3": [
    0.00587378,
    0.00584745
  ],
  "DMC": [
    0.00070911,
    0.00071011
  ],
  "FWOG": [
    0.00451393,
    0.00451274
  ],
  "FHE": [
    0.01768764,
    0.01765551
  ],
  "OAS": [
    0.00060782,
    0.00060654
  ],
  "LYXE": [
    0.233758,
    0.234115
  ],
  "FORTH": [
    0.25834,
    0.258555
  ],
  "HOOK": [
    0.00841764,
    0.00840264
  ],
  "RDNT": [
    0.00189993,
    0.00187028
  ],
  "GEAR": [
    0.00022946,
    0.00022439
  ],
  "SAMO": [
    0.00038048,
    0.00038079
  ],
  "CUDIS": [
    0.00799066,
    0.00800786
  ],
  "PERP": [
    0.02627065,
    0.02620003
  ],
  "EPT": [
    0.00074207,
    0.00074078
  ],
  "PTB": [
    0.00080553,
    0.00080985
  ],
  "FIS": [
    0.01054081,
    0.01058441
  ],
  "HIPPO": [
    0.00016049,
    0.00015945
  ],
  "GORK": [
    0.00153501,
    0.00150332
  ],
  "FLM": [
    0.00262165,
    0.00262327
  ],
  "SAROS": [
    0.00050198,
    0.00050001
  ],
  "DATA": [
    0.00074898,
    0.00074895
  ],
  "INSP": [
    0.00110162,
    0.00109887
  ],
  "ACA": [
    0.00065762,
    0.00065695
  ],
  "FOXY": [
    0.00011903,
    0.00011982
  ],
  "A2Z": [
    0.00006993,
    0.00006882
  ],
  "RFC": [
    0.00058999,
    0.00059264
  ],
  "SWTCH": [
    0.00348029,
    0.0034672
  ],
  "DUCK": [
    0.00006942,
    0.00006982
  ],
  "LOOKS": [
    0.00037114,
    0.00037068
  ],
  "MOONPIG": [
    0.00029501,
    0.00029701
  ],
  "BDXN": [
    0.00157108,
    0.00156323
  ],
  "ROOT": [
    0.00006149,
    0.0000614
  ],
  "CHILLGUY": [
    0.00013291,
    0.00013301
  ],
  "APU": [
    0.00004789,
    0.00004828
  ],
  "CHESS": [
    0.00015193,
    0.00015256
  ],
  "HOLO": [
    0.00001212,
    0.00001212
  ],
  "GMMT": [
    0.00261366,
    0.00261343
  ],
  "RATS": [
    0.0000373,
    0.0000374
  ],
  "ADB": [
    null,
    null
  ]
}