{
  "STABLE": [
    0.03382875,
    0.0347135
  ],
  "SKYAI": [
    0.779467,
    0.721971
  ],
  "PUMP": [
    0.00182498,
    0.00183278
  ],
  "SIREN": [
    0.760397,
    0.770281
  ],
  "AERO": [
    0.447714,
    0.447355
  ],
  "MON": [
    0.02983301,
    0.02994295
  ],
  "JASMY": [
    0.0055736,
    0.00557878
  ],
  "LIT": [
    0.910785,
    0.915839
  ],
  "CVX": [
    1.76,
    1.77
  ],
  "BAT": [
    0.103954,
    0.103644
  ],
  "TAG": [
    0.00140047,
    0.00131481
  ],
  "CHEEMS": [
    6.34327e-7,
    6.36817e-7
  ],
  "BANANAS31": [
    0.0121454,
    0.01217219
  ],
  "ATH": [
    0.00604385,
    0.00608897
  ],
  "COW": [
    0.190632,
    0.19204
  ],
  "SAHARA": [
    0.02474194,
    0.02466051
  ],
  "BEAT": [
    0.56324,
    0.56054
  ],
  "BAN": [
    0.075142,
    0.075028
  ],
  "CKB": [
    0.00149469,
    0.0015003
  ],
  "ONT": [
    0.070988,
    0.070957
  ],
  "ARC": [
    0.067892,
    0.067421
  ],
  "NPC": [
    0.00762752,
    0.0076161
  ],
  "POLYX": [
    0.04789861,
    0.04817138
  ],
  "MERL": [
    0.04092466,
    0.0398234
  ],
  "MYX": [
    0.237925,
    0.243517
  ],
  "REZ": [
    0.00544444,
    0.00542227
  ],
  "MAGMA": [
    0.242045,
    0.240978
  ],
  "CSPR": [
    0.00278139,
    0.0027811
  ],
  "NOT": [
    0.00042775,
    0.00043992
  ],
  "IOTX": [
    0.00455478,
    0.00457038
  ],
  "NEIRO": [
    0.00009343,
    0.00009378
  ],
  "ISLM": [
    0.01134456,
    0.01086932
  ],
  "HUMA": [
    0.02160252,
    0.02179258
  ],
  "SNEK": [
    0.00046823,
    0.00046192
  ],
  "SWARMS": [
    0.03196452,
    0.03303071
  ],
  "SATS": [
    1.4804e-8,
    1.4847e-8
  ],
  "DEP": [
    0.00110982,
    0.00110935
  ],
  "CPOOL": [
    0.02857797,
    0.02885495
  ],
  "SPELL": [
    0.00016765,
    0.00016797
  ],
  "GUN": [
    0.01489765,
    0.01497658
  ],
  "ALLO": [
    0.118551,
    0.117666
  ],
  "SLP": [
    0.00070822,
    0.00071128
  ],
  "DEGEN": [
    0.0006751,
    0.00067891
  ],
  "CORN": [
    0.04027066,
    0.04024573
  ],
  "LRC": [
    0.01684094,
    0.01684781
  ],
  "AURORA": [
    0.02673809,
    0.02687169
  ],
  "GRIFFAIN": [
    0.01868247,
    0.0184388
  ],
  "NIL": [
    0.04065837,
    0.04062473
  ],
  "INIT": [
    0.089769,
    0.090335
  ],
  "MUBARAK": [
    0.01700997,
    0.01714335
  ],
  "BOB": [
    0.00605918,
    0.0058685
  ],
  "L3": [
    0.01144668,
    0.01141854
  ],
  "NYM": [
    0.01969394,
    0.01978492
  ],
  "AIN": [
    0.093313,
    0.087346
  ],
  "NEWT": [
    0.074872,
    0.075041
  ],
  "BANK": [
    0.03347325,
    0.03347966
  ],
  "SONIC": [
    0.036899,
    0.03706347
  ],
  "RSS3": [
    0.00795993,
    0.0086807
  ],
  "DSYNC": [
    0.01268755,
    0.01271863
  ],
  "HONEY": [
    0.0020087,
    0.0020791
  ],
  "TLM": [
    0.00184786,
    0.0018574
  ],
  "RESOLV": [
    0.03047702,
    0.03094637
  ],
  "PAAL": [
    0.01300966,
    0.01301309
  ],
  "HMSTR": [
    0.00016601,
    0.00016926
  ],
  "DAO": [
    0.04148126,
    0.04146529
  ],
  "IKA": [
    0.0034386,
    0.00343378
  ],
  "LAT": [
    0.00134354,
    0.00133676
  ],
  "TAI": [
    0.01544042,
    0.01546053
  ],
  "COQ": [
    1.27684e-7,
    1.26936e-7
  ],
  "AVL": [
    0.02858577,
    0.02850932
  ],
  "NAVX": [
    0.00883071,
    0.00880973
  ],
  "FUEL": [
    0.0008925,
    0.00089307
  ],
  "FWOG": [
    0.00669761,
    0.0067558
  ],
  "SOLV": [
    0.00434871,
    0.00439012
  ],
  "NKN": [
    0.00786416,
    0.00781775
  ],
  "FHE": [
    0.02302306,
    0.02469011
  ],
  "PIXEL": [
    0.00786007,
    0.00787719
  ],
  "COS": [
    0.00115876,
    0.00115839
  ],
  "OBT": [
    0.00097259,
    0.00095703
  ],
  "DMC": [
    0.00089024,
    0.00081357
  ],
  "LYXE": [
    0.277468,
    0.277955
  ],
  "ROAM": [
    0.01177273,
    0.01179527
  ],
  "DENT": [
    0.00003958,
    0.00004012
  ],
  "OAS": [
    0.00054418,
    0.00056867
  ],
  "GEAR": [
    0.00032002,
    0.0003211
  ],
  "FORTH": [
    0.238379,
    0.238051
  ],
  "RDNT": [
    0.00177863,
    0.0017925
  ],
  "HOOK": [
    0.00789618,
    0.00789114
  ],
  "SAMO": [
    0.00034547,
    0.00035262
  ],
  "CUDIS": [
    0.00792557,
    0.00792953
  ],
  "HIPPO": [
    0.00018123,
    0.00018095
  ],
  "PERP": [
    0.02513907,
    0.02493458
  ],
  "PTB": [
    0.00081863,
    0.00080862
  ],
  "FIS": [
    0.01039618,
    0.01061384
  ],
  "EPT": [
    0.0006937,
    0.00068733
  ],
  "FLM": [
    0.00267533,
    0.00267263
  ],
  "GORK": [
    0.00147339,
    0.0014716
  ],
  "SAROS": [
    0.00055841,
    0.00055934
  ],
  "DATA": [
    0.00074315,
    0.00074639
  ],
  "ACA": [
    0.00063665,
    0.00063955
  ],
  "INSP": [
    0.00093242,
    0.00092461
  ],
  "A2Z": [
    0.0000879,
    0.00008802
  ],
  "FOXY": [
    0.00011771,
    0.00011781
  ],
  "SWTCH": [
    0.00396114,
    0.00370313
  ],
  "DUCK": [
    0.0000737,
    0.00007376
  ],
  "RFC": [
    0.00056689,
    0.00056389
  ],
  "LOOKS": [
    0.00035783,
    0.00035978
  ],
  "MOONPIG": [
    0.00027391,
    0.0002749
  ],
  "BDXN": [
    0.00164416,
    0.00163195
  ],
  "ROOT": [
    0.00005319,
    0.00005549
  ],
  "CHILLGUY": [
    0.00009793,
    0.00009822
  ],
  "APU": [
    0.00004412,
    0.00004264
  ],
  "CHESS": [
    0.00019162,
    0.0001924
  ],
  "HOLO": [
    0.00001187,
    0.00001187
  ],
  "GMMT": [
    0.00349073,
    0.00351575
  ],
  "RATS": [
    0.00003782,
    0.00003823
  ],
  "ADB": [
    null,
    null
  ]
}