{
  "PUMP": [
    0.00182702,
    0.0018007
  ],
  "STABLE": [
    0.02546467,
    0.02536662
  ],
  "SIREN": [
    0.703772,
    0.64679
  ],
  "MON": [
    0.03425043,
    0.03290646
  ],
  "AERO": [
    0.35705,
    0.360188
  ],
  "JASMY": [
    0.00535657,
    0.00529673
  ],
  "LIT": [
    1.038,
    1.019
  ],
  "CVX": [
    1.79,
    1.76
  ],
  "BAT": [
    0.100077,
    0.099448
  ],
  "COW": [
    0.216242,
    0.215289
  ],
  "ATH": [
    0.00614355,
    0.00604876
  ],
  "BANANAS31": [
    0.00971336,
    0.00965579
  ],
  "CHEEMS": [
    4.47468e-7,
    4.44806e-7
  ],
  "ONT": [
    0.082246,
    0.0816
  ],
  "ARC": [
    0.068543,
    0.070941
  ],
  "CKB": [
    0.0014649,
    0.00144919
  ],
  "SAHARA": [
    0.02247609,
    0.02241164
  ],
  "SKYAI": [
    0.069122,
    0.069971
  ],
  "TAG": [
    0.00057772,
    0.00058453
  ],
  "POLYX": [
    0.04956616,
    0.04940868
  ],
  "BAN": [
    0.05451,
    0.056677
  ],
  "NPC": [
    0.00706157,
    0.00697602
  ],
  "CSPR": [
    0.00309163,
    0.00315335
  ],
  "MYX": [
    0.241683,
    0.235519
  ],
  "MAGMA": [
    0.208167,
    0.237159
  ],
  "IOTX": [
    0.004641,
    0.00458827
  ],
  "BEAT": [
    0.285187,
    0.276825
  ],
  "NOT": [
    0.00035992,
    0.00035684
  ],
  "SNEK": [
    0.00043899,
    0.00043349
  ],
  "DEP": [
    0.00112835,
    0.00112284
  ],
  "ISLM": [
    0.01184482,
    0.01181854
  ],
  "REZ": [
    0.00365209,
    0.00367011
  ],
  "MERL": [
    0.02492153,
    0.02504162
  ],
  "GUN": [
    0.01708357,
    0.01715073
  ],
  "NYM": [
    0.03525893,
    0.03521712
  ],
  "DEGEN": [
    0.00075782,
    0.00075315
  ],
  "SPELL": [
    0.00016063,
    0.00015959
  ],
  "HUMA": [
    0.01526004,
    0.0151744
  ],
  "NEIRO": [
    0.00005971,
    0.00005865
  ],
  "CPOOL": [
    0.02463788,
    0.02450205
  ],
  "ALLO": [
    0.106412,
    0.105894
  ],
  "SATS": [
    1.1222e-8,
    1.0995e-8
  ],
  "BOB": [
    0.00765445,
    0.00768305
  ],
  "SLP": [
    0.00059046,
    0.00058895
  ],
  "LRC": [
    0.01721556,
    0.01709572
  ],
  "CORN": [
    0.04015895,
    0.04038791
  ],
  "AURORA": [
    0.02756806,
    0.02749329
  ],
  "L3": [
    0.01333048,
    0.01317339
  ],
  "SWARMS": [
    0.01692901,
    0.01736985
  ],
  "GRIFFAIN": [
    0.01638033,
    0.01649591
  ],
  "DENT": [
    0.00016452,
    0.00016344
  ],
  "RESOLV": [
    0.04015934,
    0.04024708
  ],
  "DSYNC": [
    0.0152977,
    0.01556182
  ],
  "NIL": [
    0.03532937,
    0.03498163
  ],
  "INIT": [
    0.080269,
    0.080298
  ],
  "BANK": [
    0.03385349,
    0.03441317
  ],
  "NEWT": [
    0.067568,
    0.067301
  ],
  "SONIC": [
    0.03603338,
    0.03560759
  ],
  "DAO": [
    0.051106,
    0.050822
  ],
  "PAAL": [
    0.01380732,
    0.01368495
  ],
  "IKA": [
    0.00399032,
    0.00389276
  ],
  "MUBARAK": [
    0.01165017,
    0.01156554
  ],
  "AIN": [
    0.057884,
    0.059045
  ],
  "HONEY": [
    0.00191022,
    0.00188492
  ],
  "TLM": [
    0.00164007,
    0.00163673
  ],
  "TAI": [
    0.01733518,
    0.01709578
  ],
  "LAT": [
    0.00135572,
    0.00135584
  ],
  "HMSTR": [
    0.00014052,
    0.0001397
  ],
  "AVL": [
    0.02940573,
    0.02957776
  ],
  "ROAM": [
    0.02462962,
    0.02385835
  ],
  "COQ": [
    1.10404e-7,
    1.1902e-7
  ],
  "FUEL": [
    0.00094856,
    0.00094947
  ],
  "NAVX": [
    0.00889304,
    0.0088318
  ],
  "SOLV": [
    0.00463762,
    0.00452841
  ],
  "COS": [
    0.00123957,
    0.00124177
  ],
  "PIXEL": [
    0.00776186,
    0.00804641
  ],
  "NKN": [
    0.00772863,
    0.00761174
  ],
  "OBT": [
    0.00104838,
    0.00104512
  ],
  "RSS3": [
    0.0057648,
    0.00575036
  ],
  "FWOG": [
    0.00530239,
    0.00521222
  ],
  "DMC": [
    0.00071549,
    0.00072219
  ],
  "FHE": [
    0.01771431,
    0.01670578
  ],
  "LYXE": [
    0.242618,
    0.240151
  ],
  "RDNT": [
    0.00232552,
    0.00232599
  ],
  "FORTH": [
    0.271458,
    0.269512
  ],
  "GEAR": [
    0.00028656,
    0.00029503
  ],
  "SAMO": [
    0.00042104,
    0.00042148
  ],
  "HOOK": [
    0.00840589,
    0.00815068
  ],
  "OAS": [
    0.0003592,
    0.00035894
  ],
  "HIPPO": [
    0.00021223,
    0.00021191
  ],
  "PERP": [
    0.02792092,
    0.02835904
  ],
  "PTB": [
    0.00113436,
    0.00097271
  ],
  "CUDIS": [
    0.00796826,
    0.00780928
  ],
  "FIS": [
    0.01202606,
    0.01183522
  ],
  "EPT": [
    0.00075176,
    0.00076806
  ],
  "GORK": [
    0.00166249,
    0.00166495
  ],
  "FLM": [
    0.00288137,
    0.00288798
  ],
  "DATA": [
    0.00098907,
    0.00098366
  ],
  "SAROS": [
    0.00038147,
    0.0003795
  ],
  "DUCK": [
    0.00012382,
    0.00011994
  ],
  "INSP": [
    0.00115694,
    0.00113042
  ],
  "ACA": [
    0.00080263,
    0.00075847
  ],
  "A2Z": [
    0.0000891,
    0.00009027
  ],
  "FOXY": [
    0.00009405,
    0.00009583
  ],
  "RFC": [
    0.00057459,
    0.00057307
  ],
  "SWTCH": [
    0.00346013,
    0.00329234
  ],
  "LOOKS": [
    0.00036442,
    0.00036622
  ],
  "BDXN": [
    0.00184884,
    0.00184928
  ],
  "MOONPIG": [
    0.00030299,
    0.00030097
  ],
  "ROOT": [
    0.0000605,
    0.0000603
  ],
  "CHILLGUY": [
    0.00007288,
    0.00007203
  ],
  "APU": [
    0.00003375,
    0.00003353
  ],
  "CHESS": [
    0.00013603,
    0.00013695
  ],
  "HOLO": [
    0.00001254,
    0.00001254
  ],
  "GMMT": [
    0.00389525,
    0.00387009
  ],
  "RATS": [
    0.00003674,
    0.00003673
  ],
  "ADB": [
    null,
    null
  ]
}