{
  "PUMP": [
    0.00165118,
    0.00163802
  ],
  "STABLE": [
    0.02824786,
    0.02784286
  ],
  "SIREN": [
    0.53491,
    0.596439
  ],
  "AERO": [
    0.311707,
    0.310093
  ],
  "MON": [
    0.02659619,
    0.02636132
  ],
  "JASMY": [
    0.00520319,
    0.00519253
  ],
  "LIT": [
    0.975548,
    0.960848
  ],
  "CVX": [
    1.68,
    1.68
  ],
  "BAT": [
    0.094333,
    0.093673
  ],
  "ATH": [
    0.00665873,
    0.0065802
  ],
  "BANANAS31": [
    0.01216351,
    0.01196788
  ],
  "COW": [
    0.199885,
    0.197404
  ],
  "ONT": [
    0.099273,
    0.096312
  ],
  "CHEEMS": [
    3.97593e-7,
    3.93208e-7
  ],
  "SKYAI": [
    0.075588,
    0.076234
  ],
  "TAG": [
    0.00067061,
    0.00068046
  ],
  "SAHARA": [
    0.02310105,
    0.02287859
  ],
  "CKB": [
    0.0014295,
    0.00142292
  ],
  "POLYX": [
    0.050041,
    0.050005
  ],
  "BAN": [
    0.05861,
    0.058762
  ],
  "NPC": [
    0.00708747,
    0.00705352
  ],
  "ARC": [
    0.053978,
    0.056012
  ],
  "BEAT": [
    0.321789,
    0.332729
  ],
  "CSPR": [
    0.00291151,
    0.00289583
  ],
  "MYX": [
    0.230849,
    0.226647
  ],
  "IOTX": [
    0.00442129,
    0.00439609
  ],
  "NOT": [
    0.00034945,
    0.00034485
  ],
  "DEP": [
    0.00114213,
    0.00114239
  ],
  "SNEK": [
    0.00041233,
    0.00041176
  ],
  "ISLM": [
    0.01209755,
    0.01190851
  ],
  "REZ": [
    0.00356506,
    0.00363423
  ],
  "MERL": [
    0.0239205,
    0.0241176
  ],
  "NYM": [
    0.0343805,
    0.03434362
  ],
  "L3": [
    0.0219361,
    0.01942482
  ],
  "SPELL": [
    0.00015792,
    0.000157
  ],
  "GUN": [
    0.0145024,
    0.01422619
  ],
  "HUMA": [
    0.01404232,
    0.01399814
  ],
  "DEGEN": [
    0.00065592,
    0.00065196
  ],
  "CORN": [
    0.04500021,
    0.04496455
  ],
  "NEIRO": [
    0.00005355,
    0.00005327
  ],
  "ALLO": [
    0.101892,
    0.1008
  ],
  "MAGMA": [
    0.116102,
    0.115569
  ],
  "SATS": [
    1.0564e-8,
    1.0434e-8
  ],
  "SLP": [
    0.00058993,
    0.00058506
  ],
  "LRC": [
    0.01742008,
    0.01701974
  ],
  "CPOOL": [
    0.0216723,
    0.02166269
  ],
  "AURORA": [
    0.02604323,
    0.02594016
  ],
  "BOB": [
    0.00577985,
    0.00593478
  ],
  "DENT": [
    0.00017478,
    0.00017287
  ],
  "RESOLV": [
    0.03952163,
    0.03918306
  ],
  "INIT": [
    0.081444,
    0.080727
  ],
  "NIL": [
    0.03228223,
    0.03258045
  ],
  "DSYNC": [
    0.01406228,
    0.0139752
  ],
  "NEWT": [
    0.063647,
    0.063143
  ],
  "DAO": [
    0.052032,
    0.052416
  ],
  "SONIC": [
    0.03653579,
    0.03602722
  ],
  "BANK": [
    0.02859529,
    0.02968681
  ],
  "HONEY": [
    0.00208413,
    0.00207229
  ],
  "IKA": [
    0.00398312,
    0.00392081
  ],
  "GRIFFAIN": [
    0.01167206,
    0.01173219
  ],
  "PAAL": [
    0.01263035,
    0.01281669
  ],
  "AIN": [
    0.063007,
    0.06194
  ],
  "MUBARAK": [
    0.01103464,
    0.0110824
  ],
  "TLM": [
    0.00161531,
    0.00162553
  ],
  "ROAM": [
    0.03089526,
    0.03063033
  ],
  "AVL": [
    0.03510903,
    0.03551017
  ],
  "SWARMS": [
    0.01012919,
    0.01022819
  ],
  "TAI": [
    0.0159571,
    0.01606171
  ],
  "LAT": [
    0.00130077,
    0.00130117
  ],
  "HMSTR": [
    0.00013573,
    0.00013553
  ],
  "SOLV": [
    0.00565193,
    0.00546338
  ],
  "NAVX": [
    0.00890386,
    0.0088987
  ],
  "FUEL": [
    0.00093852,
    0.00094181
  ],
  "COS": [
    0.00137967,
    0.00141761
  ],
  "NKN": [
    0.00893734,
    0.00896915
  ],
  "COQ": [
    9.2656e-8,
    9.3194e-8
  ],
  "PIXEL": [
    0.00640336,
    0.00729983
  ],
  "RSS3": [
    0.00624094,
    0.00620866
  ],
  "OBT": [
    0.00101501,
    0.00101893
  ],
  "FWOG": [
    0.00474971,
    0.00474068
  ],
  "FHE": [
    0.01787359,
    0.0180028
  ],
  "DMC": [
    0.00071722,
    0.00071898
  ],
  "HIPPO": [
    0.00041398,
    0.00041401
  ],
  "LYXE": [
    0.259433,
    0.255169
  ],
  "FORTH": [
    0.281351,
    0.349602
  ],
  "RDNT": [
    0.0026212,
    0.0025594
  ],
  "GEAR": [
    0.00029363,
    0.00029015
  ],
  "SAMO": [
    0.00042978,
    0.00042672
  ],
  "DUCK": [
    0.00031701,
    0.00031557
  ],
  "OAS": [
    0.00035865,
    0.00036226
  ],
  "HOOK": [
    0.00813916,
    0.00794023
  ],
  "PTB": [
    0.00096383,
    0.00097155
  ],
  "FIS": [
    0.01259983,
    0.01253731
  ],
  "PERP": [
    0.02582454,
    0.02606703
  ],
  "CUDIS": [
    0.00761793,
    0.00759294
  ],
  "EPT": [
    0.000736,
    0.00075337
  ],
  "FLM": [
    0.00280483,
    0.00276581
  ],
  "DATA": [
    0.00098179,
    0.00098081
  ],
  "GORK": [
    0.00126116,
    0.00125847
  ],
  "SAROS": [
    0.00046278,
    0.00046387
  ],
  "INSP": [
    0.00119905,
    0.00117726
  ],
  "ACA": [
    0.00079989,
    0.00078948
  ],
  "A2Z": [
    0.00010251,
    0.00010194
  ],
  "FOXY": [
    0.00009572,
    0.00009791
  ],
  "SWTCH": [
    0.00354976,
    0.00354808
  ],
  "RFC": [
    0.00051763,
    0.00051647
  ],
  "LOOKS": [
    0.00039534,
    0.00039118
  ],
  "BDXN": [
    0.00193606,
    0.00192578
  ],
  "MOONPIG": [
    0.00028794,
    0.00028394
  ],
  "ROOT": [
    0.00006237,
    0.00006277
  ],
  "CHESS": [
    0.00039322,
    0.00038816
  ],
  "CHILLGUY": [
    0.00006737,
    0.00006698
  ],
  "APU": [
    0.00003044,
    0.00003018
  ],
  "HOLO": [
    0.00001221,
    0.00001209
  ],
  "RATS": [
    0.0000371,
    0.00003753
  ],
  "GMMT": [
    0.00373848,
    0.00370231
  ],
  "ADB": [
    null,
    null
  ]
}