{
  "PUMP": [
    0.00180346,
    0.00179975
  ],
  "STABLE": [
    0.03393797,
    0.03287314
  ],
  "SIREN": [
    0.677371,
    0.678458
  ],
  "AERO": [
    0.433696,
    0.433278
  ],
  "MON": [
    0.03089602,
    0.03103889
  ],
  "JASMY": [
    0.00562785,
    0.00565608
  ],
  "LIT": [
    0.942719,
    0.953081
  ],
  "SKYAI": [
    0.205651,
    0.20387
  ],
  "CVX": [
    1.76,
    1.76
  ],
  "BAT": [
    0.103216,
    0.103196
  ],
  "CHEEMS": [
    5.93192e-7,
    6.1217e-7
  ],
  "ATH": [
    0.006024,
    0.00608411
  ],
  "COW": [
    0.184168,
    0.185022
  ],
  "BANANAS31": [
    0.00934048,
    0.00936635
  ],
  "BEAT": [
    0.587726,
    0.597097
  ],
  "BAN": [
    0.080037,
    0.08016
  ],
  "ONT": [
    0.079083,
    0.078618
  ],
  "CKB": [
    0.00149652,
    0.00150197
  ],
  "TAG": [
    0.00067268,
    0.00066841
  ],
  "SAHARA": [
    0.02192857,
    0.02192154
  ],
  "NPC": [
    0.00831453,
    0.00836764
  ],
  "ARC": [
    0.066883,
    0.066106
  ],
  "POLYX": [
    0.050301,
    0.050555
  ],
  "MERL": [
    0.03963341,
    0.03985615
  ],
  "HUMA": [
    0.02718094,
    0.02733291
  ],
  "MYX": [
    0.249246,
    0.245816
  ],
  "CSPR": [
    0.00292708,
    0.00293607
  ],
  "IOTX": [
    0.00474723,
    0.00482107
  ],
  "MAGMA": [
    0.223729,
    0.218138
  ],
  "NOT": [
    0.00040442,
    0.0004118
  ],
  "NEIRO": [
    0.00009273,
    0.00009548
  ],
  "SNEK": [
    0.00052516,
    0.00052759
  ],
  "REZ": [
    0.00400972,
    0.0039364
  ],
  "SATS": [
    1.4811e-8,
    1.5147e-8
  ],
  "DEP": [
    0.00113042,
    0.00112886
  ],
  "ISLM": [
    0.01187422,
    0.01177084
  ],
  "ALLO": [
    0.132726,
    0.129696
  ],
  "SPELL": [
    0.00016489,
    0.00016419
  ],
  "CPOOL": [
    0.02832796,
    0.02741872
  ],
  "GUN": [
    0.01615111,
    0.01583959
  ],
  "DEGEN": [
    0.0006924,
    0.0006966
  ],
  "NYM": [
    0.03087279,
    0.0309385
  ],
  "SLP": [
    0.00067923,
    0.00067451
  ],
  "INIT": [
    0.08345,
    0.08524
  ],
  "LRC": [
    0.01721804,
    0.0172065
  ],
  "CORN": [
    0.04039663,
    0.04035759
  ],
  "GRIFFAIN": [
    0.01949815,
    0.02046571
  ],
  "AURORA": [
    0.02803677,
    0.02800083
  ],
  "SWARMS": [
    0.01878457,
    0.01850605
  ],
  "NIL": [
    0.04042078,
    0.04053704
  ],
  "BOB": [
    0.006003,
    0.00618102
  ],
  "NEWT": [
    0.077419,
    0.077806
  ],
  "BANK": [
    0.03812169,
    0.03753249
  ],
  "L3": [
    0.01042687,
    0.0104761
  ],
  "MUBARAK": [
    0.01380725,
    0.01425565
  ],
  "DSYNC": [
    0.01379282,
    0.01376421
  ],
  "SONIC": [
    0.03568348,
    0.03556717
  ],
  "HONEY": [
    0.00210264,
    0.00209335
  ],
  "TLM": [
    0.00180811,
    0.00180669
  ],
  "PAAL": [
    0.01290141,
    0.01270973
  ],
  "RESOLV": [
    0.03137343,
    0.02957604
  ],
  "IKA": [
    0.0037617,
    0.00374415
  ],
  "AIN": [
    0.060958,
    0.059848
  ],
  "DAO": [
    0.04474753,
    0.0440918
  ],
  "COQ": [
    1.47549e-7,
    1.47959e-7
  ],
  "HMSTR": [
    0.00015584,
    0.00015757
  ],
  "TAI": [
    0.01648693,
    0.01641317
  ],
  "LAT": [
    0.00133744,
    0.00133673
  ],
  "AVL": [
    0.02606755,
    0.02597171
  ],
  "FUEL": [
    0.00094553,
    0.00094561
  ],
  "DENT": [
    0.00007717,
    0.00007597
  ],
  "NAVX": [
    0.00861256,
    0.00861647
  ],
  "NKN": [
    0.00900788,
    0.00869749
  ],
  "ROAM": [
    0.01760706,
    0.01755396
  ],
  "COS": [
    0.00117676,
    0.00116881
  ],
  "SOLV": [
    0.00403022,
    0.00407485
  ],
  "PIXEL": [
    0.00757762,
    0.00758567
  ],
  "OBT": [
    0.00101955,
    0.00102398
  ],
  "RSS3": [
    0.00577468,
    0.0059434
  ],
  "FHE": [
    0.01935652,
    0.01922668
  ],
  "DMC": [
    0.00070312,
    0.00070124
  ],
  "FWOG": [
    0.00452256,
    0.00458949
  ],
  "OAS": [
    0.00064188,
    0.00063205
  ],
  "LYXE": [
    0.224656,
    0.224656
  ],
  "FORTH": [
    0.235153,
    0.261972
  ],
  "RDNT": [
    0.00194933,
    0.00194792
  ],
  "HOOK": [
    0.0082983,
    0.00848902
  ],
  "GEAR": [
    0.000223,
    0.00022175
  ],
  "SAMO": [
    0.00038826,
    0.00038184
  ],
  "CUDIS": [
    0.00800228,
    0.00807693
  ],
  "PERP": [
    0.02563884,
    0.0258633
  ],
  "PTB": [
    0.00083931,
    0.00084863
  ],
  "EPT": [
    0.00074469,
    0.00074275
  ],
  "HIPPO": [
    0.00015925,
    0.00016649
  ],
  "FIS": [
    0.0105921,
    0.01058759
  ],
  "GORK": [
    0.00162262,
    0.00160748
  ],
  "FLM": [
    0.00276149,
    0.00275274
  ],
  "SAROS": [
    0.00053094,
    0.00053168
  ],
  "DATA": [
    0.00087626,
    0.00086943
  ],
  "INSP": [
    0.0012229,
    0.00118
  ],
  "ACA": [
    0.0006608,
    0.00065667
  ],
  "FOXY": [
    0.00011909,
    0.00011999
  ],
  "A2Z": [
    0.00007267,
    0.00007256
  ],
  "DUCK": [
    0.00007164,
    0.00007288
  ],
  "RFC": [
    0.00056632,
    0.00057649
  ],
  "SWTCH": [
    0.00339187,
    0.00334959
  ],
  "LOOKS": [
    0.00041137,
    0.00038016
  ],
  "MOONPIG": [
    0.00029604,
    0.00029604
  ],
  "BDXN": [
    0.0017471,
    0.0017209
  ],
  "ROOT": [
    0.00006081,
    0.00006071
  ],
  "CHILLGUY": [
    0.00015337,
    0.00015263
  ],
  "APU": [
    0.00005494,
    0.00005192
  ],
  "CHESS": [
    0.00015549,
    0.00015709
  ],
  "HOLO": [
    0.00001239,
    0.0000123
  ],
  "GMMT": [
    0.00262962,
    0.00262802
  ],
  "RATS": [
    0.00004114,
    0.00004002
  ],
  "ADB": [
    null,
    null
  ]
}