{
  "PUMP": [
    0.00179767,
    0.00189097
  ],
  "STABLE": [
    0.03679745,
    0.03641418
  ],
  "SIREN": [
    0.682314,
    0.677099
  ],
  "AERO": [
    0.460474,
    0.458554
  ],
  "MON": [
    0.02913039,
    0.02916296
  ],
  "JASMY": [
    0.00597204,
    0.0059321
  ],
  "LIT": [
    0.891619,
    0.895852
  ],
  "SKYAI": [
    0.200152,
    0.204472
  ],
  "CVX": [
    1.73,
    1.73
  ],
  "BAT": [
    0.101117,
    0.100871
  ],
  "CHEEMS": [
    6.08591e-7,
    6.08868e-7
  ],
  "ATH": [
    0.00596574,
    0.00591908
  ],
  "COW": [
    0.187368,
    0.186501
  ],
  "BANANAS31": [
    0.00941247,
    0.00945369
  ],
  "BEAT": [
    0.579393,
    0.580098
  ],
  "BAN": [
    0.074874,
    0.075024
  ],
  "SAHARA": [
    0.02268937,
    0.02266014
  ],
  "CKB": [
    0.0015019,
    0.00150353
  ],
  "ONT": [
    0.073286,
    0.072655
  ],
  "ARC": [
    0.065279,
    0.065416
  ],
  "NPC": [
    0.00801729,
    0.00803915
  ],
  "POLYX": [
    0.04951453,
    0.04950045
  ],
  "TAG": [
    0.00057495,
    0.00056247
  ],
  "MYX": [
    0.280281,
    0.277723
  ],
  "CSPR": [
    0.00292298,
    0.00292641
  ],
  "MERL": [
    0.03704269,
    0.03696292
  ],
  "IOTX": [
    0.0047368,
    0.00474281
  ],
  "ISLM": [
    0.01196606,
    0.0119723
  ],
  "NOT": [
    0.00039933,
    0.00039932
  ],
  "NEIRO": [
    0.00008863,
    0.00008946
  ],
  "HUMA": [
    0.02098267,
    0.0209725
  ],
  "REZ": [
    0.00444308,
    0.00427364
  ],
  "MAGMA": [
    0.184183,
    0.18444
  ],
  "SNEK": [
    0.00046281,
    0.00046283
  ],
  "DEP": [
    0.00111346,
    0.00110885
  ],
  "SATS": [
    1.4292e-8,
    1.4201e-8
  ],
  "SPELL": [
    0.00017354,
    0.00017304
  ],
  "SLP": [
    0.000723,
    0.00072042
  ],
  "GUN": [
    0.01496707,
    0.01500364
  ],
  "ALLO": [
    0.111682,
    0.111474
  ],
  "CPOOL": [
    0.02473601,
    0.02510943
  ],
  "DEGEN": [
    0.00067489,
    0.00067185
  ],
  "LRC": [
    0.01854456,
    0.01871538
  ],
  "NYM": [
    0.02678164,
    0.02671761
  ],
  "SWARMS": [
    0.02220821,
    0.02231429
  ],
  "CORN": [
    0.04033881,
    0.04036063
  ],
  "GRIFFAIN": [
    0.01906678,
    0.01908796
  ],
  "AURORA": [
    0.02687724,
    0.02686966
  ],
  "INIT": [
    0.091315,
    0.092194
  ],
  "NIL": [
    0.03973198,
    0.03988134
  ],
  "NEWT": [
    0.077796,
    0.077728
  ],
  "AIN": [
    0.089481,
    0.088652
  ],
  "BOB": [
    0.00577718,
    0.00580897
  ],
  "L3": [
    0.01054779,
    0.01048487
  ],
  "MUBARAK": [
    0.01434843,
    0.01451466
  ],
  "BANK": [
    0.03400313,
    0.03402179
  ],
  "SONIC": [
    0.03935164,
    0.03923898
  ],
  "DSYNC": [
    0.01322739,
    0.01323197
  ],
  "TLM": [
    0.00187125,
    0.00185786
  ],
  "RESOLV": [
    0.0300691,
    0.03026879
  ],
  "HONEY": [
    0.00201985,
    0.00201503
  ],
  "PAAL": [
    0.01260529,
    0.01241209
  ],
  "IKA": [
    0.00357515,
    0.00357639
  ],
  "DAO": [
    0.0424165,
    0.0426978
  ],
  "HMSTR": [
    0.0001535,
    0.00015349
  ],
  "COQ": [
    1.36224e-7,
    1.3677e-7
  ],
  "TAI": [
    0.01593088,
    0.01592002
  ],
  "LAT": [
    0.0013219,
    0.00132122
  ],
  "AVL": [
    0.02607056,
    0.02599654
  ],
  "FUEL": [
    0.00092424,
    0.00092169
  ],
  "NAVX": [
    0.00877706,
    0.0087759
  ],
  "NKN": [
    0.00820648,
    0.00827212
  ],
  "PIXEL": [
    0.00837794,
    0.00840717
  ],
  "COS": [
    0.0011712,
    0.00116805
  ],
  "SOLV": [
    0.00408679,
    0.00407919
  ],
  "OBT": [
    0.000996,
    0.00099361
  ],
  "RSS3": [
    0.00558232,
    0.00559057
  ],
  "ROAM": [
    0.01461374,
    0.01449449
  ],
  "DMC": [
    0.0007258,
    0.00072579
  ],
  "FHE": [
    0.01868535,
    0.01868775
  ],
  "FWOG": [
    0.00476058,
    0.00476813
  ],
  "DENT": [
    0.00004442,
    0.00004333
  ],
  "LYXE": [
    0.250646,
    0.246753
  ],
  "OAS": [
    0.00051175,
    0.00051339
  ],
  "GEAR": [
    0.00023668,
    0.00026732
  ],
  "FORTH": [
    0.241527,
    0.246361
  ],
  "RDNT": [
    0.0018575,
    0.00185048
  ],
  "HOOK": [
    0.00809321,
    0.00809242
  ],
  "SAMO": [
    0.00036627,
    0.0003611
  ],
  "CUDIS": [
    0.00773846,
    0.00774494
  ],
  "PERP": [
    0.02562161,
    0.02536903
  ],
  "EPT": [
    0.00070043,
    0.00071541
  ],
  "FIS": [
    0.01051052,
    0.01054066
  ],
  "PTB": [
    0.00078403,
    0.00079152
  ],
  "HIPPO": [
    0.0001617,
    0.00016199
  ],
  "GORK": [
    0.00151699,
    0.00151993
  ],
  "FLM": [
    0.00260861,
    0.00261742
  ],
  "SAROS": [
    0.00046785,
    0.00046699
  ],
  "DATA": [
    0.00070439,
    0.00070458
  ],
  "INSP": [
    0.00097735,
    0.00100502
  ],
  "ACA": [
    0.00064837,
    0.0006129
  ],
  "FOXY": [
    0.00011685,
    0.00011693
  ],
  "DUCK": [
    0.00007934,
    0.00008051
  ],
  "A2Z": [
    0.00007125,
    0.00007175
  ],
  "RFC": [
    0.00057503,
    0.00058782
  ],
  "SWTCH": [
    0.00330678,
    0.00327862
  ],
  "LOOKS": [
    0.00036715,
    0.00036719
  ],
  "MOONPIG": [
    0.00025896,
    0.00026073
  ],
  "BDXN": [
    0.0015791,
    0.0015404
  ],
  "ROOT": [
    0.00006265,
    0.00006268
  ],
  "CHILLGUY": [
    0.00011276,
    0.00011217
  ],
  "APU": [
    0.00003982,
    0.0000393
  ],
  "CHESS": [
    0.00016958,
    0.00016979
  ],
  "HOLO": [
    0.00001191,
    0.00001191
  ],
  "GMMT": [
    0.00242409,
    0.00242195
  ],
  "RATS": [
    0.00004024,
    0.0000399
  ],
  "ADB": [
    null,
    null
  ]
}