{
  "PUMP": [
    0.00175912,
    0.00176084
  ],
  "STABLE": [
    0.03400099,
    0.03365494
  ],
  "SIREN": [
    0.680796,
    0.682401
  ],
  "AERO": [
    0.455941,
    0.460595
  ],
  "MON": [
    0.0308667,
    0.03085122
  ],
  "JASMY": [
    0.00593377,
    0.00593522
  ],
  "LIT": [
    0.931404,
    0.927035
  ],
  "SKYAI": [
    0.184592,
    0.187257
  ],
  "CVX": [
    1.79,
    1.79
  ],
  "BAT": [
    0.104955,
    0.105273
  ],
  "CHEEMS": [
    5.75883e-7,
    5.78379e-7
  ],
  "ATH": [
    0.00609186,
    0.00609285
  ],
  "COW": [
    0.192684,
    0.191456
  ],
  "BANANAS31": [
    0.00962658,
    0.00950206
  ],
  "BAN": [
    0.087327,
    0.087769
  ],
  "SAHARA": [
    0.02524031,
    0.0245004
  ],
  "CKB": [
    0.00167465,
    0.00164161
  ],
  "BEAT": [
    0.565451,
    0.56011
  ],
  "ONT": [
    0.074119,
    0.074097
  ],
  "TAG": [
    0.00067311,
    0.0006783
  ],
  "NPC": [
    0.00843923,
    0.00830376
  ],
  "ARC": [
    0.065058,
    0.064992
  ],
  "POLYX": [
    0.051177,
    0.051012
  ],
  "MYX": [
    0.256873,
    0.256016
  ],
  "CSPR": [
    0.00288776,
    0.00288876
  ],
  "MERL": [
    0.03763073,
    0.03704973
  ],
  "IOTX": [
    0.00481657,
    0.00483543
  ],
  "NOT": [
    0.0004243,
    0.00042406
  ],
  "HUMA": [
    0.02470061,
    0.02428567
  ],
  "NEIRO": [
    0.00009131,
    0.00009183
  ],
  "SNEK": [
    0.0005061,
    0.00050598
  ],
  "MAGMA": [
    0.193415,
    0.192852
  ],
  "REZ": [
    0.00396567,
    0.00395262
  ],
  "SATS": [
    1.4611e-8,
    1.4721e-8
  ],
  "ISLM": [
    0.01188315,
    0.01191907
  ],
  "DEP": [
    0.00111075,
    0.00111241
  ],
  "SPELL": [
    0.00016553,
    0.00016558
  ],
  "CPOOL": [
    0.02684958,
    0.026682
  ],
  "ALLO": [
    0.116179,
    0.116553
  ],
  "GUN": [
    0.01511631,
    0.01516836
  ],
  "SLP": [
    0.00072081,
    0.00072137
  ],
  "DEGEN": [
    0.00066715,
    0.00066859
  ],
  "NYM": [
    0.02951464,
    0.0295529
  ],
  "INIT": [
    0.090234,
    0.090041
  ],
  "LRC": [
    0.01705766,
    0.0170692
  ],
  "CORN": [
    0.04009416,
    0.04003207
  ],
  "NIL": [
    0.04408086,
    0.04397155
  ],
  "AURORA": [
    0.02776401,
    0.02775572
  ],
  "SWARMS": [
    0.01849228,
    0.0183893
  ],
  "NEWT": [
    0.081025,
    0.081071
  ],
  "GRIFFAIN": [
    0.01772112,
    0.01741389
  ],
  "BOB": [
    0.00597554,
    0.00609487
  ],
  "L3": [
    0.01089377,
    0.01074138
  ],
  "BANK": [
    0.03419027,
    0.03454706
  ],
  "DSYNC": [
    0.01445508,
    0.01441299
  ],
  "SONIC": [
    0.03855834,
    0.03831018
  ],
  "MUBARAK": [
    0.01364611,
    0.01360601
  ],
  "TLM": [
    0.00189292,
    0.00188526
  ],
  "HONEY": [
    0.00206976,
    0.00207365
  ],
  "AIN": [
    0.062355,
    0.063133
  ],
  "IKA": [
    0.00374175,
    0.00375991
  ],
  "PAAL": [
    0.01249122,
    0.01252582
  ],
  "DAO": [
    0.04430735,
    0.04420664
  ],
  "RESOLV": [
    0.02766147,
    0.02756649
  ],
  "HMSTR": [
    0.00015742,
    0.00015752
  ],
  "COQ": [
    1.45432e-7,
    1.44836e-7
  ],
  "TAI": [
    0.01666632,
    0.01675481
  ],
  "LAT": [
    0.00133207,
    0.00133226
  ],
  "AVL": [
    0.02655858,
    0.0265243
  ],
  "FUEL": [
    0.00093532,
    0.00093722
  ],
  "NAVX": [
    0.00877336,
    0.00876439
  ],
  "NKN": [
    0.00843787,
    0.00835696
  ],
  "PIXEL": [
    0.00804485,
    0.00800237
  ],
  "COS": [
    0.00118577,
    0.00117795
  ],
  "SOLV": [
    0.00408959,
    0.00409562
  ],
  "OBT": [
    0.00103196,
    0.0010374
  ],
  "DENT": [
    0.00006034,
    0.00006043
  ],
  "ROAM": [
    0.01622387,
    0.01609267
  ],
  "RSS3": [
    0.00578203,
    0.00577861
  ],
  "DMC": [
    0.00071008,
    0.00070915
  ],
  "FWOG": [
    0.0047512,
    0.00473552
  ],
  "FHE": [
    0.01819983,
    0.0181224
  ],
  "OAS": [
    0.00058891,
    0.00059258
  ],
  "LYXE": [
    0.236727,
    0.236593
  ],
  "FORTH": [
    0.247745,
    0.246579
  ],
  "HOOK": [
    0.00840269,
    0.00842552
  ],
  "RDNT": [
    0.00188274,
    0.00187014
  ],
  "GEAR": [
    0.00022666,
    0.00022662
  ],
  "SAMO": [
    0.00038527,
    0.00038369
  ],
  "CUDIS": [
    0.00794103,
    0.00797934
  ],
  "PERP": [
    0.02629383,
    0.02623198
  ],
  "EPT": [
    0.00074307,
    0.0007439
  ],
  "PTB": [
    0.00082642,
    0.00082388
  ],
  "FIS": [
    0.01062878,
    0.01055087
  ],
  "HIPPO": [
    0.00016074,
    0.00016098
  ],
  "FLM": [
    0.0026872,
    0.00269496
  ],
  "GORK": [
    0.00153642,
    0.00153177
  ],
  "SAROS": [
    0.00050424,
    0.00050171
  ],
  "DATA": [
    0.00074941,
    0.0007524
  ],
  "INSP": [
    0.00109675,
    0.00109524
  ],
  "ACA": [
    0.00068288,
    0.00068161
  ],
  "FOXY": [
    0.00011898,
    0.00011894
  ],
  "A2Z": [
    0.00006901,
    0.00006872
  ],
  "RFC": [
    0.00058908,
    0.00059021
  ],
  "DUCK": [
    0.0000693,
    0.00007136
  ],
  "SWTCH": [
    0.00338644,
    0.00341353
  ],
  "LOOKS": [
    0.00035657,
    0.00036918
  ],
  "MOONPIG": [
    0.00029388,
    0.00029387
  ],
  "BDXN": [
    0.0016284,
    0.00162436
  ],
  "ROOT": [
    0.00006012,
    0.00006021
  ],
  "CHILLGUY": [
    0.00014205,
    0.00014139
  ],
  "APU": [
    0.00004461,
    0.00004424
  ],
  "CHESS": [
    0.000169,
    0.00016933
  ],
  "HOLO": [
    0.00001228,
    0.00001229
  ],
  "GMMT": [
    0.00254324,
    0.00254544
  ],
  "RATS": [
    0.00003798,
    0.00003802
  ],
  "ADB": [
    null,
    null
  ]
}