{
  "PUMP": [
    0.00175931,
    0.00176737
  ],
  "STABLE": [
    0.0359266,
    0.03537357
  ],
  "SIREN": [
    0.6218,
    0.621241
  ],
  "AERO": [
    0.457267,
    0.463926
  ],
  "MON": [
    0.03145646,
    0.03178454
  ],
  "JASMY": [
    0.00588854,
    0.00595821
  ],
  "LIT": [
    0.870047,
    0.877666
  ],
  "SKYAI": [
    0.17532,
    0.171833
  ],
  "CVX": [
    1.75,
    1.74
  ],
  "BAT": [
    0.103438,
    0.102909
  ],
  "CHEEMS": [
    5.78896e-7,
    5.75507e-7
  ],
  "ATH": [
    0.00586187,
    0.00584809
  ],
  "COW": [
    0.188657,
    0.189098
  ],
  "BANANAS31": [
    0.0098165,
    0.00997757
  ],
  "TAG": [
    0.00070969,
    0.0007535
  ],
  "BEAT": [
    0.53715,
    0.544417
  ],
  "SAHARA": [
    0.02270713,
    0.0227152
  ],
  "BAN": [
    0.076758,
    0.07425
  ],
  "CKB": [
    0.00151597,
    0.00151302
  ],
  "ONT": [
    0.069822,
    0.069951
  ],
  "ARC": [
    0.069077,
    0.068542
  ],
  "NPC": [
    0.00834333,
    0.00830199
  ],
  "POLYX": [
    0.04947792,
    0.04952902
  ],
  "MERL": [
    0.04028688,
    0.03966418
  ],
  "MYX": [
    0.245923,
    0.250719
  ],
  "CSPR": [
    0.00291284,
    0.00289548
  ],
  "IOTX": [
    0.00472668,
    0.00476561
  ],
  "HUMA": [
    0.02307329,
    0.02268903
  ],
  "NOT": [
    0.00039328,
    0.00039652
  ],
  "MAGMA": [
    0.197274,
    0.195756
  ],
  "NEIRO": [
    0.00008626,
    0.00008726
  ],
  "SNEK": [
    0.00048051,
    0.00047992
  ],
  "REZ": [
    0.00395008,
    0.00393225
  ],
  "SPELL": [
    0.0001832,
    0.00017941
  ],
  "ISLM": [
    0.0119033,
    0.01183104
  ],
  "DEP": [
    0.00109474,
    0.00109474
  ],
  "SATS": [
    1.412e-8,
    1.411e-8
  ],
  "SLP": [
    0.00069863,
    0.00069312
  ],
  "CPOOL": [
    0.0251245,
    0.02524682
  ],
  "SWARMS": [
    0.02455342,
    0.02514421
  ],
  "DEGEN": [
    0.00070145,
    0.00067191
  ],
  "ALLO": [
    0.10633,
    0.109026
  ],
  "GUN": [
    0.01399903,
    0.01406078
  ],
  "NYM": [
    0.02906087,
    0.02853228
  ],
  "LRC": [
    0.01693418,
    0.01686915
  ],
  "CORN": [
    0.03996434,
    0.03990649
  ],
  "NIL": [
    0.0422747,
    0.04153361
  ],
  "AURORA": [
    0.02612043,
    0.02614309
  ],
  "GRIFFAIN": [
    0.01807336,
    0.01790393
  ],
  "BOB": [
    0.00616739,
    0.0062664
  ],
  "INIT": [
    0.087099,
    0.087215
  ],
  "AIN": [
    0.088965,
    0.089856
  ],
  "NEWT": [
    0.076646,
    0.077067
  ],
  "L3": [
    0.01021175,
    0.01030641
  ],
  "SONIC": [
    0.03980511,
    0.04068674
  ],
  "BANK": [
    0.03361579,
    0.03322997
  ],
  "DSYNC": [
    0.01381872,
    0.01349317
  ],
  "MUBARAK": [
    0.01335245,
    0.01327704
  ],
  "TLM": [
    0.00182876,
    0.00183933
  ],
  "HONEY": [
    0.00204006,
    0.00203873
  ],
  "RESOLV": [
    0.02963329,
    0.02958579
  ],
  "PAAL": [
    0.01261042,
    0.01250718
  ],
  "IKA": [
    0.00353142,
    0.0035409
  ],
  "DAO": [
    0.04255883,
    0.04194165
  ],
  "HMSTR": [
    0.00015443,
    0.00015372
  ],
  "COQ": [
    1.3903e-7,
    1.41224e-7
  ],
  "TAI": [
    0.0165585,
    0.01650954
  ],
  "LAT": [
    0.00131732,
    0.00131622
  ],
  "AVL": [
    0.02611455,
    0.02618492
  ],
  "NAVX": [
    0.00896503,
    0.00905317
  ],
  "FUEL": [
    0.00092558,
    0.00092401
  ],
  "NKN": [
    0.0084086,
    0.0083838
  ],
  "PIXEL": [
    0.00832294,
    0.0082863
  ],
  "COS": [
    0.00121043,
    0.00118795
  ],
  "SOLV": [
    0.00397329,
    0.00405671
  ],
  "OBT": [
    0.00100309,
    0.00101758
  ],
  "ROAM": [
    0.01522863,
    0.01564299
  ],
  "RSS3": [
    0.00567477,
    0.00565544
  ],
  "DENT": [
    0.00005476,
    0.00005243
  ],
  "DMC": [
    0.00070882,
    0.00071086
  ],
  "FWOG": [
    0.00469731,
    0.00465262
  ],
  "FHE": [
    0.01779313,
    0.01786268
  ],
  "LYXE": [
    0.249136,
    0.248646
  ],
  "OAS": [
    0.00055659,
    0.00055603
  ],
  "FORTH": [
    0.239659,
    0.245935
  ],
  "HOOK": [
    0.00837398,
    0.00825108
  ],
  "RDNT": [
    0.00181875,
    0.0018266
  ],
  "GEAR": [
    0.0002267,
    0.00022703
  ],
  "SAMO": [
    0.00037334,
    0.00037417
  ],
  "CUDIS": [
    0.00785281,
    0.00786268
  ],
  "PERP": [
    0.02597032,
    0.02599163
  ],
  "PTB": [
    0.00086384,
    0.00084088
  ],
  "EPT": [
    0.00073413,
    0.00072742
  ],
  "FIS": [
    0.01051481,
    0.01064811
  ],
  "HIPPO": [
    0.00016214,
    0.00016497
  ],
  "FLM": [
    0.00267065,
    0.00267436
  ],
  "GORK": [
    0.00151119,
    0.00150861
  ],
  "SAROS": [
    0.00050184,
    0.00050334
  ],
  "DATA": [
    0.00072475,
    0.00072614
  ],
  "INSP": [
    0.00106635,
    0.0010387
  ],
  "ACA": [
    0.00067831,
    0.00067111
  ],
  "FOXY": [
    0.00011529,
    0.00011527
  ],
  "A2Z": [
    0.00007324,
    0.0000766
  ],
  "RFC": [
    0.0005866,
    0.00058959
  ],
  "SWTCH": [
    0.0033746,
    0.00346214
  ],
  "DUCK": [
    0.00006809,
    0.00006852
  ],
  "LOOKS": [
    0.00037,
    0.00036893
  ],
  "MOONPIG": [
    0.00027225,
    0.00027575
  ],
  "BDXN": [
    0.00155809,
    0.00155191
  ],
  "ROOT": [
    0.00006093,
    0.00006054
  ],
  "CHILLGUY": [
    0.00012829,
    0.00012469
  ],
  "APU": [
    0.0000387,
    0.00003964
  ],
  "CHESS": [
    0.00017069,
    0.00017204
  ],
  "HOLO": [
    0.00001228,
    0.00001204
  ],
  "GMMT": [
    0.00252393,
    0.00254615
  ],
  "RATS": [
    0.00003774,
    0.00003798
  ],
  "ADB": [
    null,
    null
  ]
}