{
  "PUMP": [
    0.00191124,
    0.00188678
  ],
  "SIREN": [
    0.754689,
    0.834489
  ],
  "STABLE": [
    0.02621798,
    0.02606867
  ],
  "MON": [
    0.03322404,
    0.03375698
  ],
  "AERO": [
    0.420947,
    0.411517
  ],
  "JASMY": [
    0.00572506,
    0.00568684
  ],
  "LIT": [
    1.031,
    1.023
  ],
  "SKYAI": [
    0.187874,
    0.188618
  ],
  "CVX": [
    1.85,
    1.85
  ],
  "BAT": [
    0.101896,
    0.101486
  ],
  "ATH": [
    0.00612621,
    0.00603472
  ],
  "CHEEMS": [
    5.70679e-7,
    5.63897e-7
  ],
  "COW": [
    0.189928,
    0.190595
  ],
  "BANANAS31": [
    0.00982999,
    0.00985248
  ],
  "ONT": [
    0.081631,
    0.081029
  ],
  "TAG": [
    0.00070829,
    0.00073539
  ],
  "CKB": [
    0.00160317,
    0.00161293
  ],
  "BEAT": [
    0.493512,
    0.520644
  ],
  "BAN": [
    0.071313,
    0.071604
  ],
  "ARC": [
    0.069447,
    0.071174
  ],
  "SAHARA": [
    0.0226183,
    0.02242895
  ],
  "POLYX": [
    0.051946,
    0.051725
  ],
  "NPC": [
    0.00778426,
    0.00778715
  ],
  "MYX": [
    0.274232,
    0.269074
  ],
  "CSPR": [
    0.00300189,
    0.00298873
  ],
  "IOTX": [
    0.00492671,
    0.00495925
  ],
  "MERL": [
    0.03908542,
    0.03655905
  ],
  "NOT": [
    0.00039781,
    0.00039798
  ],
  "MAGMA": [
    0.201635,
    0.197734
  ],
  "NEIRO": [
    0.00008676,
    0.00008778
  ],
  "SNEK": [
    0.00048051,
    0.00047997
  ],
  "SATS": [
    1.5686e-8,
    1.5852e-8
  ],
  "HUMA": [
    0.01957597,
    0.01915832
  ],
  "ISLM": [
    0.01247666,
    0.01242734
  ],
  "REZ": [
    0.00387259,
    0.00387739
  ],
  "DEP": [
    0.00111476,
    0.00111359
  ],
  "SPELL": [
    0.00017372,
    0.00016845
  ],
  "DEGEN": [
    0.00078394,
    0.00077861
  ],
  "NYM": [
    0.03289252,
    0.03268619
  ],
  "GUN": [
    0.01518938,
    0.01515756
  ],
  "ALLO": [
    0.111875,
    0.110504
  ],
  "CPOOL": [
    0.02525463,
    0.02503958
  ],
  "SLP": [
    0.00066035,
    0.0006594
  ],
  "CORN": [
    0.04139281,
    0.04131011
  ],
  "LRC": [
    0.01738593,
    0.01712669
  ],
  "BOB": [
    0.00728234,
    0.00722857
  ],
  "AURORA": [
    0.0277195,
    0.02757152
  ],
  "INIT": [
    0.095299,
    0.096106
  ],
  "GRIFFAIN": [
    0.01738966,
    0.01728899
  ],
  "SWARMS": [
    0.01778831,
    0.01728721
  ],
  "NIL": [
    0.03961002,
    0.03961509
  ],
  "NEWT": [
    0.076163,
    0.076202
  ],
  "L3": [
    0.01080383,
    0.01077885
  ],
  "DSYNC": [
    0.01577147,
    0.01548712
  ],
  "BANK": [
    0.0368468,
    0.03543505
  ],
  "MUBARAK": [
    0.0145297,
    0.01451744
  ],
  "SONIC": [
    0.03792563,
    0.03713312
  ],
  "RESOLV": [
    0.03410342,
    0.03380725
  ],
  "AIN": [
    0.07123,
    0.069585
  ],
  "TLM": [
    0.00189754,
    0.00189084
  ],
  "PAAL": [
    0.01380805,
    0.01367908
  ],
  "DAO": [
    0.04785751,
    0.04778629
  ],
  "HONEY": [
    0.00191381,
    0.00190021
  ],
  "IKA": [
    0.00364429,
    0.00359122
  ],
  "HMSTR": [
    0.00016016,
    0.00015893
  ],
  "TAI": [
    0.01680843,
    0.01669695
  ],
  "COQ": [
    1.39503e-7,
    1.38439e-7
  ],
  "LAT": [
    0.0013323,
    0.00133079
  ],
  "DENT": [
    0.00009715,
    0.00009541
  ],
  "AVL": [
    0.02814625,
    0.02741799
  ],
  "NAVX": [
    0.00936719,
    0.00934566
  ],
  "FUEL": [
    0.00094233,
    0.00094257
  ],
  "NKN": [
    0.00879289,
    0.00862848
  ],
  "PIXEL": [
    0.00835406,
    0.00837641
  ],
  "COS": [
    0.00124978,
    0.00121916
  ],
  "SOLV": [
    0.00427842,
    0.00417629
  ],
  "RSS3": [
    0.00626383,
    0.00627016
  ],
  "ROAM": [
    0.01650019,
    0.0166048
  ],
  "OBT": [
    0.00106491,
    0.00106886
  ],
  "FHE": [
    0.02126365,
    0.0202738
  ],
  "OAS": [
    0.00076513,
    0.0007449
  ],
  "FWOG": [
    0.00494851,
    0.00492012
  ],
  "DMC": [
    0.00071085,
    0.00070983
  ],
  "GEAR": [
    0.00039108,
    0.00038843
  ],
  "LYXE": [
    0.241933,
    0.242227
  ],
  "FORTH": [
    0.269221,
    0.266858
  ],
  "RDNT": [
    0.00213242,
    0.00210542
  ],
  "HOOK": [
    0.00933074,
    0.00913098
  ],
  "SAMO": [
    0.00043053,
    0.00042536
  ],
  "PTB": [
    0.00110162,
    0.00108172
  ],
  "SAROS": [
    0.00102119,
    0.00081743
  ],
  "CUDIS": [
    0.00831517,
    0.00829842
  ],
  "PERP": [
    0.02671242,
    0.02652054
  ],
  "FIS": [
    0.01131404,
    0.01117859
  ],
  "EPT": [
    0.0007579,
    0.00075558
  ],
  "FLM": [
    0.00298654,
    0.00298676
  ],
  "HIPPO": [
    0.00017649,
    0.00016983
  ],
  "GORK": [
    0.00150908,
    0.00154368
  ],
  "DATA": [
    0.00097318,
    0.00096746
  ],
  "INSP": [
    0.00104731,
    0.00106332
  ],
  "ACA": [
    0.00070536,
    0.00070037
  ],
  "A2Z": [
    0.00009275,
    0.00009225
  ],
  "FOXY": [
    0.00012528,
    0.00012594
  ],
  "SWTCH": [
    0.0034277,
    0.0034003
  ],
  "DUCK": [
    0.00007197,
    0.00007002
  ],
  "RFC": [
    0.00053522,
    0.00053588
  ],
  "LOOKS": [
    0.00038795,
    0.000414
  ],
  "MOONPIG": [
    0.00031215,
    0.00031466
  ],
  "BDXN": [
    0.00182751,
    0.00183018
  ],
  "ROOT": [
    0.00005621,
    0.00005621
  ],
  "CHILLGUY": [
    0.00008176,
    0.00008178
  ],
  "APU": [
    0.00003475,
    0.00003538
  ],
  "CHESS": [
    0.00016792,
    0.0001671
  ],
  "HOLO": [
    0.00001273,
    0.00001273
  ],
  "GMMT": [
    0.00271329,
    0.00268809
  ],
  "RATS": [
    0.00003709,
    0.00003645
  ],
  "ADB": [
    null,
    null
  ]
}