{
  "PUMP": [
    0.00166854,
    0.00166942
  ],
  "STABLE": [
    0.02695238,
    0.02917887
  ],
  "SIREN": [
    0.760685,
    0.55088
  ],
  "AERO": [
    0.325197,
    0.327389
  ],
  "MON": [
    0.02479615,
    0.02486411
  ],
  "JASMY": [
    0.0054041,
    0.005359
  ],
  "LIT": [
    0.855178,
    0.863844
  ],
  "CVX": [
    1.76,
    1.78
  ],
  "BAT": [
    0.095508,
    0.096042
  ],
  "ATH": [
    0.0072126,
    0.00714377
  ],
  "BANANAS31": [
    0.01305713,
    0.01306352
  ],
  "COW": [
    0.205696,
    0.205933
  ],
  "CHEEMS": [
    4.28945e-7,
    4.27681e-7
  ],
  "ONT": [
    0.07865,
    0.083507
  ],
  "SAHARA": [
    0.02311067,
    0.02306072
  ],
  "CKB": [
    0.00138981,
    0.0013851
  ],
  "BEAT": [
    0.468242,
    0.459739
  ],
  "NPC": [
    0.00764373,
    0.0076439
  ],
  "TAG": [
    0.00057006,
    0.00056034
  ],
  "BAN": [
    0.05979,
    0.059896
  ],
  "SKYAI": [
    0.05968,
    0.059818
  ],
  "POLYX": [
    0.04713497,
    0.04709215
  ],
  "ARC": [
    0.052379,
    0.05425
  ],
  "CSPR": [
    0.00314952,
    0.00313787
  ],
  "IOTX": [
    0.00465465,
    0.0046311
  ],
  "MYX": [
    0.226203,
    0.223661
  ],
  "NOT": [
    0.00036122,
    0.00036269
  ],
  "ISLM": [
    0.01390841,
    0.0135081
  ],
  "DEP": [
    0.00116038,
    0.00116077
  ],
  "SNEK": [
    0.00042434,
    0.00042659
  ],
  "MERL": [
    0.02397159,
    0.0239584
  ],
  "SPELL": [
    0.00016441,
    0.00016362
  ],
  "NYM": [
    0.03390819,
    0.03362822
  ],
  "GUN": [
    0.01685628,
    0.01673697
  ],
  "REZ": [
    0.00330102,
    0.00330255
  ],
  "HUMA": [
    0.01536542,
    0.01496946
  ],
  "DEGEN": [
    0.00068077,
    0.00067897
  ],
  "LRC": [
    0.02036408,
    0.01982257
  ],
  "CORN": [
    0.04583775,
    0.04578333
  ],
  "NEIRO": [
    0.00005708,
    0.00005694
  ],
  "SATS": [
    1.1043e-8,
    1.1035e-8
  ],
  "ALLO": [
    0.105363,
    0.10518
  ],
  "MAGMA": [
    0.120672,
    0.117806
  ],
  "CPOOL": [
    0.02176324,
    0.02208823
  ],
  "SLP": [
    0.00059019,
    0.00058674
  ],
  "AURORA": [
    0.02681528,
    0.02683935
  ],
  "DENT": [
    0.00017499,
    0.00017524
  ],
  "BANK": [
    0.03965529,
    0.03929991
  ],
  "DSYNC": [
    0.01623329,
    0.016104
  ],
  "RESOLV": [
    0.04075811,
    0.04039594
  ],
  "NEWT": [
    0.06954,
    0.06974
  ],
  "DAO": [
    0.061744,
    0.059218
  ],
  "BOB": [
    0.00533115,
    0.00531719
  ],
  "NIL": [
    0.0336743,
    0.0332589
  ],
  "INIT": [
    0.075523,
    0.075456
  ],
  "SONIC": [
    0.0384063,
    0.03844201
  ],
  "ROAM": [
    0.03854974,
    0.03858949
  ],
  "L3": [
    0.00938514,
    0.00925977
  ],
  "PAAL": [
    0.01402103,
    0.01369681
  ],
  "GRIFFAIN": [
    0.01119667,
    0.01186288
  ],
  "HONEY": [
    0.00206642,
    0.00205451
  ],
  "MUBARAK": [
    0.01134494,
    0.01138597
  ],
  "IKA": [
    0.00369185,
    0.00359905
  ],
  "TLM": [
    0.00159069,
    0.00159802
  ],
  "AIN": [
    0.054975,
    0.055169
  ],
  "NKN": [
    0.01210152,
    0.01189646
  ],
  "SWARMS": [
    0.00927223,
    0.00949009
  ],
  "TAI": [
    0.01618013,
    0.01597953
  ],
  "LAT": [
    0.00132554,
    0.00132375
  ],
  "HMSTR": [
    0.00013305,
    0.00013245
  ],
  "AVL": [
    0.02610491,
    0.02643207
  ],
  "NAVX": [
    0.00913926,
    0.0091495
  ],
  "FUEL": [
    0.00094107,
    0.00093927
  ],
  "COS": [
    0.00130897,
    0.00130401
  ],
  "COQ": [
    9.5073e-8,
    9.5129e-8
  ],
  "PIXEL": [
    0.00814097,
    0.00814954
  ],
  "HIPPO": [
    0.00054401,
    0.00054449
  ],
  "OBT": [
    0.00098625,
    0.00100205
  ],
  "SOLV": [
    0.00341781,
    0.00347947
  ],
  "RSS3": [
    0.00557601,
    0.00556043
  ],
  "FWOG": [
    0.0049844,
    0.00498269
  ],
  "RDNT": [
    0.00371676,
    0.0036721
  ],
  "FHE": [
    0.01882865,
    0.01898513
  ],
  "DMC": [
    0.00075551,
    0.00074007
  ],
  "LYXE": [
    0.28024,
    0.28024
  ],
  "DUCK": [
    0.00066038,
    0.00051526
  ],
  "FORTH": [
    0.317891,
    0.305449
  ],
  "GEAR": [
    0.00029338,
    0.0002934
  ],
  "SAMO": [
    0.00040455,
    0.00040448
  ],
  "OAS": [
    0.00035986,
    0.0003563
  ],
  "HOOK": [
    0.00817307,
    0.00791869
  ],
  "PERP": [
    0.0299074,
    0.0304448
  ],
  "FIS": [
    0.01405231,
    0.01410192
  ],
  "CUDIS": [
    0.00787806,
    0.00784038
  ],
  "PTB": [
    0.00094986,
    0.0009199
  ],
  "EPT": [
    0.0007289,
    0.00072685
  ],
  "FLM": [
    0.00276302,
    0.00278014
  ],
  "GORK": [
    0.00153074,
    0.00151769
  ],
  "SAROS": [
    0.00056116,
    0.00055308
  ],
  "DATA": [
    0.00101747,
    0.00101145
  ],
  "INSP": [
    0.00141827,
    0.00138147
  ],
  "ACA": [
    0.00078155,
    0.00075958
  ],
  "SWTCH": [
    0.00431819,
    0.00444188
  ],
  "FOXY": [
    0.0001187,
    0.0001179
  ],
  "A2Z": [
    0.00011902,
    0.00008154
  ],
  "RFC": [
    0.00054644,
    0.00054485
  ],
  "LOOKS": [
    0.00040524,
    0.00041027
  ],
  "BDXN": [
    0.00215836,
    0.00202828
  ],
  "MOONPIG": [
    0.00031399,
    0.0003124
  ],
  "CHESS": [
    0.00136565,
    0.00135584
  ],
  "ROOT": [
    0.00006094,
    0.00006094
  ],
  "CHILLGUY": [
    0.00006699,
    0.00006699
  ],
  "APU": [
    0.00003153,
    0.0000314
  ],
  "HOLO": [
    0.00001274,
    0.0000128
  ],
  "RATS": [
    0.00004167,
    0.00004157
  ],
  "GMMT": [
    0.00380524,
    0.00379282
  ],
  "ADB": [
    null,
    null
  ]
}