{
  "STABLE": [
    0.03390642,
    0.03394652
  ],
  "PUMP": [
    0.00181222,
    0.0018176
  ],
  "SIREN": [
    0.702492,
    0.697913
  ],
  "SKYAI": [
    0.433157,
    0.444814
  ],
  "AERO": [
    0.452556,
    0.452047
  ],
  "MON": [
    0.03008029,
    0.03036409
  ],
  "JASMY": [
    0.00566636,
    0.00571183
  ],
  "LIT": [
    0.891535,
    0.88936
  ],
  "CVX": [
    1.74,
    1.74
  ],
  "BAT": [
    0.096939,
    0.097298
  ],
  "TAG": [
    0.00121543,
    0.00132212
  ],
  "CHEEMS": [
    6.10101e-7,
    6.32044e-7
  ],
  "ATH": [
    0.00581129,
    0.00582152
  ],
  "COW": [
    0.184547,
    0.185064
  ],
  "BANANAS31": [
    0.01002987,
    0.01007834
  ],
  "BEAT": [
    0.58157,
    0.567534
  ],
  "SAHARA": [
    0.02305903,
    0.0234498
  ],
  "ARC": [
    0.075137,
    0.073801
  ],
  "CKB": [
    0.0014923,
    0.00149712
  ],
  "BAN": [
    0.071769,
    0.072263
  ],
  "ONT": [
    0.070832,
    0.071029
  ],
  "NPC": [
    0.00786976,
    0.00775696
  ],
  "POLYX": [
    0.04761213,
    0.04777341
  ],
  "MYX": [
    0.254323,
    0.25462
  ],
  "CSPR": [
    0.00279091,
    0.00279118
  ],
  "MAGMA": [
    0.236284,
    0.227368
  ],
  "IOTX": [
    0.00445641,
    0.00450318
  ],
  "ISLM": [
    0.01176763,
    0.01176331
  ],
  "REZ": [
    0.00480695,
    0.00480878
  ],
  "NEIRO": [
    0.00009471,
    0.0000956
  ],
  "NOT": [
    0.00038949,
    0.00039801
  ],
  "MERL": [
    0.03148456,
    0.03173567
  ],
  "HUMA": [
    0.02191137,
    0.0220605
  ],
  "SNEK": [
    0.00046117,
    0.0004617
  ],
  "SATS": [
    1.4669e-8,
    1.5797e-8
  ],
  "DEP": [
    0.00110997,
    0.00111802
  ],
  "SPELL": [
    0.00016658,
    0.0001668
  ],
  "ALLO": [
    0.119246,
    0.119701
  ],
  "SWARMS": [
    0.02645833,
    0.02639766
  ],
  "CPOOL": [
    0.02559969,
    0.02571503
  ],
  "GUN": [
    0.0143824,
    0.01430786
  ],
  "SLP": [
    0.00069921,
    0.00070104
  ],
  "DEGEN": [
    0.00067479,
    0.00067322
  ],
  "CORN": [
    0.04021813,
    0.04032644
  ],
  "LRC": [
    0.01679032,
    0.01679158
  ],
  "AURORA": [
    0.02639067,
    0.02640118
  ],
  "NIL": [
    0.04075018,
    0.04106382
  ],
  "L3": [
    0.0123193,
    0.01216569
  ],
  "AIN": [
    0.096959,
    0.096843
  ],
  "GRIFFAIN": [
    0.01781824,
    0.01778734
  ],
  "INIT": [
    0.087743,
    0.087799
  ],
  "NYM": [
    0.02064237,
    0.02004839
  ],
  "BOB": [
    0.00566315,
    0.00566837
  ],
  "NEWT": [
    0.073885,
    0.074327
  ],
  "BANK": [
    0.03326775,
    0.03332112
  ],
  "SONIC": [
    0.03775557,
    0.03822955
  ],
  "MUBARAK": [
    0.01347236,
    0.01375277
  ],
  "DSYNC": [
    0.01291567,
    0.01291975
  ],
  "TLM": [
    0.00183494,
    0.00185534
  ],
  "PAAL": [
    0.01283206,
    0.01281165
  ],
  "RESOLV": [
    0.02855707,
    0.02899799
  ],
  "HONEY": [
    0.00180926,
    0.00181246
  ],
  "DAO": [
    0.0412834,
    0.04200699
  ],
  "IKA": [
    0.00330187,
    0.00337704
  ],
  "HMSTR": [
    0.00015294,
    0.00015412
  ],
  "COQ": [
    1.33427e-7,
    1.34221e-7
  ],
  "LAT": [
    0.00133142,
    0.0013321
  ],
  "TAI": [
    0.01503525,
    0.01509075
  ],
  "RSS3": [
    0.0055817,
    0.00556426
  ],
  "AVL": [
    0.02722859,
    0.02714515
  ],
  "NAVX": [
    0.00876273,
    0.00881029
  ],
  "FUEL": [
    0.00090268,
    0.00090019
  ],
  "SOLV": [
    0.00453556,
    0.00455311
  ],
  "NKN": [
    0.00800637,
    0.00797244
  ],
  "PIXEL": [
    0.00785318,
    0.00791515
  ],
  "COS": [
    0.00115272,
    0.00115412
  ],
  "OBT": [
    0.0009979,
    0.0009972
  ],
  "FHE": [
    0.01908905,
    0.01921368
  ],
  "DMC": [
    0.00068929,
    0.00068926
  ],
  "FWOG": [
    0.00452797,
    0.00450967
  ],
  "LYXE": [
    0.256066,
    0.256066
  ],
  "DENT": [
    0.00004177,
    0.00004088
  ],
  "ROAM": [
    0.01089257,
    0.01091934
  ],
  "OAS": [
    0.00055535,
    0.00054725
  ],
  "GEAR": [
    0.00032548,
    0.00032538
  ],
  "FORTH": [
    0.235869,
    0.236097
  ],
  "RDNT": [
    0.00179416,
    0.00180501
  ],
  "HOOK": [
    0.00805339,
    0.00791545
  ],
  "SAMO": [
    0.0003589,
    0.00035442
  ],
  "CUDIS": [
    0.0078984,
    0.00792075
  ],
  "PERP": [
    0.02544497,
    0.02550703
  ],
  "EPT": [
    0.00071647,
    0.00071937
  ],
  "HIPPO": [
    0.00016112,
    0.00016064
  ],
  "PTB": [
    0.00077706,
    0.00076661
  ],
  "FIS": [
    0.01015844,
    0.01015482
  ],
  "SAROS": [
    0.00059746,
    0.00059552
  ],
  "FLM": [
    0.00254789,
    0.0025454
  ],
  "GORK": [
    0.00142758,
    0.00143948
  ],
  "DATA": [
    0.00070722,
    0.00070636
  ],
  "A2Z": [
    0.00009621,
    0.00009799
  ],
  "ACA": [
    0.00067526,
    0.00068148
  ],
  "INSP": [
    0.00091152,
    0.00093644
  ],
  "FOXY": [
    0.00011586,
    0.00011598
  ],
  "DUCK": [
    0.00007217,
    0.000071
  ],
  "RFC": [
    0.00055031,
    0.00055219
  ],
  "SWTCH": [
    0.00330503,
    0.00329416
  ],
  "LOOKS": [
    0.00034611,
    0.00034649
  ],
  "BDXN": [
    0.00165449,
    0.00163907
  ],
  "MOONPIG": [
    0.00026394,
    0.00026347
  ],
  "ROOT": [
    0.00005819,
    0.00005848
  ],
  "CHILLGUY": [
    0.00009118,
    0.00009106
  ],
  "APU": [
    0.0000435,
    0.00004359
  ],
  "CHESS": [
    0.00019165,
    0.0001919
  ],
  "HOLO": [
    0.00001187,
    0.00001187
  ],
  "GMMT": [
    0.00248892,
    0.00249107
  ],
  "RATS": [
    0.00004056,
    0.00004133
  ],
  "ADB": [
    null,
    null
  ]
}