{
  "STABLE": [
    0.03311976,
    0.0322791
  ],
  "PUMP": [
    0.00178689,
    0.00173896
  ],
  "SIREN": [
    0.695304,
    0.696435
  ],
  "AERO": [
    0.469788,
    0.458729
  ],
  "MON": [
    0.02724632,
    0.02635309
  ],
  "SKYAI": [
    0.276624,
    0.298126
  ],
  "JASMY": [
    0.00575659,
    0.00568344
  ],
  "LIT": [
    0.957187,
    0.923309
  ],
  "CVX": [
    1.72,
    1.69
  ],
  "BAT": [
    0.097953,
    0.096975
  ],
  "CHEEMS": [
    6.00515e-7,
    5.91553e-7
  ],
  "ATH": [
    0.00585741,
    0.00575876
  ],
  "COW": [
    0.188719,
    0.184478
  ],
  "BANANAS31": [
    0.00979734,
    0.00972144
  ],
  "ARC": [
    0.074189,
    0.081482
  ],
  "BEAT": [
    0.569296,
    0.574344
  ],
  "BAN": [
    0.072439,
    0.07401
  ],
  "CKB": [
    0.00150262,
    0.00147719
  ],
  "SAHARA": [
    0.02241244,
    0.02198209
  ],
  "ONT": [
    0.070654,
    0.069763
  ],
  "NPC": [
    0.00785714,
    0.0078057
  ],
  "POLYX": [
    0.04778292,
    0.04702145
  ],
  "TAG": [
    0.00054213,
    0.00053049
  ],
  "MYX": [
    0.254201,
    0.26288
  ],
  "CSPR": [
    0.0028976,
    0.002892
  ],
  "IOTX": [
    0.0045885,
    0.00450485
  ],
  "ISLM": [
    0.0116861,
    0.01159944
  ],
  "MERL": [
    0.03330813,
    0.03251706
  ],
  "MAGMA": [
    0.202688,
    0.209746
  ],
  "NOT": [
    0.00038924,
    0.00038098
  ],
  "NEIRO": [
    0.00008907,
    0.0000875
  ],
  "HUMA": [
    0.02070153,
    0.02117212
  ],
  "REZ": [
    0.00423238,
    0.00422266
  ],
  "SNEK": [
    0.00045644,
    0.00045689
  ],
  "SPELL": [
    0.0001686,
    0.00016538
  ],
  "SATS": [
    1.3584e-8,
    1.3453e-8
  ],
  "DEP": [
    0.00109753,
    0.00098347
  ],
  "SWARMS": [
    0.02598564,
    0.02634296
  ],
  "CPOOL": [
    0.02531601,
    0.02604755
  ],
  "GUN": [
    0.01435915,
    0.01431987
  ],
  "SLP": [
    0.00070099,
    0.00069222
  ],
  "DEGEN": [
    0.00069002,
    0.00066753
  ],
  "ALLO": [
    0.109793,
    0.107676
  ],
  "NYM": [
    0.02580928,
    0.02571588
  ],
  "CORN": [
    0.04022226,
    0.04027904
  ],
  "LRC": [
    0.01691071,
    0.01681712
  ],
  "GRIFFAIN": [
    0.0200612,
    0.01996839
  ],
  "L3": [
    0.01321664,
    0.01324564
  ],
  "AURORA": [
    0.0265489,
    0.02658296
  ],
  "INIT": [
    0.09137,
    0.093407
  ],
  "AIN": [
    0.094182,
    0.095552
  ],
  "NIL": [
    0.0384853,
    0.03788178
  ],
  "NEWT": [
    0.075428,
    0.073748
  ],
  "BOB": [
    0.00563808,
    0.00559679
  ],
  "BANK": [
    0.03464222,
    0.03449998
  ],
  "MUBARAK": [
    0.01368848,
    0.01335172
  ],
  "SONIC": [
    0.03709846,
    0.03675249
  ],
  "DSYNC": [
    0.01293777,
    0.0129846
  ],
  "TLM": [
    0.00185717,
    0.00182646
  ],
  "RESOLV": [
    0.03032143,
    0.02950335
  ],
  "PAAL": [
    0.01297919,
    0.01271235
  ],
  "HONEY": [
    0.00193032,
    0.00190114
  ],
  "IKA": [
    0.00349257,
    0.00346752
  ],
  "DAO": [
    0.04111001,
    0.04087589
  ],
  "HMSTR": [
    0.00016006,
    0.00015522
  ],
  "COQ": [
    1.36085e-7,
    1.3509e-7
  ],
  "TAI": [
    0.01554007,
    0.01560323
  ],
  "LAT": [
    0.00132657,
    0.0013125
  ],
  "AVL": [
    0.0258384,
    0.02597914
  ],
  "SOLV": [
    0.00515727,
    0.00491705
  ],
  "FUEL": [
    0.00091343,
    0.00091156
  ],
  "NAVX": [
    0.00877304,
    0.0086717
  ],
  "PIXEL": [
    0.008113,
    0.00811058
  ],
  "NKN": [
    0.00780819,
    0.00774309
  ],
  "COS": [
    0.00116795,
    0.00115614
  ],
  "OBT": [
    0.00098679,
    0.00099506
  ],
  "RSS3": [
    0.00554942,
    0.00553582
  ],
  "FHE": [
    0.01912441,
    0.01834628
  ],
  "ROAM": [
    0.01318333,
    0.01290824
  ],
  "DMC": [
    0.0006792,
    0.00068435
  ],
  "FWOG": [
    0.0045916,
    0.00450353
  ],
  "LYXE": [
    0.249772,
    0.249772
  ],
  "DENT": [
    0.00003833,
    0.00003859
  ],
  "OAS": [
    0.00051243,
    0.00050039
  ],
  "GEAR": [
    0.00031415,
    0.00031236
  ],
  "FORTH": [
    0.246905,
    0.232493
  ],
  "RDNT": [
    0.00180043,
    0.00178306
  ],
  "HOOK": [
    0.00813695,
    0.0079612
  ],
  "SAMO": [
    0.0003572,
    0.00035998
  ],
  "CUDIS": [
    0.00772533,
    0.00773792
  ],
  "PERP": [
    0.02516496,
    0.02495258
  ],
  "EPT": [
    0.00070502,
    0.00070971
  ],
  "FIS": [
    0.01036915,
    0.0104689
  ],
  "PTB": [
    0.00078505,
    0.00078506
  ],
  "HIPPO": [
    0.00016042,
    0.00015881
  ],
  "FLM": [
    0.00258069,
    0.00257123
  ],
  "GORK": [
    0.00141756,
    0.0013284
  ],
  "SAROS": [
    0.0004523,
    0.00045494
  ],
  "DATA": [
    0.00070059,
    0.00069623
  ],
  "INSP": [
    0.00097717,
    0.00099926
  ],
  "ACA": [
    0.00061229,
    0.00061272
  ],
  "FOXY": [
    0.00011406,
    0.00011498
  ],
  "RFC": [
    0.00064316,
    0.00060917
  ],
  "A2Z": [
    0.00006905,
    0.00006808
  ],
  "DUCK": [
    0.00007082,
    0.00007027
  ],
  "SWTCH": [
    0.00307434,
    0.00299194
  ],
  "LOOKS": [
    0.00035581,
    0.00037064
  ],
  "MOONPIG": [
    0.00026576,
    0.00025989
  ],
  "BDXN": [
    0.00150383,
    0.0015294
  ],
  "ROOT": [
    0.00006396,
    0.00005977
  ],
  "CHILLGUY": [
    0.00010133,
    0.00010001
  ],
  "CHESS": [
    0.00019802,
    0.00019834
  ],
  "APU": [
    0.00003486,
    0.00003655
  ],
  "HOLO": [
    0.00001191,
    0.00001191
  ],
  "GMMT": [
    0.00244255,
    0.00241817
  ],
  "RATS": [
    0.00003764,
    0.00003795
  ],
  "ADB": [
    null,
    null
  ]
}