{
  "SIREN": [
    1.81,
    1.78
  ],
  "PUMP": [
    0.00170899,
    0.00167175
  ],
  "STABLE": [
    0.02401507,
    0.02472425
  ],
  "AERO": [
    0.320226,
    0.315919
  ],
  "JASMY": [
    0.00528108,
    0.00520581
  ],
  "MON": [
    0.02230182,
    0.02205461
  ],
  "LIT": [
    0.835247,
    0.821477
  ],
  "CVX": [
    1.66,
    1.64
  ],
  "BAT": [
    0.092191,
    0.090697
  ],
  "BANANAS31": [
    0.01335879,
    0.01332049
  ],
  "ATH": [
    0.00689674,
    0.00686905
  ],
  "COW": [
    0.198034,
    0.195982
  ],
  "CHEEMS": [
    4.15799e-7,
    4.08381e-7
  ],
  "SAHARA": [
    0.0247389,
    0.02434212
  ],
  "BEAT": [
    0.493746,
    0.496261
  ],
  "TAG": [
    0.00058791,
    0.00059902
  ],
  "CKB": [
    0.00135264,
    0.00133698
  ],
  "SKYAI": [
    0.058783,
    0.058577
  ],
  "BAN": [
    0.057372,
    0.057441
  ],
  "NPC": [
    0.00719362,
    0.00707468
  ],
  "POLYX": [
    0.04498409,
    0.04449022
  ],
  "ONT": [
    0.059899,
    0.059541
  ],
  "CSPR": [
    0.00328372,
    0.00327035
  ],
  "ARC": [
    0.04988646,
    0.050861
  ],
  "MYX": [
    0.244291,
    0.239081
  ],
  "IOTX": [
    0.00478584,
    0.00473484
  ],
  "NOT": [
    0.00034683,
    0.00033983
  ],
  "DEP": [
    0.0011648,
    0.00116435
  ],
  "ISLM": [
    0.01209224,
    0.01212608
  ],
  "SNEK": [
    0.00040565,
    0.00040037
  ],
  "MERL": [
    0.02439591,
    0.02416889
  ],
  "SPELL": [
    0.00016326,
    0.00016099
  ],
  "NYM": [
    0.03248115,
    0.03242264
  ],
  "LRC": [
    0.02154312,
    0.02136517
  ],
  "HUMA": [
    0.01507942,
    0.01506868
  ],
  "GUN": [
    0.0158044,
    0.0157134
  ],
  "REZ": [
    0.00332134,
    0.00329217
  ],
  "DEGEN": [
    0.00067221,
    0.00066617
  ],
  "CORN": [
    0.04614015,
    0.04616835
  ],
  "MAGMA": [
    0.123151,
    0.122755
  ],
  "NEIRO": [
    0.00005505,
    0.00005404
  ],
  "ALLO": [
    0.102474,
    0.101847
  ],
  "SATS": [
    1.0265e-8,
    1.007e-8
  ],
  "SLP": [
    0.00057544,
    0.00057189
  ],
  "CPOOL": [
    0.02226223,
    0.02163124
  ],
  "AURORA": [
    0.02701609,
    0.02691827
  ],
  "DENT": [
    0.00018819,
    0.00018918
  ],
  "BANK": [
    0.04158995,
    0.04193344
  ],
  "DSYNC": [
    0.01645198,
    0.01621563
  ],
  "BOB": [
    0.00549749,
    0.00548175
  ],
  "RESOLV": [
    0.03829149,
    0.03839192
  ],
  "DAO": [
    0.056718,
    0.057572
  ],
  "INIT": [
    0.078048,
    0.078293
  ],
  "NEWT": [
    0.069877,
    0.06727
  ],
  "SONIC": [
    0.03893184,
    0.03817732
  ],
  "L3": [
    0.00998395,
    0.00986152
  ],
  "NIL": [
    0.0316992,
    0.03137624
  ],
  "ROAM": [
    0.03923653,
    0.03897363
  ],
  "PAAL": [
    0.01480291,
    0.01440028
  ],
  "HONEY": [
    0.00204974,
    0.00204841
  ],
  "NKN": [
    0.01437977,
    0.01453153
  ],
  "AIN": [
    0.060455,
    0.060441
  ],
  "GRIFFAIN": [
    0.01138233,
    0.01109902
  ],
  "MUBARAK": [
    0.01130205,
    0.0110741
  ],
  "TLM": [
    0.00160052,
    0.00157919
  ],
  "IKA": [
    0.00323234,
    0.00323477
  ],
  "TAI": [
    0.01692889,
    0.01651279
  ],
  "SWARMS": [
    0.00918465,
    0.00913511
  ],
  "LAT": [
    0.00130901,
    0.00130614
  ],
  "HMSTR": [
    0.00013294,
    0.00013068
  ],
  "DUCK": [
    0.0010904,
    0.00108489
  ],
  "FUEL": [
    0.00101553,
    0.0010156
  ],
  "COS": [
    0.00145136,
    0.00143757
  ],
  "NAVX": [
    0.0085041,
    0.00846978
  ],
  "AVL": [
    0.02519847,
    0.02425665
  ],
  "COQ": [
    9.3524e-8,
    9.2591e-8
  ],
  "PIXEL": [
    0.00782709,
    0.00768544
  ],
  "RDNT": [
    0.00435624,
    0.00437654
  ],
  "OBT": [
    0.00102147,
    0.00101236
  ],
  "HIPPO": [
    0.00051897,
    0.00051583
  ],
  "DMC": [
    0.00089645,
    0.00083658
  ],
  "RSS3": [
    0.00558924,
    0.00553557
  ],
  "FWOG": [
    0.00482266,
    0.00480479
  ],
  "LYXE": [
    0.286915,
    0.283852
  ],
  "SOLV": [
    0.00299098,
    0.00294851
  ],
  "FHE": [
    0.0167169,
    0.01604503
  ],
  "FORTH": [
    0.372871,
    0.359258
  ],
  "GEAR": [
    0.00030637,
    0.00029937
  ],
  "HOOK": [
    0.00898127,
    0.0086457
  ],
  "SAMO": [
    0.000387,
    0.00039786
  ],
  "OAS": [
    0.00035969,
    0.0003521
  ],
  "PERP": [
    0.03042638,
    0.03124809
  ],
  "PTB": [
    0.0010377,
    0.00102882
  ],
  "FIS": [
    0.01354963,
    0.01351433
  ],
  "CUDIS": [
    0.00778,
    0.0084446
  ],
  "EPT": [
    0.00071904,
    0.00072634
  ],
  "A2Z": [
    0.00019374,
    0.00018979
  ],
  "FLM": [
    0.00269037,
    0.00268438
  ],
  "GORK": [
    0.00154266,
    0.00152649
  ],
  "SAROS": [
    0.00052894,
    0.00052132
  ],
  "DATA": [
    0.00101072,
    0.00100154
  ],
  "INSP": [
    0.00126783,
    0.00127628
  ],
  "ACA": [
    0.00083089,
    0.00081332
  ],
  "SWTCH": [
    0.00572182,
    0.00571481
  ],
  "FOXY": [
    0.0001286,
    0.00012627
  ],
  "RFC": [
    0.00058067,
    0.00056865
  ],
  "BDXN": [
    0.00257419,
    0.00254373
  ],
  "LOOKS": [
    0.00039863,
    0.00038975
  ],
  "MOONPIG": [
    0.00031352,
    0.00031171
  ],
  "CHESS": [
    0.00140309,
    0.00150299
  ],
  "ROOT": [
    0.00007088,
    0.0000709
  ],
  "CHILLGUY": [
    0.00006247,
    0.00006247
  ],
  "APU": [
    0.00003054,
    0.00002953
  ],
  "HOLO": [
    0.00001278,
    0.00001278
  ],
  "RATS": [
    0.0000433,
    0.00004585
  ],
  "GMMT": [
    0.00377005,
    0.00369723
  ],
  "ADB": [
    null,
    null
  ]
}