{
  "STABLE": [
    0.03210083,
    0.03241345
  ],
  "PUMP": [
    0.00176451,
    0.00176152
  ],
  "SIREN": [
    0.681974,
    0.67147
  ],
  "AERO": [
    0.455598,
    0.448739
  ],
  "MON": [
    0.02689961,
    0.02749145
  ],
  "SKYAI": [
    0.316722,
    0.317337
  ],
  "JASMY": [
    0.00572932,
    0.00571627
  ],
  "LIT": [
    0.904498,
    0.903302
  ],
  "CVX": [
    1.73,
    1.72
  ],
  "BAT": [
    0.097496,
    0.097305
  ],
  "CHEEMS": [
    6.12159e-7,
    6.03352e-7
  ],
  "ATH": [
    0.0058294,
    0.00582629
  ],
  "COW": [
    0.184963,
    0.184423
  ],
  "BANANAS31": [
    0.0097326,
    0.0096761
  ],
  "BEAT": [
    0.563532,
    0.556966
  ],
  "ARC": [
    0.075726,
    0.075296
  ],
  "BAN": [
    0.074091,
    0.072307
  ],
  "SAHARA": [
    0.02244032,
    0.02205706
  ],
  "CKB": [
    0.00148441,
    0.00147723
  ],
  "ONT": [
    0.071789,
    0.071723
  ],
  "TAG": [
    0.00058994,
    0.00058607
  ],
  "NPC": [
    0.00788294,
    0.00785706
  ],
  "POLYX": [
    0.04743765,
    0.04737609
  ],
  "MYX": [
    0.256132,
    0.251039
  ],
  "CSPR": [
    0.00289378,
    0.0028889
  ],
  "IOTX": [
    0.00457509,
    0.00453867
  ],
  "MERL": [
    0.03307118,
    0.03282534
  ],
  "ISLM": [
    0.01150054,
    0.01149827
  ],
  "MAGMA": [
    0.210008,
    0.208967
  ],
  "NOT": [
    0.00039248,
    0.00038935
  ],
  "HUMA": [
    0.02136953,
    0.02159945
  ],
  "NEIRO": [
    0.00008869,
    0.00008803
  ],
  "REZ": [
    0.00419457,
    0.00416047
  ],
  "SNEK": [
    0.00045943,
    0.00046276
  ],
  "DEP": [
    0.00106664,
    0.00109803
  ],
  "SATS": [
    1.3717e-8,
    1.3593e-8
  ],
  "SPELL": [
    0.00016612,
    0.00016591
  ],
  "SWARMS": [
    0.02644041,
    0.02682558
  ],
  "CPOOL": [
    0.02580962,
    0.02587454
  ],
  "ALLO": [
    0.112394,
    0.114432
  ],
  "GUN": [
    0.01457563,
    0.01454656
  ],
  "SLP": [
    0.00069172,
    0.0006915
  ],
  "DEGEN": [
    0.00066796,
    0.00066596
  ],
  "CORN": [
    0.04025531,
    0.04022735
  ],
  "L3": [
    0.01217366,
    0.01476225
  ],
  "NYM": [
    0.02532338,
    0.02530846
  ],
  "LRC": [
    0.0168489,
    0.01667026
  ],
  "GRIFFAIN": [
    0.02009768,
    0.01884683
  ],
  "AURORA": [
    0.02656532,
    0.02650511
  ],
  "AIN": [
    0.096161,
    0.095624
  ],
  "INIT": [
    0.089999,
    0.089834
  ],
  "NIL": [
    0.03839915,
    0.03827347
  ],
  "NEWT": [
    0.0742,
    0.074102
  ],
  "BOB": [
    0.00558234,
    0.00553096
  ],
  "BANK": [
    0.03408155,
    0.03415601
  ],
  "SONIC": [
    0.03778797,
    0.03761243
  ],
  "MUBARAK": [
    0.01362986,
    0.01348007
  ],
  "DSYNC": [
    0.01303396,
    0.01299496
  ],
  "TLM": [
    0.00184057,
    0.0018277
  ],
  "PAAL": [
    0.01290839,
    0.01307167
  ],
  "RESOLV": [
    0.0298647,
    0.02955044
  ],
  "HONEY": [
    0.00200001,
    0.0019821
  ],
  "IKA": [
    0.00347504,
    0.00347424
  ],
  "DAO": [
    0.04046519,
    0.04058619
  ],
  "HMSTR": [
    0.00015672,
    0.00015622
  ],
  "COQ": [
    1.36365e-7,
    1.35043e-7
  ],
  "TAI": [
    0.01547421,
    0.01550178
  ],
  "LAT": [
    0.00131624,
    0.0013127
  ],
  "AVL": [
    0.02591084,
    0.02581984
  ],
  "FUEL": [
    0.00091082,
    0.00091137
  ],
  "NAVX": [
    0.008682,
    0.00870585
  ],
  "SOLV": [
    0.00476678,
    0.00475196
  ],
  "NKN": [
    0.00808556,
    0.00789888
  ],
  "PIXEL": [
    0.00806251,
    0.00806607
  ],
  "COS": [
    0.00114131,
    0.00113593
  ],
  "OBT": [
    0.00099666,
    0.00099626
  ],
  "RSS3": [
    0.00552803,
    0.00550162
  ],
  "FHE": [
    0.01821884,
    0.01828274
  ],
  "DMC": [
    0.00069143,
    0.00068413
  ],
  "FWOG": [
    0.00455249,
    0.00455593
  ],
  "ROAM": [
    0.01261766,
    0.01241586
  ],
  "DENT": [
    0.00003923,
    0.00004118
  ],
  "LYXE": [
    0.249772,
    0.249772
  ],
  "OAS": [
    0.00049422,
    0.00049149
  ],
  "GEAR": [
    0.00031669,
    0.00032422
  ],
  "FORTH": [
    0.245884,
    0.24283
  ],
  "HOOK": [
    0.00797265,
    0.00803454
  ],
  "RDNT": [
    0.00176916,
    0.0017735
  ],
  "SAMO": [
    0.00035958,
    0.00035898
  ],
  "CUDIS": [
    0.00777343,
    0.00780396
  ],
  "PERP": [
    0.02536762,
    0.02549258
  ],
  "EPT": [
    0.00069676,
    0.00070669
  ],
  "PTB": [
    0.00077821,
    0.00077527
  ],
  "FIS": [
    0.01075742,
    0.0102884
  ],
  "HIPPO": [
    0.00016238,
    0.00015873
  ],
  "FLM": [
    0.00261196,
    0.00260372
  ],
  "GORK": [
    0.00135429,
    0.00136774
  ],
  "SAROS": [
    0.0004574,
    0.00045648
  ],
  "DATA": [
    0.00070244,
    0.00070356
  ],
  "INSP": [
    0.00098884,
    0.00101101
  ],
  "ACA": [
    0.00061022,
    0.00061293
  ],
  "FOXY": [
    0.00011495,
    0.00011494
  ],
  "RFC": [
    0.00061275,
    0.00061215
  ],
  "A2Z": [
    0.00006899,
    0.00006917
  ],
  "DUCK": [
    0.00006978,
    0.00006905
  ],
  "SWTCH": [
    0.00280643,
    0.00286259
  ],
  "LOOKS": [
    0.00038056,
    0.00039384
  ],
  "MOONPIG": [
    0.0002638,
    0.00026383
  ],
  "BDXN": [
    0.00158984,
    0.00156812
  ],
  "ROOT": [
    0.00006036,
    0.00006256
  ],
  "CHILLGUY": [
    0.00010164,
    0.00010117
  ],
  "CHESS": [
    0.00019751,
    0.00019612
  ],
  "APU": [
    0.00003823,
    0.00003831
  ],
  "HOLO": [
    0.00001191,
    0.00001191
  ],
  "GMMT": [
    0.00243388,
    0.00244179
  ],
  "RATS": [
    0.0000386,
    0.00003866
  ],
  "ADB": [
    null,
    null
  ]
}