{
  "PUMP": [
    0.00176733,
    0.00174476
  ],
  "STABLE": [
    0.03533551,
    0.03571243
  ],
  "SIREN": [
    0.69703,
    0.702426
  ],
  "AERO": [
    0.465357,
    0.465419
  ],
  "MON": [
    0.02944389,
    0.02891992
  ],
  "JASMY": [
    0.00594255,
    0.00589789
  ],
  "LIT": [
    0.839336,
    0.837219
  ],
  "SKYAI": [
    0.156827,
    0.15788
  ],
  "CVX": [
    1.72,
    1.72
  ],
  "BAT": [
    0.101105,
    0.100755
  ],
  "CHEEMS": [
    6.07195e-7,
    6.16771e-7
  ],
  "ATH": [
    0.00585019,
    0.00581571
  ],
  "COW": [
    0.186663,
    0.185584
  ],
  "BANANAS31": [
    0.00926567,
    0.00926089
  ],
  "BEAT": [
    0.549802,
    0.556502
  ],
  "SAHARA": [
    0.02267562,
    0.02258956
  ],
  "BAN": [
    0.073651,
    0.073212
  ],
  "CKB": [
    0.00150102,
    0.00149156
  ],
  "ARC": [
    0.073609,
    0.072692
  ],
  "ONT": [
    0.070432,
    0.070516
  ],
  "TAG": [
    0.00064757,
    0.00064273
  ],
  "NPC": [
    0.00810199,
    0.00805246
  ],
  "POLYX": [
    0.04894213,
    0.04881493
  ],
  "MYX": [
    0.271902,
    0.268395
  ],
  "CSPR": [
    0.00289702,
    0.00290538
  ],
  "MERL": [
    0.03751215,
    0.03701072
  ],
  "IOTX": [
    0.00466314,
    0.00465364
  ],
  "NOT": [
    0.00039771,
    0.00039601
  ],
  "HUMA": [
    0.02157453,
    0.02177064
  ],
  "MAGMA": [
    0.187895,
    0.192597
  ],
  "NEIRO": [
    0.00008735,
    0.00008663
  ],
  "SNEK": [
    0.00046627,
    0.00046423
  ],
  "REZ": [
    0.00405737,
    0.00407955
  ],
  "ISLM": [
    0.01186195,
    0.01196834
  ],
  "DEP": [
    0.00104668,
    0.00108731
  ],
  "SPELL": [
    0.00017623,
    0.00017231
  ],
  "SATS": [
    1.42e-8,
    1.3939e-8
  ],
  "GUN": [
    0.01430554,
    0.01612419
  ],
  "SLP": [
    0.00071518,
    0.0007104
  ],
  "ALLO": [
    0.111498,
    0.111423
  ],
  "CPOOL": [
    0.02462785,
    0.02451623
  ],
  "DEGEN": [
    0.0006687,
    0.00065872
  ],
  "SWARMS": [
    0.02166813,
    0.02438252
  ],
  "NYM": [
    0.02706705,
    0.02716052
  ],
  "CORN": [
    0.04046287,
    0.04048036
  ],
  "LRC": [
    0.01670187,
    0.01668153
  ],
  "AURORA": [
    0.02672886,
    0.02655178
  ],
  "NIL": [
    0.03958252,
    0.03923227
  ],
  "INIT": [
    0.089948,
    0.089198
  ],
  "NEWT": [
    0.077867,
    0.077602
  ],
  "AIN": [
    0.08751,
    0.089603
  ],
  "L3": [
    0.01120105,
    0.01143944
  ],
  "GRIFFAIN": [
    0.01669862,
    0.0164941
  ],
  "BOB": [
    0.00576535,
    0.00563388
  ],
  "BANK": [
    0.03425145,
    0.03345875
  ],
  "SONIC": [
    0.03899603,
    0.03859324
  ],
  "DSYNC": [
    0.01343578,
    0.01339808
  ],
  "MUBARAK": [
    0.0131238,
    0.01309925
  ],
  "TLM": [
    0.00183391,
    0.00182271
  ],
  "RESOLV": [
    0.03014645,
    0.03057835
  ],
  "HONEY": [
    0.00205873,
    0.00198674
  ],
  "PAAL": [
    0.01230602,
    0.01240941
  ],
  "IKA": [
    0.00357432,
    0.00355513
  ],
  "DAO": [
    0.04129797,
    0.04104354
  ],
  "HMSTR": [
    0.00015184,
    0.00015094
  ],
  "COQ": [
    1.36367e-7,
    1.39487e-7
  ],
  "TAI": [
    0.01648393,
    0.01648054
  ],
  "LAT": [
    0.00131632,
    0.00131616
  ],
  "AVL": [
    0.02610722,
    0.02595727
  ],
  "FUEL": [
    0.00092607,
    0.00092461
  ],
  "NAVX": [
    0.00872053,
    0.00871913
  ],
  "NKN": [
    0.00832428,
    0.00830681
  ],
  "PIXEL": [
    0.00826123,
    0.00839504
  ],
  "COS": [
    0.00117151,
    0.00116478
  ],
  "SOLV": [
    0.00400604,
    0.00397503
  ],
  "OBT": [
    0.00100884,
    0.00100686
  ],
  "RSS3": [
    0.00564517,
    0.00563666
  ],
  "ROAM": [
    0.014532,
    0.01458903
  ],
  "DMC": [
    0.00073904,
    0.00072633
  ],
  "FWOG": [
    0.00456066,
    0.0045562
  ],
  "FHE": [
    0.01779772,
    0.01778638
  ],
  "DENT": [
    0.00004016,
    0.00004319
  ],
  "LYXE": [
    0.248673,
    0.247687
  ],
  "OAS": [
    0.00054831,
    0.00052877
  ],
  "FORTH": [
    0.243851,
    0.24318
  ],
  "RDNT": [
    0.00181404,
    0.00183178
  ],
  "HOOK": [
    0.00819243,
    0.00817546
  ],
  "GEAR": [
    0.00022371,
    0.0002223
  ],
  "SAMO": [
    0.00037201,
    0.00037201
  ],
  "CUDIS": [
    0.00776357,
    0.00774799
  ],
  "PERP": [
    0.02583276,
    0.02571813
  ],
  "EPT": [
    0.00071576,
    0.00071441
  ],
  "PTB": [
    0.00079375,
    0.00079321
  ],
  "FIS": [
    0.01054657,
    0.0105582
  ],
  "HIPPO": [
    0.00015821,
    0.00016008
  ],
  "FLM": [
    0.002626,
    0.00258215
  ],
  "GORK": [
    0.0014247,
    0.00127432
  ],
  "SAROS": [
    0.00047374,
    0.00047732
  ],
  "DATA": [
    0.00070864,
    0.00070466
  ],
  "INSP": [
    0.00098664,
    0.00100173
  ],
  "ACA": [
    0.00066096,
    0.00066086
  ],
  "FOXY": [
    0.00011582,
    0.00011493
  ],
  "A2Z": [
    0.0000727,
    0.00007239
  ],
  "RFC": [
    0.00059245,
    0.00059203
  ],
  "DUCK": [
    0.00006924,
    0.00006956
  ],
  "SWTCH": [
    0.00306331,
    0.0031343
  ],
  "LOOKS": [
    0.00035991,
    0.00036992
  ],
  "BDXN": [
    0.00159045,
    0.00161094
  ],
  "MOONPIG": [
    0.00026887,
    0.00025899
  ],
  "ROOT": [
    0.00006241,
    0.00006432
  ],
  "CHILLGUY": [
    0.00011178,
    0.00011131
  ],
  "APU": [
    0.00004445,
    0.00004143
  ],
  "CHESS": [
    0.0001695,
    0.0001695
  ],
  "HOLO": [
    0.00001191,
    0.00001191
  ],
  "GMMT": [
    0.00247781,
    0.00247618
  ],
  "RATS": [
    0.00003893,
    0.00003867
  ],
  "ADB": [
    null,
    null
  ]
}