{
  "PUMP": [
    0.00186984,
    0.00188829
  ],
  "SIREN": [
    0.764563,
    0.801414
  ],
  "STABLE": [
    0.02598364,
    0.02614492
  ],
  "MON": [
    0.0332892,
    0.03248053
  ],
  "AERO": [
    0.405836,
    0.404147
  ],
  "JASMY": [
    0.00561633,
    0.00562188
  ],
  "LIT": [
    1.027,
    1.013
  ],
  "SKYAI": [
    0.18486,
    0.185368
  ],
  "CVX": [
    1.83,
    1.83
  ],
  "BAT": [
    0.100654,
    0.100798
  ],
  "ATH": [
    0.00596675,
    0.00595929
  ],
  "CHEEMS": [
    5.51637e-7,
    5.47778e-7
  ],
  "COW": [
    0.189956,
    0.189908
  ],
  "BANANAS31": [
    0.00952709,
    0.00961456
  ],
  "ONT": [
    0.081437,
    0.079989
  ],
  "TAG": [
    0.00073383,
    0.00072152
  ],
  "CKB": [
    0.00159849,
    0.00161638
  ],
  "BAN": [
    0.070167,
    0.070794
  ],
  "SAHARA": [
    0.02211754,
    0.02220533
  ],
  "BEAT": [
    0.507263,
    0.500369
  ],
  "ARC": [
    0.069633,
    0.069424
  ],
  "POLYX": [
    0.051199,
    0.051411
  ],
  "NPC": [
    0.00775718,
    0.0076566
  ],
  "MYX": [
    0.249257,
    0.250659
  ],
  "CSPR": [
    0.00298884,
    0.00298238
  ],
  "IOTX": [
    0.00479914,
    0.00477228
  ],
  "MERL": [
    0.0333837,
    0.03488515
  ],
  "NOT": [
    0.00039333,
    0.0003944
  ],
  "MAGMA": [
    0.191952,
    0.203838
  ],
  "NEIRO": [
    0.00008367,
    0.00008859
  ],
  "SNEK": [
    0.0004799,
    0.00048097
  ],
  "HUMA": [
    0.01926951,
    0.01929508
  ],
  "SATS": [
    1.5224e-8,
    1.5314e-8
  ],
  "ISLM": [
    0.01244431,
    0.01239247
  ],
  "REZ": [
    0.00379825,
    0.00382486
  ],
  "DEP": [
    0.0011157,
    0.00111308
  ],
  "SPELL": [
    0.00016674,
    0.00016868
  ],
  "DEGEN": [
    0.000766,
    0.00076498
  ],
  "NYM": [
    0.03296339,
    0.03393761
  ],
  "GUN": [
    0.0146249,
    0.01471309
  ],
  "CPOOL": [
    0.02516571,
    0.02506012
  ],
  "ALLO": [
    0.10746,
    0.1074
  ],
  "SLP": [
    0.00065297,
    0.00065639
  ],
  "CORN": [
    0.04123201,
    0.04127262
  ],
  "LRC": [
    0.01692261,
    0.01703765
  ],
  "BOB": [
    0.00712329,
    0.0070942
  ],
  "AURORA": [
    0.02755477,
    0.02762012
  ],
  "INIT": [
    0.094694,
    0.094515
  ],
  "GRIFFAIN": [
    0.01723491,
    0.01706845
  ],
  "NIL": [
    0.03791417,
    0.03839509
  ],
  "SWARMS": [
    0.01638648,
    0.01623312
  ],
  "NEWT": [
    0.075276,
    0.075288
  ],
  "DSYNC": [
    0.01545948,
    0.01537775
  ],
  "L3": [
    0.01059748,
    0.01052276
  ],
  "BANK": [
    0.03432712,
    0.03397738
  ],
  "MUBARAK": [
    0.01396229,
    0.01427023
  ],
  "SONIC": [
    0.03648601,
    0.03695461
  ],
  "RESOLV": [
    0.03275828,
    0.03301431
  ],
  "AIN": [
    0.066044,
    0.066439
  ],
  "TLM": [
    0.00183065,
    0.00184472
  ],
  "PAAL": [
    0.01340607,
    0.01343132
  ],
  "DAO": [
    0.0474854,
    0.04731609
  ],
  "HONEY": [
    0.00188798,
    0.00188314
  ],
  "IKA": [
    0.00351938,
    0.00349695
  ],
  "HMSTR": [
    0.00015306,
    0.00015544
  ],
  "TAI": [
    0.01628311,
    0.0163177
  ],
  "COQ": [
    1.35265e-7,
    1.34477e-7
  ],
  "LAT": [
    0.00132153,
    0.00132096
  ],
  "DENT": [
    0.00009277,
    0.00009452
  ],
  "AVL": [
    0.0275906,
    0.02737103
  ],
  "NAVX": [
    0.00926824,
    0.00942728
  ],
  "FUEL": [
    0.0009447,
    0.00094355
  ],
  "NKN": [
    0.00824374,
    0.00832821
  ],
  "PIXEL": [
    0.00811457,
    0.00796845
  ],
  "COS": [
    0.00116654,
    0.00117652
  ],
  "SOLV": [
    0.00393187,
    0.00402348
  ],
  "OBT": [
    0.00106853,
    0.00106354
  ],
  "ROAM": [
    0.01640254,
    0.01688953
  ],
  "RSS3": [
    0.0062463,
    0.00620262
  ],
  "FWOG": [
    0.00500676,
    0.00500687
  ],
  "FHE": [
    0.01961233,
    0.01929373
  ],
  "DMC": [
    0.00070726,
    0.00071305
  ],
  "LYXE": [
    0.242227,
    0.242227
  ],
  "OAS": [
    0.00056745,
    0.00051721
  ],
  "GEAR": [
    0.00030946,
    0.00029897
  ],
  "HOOK": [
    0.00947971,
    0.00973034
  ],
  "FORTH": [
    0.256584,
    0.258368
  ],
  "RDNT": [
    0.00207314,
    0.00207392
  ],
  "SAMO": [
    0.00041808,
    0.00041799
  ],
  "SAROS": [
    0.00083326,
    0.00083238
  ],
  "PTB": [
    0.00103278,
    0.00105048
  ],
  "CUDIS": [
    0.00805771,
    0.00816009
  ],
  "PERP": [
    0.02595238,
    0.02603821
  ],
  "GORK": [
    0.00148184,
    0.00182454
  ],
  "EPT": [
    0.0007569,
    0.00075636
  ],
  "FLM": [
    0.00299514,
    0.00299399
  ],
  "FIS": [
    0.01070356,
    0.0107781
  ],
  "HIPPO": [
    0.00016108,
    0.00016228
  ],
  "DATA": [
    0.00096517,
    0.00096685
  ],
  "INSP": [
    0.00104154,
    0.00102946
  ],
  "ACA": [
    0.00068578,
    0.00070178
  ],
  "FOXY": [
    0.00012602,
    0.00012683
  ],
  "A2Z": [
    0.00008394,
    0.00008409
  ],
  "DUCK": [
    0.00006994,
    0.00007326
  ],
  "SWTCH": [
    0.00342133,
    0.00339798
  ],
  "RFC": [
    0.00053945,
    0.00053858
  ],
  "LOOKS": [
    0.00041555,
    0.00042141
  ],
  "MOONPIG": [
    0.00031482,
    0.00031222
  ],
  "BDXN": [
    0.00181883,
    0.00182198
  ],
  "ROOT": [
    0.00005831,
    0.00005881
  ],
  "CHILLGUY": [
    0.00008138,
    0.00008152
  ],
  "APU": [
    0.00003533,
    0.00003546
  ],
  "CHESS": [
    0.0001669,
    0.00016947
  ],
  "HOLO": [
    0.00001273,
    0.00001273
  ],
  "GMMT": [
    0.00270392,
    0.002211
  ],
  "RATS": [
    0.00003594,
    0.00003548
  ],
  "ADB": [
    null,
    null
  ]
}