{
  "PC0000085": [
    1,
    1
  ],
  "STLS": [
    0.00261996,
    0.00261996
  ],
  "HYGT": [
    0.00022363,
    0.00022363
  ],
  "NOTE": [
    0.063
  ],
  "HODL": [
    0.00048954,
    0.00048773
  ],
  "SPADE": [
    0.0053914,
    0.00539136
  ],
  "WORK": [
    0.00008139,
    0.00008139
  ],
  "THE": [
    0.00008631,
    0.00008631
  ],
  "BLUE": [
    0.00003188,
    0.00003164
  ],
  "NMC": [
    0.92744,
    0.925264
  ],
  "STT": [
    0.053638,
    0.052982
  ],
  "TIMMI": [
    0.00001164,
    0.00001172
  ],
  "CBTM": [
    0.00000361,
    0.00000363
  ],
  "ARTL": [
    0.00850008,
    0.00850008
  ],
  "LLAMA": [
    0.00690399,
    0.00684478
  ],
  "DUST": [
    0.328957
  ],
  "BULL": [
    4.76413e-10,
    4.76413e-10
  ],
  "KINGY": [
    0.02556961,
    0.02565071
  ],
  "PENGU": [
    0.00006889,
    0.00006889
  ],
  "VOY": [
    0.00001782,
    0.00001774
  ],
  "LICK": [
    0.00000402,
    0.00000402
  ],
  "BTCPAY": [
    0.00302353,
    0.00303136
  ],
  "BLERF": [
    0.00000149,
    0.00000149
  ],
  "MAAL": [
    0.161604,
    0.16165
  ],
  "BAC": [
    0.00234851,
    0.00234718
  ],
  "ABBC": [
    0.00527981,
    0.00553506
  ],
  "MORK": [
    0.00010703,
    0.00010703
  ],
  "DEFAI": [
    0.00001393,
    0.00001393
  ],
  "$SWING": [
    0.00010196,
    0.00010182
  ],
  "CKC": [
    0.00012047,
    0.00012081
  ],
  "TXT": [
    0.00049598,
    0.00049598
  ],
  "UTX": [
    0.00044417
  ],
  "CSTAR": [
    0.00000304,
    0.00000303
  ],
  "DUBI": [
    0.050147,
    0.050142
  ],
  "CAT": [
    8.5838e-11,
    8.5838e-11
  ],
  "SGT": [
    0.096062,
    0.096653
  ],
  "FLEX": [
    0.00089001,
    0.00087234
  ],
  "LRST": [
    0.0000712,
    0.00007061
  ],
  "LOBO": [
    0.00001813,
    0.00001813
  ],
  "DRGX": [
    0.02444892,
    0.02269857
  ],
  "CRAB": [
    0.00108544,
    0.00108544
  ],
  "YND": [
    0.0007678,
    0.0007654
  ],
  "LIGO": [
    2.20768e-7,
    2.49263e-7
  ],
  "KLIMA": [
    0.04293952,
    0.04279439
  ],
  "PIG": [
    1.3987e-8,
    1.3966e-8
  ],
  "GARY": [
    0.02105715,
    0.02120956
  ],
  "PC0000081": [
    1,
    1
  ],
  "CBE": [
    5.3675e-8,
    5.3675e-8
  ],
  "GRAPE": [
    0.00006198,
    0.00006198
  ],
  "SDG": [
    0.00072989,
    0.00072978
  ],
  "ZET": [
    0.00142321,
    0.00142321
  ],
  "TOWELI": [
    0.0000441,
    0.0000441
  ],
  "FERRET": [
    0.00001837,
    0.00001837
  ],
  "BRLY": [
    0.00001308,
    0.00001308
  ],
  "SOLC": [
    0.0167448,
    0.01677665
  ],
  "GEM": [
    0.00058884,
    0.00058884
  ],
  "KNET": [
    0.00024143,
    0.00024286
  ],
  "USEU": [
    0.92637,
    0.92637
  ],
  "BEANS": [
    0.00252504,
    0.00255112
  ],
  "YFX": [
    0.00432117,
    0.00432117
  ],
  "CARAT": [
    0.237831,
    0.237831
  ],
  "NUTS": [
    0.00352952,
    0.00352952
  ],
  "$MEMEME": [
    0.00000106,
    0.00000106
  ],
  "SPY.D": [
    6.7882e-10,
    6.7882e-10
  ],
  "SOFTWARE.AI": [
    0.281775
  ],
  "IDLEDAISAFE": [
    1.23,
    1.23
  ],
  "RIZZ": [
    2.6175e-11,
    2.6175e-11
  ],
  "REWARD": [
    0.00018752,
    0.00018752
  ],
  "ZENIQ": [
    0.00489885,
    0.00489829
  ],
  "ACP": [
    0.00027304,
    0.000275
  ],
  "ASTROS": [
    0.01124512,
    0.01124512
  ],
  "FAH": [
    1.36,
    1.35
  ],
  "BTC20": [
    0.00748492,
    0.00748492
  ],
  "YVSNX": [
    0.341675
  ],
  "BTAF": [
    0.02755153,
    0.02751037
  ],
  "FNZ": [
    0.0000194,
    0.0000194
  ],
  "LCAI": [
    0.00327963,
    0.00333692
  ],
  "ZIOW": [
    0.583744,
    0.552918
  ],
  "ROLL": [
    0.00004723,
    0.00004723
  ],
  "AI": [
    0.00000814,
    0.00000814
  ],
  "WWEMIX": [
    0.268602
  ],
  "LEE": [
    0.977687,
    0.976536
  ],
  "CRAZYTIGER": [
    0,
    0
  ],
  "SHAN": [
    0.00011831,
    0.00011853
  ],
  "NGMI": [
    0.00000497
  ],
  "AMERICA": [
    0.00002291
  ],
  "DUCKER": [
    2.8826e-7,
    2.8826e-7
  ],
  "DSC": [
    0.00191728,
    0.0019239
  ],
  "YVHEGIC": [
    0.01478904
  ],
  "OSHI": [
    0.0305368,
    0.030527
  ],
  "VIBE": [
    0.00006938
  ],
  "ACM": [
    0.01290972
  ],
  "HBT": [
    9.5183e-8,
    9.6003e-8
  ],
  "DRC": [
    0.28964,
    0.289798
  ],
  "PINGU": [
    2.1443e-11
  ],
  "GPU": [
    0.069311
  ],
  "RFRM": [
    0.00223664
  ],
  "$FORGE": [
    0.01617529,
    0.01634058
  ],
  "KLTR": [
    0.0146774,
    0.01462825
  ],
  "MECO": [
    0.00001889,
    0.00001889
  ],
  "BOOK": [
    0.00000344
  ],
  "STOIC": [
    0.00001522
  ],
  "BLY": [
    0.00069843
  ],
  "OFE": [
    0.00049999
  ],
  "OFF": [
    0.00588987
  ],
  "HANEP": [
    0.01818614
  ],
  "CBG": [
    0.00059264
  ],
  "VYFI": [
    0.00959553,
    0.00959553
  ],
  "HADES": [
    0.00336679
  ],
  "OXL": [
    0.00024021
  ],
  "DZHV": [
    0.00051307
  ],
  "HTD": [
    0.00195616
  ],
  "LION": [
    0.01572622
  ],
  "BEEP": [
    9.89366e-10
  ],
  "PHI": [
    0.00229411
  ],
  "$TIVA": [
    0.090639,
    0.090627
  ],
  "FTON": [
    0.00003187
  ],
  "GUARD": [
    0.01823357
  ],
  "MGPT": [
    0.00002352
  ],
  "DMCC": [
    0.0019992
  ],
  "$PM": [
    0.00082476
  ],
  "CBDC": [
    2.67149e-7
  ],
  "ZERO": [
    0.050651
  ],
  "CORX": [
    0.00896286
  ]
}