{
  "SIREN": [
    1.71,
    1.71
  ],
  "PUMP": [
    0.00170459,
    0.00170767
  ],
  "STABLE": [
    0.02446188,
    0.02437492
  ],
  "AERO": [
    0.319962,
    0.320044
  ],
  "JASMY": [
    0.0052702,
    0.00526986
  ],
  "MON": [
    0.02244512,
    0.02228112
  ],
  "LIT": [
    0.845696,
    0.841868
  ],
  "CVX": [
    1.6,
    1.61
  ],
  "BAT": [
    0.091543,
    0.091633
  ],
  "BANANAS31": [
    0.01296578,
    0.01296773
  ],
  "ATH": [
    0.00685905,
    0.00687231
  ],
  "COW": [
    0.196652,
    0.197343
  ],
  "CHEEMS": [
    4.13349e-7,
    4.12318e-7
  ],
  "SAHARA": [
    0.02460694,
    0.02475263
  ],
  "BEAT": [
    0.477487,
    0.491445
  ],
  "CKB": [
    0.00134703,
    0.00134631
  ],
  "TAG": [
    0.00057801,
    0.00057621
  ],
  "SKYAI": [
    0.059446,
    0.060595
  ],
  "BAN": [
    0.057289,
    0.057574
  ],
  "NPC": [
    0.00714456,
    0.0071377
  ],
  "POLYX": [
    0.0444739,
    0.04491561
  ],
  "ONT": [
    0.058581,
    0.058816
  ],
  "CSPR": [
    0.00330478,
    0.00333575
  ],
  "ARC": [
    0.050103,
    0.04907778
  ],
  "MYX": [
    0.238079,
    0.239896
  ],
  "IOTX": [
    0.00472675,
    0.00471233
  ],
  "NOT": [
    0.00034152,
    0.00033989
  ],
  "DEP": [
    0.00116309,
    0.00116303
  ],
  "ISLM": [
    0.01226505,
    0.01224445
  ],
  "SNEK": [
    0.00040872,
    0.0004085
  ],
  "MERL": [
    0.02399832,
    0.0239063
  ],
  "SPELL": [
    0.00016044,
    0.00016113
  ],
  "LRC": [
    0.02182254,
    0.02172098
  ],
  "NYM": [
    0.03246073,
    0.03246226
  ],
  "GUN": [
    0.01626191,
    0.01616758
  ],
  "REZ": [
    0.00336795,
    0.00337755
  ],
  "HUMA": [
    0.01480797,
    0.01478219
  ],
  "DEGEN": [
    0.00066663,
    0.00066959
  ],
  "CORN": [
    0.04602074,
    0.04611574
  ],
  "MAGMA": [
    0.123234,
    0.122479
  ],
  "NEIRO": [
    0.00005445,
    0.00005435
  ],
  "ALLO": [
    0.103729,
    0.103789
  ],
  "SATS": [
    1.0225e-8,
    1.0258e-8
  ],
  "CPOOL": [
    0.02178952,
    0.02178767
  ],
  "SLP": [
    0.00056342,
    0.00056339
  ],
  "AURORA": [
    0.02728779,
    0.02725583
  ],
  "BANK": [
    0.04254108,
    0.04217436
  ],
  "DENT": [
    0.00018463,
    0.00018635
  ],
  "DSYNC": [
    0.01612762,
    0.01618786
  ],
  "BOB": [
    0.0054955,
    0.00550601
  ],
  "NEWT": [
    0.06988,
    0.069644
  ],
  "RESOLV": [
    0.0381304,
    0.03802368
  ],
  "INIT": [
    0.077761,
    0.077805
  ],
  "SONIC": [
    0.03844082,
    0.03875913
  ],
  "NIL": [
    0.03138468,
    0.0317904
  ],
  "L3": [
    0.00985108,
    0.00991674
  ],
  "DAO": [
    0.053228,
    0.053877
  ],
  "ROAM": [
    0.03822027,
    0.03861286
  ],
  "PAAL": [
    0.01441422,
    0.01432065
  ],
  "HONEY": [
    0.00204641,
    0.00204763
  ],
  "GRIFFAIN": [
    0.01138535,
    0.01131127
  ],
  "MUBARAK": [
    0.01118902,
    0.01111957
  ],
  "AIN": [
    0.059693,
    0.059196
  ],
  "NKN": [
    0.01097428,
    0.0134097
  ],
  "TLM": [
    0.00160061,
    0.00160949
  ],
  "TAI": [
    0.01729834,
    0.01704238
  ],
  "IKA": [
    0.00325123,
    0.0032391
  ],
  "SWARMS": [
    0.0092003,
    0.00921719
  ],
  "LAT": [
    0.00129974,
    0.00130476
  ],
  "HMSTR": [
    0.00013088,
    0.00013175
  ],
  "DUCK": [
    0.00110278,
    0.00109875
  ],
  "FUEL": [
    0.0010176,
    0.00101701
  ],
  "COS": [
    0.00148774,
    0.00148172
  ],
  "NAVX": [
    0.00843636,
    0.00846315
  ],
  "AVL": [
    0.02469892,
    0.02499728
  ],
  "COQ": [
    9.5544e-8,
    9.465e-8
  ],
  "PIXEL": [
    0.00769538,
    0.00792399
  ],
  "RDNT": [
    0.00431919,
    0.00438034
  ],
  "OBT": [
    0.00101367,
    0.00102475
  ],
  "DMC": [
    0.00094052,
    0.00087587
  ],
  "HIPPO": [
    0.00051559,
    0.00051498
  ],
  "RSS3": [
    0.00562203,
    0.00559981
  ],
  "FWOG": [
    0.00473564,
    0.00473357
  ],
  "SOLV": [
    0.00304634,
    0.00306345
  ],
  "LYXE": [
    0.284578,
    0.285645
  ],
  "FHE": [
    0.01705106,
    0.0170187
  ],
  "FORTH": [
    0.371717,
    0.367596
  ],
  "GEAR": [
    0.0002999,
    0.00030295
  ],
  "HOOK": [
    0.0090583,
    0.00899505
  ],
  "OAS": [
    0.00036345,
    0.00035559
  ],
  "SAMO": [
    0.00039987,
    0.00040044
  ],
  "PTB": [
    0.00104041,
    0.00107271
  ],
  "FIS": [
    0.01402969,
    0.01405614
  ],
  "PERP": [
    0.03036012,
    0.02995518
  ],
  "CUDIS": [
    0.0078425,
    0.00787892
  ],
  "A2Z": [
    0.00022478,
    0.00022486
  ],
  "EPT": [
    0.00071994,
    0.00072152
  ],
  "GORK": [
    0.00152841,
    0.00152922
  ],
  "FLM": [
    0.00267586,
    0.00265913
  ],
  "SAROS": [
    0.00052024,
    0.00051936
  ],
  "DATA": [
    0.00099906,
    0.00100569
  ],
  "INSP": [
    0.00126796,
    0.00126791
  ],
  "ACA": [
    0.00081557,
    0.00080936
  ],
  "SWTCH": [
    0.00577035,
    0.00561823
  ],
  "FOXY": [
    0.00012494,
    0.0001256
  ],
  "RFC": [
    0.00062891,
    0.00063285
  ],
  "LOOKS": [
    0.00040029,
    0.00040316
  ],
  "BDXN": [
    0.00245926,
    0.00244754
  ],
  "MOONPIG": [
    0.00031128,
    0.00031354
  ],
  "CHESS": [
    0.00145972,
    0.00145154
  ],
  "ROOT": [
    0.0000699,
    0.00006794
  ],
  "CHILLGUY": [
    0.00006247,
    0.00006247
  ],
  "APU": [
    0.00003091,
    0.00003098
  ],
  "HOLO": [
    0.00001278,
    0.00001278
  ],
  "GMMT": [
    0.00338304,
    0.00337775
  ],
  "RATS": [
    0.00004512,
    0.00004513
  ],
  "ADB": [
    null,
    null
  ]
}