{
  "PUMP": [
    0.0018363,
    0.0018359
  ],
  "STABLE": [
    0.02556522,
    0.02554724
  ],
  "SIREN": [
    0.70186,
    0.713903
  ],
  "MON": [
    0.03250163,
    0.03207961
  ],
  "AERO": [
    0.389946,
    0.385621
  ],
  "JASMY": [
    0.005753,
    0.00573717
  ],
  "LIT": [
    0.910002,
    0.89988
  ],
  "BAT": [
    0.106775,
    0.109588
  ],
  "CVX": [
    1.82,
    1.81
  ],
  "SKYAI": [
    0.160417,
    0.160445
  ],
  "ATH": [
    0.00592059,
    0.00592639
  ],
  "CHEEMS": [
    5.31443e-7,
    5.34947e-7
  ],
  "COW": [
    0.18437,
    0.184588
  ],
  "BANANAS31": [
    0.00983627,
    0.00964911
  ],
  "ONT": [
    0.075562,
    0.07551
  ],
  "CKB": [
    0.00152343,
    0.00152154
  ],
  "TAG": [
    0.000652,
    0.00064304
  ],
  "SAHARA": [
    0.02144174,
    0.0216161
  ],
  "NPC": [
    0.0081881,
    0.00842389
  ],
  "BAN": [
    0.06769,
    0.067343
  ],
  "ARC": [
    0.068355,
    0.067199
  ],
  "POLYX": [
    0.051241,
    0.051451
  ],
  "BEAT": [
    0.464616,
    0.456113
  ],
  "CSPR": [
    0.00292851,
    0.00296884
  ],
  "MERL": [
    0.03837771,
    0.03788245
  ],
  "MYX": [
    0.234224,
    0.237007
  ],
  "IOTX": [
    0.00476756,
    0.00475639
  ],
  "GUN": [
    0.02847503,
    0.02568518
  ],
  "NOT": [
    0.00039392,
    0.00039616
  ],
  "SNEK": [
    0.00048857,
    0.00048878
  ],
  "NEIRO": [
    0.00008557,
    0.00008547
  ],
  "HUMA": [
    0.01977606,
    0.01961375
  ],
  "SATS": [
    1.4872e-8,
    1.5057e-8
  ],
  "ISLM": [
    0.01234213,
    0.01218973
  ],
  "REZ": [
    0.00376241,
    0.00380765
  ],
  "DEP": [
    0.00111357,
    0.00111254
  ],
  "MAGMA": [
    0.156672,
    0.155457
  ],
  "SPELL": [
    0.00016523,
    0.00016706
  ],
  "NYM": [
    0.03349775,
    0.03296169
  ],
  "DEGEN": [
    0.00073758,
    0.00073455
  ],
  "CPOOL": [
    0.02760445,
    0.02757085
  ],
  "ALLO": [
    0.111525,
    0.11306
  ],
  "SLP": [
    0.00067565,
    0.00066874
  ],
  "CORN": [
    0.04116025,
    0.04119124
  ],
  "LRC": [
    0.01716577,
    0.01722266
  ],
  "SWARMS": [
    0.0199989,
    0.02052291
  ],
  "BOB": [
    0.00692668,
    0.00698387
  ],
  "AURORA": [
    0.02812621,
    0.02814107
  ],
  "GRIFFAIN": [
    0.01847398,
    0.01846531
  ],
  "INIT": [
    0.094321,
    0.096042
  ],
  "NIL": [
    0.03888119,
    0.0395116
  ],
  "NEWT": [
    0.076845,
    0.076391
  ],
  "L3": [
    0.01074981,
    0.01073355
  ],
  "DSYNC": [
    0.01531471,
    0.01516752
  ],
  "BANK": [
    0.03466157,
    0.03463457
  ],
  "MUBARAK": [
    0.01362409,
    0.01395131
  ],
  "SONIC": [
    0.03630416,
    0.03625174
  ],
  "RESOLV": [
    0.03253285,
    0.03248695
  ],
  "PAAL": [
    0.013513,
    0.01360548
  ],
  "TLM": [
    0.0018175,
    0.00181599
  ],
  "DAO": [
    0.04577717,
    0.04576414
  ],
  "HONEY": [
    0.00197092,
    0.00197833
  ],
  "IKA": [
    0.00344034,
    0.00370983
  ],
  "AIN": [
    0.055514,
    0.055113
  ],
  "HMSTR": [
    0.00015492,
    0.0001559
  ],
  "TAI": [
    0.01686533,
    0.01688827
  ],
  "COQ": [
    1.29285e-7,
    1.31377e-7
  ],
  "LAT": [
    0.00133671,
    0.00133894
  ],
  "AVL": [
    0.02596845,
    0.02605074
  ],
  "FUEL": [
    0.00094201,
    0.00094134
  ],
  "DENT": [
    0.00007267,
    0.00007479
  ],
  "NAVX": [
    0.00845412,
    0.00848756
  ],
  "NKN": [
    0.00865838,
    0.00861531
  ],
  "COS": [
    0.00118849,
    0.0011878
  ],
  "PIXEL": [
    0.00747679,
    0.00745308
  ],
  "OBT": [
    0.001032,
    0.00102406
  ],
  "ROAM": [
    0.01615637,
    0.01614215
  ],
  "SOLV": [
    0.00372866,
    0.00371973
  ],
  "RSS3": [
    0.0056685,
    0.00570791
  ],
  "FWOG": [
    0.00478396,
    0.00479342
  ],
  "FHE": [
    0.0177317,
    0.01788549
  ],
  "OAS": [
    0.00066672,
    0.00067595
  ],
  "DMC": [
    0.00069743,
    0.00069614
  ],
  "LYXE": [
    0.234743,
    0.234743
  ],
  "FORTH": [
    0.244492,
    0.246138
  ],
  "RDNT": [
    0.00196836,
    0.00196223
  ],
  "HOOK": [
    0.00837711,
    0.00846313
  ],
  "SAMO": [
    0.00040821,
    0.00039811
  ],
  "GEAR": [
    0.00020768,
    0.00021677
  ],
  "PTB": [
    0.00101211,
    0.00102421
  ],
  "CUDIS": [
    0.00787844,
    0.00797425
  ],
  "PERP": [
    0.02656524,
    0.02602419
  ],
  "SAROS": [
    0.00066615,
    0.00066084
  ],
  "EPT": [
    0.00074217,
    0.00074136
  ],
  "HIPPO": [
    0.00016887,
    0.00016945
  ],
  "FIS": [
    0.01086229,
    0.01076117
  ],
  "FLM": [
    0.00287781,
    0.00289226
  ],
  "GORK": [
    0.0015779,
    0.00156754
  ],
  "DATA": [
    0.00093901,
    0.00093571
  ],
  "INSP": [
    0.0010206,
    0.00102771
  ],
  "ACA": [
    0.00070919,
    0.00070121
  ],
  "FOXY": [
    0.00011803,
    0.00011801
  ],
  "A2Z": [
    0.0000779,
    0.00008108
  ],
  "DUCK": [
    0.00006976,
    0.0000691
  ],
  "RFC": [
    0.00055043,
    0.0005295
  ],
  "SWTCH": [
    0.00289931,
    0.00306503
  ],
  "LOOKS": [
    0.00039389,
    0.00039532
  ],
  "MOONPIG": [
    0.00030215,
    0.00030491
  ],
  "BDXN": [
    0.00182761,
    0.00182745
  ],
  "ROOT": [
    0.00005742,
    0.00005744
  ],
  "CHILLGUY": [
    0.00011538,
    0.00011474
  ],
  "APU": [
    0.0000344,
    0.00003542
  ],
  "CHESS": [
    0.00016847,
    0.00016762
  ],
  "HOLO": [
    0.00001257,
    0.00001257
  ],
  "GMMT": [
    0.00296303,
    0.00294735
  ],
  "RATS": [
    0.00003465,
    0.00003428
  ],
  "ADB": [
    null,
    null
  ]
}