{
  "STABLE": [
    0.03207374,
    0.03210083
  ],
  "PUMP": [
    0.00175839,
    0.00176451
  ],
  "SIREN": [
    0.674265,
    0.681974
  ],
  "AERO": [
    0.459964,
    0.455598
  ],
  "MON": [
    0.02657307,
    0.02689961
  ],
  "SKYAI": [
    0.318998,
    0.316722
  ],
  "JASMY": [
    0.00574838,
    0.00572932
  ],
  "LIT": [
    0.916339,
    0.904498
  ],
  "CVX": [
    1.72,
    1.73
  ],
  "BAT": [
    0.097567,
    0.097496
  ],
  "CHEEMS": [
    6.02299e-7,
    6.12159e-7
  ],
  "ATH": [
    0.00586389,
    0.0058294
  ],
  "COW": [
    0.186099,
    0.184963
  ],
  "BANANAS31": [
    0.00965784,
    0.0097326
  ],
  "BEAT": [
    0.557028,
    0.563532
  ],
  "ARC": [
    0.075744,
    0.075726
  ],
  "BAN": [
    0.074462,
    0.074091
  ],
  "SAHARA": [
    0.02230473,
    0.02244032
  ],
  "CKB": [
    0.00148461,
    0.00148441
  ],
  "ONT": [
    0.071616,
    0.071789
  ],
  "TAG": [
    0.00056358,
    0.00058994
  ],
  "NPC": [
    0.00786675,
    0.00788294
  ],
  "POLYX": [
    0.04757629,
    0.04743765
  ],
  "MYX": [
    0.259072,
    0.256132
  ],
  "CSPR": [
    0.0028929,
    0.00289378
  ],
  "IOTX": [
    0.00457902,
    0.00457509
  ],
  "MERL": [
    0.033637,
    0.03307118
  ],
  "ISLM": [
    0.01150124,
    0.01150054
  ],
  "MAGMA": [
    0.209609,
    0.210008
  ],
  "NOT": [
    0.00038838,
    0.00039248
  ],
  "NEIRO": [
    0.00009011,
    0.00008869
  ],
  "HUMA": [
    0.02155872,
    0.02136953
  ],
  "REZ": [
    0.00418487,
    0.00419457
  ],
  "SNEK": [
    0.0004613,
    0.00045943
  ],
  "DEP": [
    0.00103115,
    0.00106664
  ],
  "SATS": [
    1.3798e-8,
    1.3717e-8
  ],
  "SPELL": [
    0.00016688,
    0.00016612
  ],
  "SWARMS": [
    0.02640086,
    0.02644041
  ],
  "CPOOL": [
    0.02567637,
    0.02580962
  ],
  "GUN": [
    0.01440483,
    0.01457563
  ],
  "ALLO": [
    0.108334,
    0.112394
  ],
  "SLP": [
    0.00069716,
    0.00069172
  ],
  "DEGEN": [
    0.00066504,
    0.00066796
  ],
  "CORN": [
    0.04024365,
    0.04025531
  ],
  "NYM": [
    0.02539657,
    0.02532338
  ],
  "LRC": [
    0.01689222,
    0.0168489
  ],
  "GRIFFAIN": [
    0.02039099,
    0.02009768
  ],
  "AURORA": [
    0.02661782,
    0.02656532
  ],
  "L3": [
    0.01235117,
    0.01217366
  ],
  "AIN": [
    0.09499,
    0.096161
  ],
  "INIT": [
    0.090534,
    0.089999
  ],
  "NIL": [
    0.03899716,
    0.03839915
  ],
  "NEWT": [
    0.074627,
    0.0742
  ],
  "BOB": [
    0.00565151,
    0.00558234
  ],
  "BANK": [
    0.03418378,
    0.03408155
  ],
  "MUBARAK": [
    0.01354981,
    0.01362986
  ],
  "SONIC": [
    0.03820722,
    0.03778797
  ],
  "DSYNC": [
    0.0130839,
    0.01303396
  ],
  "TLM": [
    0.00183864,
    0.00184057
  ],
  "PAAL": [
    0.01280789,
    0.01290839
  ],
  "RESOLV": [
    0.02964932,
    0.0298647
  ],
  "HONEY": [
    0.00204505,
    0.00200001
  ],
  "IKA": [
    0.0034791,
    0.00347504
  ],
  "DAO": [
    0.04061797,
    0.04046519
  ],
  "HMSTR": [
    0.00015787,
    0.00015672
  ],
  "COQ": [
    1.36377e-7,
    1.36365e-7
  ],
  "TAI": [
    0.01551667,
    0.01547421
  ],
  "LAT": [
    0.00131842,
    0.00131624
  ],
  "AVL": [
    0.02592845,
    0.02591084
  ],
  "FUEL": [
    0.00090904,
    0.00091082
  ],
  "NAVX": [
    0.00867654,
    0.008682
  ],
  "SOLV": [
    0.00487236,
    0.00476678
  ],
  "NKN": [
    0.00812115,
    0.00808556
  ],
  "PIXEL": [
    0.00804823,
    0.00806251
  ],
  "COS": [
    0.00115005,
    0.00114131
  ],
  "OBT": [
    0.00099432,
    0.00099666
  ],
  "RSS3": [
    0.00551921,
    0.00552803
  ],
  "FHE": [
    0.01822631,
    0.01821884
  ],
  "DMC": [
    0.00068983,
    0.00069143
  ],
  "FWOG": [
    0.00455477,
    0.00455249
  ],
  "ROAM": [
    0.01247276,
    0.01261766
  ],
  "LYXE": [
    0.249772,
    0.249772
  ],
  "DENT": [
    0.00004021,
    0.00003923
  ],
  "OAS": [
    0.0005044,
    0.00049422
  ],
  "GEAR": [
    0.00031279,
    0.00031669
  ],
  "FORTH": [
    0.233773,
    0.245884
  ],
  "HOOK": [
    0.00803499,
    0.00797265
  ],
  "RDNT": [
    0.00175928,
    0.00176916
  ],
  "SAMO": [
    0.00036018,
    0.00035958
  ],
  "CUDIS": [
    0.00774998,
    0.00777343
  ],
  "PERP": [
    0.02541153,
    0.02536762
  ],
  "FIS": [
    0.01095769,
    0.01075742
  ],
  "HIPPO": [
    0.00016228,
    0.00016238
  ],
  "EPT": [
    0.00070712,
    0.00069676
  ],
  "PTB": [
    0.00077993,
    0.00077821
  ],
  "FLM": [
    0.00260775,
    0.00261196
  ],
  "GORK": [
    0.00134848,
    0.00135429
  ],
  "SAROS": [
    0.00045829,
    0.0004574
  ],
  "DATA": [
    0.00069414,
    0.00070244
  ],
  "INSP": [
    0.00099845,
    0.00098884
  ],
  "ACA": [
    0.00061221,
    0.00061022
  ],
  "FOXY": [
    0.00011497,
    0.00011495
  ],
  "RFC": [
    0.00061307,
    0.00061275
  ],
  "A2Z": [
    0.0000691,
    0.00006899
  ],
  "DUCK": [
    0.00007008,
    0.00006978
  ],
  "SWTCH": [
    0.00302312,
    0.00280643
  ],
  "LOOKS": [
    0.00037701,
    0.00038056
  ],
  "BDXN": [
    0.00157557,
    0.00158984
  ],
  "MOONPIG": [
    0.00025995,
    0.0002638
  ],
  "ROOT": [
    0.00006255,
    0.00006036
  ],
  "CHILLGUY": [
    0.00010164,
    0.00010164
  ],
  "CHESS": [
    0.0001985,
    0.00019751
  ],
  "APU": [
    0.00003853,
    0.00003823
  ],
  "HOLO": [
    0.00001191,
    0.00001191
  ],
  "GMMT": [
    0.0024333,
    0.00243388
  ],
  "RATS": [
    0.00003858,
    0.0000386
  ],
  "ADB": [
    null,
    null
  ]
}