{
  "PUMP": [
    0.0020385,
    0.00202829
  ],
  "STABLE": [
    0.02621384,
    0.0260993
  ],
  "SIREN": [
    0.658393,
    0.688926
  ],
  "MON": [
    0.03557371,
    0.035086
  ],
  "AERO": [
    0.443624,
    0.441802
  ],
  "JASMY": [
    0.00586944,
    0.00582088
  ],
  "LIT": [
    1.04,
    1.046
  ],
  "SKYAI": [
    0.18665,
    0.187579
  ],
  "CVX": [
    1.93,
    1.91
  ],
  "BAT": [
    0.104648,
    0.104668
  ],
  "ATH": [
    0.00650327,
    0.00648092
  ],
  "CHEEMS": [
    5.47286e-7,
    5.42543e-7
  ],
  "COW": [
    0.196938,
    0.196216
  ],
  "BANANAS31": [
    0.01010636,
    0.01005338
  ],
  "TAG": [
    0.00073511,
    0.00073333
  ],
  "ONT": [
    0.080396,
    0.079631
  ],
  "CKB": [
    0.00162212,
    0.00162709
  ],
  "SAHARA": [
    0.02341053,
    0.02349626
  ],
  "ARC": [
    0.070993,
    0.071684
  ],
  "BAN": [
    0.072368,
    0.070395
  ],
  "POLYX": [
    0.054468,
    0.054366
  ],
  "BEAT": [
    0.47284,
    0.47365
  ],
  "NPC": [
    0.00805065,
    0.00821599
  ],
  "MYX": [
    0.260754,
    0.261452
  ],
  "CSPR": [
    0.00310545,
    0.00312952
  ],
  "IOTX": [
    0.0049022,
    0.00489784
  ],
  "MERL": [
    0.03765206,
    0.03715206
  ],
  "NEIRO": [
    0.00010609,
    0.00010362
  ],
  "NOT": [
    0.00043367,
    0.00042341
  ],
  "MAGMA": [
    0.208622,
    0.208832
  ],
  "SNEK": [
    0.00053512,
    0.0005268
  ],
  "SATS": [
    1.7813e-8,
    1.7355e-8
  ],
  "REZ": [
    0.00416044,
    0.00412806
  ],
  "ISLM": [
    0.01251754,
    0.01241439
  ],
  "HUMA": [
    0.01825422,
    0.01822485
  ],
  "DEP": [
    0.00111247,
    0.00111339
  ],
  "SPELL": [
    0.00017115,
    0.00017319
  ],
  "DEGEN": [
    0.00079435,
    0.00079083
  ],
  "GUN": [
    0.0167509,
    0.01661699
  ],
  "NYM": [
    0.03329261,
    0.0332102
  ],
  "CPOOL": [
    0.02559284,
    0.02569533
  ],
  "ALLO": [
    0.111164,
    0.11102
  ],
  "SLP": [
    0.00066522,
    0.00066228
  ],
  "LRC": [
    0.01857016,
    0.01900822
  ],
  "BOB": [
    0.00815328,
    0.0081273
  ],
  "CORN": [
    0.04131607,
    0.04138943
  ],
  "AURORA": [
    0.02749818,
    0.02750297
  ],
  "SWARMS": [
    0.0182319,
    0.01825285
  ],
  "NIL": [
    0.04148509,
    0.04166994
  ],
  "GRIFFAIN": [
    0.0172696,
    0.01726751
  ],
  "DSYNC": [
    0.01729242,
    0.01723603
  ],
  "NEWT": [
    0.078225,
    0.07881
  ],
  "INIT": [
    0.090325,
    0.09029
  ],
  "BANK": [
    0.03836298,
    0.03833286
  ],
  "L3": [
    0.01089436,
    0.01091758
  ],
  "MUBARAK": [
    0.01548553,
    0.01540699
  ],
  "SONIC": [
    0.03844335,
    0.03831404
  ],
  "AIN": [
    0.074328,
    0.072385
  ],
  "RESOLV": [
    0.03459311,
    0.03464459
  ],
  "PAAL": [
    0.01432065,
    0.01442278
  ],
  "HONEY": [
    0.00210743,
    0.00214266
  ],
  "DAO": [
    0.04813595,
    0.04809331
  ],
  "TLM": [
    0.00185137,
    0.00183141
  ],
  "IKA": [
    0.00397717,
    0.00395657
  ],
  "DENT": [
    0.00011628,
    0.00011456
  ],
  "HMSTR": [
    0.00016248,
    0.00016273
  ],
  "COQ": [
    1.48697e-7,
    1.50032e-7
  ],
  "TAI": [
    0.01694475,
    0.01686638
  ],
  "LAT": [
    0.0013829,
    0.00136801
  ],
  "AVL": [
    0.02752774,
    0.02727643
  ],
  "NAVX": [
    0.00933046,
    0.00929902
  ],
  "NKN": [
    0.00968428,
    0.00957212
  ],
  "FUEL": [
    0.00094253,
    0.00094169
  ],
  "SOLV": [
    0.00451815,
    0.00461042
  ],
  "COS": [
    0.00123947,
    0.00123613
  ],
  "PIXEL": [
    0.00822391,
    0.0081834
  ],
  "RSS3": [
    0.0060645,
    0.00620182
  ],
  "OBT": [
    0.00106728,
    0.0010664
  ],
  "ROAM": [
    0.01647824,
    0.01621005
  ],
  "OAS": [
    0.00087148,
    0.00083408
  ],
  "FWOG": [
    0.0053923,
    0.00528625
  ],
  "FHE": [
    0.01960103,
    0.02015468
  ],
  "DMC": [
    0.00072197,
    0.00072197
  ],
  "LYXE": [
    0.245466,
    0.245466
  ],
  "GEAR": [
    0.00037159,
    0.00037533
  ],
  "FORTH": [
    0.273437,
    0.266707
  ],
  "RDNT": [
    0.00210381,
    0.0021441
  ],
  "SAMO": [
    0.00043266,
    0.00043758
  ],
  "HOOK": [
    0.00821156,
    0.00823662
  ],
  "PTB": [
    0.00115288,
    0.00114425
  ],
  "CUDIS": [
    0.00822573,
    0.00818891
  ],
  "PERP": [
    0.02751009,
    0.0272672
  ],
  "EPT": [
    0.00077333,
    0.0007703
  ],
  "HIPPO": [
    0.000177,
    0.00017868
  ],
  "FIS": [
    0.01103978,
    0.01124648
  ],
  "FLM": [
    0.00298477,
    0.00302539
  ],
  "SAROS": [
    0.00062944,
    0.00062598
  ],
  "GORK": [
    0.00153368,
    0.00152488
  ],
  "DATA": [
    0.00098078,
    0.00097836
  ],
  "ACA": [
    0.00073019,
    0.00072757
  ],
  "INSP": [
    0.00105991,
    0.00103029
  ],
  "A2Z": [
    0.00009452,
    0.00009878
  ],
  "FOXY": [
    0.00012796,
    0.0001289
  ],
  "DUCK": [
    0.00007511,
    0.00007507
  ],
  "SWTCH": [
    0.00345841,
    0.00358422
  ],
  "RFC": [
    0.00057461,
    0.00055566
  ],
  "LOOKS": [
    0.0003994,
    0.00039843
  ],
  "BDXN": [
    0.00186237,
    0.00188202
  ],
  "MOONPIG": [
    0.00030606,
    0.00030589
  ],
  "ROOT": [
    0.00005831,
    0.00005951
  ],
  "CHILLGUY": [
    0.00008477,
    0.00008463
  ],
  "APU": [
    0.00003748,
    0.00003797
  ],
  "CHESS": [
    0.00016664,
    0.00016635
  ],
  "HOLO": [
    0.00001318,
    0.00001308
  ],
  "GMMT": [
    0.00344205,
    0.00344539
  ],
  "RATS": [
    0.00003948,
    0.00003973
  ],
  "ADB": [
    null,
    null
  ]
}