{
  "PUMP": [
    0.00177381,
    0.00177744
  ],
  "STABLE": [
    0.03246088,
    0.03253323
  ],
  "SIREN": [
    0.654659,
    0.659125
  ],
  "AERO": [
    0.422633,
    0.423208
  ],
  "MON": [
    0.03069548,
    0.03072848
  ],
  "JASMY": [
    0.00577801,
    0.00577785
  ],
  "LIT": [
    0.943858,
    0.945336
  ],
  "SKYAI": [
    0.194586,
    0.19383
  ],
  "CVX": [
    1.78,
    1.78
  ],
  "BAT": [
    0.103948,
    0.104162
  ],
  "CHEEMS": [
    6.17364e-7,
    6.17381e-7
  ],
  "ATH": [
    0.00602661,
    0.00604
  ],
  "COW": [
    0.191187,
    0.191381
  ],
  "BANANAS31": [
    0.00909034,
    0.00907793
  ],
  "BEAT": [
    0.586305,
    0.582705
  ],
  "ONT": [
    0.078046,
    0.077929
  ],
  "BAN": [
    0.076855,
    0.077458
  ],
  "CKB": [
    0.00151538,
    0.00151753
  ],
  "TAG": [
    0.00066343,
    0.0006645
  ],
  "SAHARA": [
    0.021725,
    0.02178813
  ],
  "NPC": [
    0.00842885,
    0.00842684
  ],
  "ARC": [
    0.064433,
    0.064879
  ],
  "POLYX": [
    0.050552,
    0.050551
  ],
  "MAGMA": [
    0.270756,
    0.273498
  ],
  "MERL": [
    0.0392472,
    0.03951341
  ],
  "MYX": [
    0.24666,
    0.25075
  ],
  "HUMA": [
    0.02653341,
    0.02684175
  ],
  "CSPR": [
    0.00292616,
    0.00292406
  ],
  "IOTX": [
    0.00483793,
    0.0048415
  ],
  "NOT": [
    0.00042884,
    0.00043193
  ],
  "SNEK": [
    0.00050679,
    0.00050758
  ],
  "NEIRO": [
    0.00008724,
    0.0000872
  ],
  "REZ": [
    0.00384377,
    0.00385522
  ],
  "DEP": [
    0.00111802,
    0.00111985
  ],
  "SATS": [
    1.4496e-8,
    1.4541e-8
  ],
  "ISLM": [
    0.01176343,
    0.01184964
  ],
  "CPOOL": [
    0.02868155,
    0.02857148
  ],
  "SPELL": [
    0.0001646,
    0.00016466
  ],
  "ALLO": [
    0.120919,
    0.121103
  ],
  "GUN": [
    0.01542243,
    0.01515418
  ],
  "NYM": [
    0.03086915,
    0.03078679
  ],
  "INIT": [
    0.092294,
    0.092637
  ],
  "SLP": [
    0.0006818,
    0.00068307
  ],
  "DEGEN": [
    0.00066637,
    0.00066899
  ],
  "LRC": [
    0.01718797,
    0.01719409
  ],
  "GRIFFAIN": [
    0.02132757,
    0.0210075
  ],
  "CORN": [
    0.04034731,
    0.04037517
  ],
  "AURORA": [
    0.02795749,
    0.02795483
  ],
  "NIL": [
    0.04213507,
    0.04226131
  ],
  "SWARMS": [
    0.01790232,
    0.01802857
  ],
  "NEWT": [
    0.079762,
    0.079181
  ],
  "BOB": [
    0.00589413,
    0.00591635
  ],
  "BANK": [
    0.03646892,
    0.03655252
  ],
  "L3": [
    0.01035682,
    0.01036585
  ],
  "MUBARAK": [
    0.01403699,
    0.01397638
  ],
  "DSYNC": [
    0.01357126,
    0.01357629
  ],
  "SONIC": [
    0.03615266,
    0.03620067
  ],
  "HONEY": [
    0.00212187,
    0.00219261
  ],
  "TLM": [
    0.00187327,
    0.00187479
  ],
  "PAAL": [
    0.01261188,
    0.01261314
  ],
  "AIN": [
    0.06011,
    0.060669
  ],
  "DAO": [
    0.04433783,
    0.04460773
  ],
  "RESOLV": [
    0.02852205,
    0.02866971
  ],
  "IKA": [
    0.00362091,
    0.00364178
  ],
  "COQ": [
    1.50146e-7,
    1.48655e-7
  ],
  "HMSTR": [
    0.00015641,
    0.00015665
  ],
  "TAI": [
    0.01653295,
    0.01653647
  ],
  "LAT": [
    0.00133936,
    0.00133948
  ],
  "AVL": [
    0.02690468,
    0.0274115
  ],
  "FUEL": [
    0.00094296,
    0.00093936
  ],
  "NAVX": [
    0.00869682,
    0.00870446
  ],
  "NKN": [
    0.00864395,
    0.00880102
  ],
  "DENT": [
    0.00006934,
    0.00006826
  ],
  "PIXEL": [
    0.00786328,
    0.00792834
  ],
  "COS": [
    0.00116697,
    0.00116856
  ],
  "SOLV": [
    0.00392672,
    0.00394507
  ],
  "ROAM": [
    0.01686577,
    0.0167869
  ],
  "OBT": [
    0.00100575,
    0.00100899
  ],
  "RSS3": [
    0.00565931,
    0.00568723
  ],
  "FHE": [
    0.01885201,
    0.01894292
  ],
  "DMC": [
    0.00071102,
    0.00070906
  ],
  "FWOG": [
    0.004563,
    0.00455283
  ],
  "OAS": [
    0.00062082,
    0.00060495
  ],
  "LYXE": [
    0.234221,
    0.234562
  ],
  "FORTH": [
    0.291957,
    0.271917
  ],
  "HOOK": [
    0.00849996,
    0.00850442
  ],
  "RDNT": [
    0.00188411,
    0.00188574
  ],
  "GEAR": [
    0.00022136,
    0.00022194
  ],
  "SAMO": [
    0.00037633,
    0.0003768
  ],
  "CUDIS": [
    0.00806286,
    0.00815297
  ],
  "PERP": [
    0.02619707,
    0.02622669
  ],
  "PTB": [
    0.00086028,
    0.00086114
  ],
  "EPT": [
    0.00074402,
    0.00074458
  ],
  "FIS": [
    0.01077459,
    0.01074239
  ],
  "GORK": [
    0.00158837,
    0.00159849
  ],
  "HIPPO": [
    0.00016012,
    0.00015909
  ],
  "FLM": [
    0.00269048,
    0.00268599
  ],
  "SAROS": [
    0.00052856,
    0.00052942
  ],
  "DATA": [
    0.0007434,
    0.00074827
  ],
  "INSP": [
    0.00114746,
    0.00115058
  ],
  "ACA": [
    0.00065363,
    0.00065403
  ],
  "FOXY": [
    0.00012183,
    0.00012183
  ],
  "A2Z": [
    0.00007247,
    0.00007126
  ],
  "RFC": [
    0.00058742,
    0.00058699
  ],
  "DUCK": [
    0.00007125,
    0.0000708
  ],
  "SWTCH": [
    0.00337078,
    0.00335621
  ],
  "LOOKS": [
    0.00038314,
    0.00038314
  ],
  "MOONPIG": [
    0.00029805,
    0.00030004
  ],
  "BDXN": [
    0.00167077,
    0.00165348
  ],
  "ROOT": [
    0.00006024,
    0.00006053
  ],
  "CHILLGUY": [
    0.00013848,
    0.00013865
  ],
  "APU": [
    0.0000618,
    0.00006176
  ],
  "CHESS": [
    0.00015263,
    0.00015263
  ],
  "HOLO": [
    0.00001221,
    0.00001221
  ],
  "GMMT": [
    0.00262061,
    0.002619
  ],
  "RATS": [
    0.0000368,
    0.00003651
  ],
  "ADB": [
    null,
    null
  ]
}