{
  "SIREN": [
    1.72,
    1.8
  ],
  "PUMP": [
    0.00166765,
    0.00166681
  ],
  "STABLE": [
    0.02433769,
    0.024073
  ],
  "AERO": [
    0.314715,
    0.311076
  ],
  "JASMY": [
    0.00530558,
    0.00528933
  ],
  "MON": [
    0.02272153,
    0.02241337
  ],
  "LIT": [
    0.810131,
    0.794707
  ],
  "CVX": [
    1.72,
    1.71
  ],
  "BAT": [
    0.09394,
    0.09318
  ],
  "BANANAS31": [
    0.01354913,
    0.01353762
  ],
  "ATH": [
    0.00684435,
    0.00681496
  ],
  "COW": [
    0.19777,
    0.196178
  ],
  "CHEEMS": [
    4.31425e-7,
    4.26748e-7
  ],
  "BEAT": [
    0.580866,
    0.566477
  ],
  "ONT": [
    0.080635,
    0.0831
  ],
  "SAHARA": [
    0.02412589,
    0.02403075
  ],
  "CKB": [
    0.00135142,
    0.00134615
  ],
  "TAG": [
    0.00058202,
    0.0005714
  ],
  "BAN": [
    0.061553,
    0.060462
  ],
  "SKYAI": [
    0.061475,
    0.060379
  ],
  "POLYX": [
    0.04594208,
    0.04584137
  ],
  "NPC": [
    0.00730318,
    0.00713467
  ],
  "CSPR": [
    0.00324946,
    0.00323287
  ],
  "ARC": [
    0.04936452,
    0.050252
  ],
  "MYX": [
    0.230556,
    0.236
  ],
  "IOTX": [
    0.00469906,
    0.0046591
  ],
  "NOT": [
    0.00035322,
    0.00035223
  ],
  "DEP": [
    0.00116207,
    0.00116369
  ],
  "ISLM": [
    0.01210825,
    0.01223133
  ],
  "SNEK": [
    0.00040292,
    0.00040171
  ],
  "SPELL": [
    0.00016354,
    0.00016311
  ],
  "NYM": [
    0.0333987,
    0.0333648
  ],
  "GUN": [
    0.0166154,
    0.01695025
  ],
  "MERL": [
    0.02341761,
    0.02320464
  ],
  "LRC": [
    0.02140388,
    0.02089397
  ],
  "REZ": [
    0.0032924,
    0.00329476
  ],
  "HUMA": [
    0.01473994,
    0.01451718
  ],
  "DEGEN": [
    0.00067372,
    0.00066939
  ],
  "CORN": [
    0.04603358,
    0.04626991
  ],
  "ALLO": [
    0.108593,
    0.108209
  ],
  "NEIRO": [
    0.00005634,
    0.00005598
  ],
  "MAGMA": [
    0.11886,
    0.119542
  ],
  "SATS": [
    1.0648e-8,
    1.0604e-8
  ],
  "CPOOL": [
    0.02189345,
    0.02200246
  ],
  "SLP": [
    0.00057881,
    0.00057437
  ],
  "AURORA": [
    0.02732045,
    0.02713496
  ],
  "BANK": [
    0.04128703,
    0.04181921
  ],
  "DENT": [
    0.00018347,
    0.00018368
  ],
  "DSYNC": [
    0.01610085,
    0.01608459
  ],
  "RESOLV": [
    0.03984671,
    0.0409275
  ],
  "BOB": [
    0.00538059,
    0.00538592
  ],
  "NEWT": [
    0.067258,
    0.066842
  ],
  "NIL": [
    0.03376876,
    0.03317058
  ],
  "INIT": [
    0.077502,
    0.075952
  ],
  "SONIC": [
    0.03810067,
    0.03773279
  ],
  "ROAM": [
    0.03977638,
    0.0393142
  ],
  "L3": [
    0.00958522,
    0.00955915
  ],
  "PAAL": [
    0.01450338,
    0.01430579
  ],
  "DAO": [
    0.050353,
    0.04964722
  ],
  "NKN": [
    0.01460414,
    0.0147927
  ],
  "HONEY": [
    0.00206222,
    0.00202503
  ],
  "MUBARAK": [
    0.01126634,
    0.01113127
  ],
  "AIN": [
    0.060493,
    0.059197
  ],
  "GRIFFAIN": [
    0.01105933,
    0.01085561
  ],
  "TLM": [
    0.00161157,
    0.00158896
  ],
  "TAI": [
    0.01661251,
    0.01632426
  ],
  "IKA": [
    0.00318047,
    0.00314403
  ],
  "SWARMS": [
    0.00945543,
    0.00938308
  ],
  "LAT": [
    0.00130492,
    0.001307
  ],
  "HMSTR": [
    0.00013416,
    0.00013305
  ],
  "DUCK": [
    0.00107013,
    0.00106049
  ],
  "FUEL": [
    0.00100278,
    0.00099516
  ],
  "COS": [
    0.00140988,
    0.00138851
  ],
  "AVL": [
    0.02570898,
    0.02525499
  ],
  "NAVX": [
    0.008742,
    0.00850543
  ],
  "COQ": [
    9.4493e-8,
    9.2455e-8
  ],
  "PIXEL": [
    0.00773578,
    0.00786758
  ],
  "RDNT": [
    0.00434677,
    0.00430582
  ],
  "HIPPO": [
    0.00053955,
    0.00053459
  ],
  "OBT": [
    0.00100901,
    0.00100451
  ],
  "RSS3": [
    0.00583847,
    0.00576166
  ],
  "FWOG": [
    0.00490567,
    0.00496032
  ],
  "DMC": [
    0.00079041,
    0.00078416
  ],
  "SOLV": [
    0.00315347,
    0.00310729
  ],
  "LYXE": [
    0.287025,
    0.283783
  ],
  "FHE": [
    0.01762658,
    0.01722523
  ],
  "FORTH": [
    0.366311,
    0.365986
  ],
  "GEAR": [
    0.00030939,
    0.00030993
  ],
  "HOOK": [
    0.00923275,
    0.00918901
  ],
  "OAS": [
    0.0003676,
    0.00036937
  ],
  "SAMO": [
    0.0003925,
    0.00039264
  ],
  "PTB": [
    0.00106626,
    0.00104483
  ],
  "PERP": [
    0.03096784,
    0.02972048
  ],
  "FIS": [
    0.01374221,
    0.01381909
  ],
  "CUDIS": [
    0.0083453,
    0.00841131
  ],
  "A2Z": [
    0.00020539,
    0.00021112
  ],
  "EPT": [
    0.00074663,
    0.00073484
  ],
  "FLM": [
    0.00280384,
    0.00277916
  ],
  "GORK": [
    0.00158376,
    0.00155897
  ],
  "SAROS": [
    0.00055226,
    0.00056043
  ],
  "DATA": [
    0.00098641,
    0.00098462
  ],
  "INSP": [
    0.00131092,
    0.00135729
  ],
  "ACA": [
    0.00083371,
    0.00083273
  ],
  "SWTCH": [
    0.00521352,
    0.00498597
  ],
  "FOXY": [
    0.00012267,
    0.00012123
  ],
  "RFC": [
    0.00055895,
    0.0005597
  ],
  "BDXN": [
    0.00258789,
    0.00254023
  ],
  "LOOKS": [
    0.00039059,
    0.00038919
  ],
  "CHESS": [
    0.00142681,
    0.00138175
  ],
  "MOONPIG": [
    0.0002872,
    0.00028713
  ],
  "ROOT": [
    0.00006094,
    0.00006293
  ],
  "CHILLGUY": [
    0.00006619,
    0.00006619
  ],
  "APU": [
    0.00003377,
    0.00003345
  ],
  "HOLO": [
    0.00001312,
    0.00001312
  ],
  "GMMT": [
    0.00380657,
    0.00379041
  ],
  "RATS": [
    0.00004499,
    0.00004559
  ],
  "ADB": [
    null,
    null
  ]
}