{
  "PUMP": [
    0.00177702,
    0.00177769
  ],
  "STABLE": [
    0.03531266,
    0.03479263
  ],
  "SIREN": [
    0.701569,
    0.692763
  ],
  "AERO": [
    0.45689,
    0.459945
  ],
  "MON": [
    0.03072596,
    0.02999053
  ],
  "JASMY": [
    0.00587126,
    0.00587042
  ],
  "LIT": [
    0.854903,
    0.868008
  ],
  "SKYAI": [
    0.164946,
    0.164789
  ],
  "CVX": [
    1.74,
    1.73
  ],
  "BAT": [
    0.102364,
    0.102075
  ],
  "CHEEMS": [
    5.92497e-7,
    5.85078e-7
  ],
  "ATH": [
    0.00590006,
    0.00596869
  ],
  "COW": [
    0.187457,
    0.18667
  ],
  "BANANAS31": [
    0.00950212,
    0.00963139
  ],
  "SAHARA": [
    0.0232331,
    0.02339878
  ],
  "BEAT": [
    0.559538,
    0.533383
  ],
  "ARC": [
    0.076814,
    0.07387
  ],
  "CKB": [
    0.0015176,
    0.0015111
  ],
  "TAG": [
    0.00069848,
    0.00067696
  ],
  "ONT": [
    0.071149,
    0.070835
  ],
  "BAN": [
    0.071155,
    0.069672
  ],
  "NPC": [
    0.00816396,
    0.00816901
  ],
  "POLYX": [
    0.04925447,
    0.04917138
  ],
  "MYX": [
    0.256623,
    0.260777
  ],
  "MERL": [
    0.03843795,
    0.03721075
  ],
  "CSPR": [
    0.00292835,
    0.00289496
  ],
  "IOTX": [
    0.00474268,
    0.0047074
  ],
  "NOT": [
    0.00040335,
    0.00040326
  ],
  "HUMA": [
    0.02190253,
    0.02181937
  ],
  "NEIRO": [
    0.00008863,
    0.00008877
  ],
  "MAGMA": [
    0.18939,
    0.190068
  ],
  "SNEK": [
    0.00047561,
    0.00047564
  ],
  "REZ": [
    0.00400261,
    0.00398804
  ],
  "SPELL": [
    0.00018534,
    0.00018319
  ],
  "ISLM": [
    0.0118222,
    0.01174781
  ],
  "SATS": [
    1.4351e-8,
    1.4154e-8
  ],
  "DEP": [
    0.00107874,
    0.00100231
  ],
  "SLP": [
    0.00071534,
    0.00073026
  ],
  "ALLO": [
    0.109316,
    0.111928
  ],
  "DEGEN": [
    0.0006916,
    0.00068111
  ],
  "GUN": [
    0.01441864,
    0.01432939
  ],
  "CPOOL": [
    0.02503164,
    0.02468695
  ],
  "NYM": [
    0.02758036,
    0.02763741
  ],
  "CORN": [
    0.04018998,
    0.04012016
  ],
  "LRC": [
    0.01684417,
    0.01676842
  ],
  "SWARMS": [
    0.01991518,
    0.02199502
  ],
  "AURORA": [
    0.02653329,
    0.0270351
  ],
  "NIL": [
    0.04121881,
    0.04090767
  ],
  "GRIFFAIN": [
    0.01769521,
    0.01796942
  ],
  "INIT": [
    0.089327,
    0.091802
  ],
  "NEWT": [
    0.077627,
    0.077271
  ],
  "AIN": [
    0.089163,
    0.089323
  ],
  "BOB": [
    0.00568627,
    0.0056518
  ],
  "L3": [
    0.01050573,
    0.01038724
  ],
  "BANK": [
    0.03390148,
    0.03375671
  ],
  "SONIC": [
    0.03907933,
    0.03927762
  ],
  "DSYNC": [
    0.01348518,
    0.01338866
  ],
  "MUBARAK": [
    0.01335063,
    0.01328719
  ],
  "TLM": [
    0.00183726,
    0.00185304
  ],
  "HONEY": [
    0.00208124,
    0.00207762
  ],
  "RESOLV": [
    0.02937382,
    0.02978668
  ],
  "PAAL": [
    0.01269711,
    0.01261398
  ],
  "DAO": [
    0.0414882,
    0.04141275
  ],
  "IKA": [
    0.00340518,
    0.00339198
  ],
  "HMSTR": [
    0.00015417,
    0.00015352
  ],
  "TAI": [
    0.01662636,
    0.01646827
  ],
  "COQ": [
    1.38092e-7,
    1.39432e-7
  ],
  "LAT": [
    0.00132595,
    0.00131733
  ],
  "AVL": [
    0.02574175,
    0.02615698
  ],
  "FUEL": [
    0.0009238,
    0.00092864
  ],
  "NAVX": [
    0.00874195,
    0.00875923
  ],
  "NKN": [
    0.00821955,
    0.0083507
  ],
  "PIXEL": [
    0.00832051,
    0.00835354
  ],
  "COS": [
    0.00116415,
    0.0011644
  ],
  "SOLV": [
    0.00403164,
    0.00398496
  ],
  "OBT": [
    0.00101008,
    0.00100681
  ],
  "RSS3": [
    0.00557573,
    0.00563329
  ],
  "ROAM": [
    0.0153561,
    0.01485229
  ],
  "DMC": [
    0.00070491,
    0.0007178
  ],
  "FWOG": [
    0.00468792,
    0.00466187
  ],
  "FHE": [
    0.01833577,
    0.01806094
  ],
  "LYXE": [
    0.251628,
    0.250052
  ],
  "DENT": [
    0.00003716,
    0.00003914
  ],
  "OAS": [
    0.0005574,
    0.00055022
  ],
  "FORTH": [
    0.243788,
    0.24762
  ],
  "HOOK": [
    0.00823991,
    0.0081348
  ],
  "RDNT": [
    0.00181556,
    0.00180639
  ],
  "GEAR": [
    0.00022959,
    0.00022752
  ],
  "SAMO": [
    0.00037168,
    0.00037129
  ],
  "CUDIS": [
    0.00778517,
    0.00779002
  ],
  "PERP": [
    0.02566323,
    0.02570835
  ],
  "PTB": [
    0.00078718,
    0.00080644
  ],
  "EPT": [
    0.00072497,
    0.00071936
  ],
  "FIS": [
    0.01052804,
    0.0106003
  ],
  "HIPPO": [
    0.00016303,
    0.0001622
  ],
  "FLM": [
    0.00265446,
    0.00265169
  ],
  "GORK": [
    0.00143997,
    0.00143533
  ],
  "SAROS": [
    0.00050186,
    0.00048772
  ],
  "DATA": [
    0.00072178,
    0.00071002
  ],
  "INSP": [
    0.00103671,
    0.00099096
  ],
  "ACA": [
    0.00066134,
    0.00065999
  ],
  "FOXY": [
    0.0001159,
    0.00011502
  ],
  "A2Z": [
    0.0000731,
    0.00007324
  ],
  "RFC": [
    0.00057288,
    0.00056786
  ],
  "DUCK": [
    0.0000683,
    0.00006911
  ],
  "SWTCH": [
    0.00317198,
    0.00316786
  ],
  "LOOKS": [
    0.00036681,
    0.00036402
  ],
  "MOONPIG": [
    0.00027503,
    0.00027386
  ],
  "BDXN": [
    0.00160652,
    0.00162273
  ],
  "ROOT": [
    0.00006204,
    0.00006257
  ],
  "CHILLGUY": [
    0.00012363,
    0.00011227
  ],
  "APU": [
    0.00003984,
    0.00003891
  ],
  "CHESS": [
    0.00017024,
    0.0001692
  ],
  "HOLO": [
    0.00001191,
    0.00001191
  ],
  "GMMT": [
    0.00250433,
    0.00247042
  ],
  "RATS": [
    0.00003842,
    0.00003826
  ],
  "ADB": [
    null,
    null
  ]
}