{
  "STABLE": [
    0.03332314,
    0.03342137
  ],
  "PUMP": [
    0.0017973,
    0.00180086
  ],
  "SIREN": [
    0.689397,
    0.691274
  ],
  "AERO": [
    0.446042,
    0.443409
  ],
  "SKYAI": [
    0.440118,
    0.378347
  ],
  "MON": [
    0.03020164,
    0.03000695
  ],
  "JASMY": [
    0.00562363,
    0.00562556
  ],
  "LIT": [
    0.913021,
    0.921113
  ],
  "CVX": [
    1.74,
    1.75
  ],
  "BAT": [
    0.09676,
    0.097365
  ],
  "CHEEMS": [
    6.07254e-7,
    6.12528e-7
  ],
  "TAG": [
    0.00123014,
    0.00110078
  ],
  "ATH": [
    0.00587506,
    0.00583841
  ],
  "BANANAS31": [
    0.01013919,
    0.01051613
  ],
  "COW": [
    0.184737,
    0.185215
  ],
  "BEAT": [
    0.596888,
    0.594312
  ],
  "SAHARA": [
    0.02508807,
    0.02442446
  ],
  "BAN": [
    0.078731,
    0.076803
  ],
  "CKB": [
    0.00148009,
    0.00148043
  ],
  "ARC": [
    0.070023,
    0.069716
  ],
  "ONT": [
    0.069819,
    0.069434
  ],
  "NPC": [
    0.00771565,
    0.00769549
  ],
  "POLYX": [
    0.04751938,
    0.04761187
  ],
  "MYX": [
    0.254106,
    0.253038
  ],
  "MAGMA": [
    0.254595,
    0.255417
  ],
  "MERL": [
    0.03712915,
    0.03703197
  ],
  "CSPR": [
    0.0028086,
    0.00280405
  ],
  "IOTX": [
    0.00452655,
    0.00454809
  ],
  "REZ": [
    0.00499045,
    0.00508058
  ],
  "ISLM": [
    0.01174909,
    0.01174912
  ],
  "NEIRO": [
    0.00009405,
    0.00009553
  ],
  "NOT": [
    0.00038891,
    0.00039044
  ],
  "HUMA": [
    0.02277839,
    0.0221652
  ],
  "SNEK": [
    0.00046177,
    0.0004617
  ],
  "CPOOL": [
    0.03164387,
    0.0345758
  ],
  "SATS": [
    1.469e-8,
    1.4732e-8
  ],
  "DEP": [
    0.00111066,
    0.00111228
  ],
  "SPELL": [
    0.00016675,
    0.00016634
  ],
  "ALLO": [
    0.121841,
    0.122504
  ],
  "SWARMS": [
    0.02633126,
    0.02648473
  ],
  "GUN": [
    0.01438277,
    0.01433041
  ],
  "SLP": [
    0.0007015,
    0.00070262
  ],
  "DEGEN": [
    0.00066065,
    0.00066027
  ],
  "CORN": [
    0.04027483,
    0.04030448
  ],
  "LRC": [
    0.01694684,
    0.0169792
  ],
  "NIL": [
    0.04286167,
    0.04207303
  ],
  "AURORA": [
    0.02650614,
    0.02653015
  ],
  "AIN": [
    0.096394,
    0.097677
  ],
  "L3": [
    0.0119146,
    0.01202527
  ],
  "INIT": [
    0.087637,
    0.088888
  ],
  "GRIFFAIN": [
    0.01691132,
    0.01716454
  ],
  "NYM": [
    0.01980147,
    0.01973024
  ],
  "BOB": [
    0.00556957,
    0.00557515
  ],
  "NEWT": [
    0.076096,
    0.075719
  ],
  "MUBARAK": [
    0.01375352,
    0.01430174
  ],
  "BANK": [
    0.03318405,
    0.03339845
  ],
  "SONIC": [
    0.03749178,
    0.03765103
  ],
  "DSYNC": [
    0.01306958,
    0.0130815
  ],
  "TLM": [
    0.00184466,
    0.0018588
  ],
  "RSS3": [
    0.00826205,
    0.00788777
  ],
  "PAAL": [
    0.01301245,
    0.01285566
  ],
  "RESOLV": [
    0.02886527,
    0.02886966
  ],
  "HONEY": [
    0.00181211,
    0.00181072
  ],
  "DAO": [
    0.04143952,
    0.041597
  ],
  "IKA": [
    0.00334343,
    0.00336285
  ],
  "HMSTR": [
    0.00015449,
    0.0001552
  ],
  "LAT": [
    0.00132829,
    0.00132502
  ],
  "AVL": [
    0.02940251,
    0.0303241
  ],
  "TAI": [
    0.01498775,
    0.0150774
  ],
  "COQ": [
    1.25993e-7,
    1.25488e-7
  ],
  "NAVX": [
    0.00877136,
    0.00875976
  ],
  "FUEL": [
    0.00090195,
    0.00090187
  ],
  "SOLV": [
    0.0043897,
    0.00445345
  ],
  "NKN": [
    0.00798575,
    0.00793931
  ],
  "PIXEL": [
    0.00788378,
    0.00793385
  ],
  "COS": [
    0.00115681,
    0.001162
  ],
  "FHE": [
    0.02285798,
    0.02355358
  ],
  "OBT": [
    0.00099272,
    0.00099176
  ],
  "DMC": [
    0.00070952,
    0.00070711
  ],
  "FWOG": [
    0.00452856,
    0.00458036
  ],
  "LYXE": [
    0.266075,
    0.265944
  ],
  "DENT": [
    0.00003961,
    0.00004003
  ],
  "ROAM": [
    0.01112506,
    0.01100185
  ],
  "OAS": [
    0.00056038,
    0.00054908
  ],
  "GEAR": [
    0.00031918,
    0.00031922
  ],
  "FORTH": [
    0.239146,
    0.238934
  ],
  "RDNT": [
    0.00178367,
    0.00178463
  ],
  "HOOK": [
    0.00800382,
    0.00799886
  ],
  "CUDIS": [
    0.00790655,
    0.00791034
  ],
  "SAMO": [
    0.00032367,
    0.00032459
  ],
  "PERP": [
    0.02534398,
    0.02530237
  ],
  "EPT": [
    0.00070833,
    0.00070622
  ],
  "HIPPO": [
    0.00016253,
    0.00016342
  ],
  "PTB": [
    0.00078059,
    0.00077671
  ],
  "FIS": [
    0.01007769,
    0.01030029
  ],
  "SAROS": [
    0.00059727,
    0.00059211
  ],
  "FLM": [
    0.0026097,
    0.00262559
  ],
  "GORK": [
    0.0014473,
    0.00143839
  ],
  "DATA": [
    0.00073755,
    0.00073556
  ],
  "ACA": [
    0.00066647,
    0.00066836
  ],
  "INSP": [
    0.00093952,
    0.00093485
  ],
  "A2Z": [
    0.00008913,
    0.0000874
  ],
  "FOXY": [
    0.00011669,
    0.00011689
  ],
  "SWTCH": [
    0.00339691,
    0.00334008
  ],
  "DUCK": [
    0.00006922,
    0.00006913
  ],
  "RFC": [
    0.00055582,
    0.00055605
  ],
  "LOOKS": [
    0.00035096,
    0.00034989
  ],
  "BDXN": [
    0.00181366,
    0.00179812
  ],
  "MOONPIG": [
    0.00027574,
    0.00027591
  ],
  "ROOT": [
    0.00005609,
    0.00005517
  ],
  "CHILLGUY": [
    0.00009752,
    0.00009756
  ],
  "APU": [
    0.00004343,
    0.00004312
  ],
  "CHESS": [
    0.00019217,
    0.00019217
  ],
  "HOLO": [
    0.00001187,
    0.00001187
  ],
  "GMMT": [
    0.00253621,
    0.0025436
  ],
  "RATS": [
    0.00003892,
    0.00003893
  ],
  "ADB": [
    null,
    null
  ]
}