{
  "SIREN": [
    1.92,
    1.99
  ],
  "PUMP": [
    0.00180531,
    0.00177201
  ],
  "STABLE": [
    0.02640503,
    0.02577851
  ],
  "AERO": [
    0.328326,
    0.325464
  ],
  "MON": [
    0.02551361,
    0.02431985
  ],
  "JASMY": [
    0.00536401,
    0.00531297
  ],
  "LIT": [
    0.950813,
    0.952712
  ],
  "BAT": [
    0.106334,
    0.104359
  ],
  "CVX": [
    1.7,
    1.66
  ],
  "BANANAS31": [
    0.01415203,
    0.01437283
  ],
  "ATH": [
    0.00763257,
    0.00743141
  ],
  "COW": [
    0.206427,
    0.201703
  ],
  "CHEEMS": [
    4.63911e-7,
    4.59597e-7
  ],
  "SAHARA": [
    0.02703378,
    0.02622243
  ],
  "BEAT": [
    0.584887,
    0.507995
  ],
  "CKB": [
    0.00141411,
    0.00139548
  ],
  "TAG": [
    0.00059972,
    0.00060351
  ],
  "SKYAI": [
    0.065406,
    0.065717
  ],
  "NPC": [
    0.00800057,
    0.00791047
  ],
  "MYX": [
    0.315969,
    0.315711
  ],
  "BAN": [
    0.057837,
    0.057925
  ],
  "POLYX": [
    0.04410844,
    0.04350898
  ],
  "CSPR": [
    0.00343609,
    0.00346768
  ],
  "ONT": [
    0.057044,
    0.054656
  ],
  "IOTX": [
    0.00499749,
    0.00501289
  ],
  "ARC": [
    0.04458401,
    0.04410734
  ],
  "NOT": [
    0.00037069,
    0.0003651
  ],
  "GUN": [
    0.02157317,
    0.021553
  ],
  "SNEK": [
    0.00045621,
    0.00045099
  ],
  "MERL": [
    0.02718977,
    0.02679835
  ],
  "ISLM": [
    0.01276372,
    0.01267693
  ],
  "DEP": [
    0.00115882,
    0.00115948
  ],
  "HUMA": [
    0.01910694,
    0.01776735
  ],
  "LRC": [
    0.02364627,
    0.02329291
  ],
  "SPELL": [
    0.00016877,
    0.00016704
  ],
  "NYM": [
    0.03259578,
    0.03248077
  ],
  "REZ": [
    0.00350026,
    0.00345195
  ],
  "MAGMA": [
    0.136371,
    0.140236
  ],
  "DEGEN": [
    0.00071537,
    0.00070688
  ],
  "ALLO": [
    0.120923,
    0.11722
  ],
  "NEIRO": [
    0.00005906,
    0.00005804
  ],
  "SATS": [
    1.1039e-8,
    1.0959e-8
  ],
  "CORN": [
    0.04379045,
    0.04382899
  ],
  "CPOOL": [
    0.02405523,
    0.02377157
  ],
  "SLP": [
    0.00060672,
    0.00059715
  ],
  "DAO": [
    0.088299,
    0.080247
  ],
  "AURORA": [
    0.02880767,
    0.02873914
  ],
  "DENT": [
    0.00020049,
    0.00020157
  ],
  "DSYNC": [
    0.01804084,
    0.01778722
  ],
  "BANK": [
    0.03857095,
    0.03916204
  ],
  "INIT": [
    0.083923,
    0.083266
  ],
  "RESOLV": [
    0.0400281,
    0.03989585
  ],
  "NEWT": [
    0.071536,
    0.070625
  ],
  "NIL": [
    0.03621323,
    0.03468125
  ],
  "L3": [
    0.01087775,
    0.01066788
  ],
  "SONIC": [
    0.04049794,
    0.03967599
  ],
  "HONEY": [
    0.00243983,
    0.00242485
  ],
  "PAAL": [
    0.01564677,
    0.01557134
  ],
  "ROAM": [
    0.03979061,
    0.03973314
  ],
  "BOB": [
    0.00527892,
    0.00533325
  ],
  "MUBARAK": [
    0.01188971,
    0.01170314
  ],
  "AIN": [
    0.061795,
    0.061194
  ],
  "GRIFFAIN": [
    0.01111027,
    0.01109035
  ],
  "TLM": [
    0.00168385,
    0.00165973
  ],
  "TAI": [
    0.01689405,
    0.0173732
  ],
  "NKN": [
    0.01008778,
    0.01259357
  ],
  "IKA": [
    0.00334276,
    0.00332471
  ],
  "LAT": [
    0.00132349,
    0.00131447
  ],
  "HMSTR": [
    0.00014039,
    0.00013885
  ],
  "FUEL": [
    0.00109781,
    0.00109701
  ],
  "COS": [
    0.00163594,
    0.00153944
  ],
  "SWARMS": [
    0.0074034,
    0.00756671
  ],
  "DUCK": [
    0.00105766,
    0.00104935
  ],
  "AVL": [
    0.02572979,
    0.02624217
  ],
  "NAVX": [
    0.00861152,
    0.00852971
  ],
  "COQ": [
    9.92e-8,
    9.9057e-8
  ],
  "RDNT": [
    0.00491213,
    0.00479213
  ],
  "PIXEL": [
    0.00809902,
    0.00780018
  ],
  "OBT": [
    0.00105856,
    0.00104928
  ],
  "HIPPO": [
    0.00056723,
    0.00055551
  ],
  "RSS3": [
    0.00576109,
    0.00588371
  ],
  "FWOG": [
    0.00526039,
    0.00522904
  ],
  "FHE": [
    0.01981482,
    0.01977839
  ],
  "FORTH": [
    0.425734,
    0.415842
  ],
  "LYXE": [
    0.297726,
    0.297726
  ],
  "DMC": [
    0.00074576,
    0.00074063
  ],
  "SOLV": [
    0.00301971,
    0.00298155
  ],
  "PTB": [
    0.00178878,
    0.002005
  ],
  "GEAR": [
    0.00033357,
    0.00033032
  ],
  "HOOK": [
    0.01184027,
    0.0111544
  ],
  "SAMO": [
    0.00046592,
    0.00043253
  ],
  "FIS": [
    0.0162249,
    0.01578544
  ],
  "OAS": [
    0.00035929,
    0.00036418
  ],
  "A2Z": [
    0.00030721,
    0.00028231
  ],
  "PERP": [
    0.03240948,
    0.03159601
  ],
  "CUDIS": [
    0.00751955,
    0.00761244
  ],
  "EPT": [
    0.0007869,
    0.00078506
  ],
  "FLM": [
    0.0027973,
    0.00278855
  ],
  "SAROS": [
    0.00056885,
    0.00056333
  ],
  "GORK": [
    0.00147097,
    0.00145819
  ],
  "DATA": [
    0.00111226,
    0.00111382
  ],
  "ACA": [
    0.00106543,
    0.00097937
  ],
  "INSP": [
    0.00131916,
    0.00137001
  ],
  "FOXY": [
    0.0001384,
    0.00013247
  ],
  "RFC": [
    0.00054993,
    0.00055411
  ],
  "SWTCH": [
    0.00257881,
    0.00260416
  ],
  "LOOKS": [
    0.000402,
    0.00040749
  ],
  "BDXN": [
    0.00244842,
    0.00245931
  ],
  "CHESS": [
    0.00160317,
    0.00162167
  ],
  "MOONPIG": [
    0.00032354,
    0.000319
  ],
  "ROOT": [
    0.00006087,
    0.00006135
  ],
  "CHILLGUY": [
    0.00006593,
    0.00006443
  ],
  "APU": [
    0.00003431,
    0.0000338
  ],
  "HOLO": [
    0.00001439,
    0.00001439
  ],
  "GMMT": [
    0.003519,
    0.00346859
  ],
  "RATS": [
    0.00005263,
    0.00005205
  ],
  "ADB": [
    null,
    null
  ]
}