{
  "PUMP": [
    0.00178629,
    0.00179624
  ],
  "STABLE": [
    0.02891793,
    0.02973772
  ],
  "SIREN": [
    0.787879,
    0.788912
  ],
  "MON": [
    0.03267855,
    0.03334902
  ],
  "AERO": [
    0.35414,
    0.354933
  ],
  "LIT": [
    1.09,
    1.1
  ],
  "JASMY": [
    0.00523438,
    0.00524581
  ],
  "CVX": [
    1.72,
    1.72
  ],
  "BAT": [
    0.095263,
    0.093962
  ],
  "ATH": [
    0.00593419,
    0.00636029
  ],
  "COW": [
    0.211179,
    0.211076
  ],
  "SKYAI": [
    0.121011,
    0.115409
  ],
  "BANANAS31": [
    0.01001705,
    0.0100465
  ],
  "CHEEMS": [
    4.45744e-7,
    4.5366e-7
  ],
  "BAN": [
    0.092084,
    0.086284
  ],
  "TAG": [
    0.00084607,
    0.00077219
  ],
  "ONT": [
    0.084113,
    0.082317
  ],
  "ARC": [
    0.07375,
    0.07165
  ],
  "CKB": [
    0.001486,
    0.00146898
  ],
  "SAHARA": [
    0.02151916,
    0.02232133
  ],
  "POLYX": [
    0.04784135,
    0.04812756
  ],
  "NPC": [
    0.00742648,
    0.00748714
  ],
  "BEAT": [
    0.371462,
    0.388964
  ],
  "CSPR": [
    0.00290412,
    0.00294833
  ],
  "IOTX": [
    0.00448264,
    0.0044926
  ],
  "MYX": [
    0.213972,
    0.21205
  ],
  "NOT": [
    0.00034876,
    0.00035393
  ],
  "MAGMA": [
    0.180568,
    0.181721
  ],
  "SNEK": [
    0.00041819,
    0.00041819
  ],
  "DEP": [
    0.00112231,
    0.00111836
  ],
  "ISLM": [
    0.01207534,
    0.01189829
  ],
  "HUMA": [
    0.01709629,
    0.01719164
  ],
  "REZ": [
    0.00357071,
    0.00360582
  ],
  "NYM": [
    0.03443156,
    0.03437835
  ],
  "MERL": [
    0.02314749,
    0.02305829
  ],
  "GUN": [
    0.01592147,
    0.01590583
  ],
  "SPELL": [
    0.00015685,
    0.00015799
  ],
  "DEGEN": [
    0.00072679,
    0.00071866
  ],
  "ALLO": [
    0.109042,
    0.113346
  ],
  "NEIRO": [
    0.00005574,
    0.00005638
  ],
  "CPOOL": [
    0.02326281,
    0.0238831
  ],
  "SATS": [
    1.066e-8,
    1.0625e-8
  ],
  "SLP": [
    0.00059608,
    0.00059472
  ],
  "BOB": [
    0.00767243,
    0.00757202
  ],
  "CORN": [
    0.04037459,
    0.0404488
  ],
  "LRC": [
    0.01590145,
    0.0161434
  ],
  "AURORA": [
    0.02681445,
    0.02675933
  ],
  "SWARMS": [
    0.017008,
    0.01837138
  ],
  "GRIFFAIN": [
    0.01605712,
    0.01612006
  ],
  "L3": [
    0.0112648,
    0.01120365
  ],
  "BANK": [
    0.03668013,
    0.03684694
  ],
  "NEWT": [
    0.066128,
    0.069643
  ],
  "DSYNC": [
    0.01517571,
    0.01497555
  ],
  "DENT": [
    0.00015417,
    0.0001547
  ],
  "RESOLV": [
    0.03779217,
    0.03819055
  ],
  "INIT": [
    0.078009,
    0.078693
  ],
  "NIL": [
    0.03218203,
    0.03357552
  ],
  "AIN": [
    0.075023,
    0.076202
  ],
  "SONIC": [
    0.03437699,
    0.03494075
  ],
  "MUBARAK": [
    0.0118429,
    0.01216613
  ],
  "DAO": [
    0.04749644,
    0.04768471
  ],
  "PAAL": [
    0.01312712,
    0.01326492
  ],
  "TLM": [
    0.00160685,
    0.00162076
  ],
  "IKA": [
    0.00350444,
    0.00348303
  ],
  "HONEY": [
    0.00181007,
    0.00179323
  ],
  "TAI": [
    0.01648771,
    0.01626938
  ],
  "LAT": [
    0.00135046,
    0.00135691
  ],
  "HMSTR": [
    0.00013856,
    0.00013878
  ],
  "AVL": [
    0.02671697,
    0.02657873
  ],
  "COQ": [
    1.12884e-7,
    1.10323e-7
  ],
  "FUEL": [
    0.00095959,
    0.00095912
  ],
  "NKN": [
    0.00916285,
    0.00908963
  ],
  "NAVX": [
    0.00856656,
    0.00855122
  ],
  "ROAM": [
    0.02080918,
    0.01955431
  ],
  "SOLV": [
    0.0043045,
    0.00430205
  ],
  "COS": [
    0.00122856,
    0.00121384
  ],
  "PIXEL": [
    0.00708896,
    0.00725594
  ],
  "OBT": [
    0.00102822,
    0.00103424
  ],
  "RSS3": [
    0.00570049,
    0.00565761
  ],
  "FWOG": [
    0.00476492,
    0.00478131
  ],
  "DMC": [
    0.00070304,
    0.00070296
  ],
  "FHE": [
    0.01681313,
    0.01686075
  ],
  "LYXE": [
    0.239673,
    0.239392
  ],
  "FORTH": [
    0.26608,
    0.264993
  ],
  "RDNT": [
    0.00210739,
    0.00208721
  ],
  "GEAR": [
    0.00026298,
    0.00026556
  ],
  "HOOK": [
    0.00818171,
    0.00828489
  ],
  "SAMO": [
    0.00041393,
    0.00041399
  ],
  "OAS": [
    0.00035968,
    0.00035748
  ],
  "FLM": [
    0.00283579,
    0.00346588
  ],
  "CUDIS": [
    0.00796198,
    0.00781405
  ],
  "HIPPO": [
    0.000178,
    0.00019257
  ],
  "PERP": [
    0.02675043,
    0.02612084
  ],
  "PTB": [
    0.00090452,
    0.00090176
  ],
  "FIS": [
    0.01114193,
    0.01140518
  ],
  "EPT": [
    0.0007498,
    0.00075075
  ],
  "GORK": [
    0.00144887,
    0.00144894
  ],
  "DATA": [
    0.00096134,
    0.00096071
  ],
  "SAROS": [
    0.00037784,
    0.00037939
  ],
  "INSP": [
    0.00102275,
    0.00104536
  ],
  "ACA": [
    0.00070273,
    0.00069056
  ],
  "DUCK": [
    0.00009233,
    0.00009232
  ],
  "A2Z": [
    0.00008136,
    0.00008101
  ],
  "FOXY": [
    0.00010204,
    0.00010689
  ],
  "SWTCH": [
    0.00345642,
    0.00338799
  ],
  "RFC": [
    0.0005577,
    0.0005539
  ],
  "LOOKS": [
    0.00035194,
    0.00035201
  ],
  "BDXN": [
    0.00184335,
    0.00184702
  ],
  "MOONPIG": [
    0.00029171,
    0.0002925
  ],
  "ROOT": [
    0.00005993,
    0.00005963
  ],
  "CHILLGUY": [
    0.0000713,
    0.00007119
  ],
  "APU": [
    0.00003446,
    0.00003446
  ],
  "CHESS": [
    0.00016137,
    0.00016065
  ],
  "HOLO": [
    0.0000126,
    0.0000122
  ],
  "RATS": [
    0.0000367,
    0.00003691
  ],
  "GMMT": [
    0.00367251,
    0.00369473
  ],
  "ADB": [
    null,
    null
  ]
}