{
  "PUMP": [
    0.00175725,
    0.00175912
  ],
  "STABLE": [
    0.03389278,
    0.03400099
  ],
  "SIREN": [
    0.678799,
    0.680796
  ],
  "AERO": [
    0.450214,
    0.455941
  ],
  "MON": [
    0.0308724,
    0.0308667
  ],
  "JASMY": [
    0.00588357,
    0.00593377
  ],
  "LIT": [
    0.929509,
    0.931404
  ],
  "SKYAI": [
    0.184877,
    0.184592
  ],
  "CVX": [
    1.78,
    1.79
  ],
  "BAT": [
    0.104883,
    0.104955
  ],
  "ATH": [
    0.00609815,
    0.00609186
  ],
  "CHEEMS": [
    5.70257e-7,
    5.75883e-7
  ],
  "COW": [
    0.191629,
    0.192684
  ],
  "BANANAS31": [
    0.00948858,
    0.00962658
  ],
  "BAN": [
    0.089707,
    0.087327
  ],
  "SAHARA": [
    0.02666729,
    0.02524031
  ],
  "CKB": [
    0.00161064,
    0.00167465
  ],
  "BEAT": [
    0.554473,
    0.565451
  ],
  "ONT": [
    0.074293,
    0.074119
  ],
  "TAG": [
    0.00067048,
    0.00067311
  ],
  "NPC": [
    0.00841849,
    0.00843923
  ],
  "ARC": [
    0.064925,
    0.065058
  ],
  "POLYX": [
    0.051113,
    0.051177
  ],
  "MYX": [
    0.254659,
    0.256873
  ],
  "MERL": [
    0.03745966,
    0.03763073
  ],
  "CSPR": [
    0.00289399,
    0.00288776
  ],
  "IOTX": [
    0.00482567,
    0.00481657
  ],
  "HUMA": [
    0.02398804,
    0.02470061
  ],
  "NOT": [
    0.00042334,
    0.0004243
  ],
  "NEIRO": [
    0.00009069,
    0.00009131
  ],
  "SNEK": [
    0.00050154,
    0.0005061
  ],
  "MAGMA": [
    0.195595,
    0.193415
  ],
  "REZ": [
    0.00398874,
    0.00396567
  ],
  "SATS": [
    1.4648e-8,
    1.4611e-8
  ],
  "ISLM": [
    0.01189234,
    0.01188315
  ],
  "DEP": [
    0.00111216,
    0.00111075
  ],
  "SPELL": [
    0.00016608,
    0.00016553
  ],
  "CPOOL": [
    0.02696793,
    0.02684958
  ],
  "SLP": [
    0.00071446,
    0.00072081
  ],
  "GUN": [
    0.01510329,
    0.01511631
  ],
  "ALLO": [
    0.116339,
    0.116179
  ],
  "DEGEN": [
    0.0006664,
    0.00066715
  ],
  "NYM": [
    0.02952739,
    0.02951464
  ],
  "INIT": [
    0.090313,
    0.090234
  ],
  "LRC": [
    0.01703123,
    0.01705766
  ],
  "CORN": [
    0.04006385,
    0.04009416
  ],
  "NIL": [
    0.0439478,
    0.04408086
  ],
  "AURORA": [
    0.02777393,
    0.02776401
  ],
  "SWARMS": [
    0.0186945,
    0.01849228
  ],
  "GRIFFAIN": [
    0.01773498,
    0.01772112
  ],
  "NEWT": [
    0.081333,
    0.081025
  ],
  "BOB": [
    0.00599635,
    0.00597554
  ],
  "L3": [
    0.01106647,
    0.01089377
  ],
  "BANK": [
    0.03421705,
    0.03419027
  ],
  "DSYNC": [
    0.01445306,
    0.01445508
  ],
  "SONIC": [
    0.03822983,
    0.03855834
  ],
  "MUBARAK": [
    0.01356688,
    0.01364611
  ],
  "TLM": [
    0.00189013,
    0.00189292
  ],
  "HONEY": [
    0.00207454,
    0.00206976
  ],
  "AIN": [
    0.062566,
    0.062355
  ],
  "IKA": [
    0.00374175,
    0.00374175
  ],
  "PAAL": [
    0.01249398,
    0.01249122
  ],
  "DAO": [
    0.04361881,
    0.04430735
  ],
  "RESOLV": [
    0.02754424,
    0.02766147
  ],
  "HMSTR": [
    0.00015742,
    0.00015742
  ],
  "COQ": [
    1.44108e-7,
    1.45432e-7
  ],
  "TAI": [
    0.01661823,
    0.01666632
  ],
  "LAT": [
    0.00133243,
    0.00133207
  ],
  "AVL": [
    0.02678413,
    0.02655858
  ],
  "FUEL": [
    0.00093595,
    0.00093532
  ],
  "NAVX": [
    0.00872175,
    0.00877336
  ],
  "NKN": [
    0.00835697,
    0.00843787
  ],
  "PIXEL": [
    0.0080298,
    0.00804485
  ],
  "COS": [
    0.00118172,
    0.00118577
  ],
  "SOLV": [
    0.00412685,
    0.00408959
  ],
  "OBT": [
    0.00104061,
    0.00103196
  ],
  "DENT": [
    0.00006056,
    0.00006034
  ],
  "ROAM": [
    0.01621984,
    0.01622387
  ],
  "RSS3": [
    0.00577674,
    0.00578203
  ],
  "FWOG": [
    0.00474421,
    0.0047512
  ],
  "DMC": [
    0.00070695,
    0.00071008
  ],
  "FHE": [
    0.01821363,
    0.01819983
  ],
  "OAS": [
    0.00058748,
    0.00058891
  ],
  "LYXE": [
    0.236462,
    0.236727
  ],
  "FORTH": [
    0.248898,
    0.247745
  ],
  "RDNT": [
    0.00187959,
    0.00188274
  ],
  "HOOK": [
    0.00840025,
    0.00840269
  ],
  "GEAR": [
    0.00022759,
    0.00022666
  ],
  "SAMO": [
    0.00038255,
    0.00038527
  ],
  "CUDIS": [
    0.00793858,
    0.00794103
  ],
  "PERP": [
    0.02625654,
    0.02629383
  ],
  "EPT": [
    0.00074202,
    0.00074307
  ],
  "PTB": [
    0.00081729,
    0.00082642
  ],
  "FIS": [
    0.01058652,
    0.01062878
  ],
  "HIPPO": [
    0.00016181,
    0.00016074
  ],
  "GORK": [
    0.00153184,
    0.00153642
  ],
  "FLM": [
    0.00269157,
    0.0026872
  ],
  "SAROS": [
    0.00050415,
    0.00050424
  ],
  "DATA": [
    0.00074782,
    0.00074941
  ],
  "INSP": [
    0.00108659,
    0.00109675
  ],
  "ACA": [
    0.00068137,
    0.00068288
  ],
  "FOXY": [
    0.00011896,
    0.00011898
  ],
  "A2Z": [
    0.00006902,
    0.00006901
  ],
  "RFC": [
    0.00059974,
    0.00058908
  ],
  "SWTCH": [
    0.00339422,
    0.00338644
  ],
  "DUCK": [
    0.00006941,
    0.0000693
  ],
  "LOOKS": [
    0.00035367,
    0.00035657
  ],
  "MOONPIG": [
    0.0003046,
    0.00029388
  ],
  "BDXN": [
    0.00163457,
    0.0016284
  ],
  "ROOT": [
    0.00006022,
    0.00006012
  ],
  "CHILLGUY": [
    0.00014197,
    0.00014205
  ],
  "APU": [
    0.00004473,
    0.00004461
  ],
  "CHESS": [
    0.00016299,
    0.000169
  ],
  "HOLO": [
    0.00001224,
    0.00001228
  ],
  "GMMT": [
    0.0025439,
    0.00254324
  ],
  "RATS": [
    0.00003751,
    0.00003798
  ],
  "ADB": [
    null,
    null
  ]
}