{
  "PUMP": [
    0.00165322,
    0.00166111
  ],
  "STABLE": [
    0.02782249,
    0.02708722
  ],
  "MON": [
    0.02742058,
    0.02755953
  ],
  "AERO": [
    0.311008,
    0.311987
  ],
  "JASMY": [
    0.00527901,
    0.00530111
  ],
  "LIT": [
    0.949706,
    0.955339
  ],
  "SIREN": [
    0.22175,
    0.228569
  ],
  "CVX": [
    1.69,
    1.7
  ],
  "BAT": [
    0.09444,
    0.094292
  ],
  "BANANAS31": [
    0.01283107,
    0.01279151
  ],
  "ATH": [
    0.00645051,
    0.00650688
  ],
  "COW": [
    0.202073,
    0.201412
  ],
  "ONT": [
    0.102369,
    0.102861
  ],
  "CHEEMS": [
    4.13684e-7,
    4.16361e-7
  ],
  "TAG": [
    0.00077568,
    0.00075498
  ],
  "SKYAI": [
    0.072946,
    0.077698
  ],
  "CKB": [
    0.00150438,
    0.00150922
  ],
  "POLYX": [
    0.056339,
    0.057007
  ],
  "SAHARA": [
    0.02166422,
    0.02242103
  ],
  "NPC": [
    0.00723422,
    0.00724086
  ],
  "BAN": [
    0.057374,
    0.057246
  ],
  "ARC": [
    0.05565,
    0.054732
  ],
  "BEAT": [
    0.343547,
    0.346582
  ],
  "CSPR": [
    0.00291463,
    0.0029256
  ],
  "IOTX": [
    0.00448333,
    0.00449888
  ],
  "MYX": [
    0.208004,
    0.209159
  ],
  "NOT": [
    0.00035556,
    0.00035539
  ],
  "DEP": [
    0.00114416,
    0.0011407
  ],
  "SNEK": [
    0.0004201,
    0.0004162
  ],
  "ISLM": [
    0.01191905,
    0.01207154
  ],
  "NYM": [
    0.03412892,
    0.03414119
  ],
  "REZ": [
    0.00337497,
    0.00345614
  ],
  "SPELL": [
    0.00016182,
    0.00015962
  ],
  "MERL": [
    0.0222596,
    0.02269098
  ],
  "GUN": [
    0.01519082,
    0.01514104
  ],
  "HUMA": [
    0.01427337,
    0.01418663
  ],
  "DEGEN": [
    0.00065562,
    0.00066124
  ],
  "CORN": [
    0.04496094,
    0.04494926
  ],
  "NEIRO": [
    0.00005486,
    0.00005538
  ],
  "ALLO": [
    0.103508,
    0.105183
  ],
  "SATS": [
    1.0811e-8,
    1.0773e-8
  ],
  "LRC": [
    0.0181497,
    0.01792446
  ],
  "MAGMA": [
    0.121358,
    0.115936
  ],
  "CPOOL": [
    0.02298412,
    0.02247097
  ],
  "SLP": [
    0.00058438,
    0.0005836
  ],
  "AURORA": [
    0.02580136,
    0.0257233
  ],
  "DENT": [
    0.0001784,
    0.00017817
  ],
  "BOB": [
    0.00551281,
    0.00554786
  ],
  "RESOLV": [
    0.03945177,
    0.03949306
  ],
  "INIT": [
    0.082122,
    0.081939
  ],
  "NIL": [
    0.03344919,
    0.0338373
  ],
  "DAO": [
    0.056357,
    0.056578
  ],
  "DSYNC": [
    0.01417,
    0.01413719
  ],
  "NEWT": [
    0.064828,
    0.064854
  ],
  "SONIC": [
    0.03676264,
    0.03691395
  ],
  "IKA": [
    0.00448511,
    0.00431862
  ],
  "L3": [
    0.00919205,
    0.00920258
  ],
  "BANK": [
    0.02830807,
    0.02847671
  ],
  "HONEY": [
    0.00206057,
    0.0020845
  ],
  "PAAL": [
    0.01320802,
    0.0129985
  ],
  "GRIFFAIN": [
    0.01163248,
    0.01172005
  ],
  "MUBARAK": [
    0.0111464,
    0.0111716
  ],
  "AIN": [
    0.058861,
    0.058619
  ],
  "ROAM": [
    0.0299963,
    0.03120874
  ],
  "TLM": [
    0.00161221,
    0.00160819
  ],
  "TAI": [
    0.01651139,
    0.01662868
  ],
  "AVL": [
    0.03248661,
    0.03250622
  ],
  "SWARMS": [
    0.00878064,
    0.00927815
  ],
  "HMSTR": [
    0.00013988,
    0.00013969
  ],
  "LAT": [
    0.00131171,
    0.00130942
  ],
  "NKN": [
    0.00989598,
    0.01004259
  ],
  "NAVX": [
    0.0088837,
    0.00878488
  ],
  "FUEL": [
    0.00091692,
    0.00091745
  ],
  "RSS3": [
    0.00684427,
    0.00745891
  ],
  "COQ": [
    9.5724e-8,
    9.3959e-8
  ],
  "SOLV": [
    0.0043467,
    0.00425815
  ],
  "COS": [
    0.0012132,
    0.00119457
  ],
  "OBT": [
    0.0010362,
    0.00105196
  ],
  "PIXEL": [
    0.00657986,
    0.0064651
  ],
  "FWOG": [
    0.00467948,
    0.00467898
  ],
  "DMC": [
    0.0007174,
    0.00071511
  ],
  "FHE": [
    0.01763866,
    0.01740403
  ],
  "LYXE": [
    0.261288,
    0.262017
  ],
  "HIPPO": [
    0.00038123,
    0.00040349
  ],
  "RDNT": [
    0.00260011,
    0.00260782
  ],
  "GEAR": [
    0.0002853,
    0.00029575
  ],
  "FORTH": [
    0.246911,
    0.247761
  ],
  "DUCK": [
    0.00032716,
    0.00034
  ],
  "SAMO": [
    0.00043426,
    0.00044002
  ],
  "OAS": [
    0.00034845,
    0.00035142
  ],
  "HOOK": [
    0.00780277,
    0.007816
  ],
  "FIS": [
    0.01289437,
    0.01293943
  ],
  "PERP": [
    0.02654695,
    0.02751537
  ],
  "CUDIS": [
    0.00768813,
    0.00771748
  ],
  "EPT": [
    0.00073253,
    0.00073008
  ],
  "FLM": [
    0.00291831,
    0.00293409
  ],
  "PTB": [
    0.00063365,
    0.00067357
  ],
  "GORK": [
    0.00130413,
    0.00131214
  ],
  "DATA": [
    0.00097462,
    0.00097472
  ],
  "SAROS": [
    0.00046626,
    0.00046937
  ],
  "INSP": [
    0.00118814,
    0.00119356
  ],
  "ACA": [
    0.00077862,
    0.00078079
  ],
  "A2Z": [
    0.0001028,
    0.00010341
  ],
  "SWTCH": [
    0.00378294,
    0.00367262
  ],
  "FOXY": [
    0.00008502,
    0.00008604
  ],
  "RFC": [
    0.00052037,
    0.00051307
  ],
  "LOOKS": [
    0.00039097,
    0.00040255
  ],
  "BDXN": [
    0.00199271,
    0.00198422
  ],
  "MOONPIG": [
    0.00029582,
    0.00029393
  ],
  "ROOT": [
    0.00006224,
    0.00006206
  ],
  "CHESS": [
    0.00040784,
    0.00041167
  ],
  "CHILLGUY": [
    0.00006718,
    0.00006718
  ],
  "APU": [
    0.00002979,
    0.00002987
  ],
  "HOLO": [
    0.00001327,
    0.00001583
  ],
  "RATS": [
    0.00003666,
    0.00003657
  ],
  "GMMT": [
    0.00406694,
    0.00407834
  ],
  "ADB": [
    null,
    null
  ]
}