{
  "PUMP": [
    0.00176003,
    0.00174835
  ],
  "STABLE": [
    0.03357674,
    0.03347921
  ],
  "SIREN": [
    0.68039,
    0.670327
  ],
  "AERO": [
    0.469971,
    0.474675
  ],
  "MON": [
    0.03123893,
    0.03091232
  ],
  "JASMY": [
    0.00588218,
    0.00586069
  ],
  "LIT": [
    0.915364,
    0.91321
  ],
  "SKYAI": [
    0.184964,
    0.184397
  ],
  "CVX": [
    1.77,
    1.78
  ],
  "BAT": [
    0.105203,
    0.104619
  ],
  "CHEEMS": [
    5.86389e-7,
    5.82532e-7
  ],
  "ATH": [
    0.00606004,
    0.00601618
  ],
  "COW": [
    0.191997,
    0.190624
  ],
  "BANANAS31": [
    0.00971401,
    0.00949495
  ],
  "BAN": [
    0.085772,
    0.084389
  ],
  "CKB": [
    0.00163865,
    0.00164781
  ],
  "BEAT": [
    0.565047,
    0.565132
  ],
  "SAHARA": [
    0.0240369,
    0.02394303
  ],
  "TAG": [
    0.00067819,
    0.00066849
  ],
  "ONT": [
    0.072155,
    0.072384
  ],
  "NPC": [
    0.0084483,
    0.00847507
  ],
  "ARC": [
    0.065127,
    0.06615
  ],
  "POLYX": [
    0.050915,
    0.050773
  ],
  "MYX": [
    0.258652,
    0.262896
  ],
  "MERL": [
    0.03834515,
    0.03865132
  ],
  "CSPR": [
    0.0029002,
    0.00290249
  ],
  "IOTX": [
    0.00486637,
    0.00484024
  ],
  "HUMA": [
    0.02425468,
    0.02444634
  ],
  "NOT": [
    0.00042288,
    0.00042213
  ],
  "MAGMA": [
    0.209192,
    0.20687
  ],
  "SNEK": [
    0.00050605,
    0.00050732
  ],
  "NEIRO": [
    0.0000892,
    0.00008789
  ],
  "REZ": [
    0.00394752,
    0.00399232
  ],
  "SATS": [
    1.4592e-8,
    1.461e-8
  ],
  "ISLM": [
    0.01186433,
    0.01186455
  ],
  "DEP": [
    0.00110901,
    0.00110904
  ],
  "SPELL": [
    0.0001661,
    0.00016616
  ],
  "CPOOL": [
    0.02694093,
    0.02718412
  ],
  "GUN": [
    0.01510383,
    0.01507428
  ],
  "ALLO": [
    0.114983,
    0.115219
  ],
  "SLP": [
    0.00071065,
    0.00071242
  ],
  "DEGEN": [
    0.00066733,
    0.00066976
  ],
  "NYM": [
    0.02943012,
    0.02942153
  ],
  "INIT": [
    0.088801,
    0.090384
  ],
  "LRC": [
    0.01719091,
    0.01718872
  ],
  "CORN": [
    0.04004463,
    0.04000252
  ],
  "NIL": [
    0.04498166,
    0.04445712
  ],
  "AURORA": [
    0.02773064,
    0.02770996
  ],
  "SWARMS": [
    0.01870943,
    0.01845723
  ],
  "GRIFFAIN": [
    0.01740707,
    0.0176087
  ],
  "NEWT": [
    0.081024,
    0.081136
  ],
  "BOB": [
    0.00583798,
    0.00582877
  ],
  "L3": [
    0.01127958,
    0.0109532
  ],
  "BANK": [
    0.03417896,
    0.03423172
  ],
  "DSYNC": [
    0.01404533,
    0.01401113
  ],
  "AIN": [
    0.076758,
    0.075502
  ],
  "SONIC": [
    0.03860369,
    0.03856422
  ],
  "MUBARAK": [
    0.01367359,
    0.01369968
  ],
  "TLM": [
    0.00189382,
    0.00188374
  ],
  "HONEY": [
    0.00206882,
    0.00205321
  ],
  "DAO": [
    0.04622547,
    0.04608555
  ],
  "RESOLV": [
    0.02833618,
    0.02962083
  ],
  "IKA": [
    0.00374196,
    0.00374241
  ],
  "PAAL": [
    0.01241334,
    0.01243048
  ],
  "HMSTR": [
    0.00015708,
    0.00015597
  ],
  "COQ": [
    1.43074e-7,
    1.42677e-7
  ],
  "TAI": [
    0.01650959,
    0.01650127
  ],
  "LAT": [
    0.00133002,
    0.00133031
  ],
  "AVL": [
    0.02662813,
    0.02685874
  ],
  "FUEL": [
    0.0009341,
    0.00093621
  ],
  "NAVX": [
    0.00870278,
    0.00873434
  ],
  "NKN": [
    0.00854885,
    0.00857298
  ],
  "PIXEL": [
    0.00815681,
    0.0081274
  ],
  "COS": [
    0.00116948,
    0.00117443
  ],
  "SOLV": [
    0.0040933,
    0.00407382
  ],
  "OBT": [
    0.00103635,
    0.0010323
  ],
  "DENT": [
    0.00006141,
    0.00006054
  ],
  "ROAM": [
    0.01567251,
    0.01581864
  ],
  "RSS3": [
    0.00581205,
    0.00581879
  ],
  "DMC": [
    0.00070923,
    0.00071682
  ],
  "FWOG": [
    0.00476442,
    0.00479916
  ],
  "FHE": [
    0.01801852,
    0.01800326
  ],
  "OAS": [
    0.00058758,
    0.00058045
  ],
  "LYXE": [
    0.242784,
    0.242427
  ],
  "FORTH": [
    0.246723,
    0.245757
  ],
  "RDNT": [
    0.00187872,
    0.00189376
  ],
  "HOOK": [
    0.00842208,
    0.00839445
  ],
  "GEAR": [
    0.00022912,
    0.00022992
  ],
  "SAMO": [
    0.00038398,
    0.00038383
  ],
  "CUDIS": [
    0.00802334,
    0.00798178
  ],
  "PERP": [
    0.02628503,
    0.02638346
  ],
  "EPT": [
    0.00073881,
    0.00074584
  ],
  "PTB": [
    0.00081103,
    0.00081861
  ],
  "FIS": [
    0.01071891,
    0.01069572
  ],
  "HIPPO": [
    0.0001596,
    0.00015959
  ],
  "FLM": [
    0.00270875,
    0.00278618
  ],
  "GORK": [
    0.00150626,
    0.00150276
  ],
  "SAROS": [
    0.00050138,
    0.00050268
  ],
  "DATA": [
    0.00075104,
    0.00075241
  ],
  "INSP": [
    0.00109265,
    0.00108757
  ],
  "ACA": [
    0.00068526,
    0.00068347
  ],
  "FOXY": [
    0.00011811,
    0.00011889
  ],
  "A2Z": [
    0.00006984,
    0.00007015
  ],
  "RFC": [
    0.00059018,
    0.00059197
  ],
  "DUCK": [
    0.00007131,
    0.00007057
  ],
  "SWTCH": [
    0.00339326,
    0.00339029
  ],
  "LOOKS": [
    0.00036206,
    0.00036205
  ],
  "MOONPIG": [
    0.00029501,
    0.00029394
  ],
  "BDXN": [
    0.00160589,
    0.00160945
  ],
  "ROOT": [
    0.00005862,
    0.00006061
  ],
  "CHILLGUY": [
    0.00014201,
    0.00014177
  ],
  "APU": [
    0.00004467,
    0.0000442
  ],
  "CHESS": [
    0.00017024,
    0.00017029
  ],
  "HOLO": [
    0.00001228,
    0.00001228
  ],
  "GMMT": [
    0.00253176,
    0.00264477
  ],
  "RATS": [
    0.00003785,
    0.00003721
  ],
  "ADB": [
    null,
    null
  ]
}