{
  "PC0000085": [
    1,
    1
  ],
  "STLS": [
    0.00261996,
    0.00261996
  ],
  "HYGT": [
    0.00022363,
    0.00022363
  ],
  "HODL": [
    0.00048817,
    0.0004888
  ],
  "MORPH": [
    9.9995e-8,
    9.9746e-8
  ],
  "SPADE": [
    0.00539112,
    0.00539112
  ],
  "BLUE": [
    0.00002889,
    0.00003671
  ],
  "WORK": [
    0.00008139,
    0.00008139
  ],
  "THE": [
    0.00008631,
    0.00008631
  ],
  "NMC": [
    0.935771,
    0.936768
  ],
  "STT": [
    0.057475,
    0.057484
  ],
  "A1X": [
    0.00032869,
    0.0003283
  ],
  "CBTM": [
    0.00000363,
    0.00000362
  ],
  "ARTL": [
    0.00850008,
    0.00850008
  ],
  "LLAMA": [
    0.0069592,
    0.00696551
  ],
  "KINGY": [
    0.02535336,
    0.02534235
  ],
  "PENGU": [
    0.00006889,
    0.00006889
  ],
  "LICK": [
    0.00000402,
    0.00000402
  ],
  "BTCPAY": [
    0.00303193,
    0.00303278
  ],
  "BLERF": [
    0.0000015,
    0.0000015
  ],
  "ACRDX": [
    1.012,
    1.012
  ],
  "MAAL": [
    0.161486,
    0.161486
  ],
  "BAC": [
    0.00233623,
    0.00233534
  ],
  "MORK": [
    0.00010703
  ],
  "ABBC": [
    0.00589607,
    0.00589633
  ],
  "DEFAI": [
    0.00001393,
    0.00001393
  ],
  "XAH": [
    0.02798253
  ],
  "$SWING": [
    0.00010207,
    0.00010218
  ],
  "CKC": [
    0.00012069
  ],
  "TXT": [
    0.00049598,
    0.00049598
  ],
  "CSTAR": [
    0.00000305,
    0.00000305
  ],
  "CFG": [
    0.131173,
    0.13162
  ],
  "COLS": [
    0.01416924,
    0.01417971
  ],
  "CAT": [
    8.5838e-11,
    8.5838e-11
  ],
  "SGT": [
    0.096442,
    0.096452
  ],
  "FLEX": [
    0.0009259,
    0.00091276
  ],
  "LRST": [
    0.00006829,
    0.00006897
  ],
  "LOBO": [
    0.00001813
  ],
  "DRGX": [
    0.02633848,
    0.02318587
  ],
  "CRAB": [
    0.00108544,
    0.00108544
  ],
  "YND": [
    0.0007613,
    0.0007612
  ],
  "BURGER": [
    0.00070054,
    0.00070072
  ],
  "GARY": [
    0.02114242,
    0.02115897
  ],
  "PIG": [
    1.3966e-8,
    1.3977e-8
  ],
  "PC0000081": [
    1,
    1
  ],
  "CBE": [
    5.3675e-8,
    5.3675e-8
  ],
  "GBTC": [
    0.02527444,
    0.02527444
  ],
  "GRAPE": [
    0.00006199,
    0.00006198
  ],
  "MPH": [
    0.0105975,
    0.01043513
  ],
  "SDG": [
    0.00072985
  ],
  "ZET": [
    0.00142321,
    0.00142321
  ],
  "TOWELI": [
    0.0000441,
    0.0000441
  ],
  "FERRET": [
    0.00001837,
    0.00001837
  ],
  "MILK": [
    0.04750069,
    0.04750069
  ],
  "SOLC": [
    0.01680361,
    0.01683521
  ],
  "GEM": [
    0.00058884,
    0.00058884
  ],
  "KNET": [
    0.0002538,
    0.00025333
  ],
  "BOOP": [
    0.00852385,
    0.00852385
  ],
  "USEU": [
    0.92637,
    0.92637
  ],
  "BEANS": [
    0.00252504,
    0.00252504
  ],
  "YFX": [
    0.00432117,
    0.00432117
  ],
  "CARAT": [
    0.237831,
    0.237831
  ],
  "NUTS": [
    0.00352952,
    0.00352952
  ],
  "$MEMEME": [
    0.00000106,
    0.00000106
  ],
  "SPY.D": [
    6.7882e-10,
    6.7882e-10
  ],
  "AGUSTO": [
    0.000004,
    0.000004
  ],
  "NEXUS": [
    0.00001287,
    0.00001287
  ],
  "IDLEDAISAFE": [
    1.23,
    1.23
  ],
  "RIZZ": [
    2.6175e-11
  ],
  "REWARD": [
    0.00018752,
    0.00018752
  ],
  "ACP": [
    0.00027301,
    0.00027302
  ],
  "ZENIQ": [
    0.00489839,
    0.00489865
  ],
  "FAH": [
    1.36,
    1.36
  ],
  "BTC20": [
    0.00754545,
    0.00753692
  ],
  "UNITE": [
    1.86,
    1.86
  ],
  "FNZ": [
    0.0000194,
    0.0000194
  ],
  "BTAF": [
    0.02716989,
    0.02717479
  ],
  "ZIOW": [
    0.59829,
    0.563438
  ],
  "ROLL": [
    0.00004723
  ],
  "AI": [
    0.00000814,
    0.00000814
  ],
  "LEE": [
    0.978647,
    0.978587
  ],
  "CRAZYTIGER": [
    0,
    0
  ],
  "SHAN": [
    0.00017794,
    0.00011856
  ],
  "FPL": [
    0.00173682,
    0.00173523
  ],
  "TIMMI": [
    0.00001159
  ],
  "OFF": [
    0.00588987,
    0.00588987
  ],
  "GFI": [
    0.00017388,
    0.00017428
  ],
  "NU": [
    0.02116942
  ],
  "VYFI": [
    0.00959553,
    0.00959553
  ],
  "BCAT": [
    0.0094739
  ],
  "OSHI": [
    0.03054196,
    0.03054313
  ],
  "LIGO": [
    2.30897e-7
  ],
  "VAPE": [
    0.055852
  ],
  "FSONIC": [
    0.00003383
  ],
  "DRC": [
    0.289815
  ],
  "CHUCHU": [
    0.00844603
  ],
  "ELIX": [
    0.0003061,
    0.00030482
  ],
  "DD": [
    0.03827267
  ],
  "RFRM": [
    0.0022084,
    0.00220322
  ],
  "KLTR": [
    0.01459832,
    0.01458037
  ],
  "MECO": [
    0.00001889,
    0.00001889
  ],
  "ZERO": [
    0.04885383
  ],
  "PTH": [
    3.9089e-8
  ],
  "BULL": [
    4.76413e-10
  ],
  "HANEP": [
    0.0186128,
    0.01864273
  ],
  "SFROG": [
    7.93995e-7
  ],
  "BOZO": [
    4.4046e-10
  ],
  "HAI": [
    0.00032046,
    0.00032046
  ],
  "QWLA": [
    0.085267,
    0.085237
  ],
  "ACM": [
    0.01290972
  ],
  "GLE": [
    0.0012618
  ],
  "SONORC": [
    8.2997e-7
  ],
  "BLAST": [
    0.0000057
  ],
  "TNGBL": [
    0.378964
  ],
  "GEAR": [
    0.04584177
  ],
  "CRONA": [
    0.00024228
  ],
  "$FORGE": [
    0.01645363,
    0.01647113
  ],
  "TGR": [
    0.01593488,
    0.01593573
  ],
  "EMIT": [
    0.00002756
  ],
  "AITAX": [
    0.00013574
  ],
  "BRISH": [
    0.00001094
  ],
  "NYAN": [
    0.00031488
  ],
  "SCCN": [
    0.00272143,
    0.00271808
  ],
  "SHELL": [
    0.00120223
  ],
  "HERO": [
    0.00004342
  ],
  "ZLW": [
    0.00121867
  ]
}