{
  "STABLE": [
    0.03417882,
    0.03388325
  ],
  "PUMP": [
    0.00181738,
    0.00181533
  ],
  "SIREN": [
    0.713958,
    0.710537
  ],
  "AERO": [
    0.454906,
    0.453122
  ],
  "SKYAI": [
    0.368056,
    0.358185
  ],
  "MON": [
    0.03006683,
    0.03004809
  ],
  "JASMY": [
    0.00563395,
    0.00563423
  ],
  "LIT": [
    0.883081,
    0.885162
  ],
  "CVX": [
    1.73,
    1.73
  ],
  "BAT": [
    0.096743,
    0.097106
  ],
  "CHEEMS": [
    6.0433e-7,
    6.01417e-7
  ],
  "ATH": [
    0.00580582,
    0.00580745
  ],
  "TAG": [
    0.00091742,
    0.00095364
  ],
  "COW": [
    0.185172,
    0.185072
  ],
  "BANANAS31": [
    0.009831,
    0.00972368
  ],
  "BEAT": [
    0.582793,
    0.603113
  ],
  "SAHARA": [
    0.02299392,
    0.02301444
  ],
  "ARC": [
    0.073317,
    0.074854
  ],
  "CKB": [
    0.00149912,
    0.00149477
  ],
  "BAN": [
    0.07279,
    0.072588
  ],
  "ONT": [
    0.070697,
    0.070801
  ],
  "NPC": [
    0.00788905,
    0.00784596
  ],
  "POLYX": [
    0.0476763,
    0.04770066
  ],
  "MYX": [
    0.25818,
    0.257262
  ],
  "CSPR": [
    0.00279213,
    0.00283897
  ],
  "MAGMA": [
    0.228022,
    0.229895
  ],
  "IOTX": [
    0.00447219,
    0.00447352
  ],
  "ISLM": [
    0.01176448,
    0.01185458
  ],
  "REZ": [
    0.0049741,
    0.00489981
  ],
  "MERL": [
    0.03161554,
    0.03141985
  ],
  "NOT": [
    0.00038406,
    0.00038542
  ],
  "NEIRO": [
    0.00009029,
    0.00009089
  ],
  "HUMA": [
    0.02198835,
    0.0220512
  ],
  "SNEK": [
    0.00045918,
    0.00046163
  ],
  "DEP": [
    0.00111466,
    0.001117
  ],
  "SATS": [
    1.438e-8,
    1.4501e-8
  ],
  "SPELL": [
    0.00016711,
    0.0001669
  ],
  "ALLO": [
    0.119405,
    0.120422
  ],
  "SWARMS": [
    0.02629168,
    0.02655443
  ],
  "GUN": [
    0.01440609,
    0.01442938
  ],
  "CPOOL": [
    0.02571994,
    0.02572974
  ],
  "SLP": [
    0.00070159,
    0.00069993
  ],
  "DEGEN": [
    0.00067296,
    0.00067335
  ],
  "CORN": [
    0.0402296,
    0.04024297
  ],
  "LRC": [
    0.0167909,
    0.01676456
  ],
  "AURORA": [
    0.02637616,
    0.02638036
  ],
  "NIL": [
    0.04130941,
    0.0411886
  ],
  "L3": [
    0.01242781,
    0.01243973
  ],
  "GRIFFAIN": [
    0.01778679,
    0.01798544
  ],
  "AIN": [
    0.095347,
    0.094251
  ],
  "INIT": [
    0.089709,
    0.088305
  ],
  "BOB": [
    0.00563776,
    0.00566959
  ],
  "NYM": [
    0.02015115,
    0.01963628
  ],
  "NEWT": [
    0.074002,
    0.07376
  ],
  "BANK": [
    0.03337627,
    0.03328099
  ],
  "SONIC": [
    0.03749581,
    0.03729312
  ],
  "MUBARAK": [
    0.01341142,
    0.01341702
  ],
  "DSYNC": [
    0.01301701,
    0.0130053
  ],
  "TLM": [
    0.00184625,
    0.00184072
  ],
  "PAAL": [
    0.01318538,
    0.01289963
  ],
  "RESOLV": [
    0.02849761,
    0.02865685
  ],
  "HONEY": [
    0.00180719,
    0.00180872
  ],
  "DAO": [
    0.0419051,
    0.04196717
  ],
  "IKA": [
    0.00332259,
    0.00330729
  ],
  "HMSTR": [
    0.00015302,
    0.00015208
  ],
  "COQ": [
    1.34613e-7,
    1.35009e-7
  ],
  "LAT": [
    0.00133215,
    0.00132823
  ],
  "TAI": [
    0.01502503,
    0.01490852
  ],
  "RSS3": [
    0.00553137,
    0.00553456
  ],
  "AVL": [
    0.02731091,
    0.0266625
  ],
  "FUEL": [
    0.00091062,
    0.0009022
  ],
  "NAVX": [
    0.0087634,
    0.00874479
  ],
  "SOLV": [
    0.00453783,
    0.00453601
  ],
  "NKN": [
    0.00795266,
    0.00794312
  ],
  "PIXEL": [
    0.00785595,
    0.00785258
  ],
  "COS": [
    0.00115458,
    0.00115401
  ],
  "OBT": [
    0.00100886,
    0.00100785
  ],
  "FHE": [
    0.01867457,
    0.01851639
  ],
  "DMC": [
    0.00069,
    0.00069089
  ],
  "FWOG": [
    0.00453765,
    0.00452178
  ],
  "OAS": [
    0.00059772,
    0.00060029
  ],
  "LYXE": [
    0.256066,
    0.256066
  ],
  "DENT": [
    0.00004058,
    0.00004049
  ],
  "ROAM": [
    0.01060917,
    0.01049639
  ],
  "GEAR": [
    0.00032023,
    0.00032264
  ],
  "FORTH": [
    0.237783,
    0.236742
  ],
  "RDNT": [
    0.00179614,
    0.00179735
  ],
  "HOOK": [
    0.00790036,
    0.00797384
  ],
  "SAMO": [
    0.00035788,
    0.0003545
  ],
  "CUDIS": [
    0.00783521,
    0.00783582
  ],
  "PERP": [
    0.02562939,
    0.02556082
  ],
  "EPT": [
    0.00072337,
    0.00073012
  ],
  "SAROS": [
    0.00063007,
    0.00062947
  ],
  "PTB": [
    0.00078148,
    0.00078268
  ],
  "HIPPO": [
    0.0001615,
    0.00016188
  ],
  "FIS": [
    0.01021703,
    0.01024367
  ],
  "FLM": [
    0.00254463,
    0.00255533
  ],
  "GORK": [
    0.00138928,
    0.00138497
  ],
  "DATA": [
    0.00070988,
    0.00070681
  ],
  "A2Z": [
    0.00009563,
    0.00009679
  ],
  "ACA": [
    0.00066937,
    0.00067114
  ],
  "INSP": [
    0.0009218,
    0.00092122
  ],
  "FOXY": [
    0.00011588,
    0.00011591
  ],
  "DUCK": [
    0.00007198,
    0.00007208
  ],
  "RFC": [
    0.00055083,
    0.00055841
  ],
  "SWTCH": [
    0.00328817,
    0.00327271
  ],
  "LOOKS": [
    0.00034504,
    0.00034999
  ],
  "MOONPIG": [
    0.0002657,
    0.00026663
  ],
  "BDXN": [
    0.00162587,
    0.00163893
  ],
  "ROOT": [
    0.00005899,
    0.00005819
  ],
  "CHILLGUY": [
    0.00009074,
    0.00009074
  ],
  "APU": [
    0.00004334,
    0.0000434
  ],
  "CHESS": [
    0.00019165,
    0.00019163
  ],
  "HOLO": [
    0.00001187,
    0.00001187
  ],
  "GMMT": [
    0.00248611,
    0.00248659
  ],
  "RATS": [
    0.00003968,
    0.00004024
  ],
  "ADB": [
    null,
    null
  ]
}