{
  "PUMP": [
    0.00170513,
    0.00168838
  ],
  "STABLE": [
    0.02687265,
    0.02656459
  ],
  "AERO": [
    0.328679,
    0.326678
  ],
  "JASMY": [
    0.00544279,
    0.00540507
  ],
  "MON": [
    0.02496974,
    0.02440377
  ],
  "LIT": [
    0.907008,
    0.876317
  ],
  "SIREN": [
    0.229336,
    0.245067
  ],
  "CVX": [
    1.8,
    1.79
  ],
  "BAT": [
    0.101083,
    0.099914
  ],
  "BANANAS31": [
    0.01314392,
    0.01324872
  ],
  "ATH": [
    0.00700585,
    0.00696754
  ],
  "COW": [
    0.207113,
    0.206595
  ],
  "ONT": [
    0.123896,
    0.122852
  ],
  "CHEEMS": [
    4.6594e-7,
    4.74431e-7
  ],
  "TAG": [
    0.0006582,
    0.00070368
  ],
  "SAHARA": [
    0.02304853,
    0.02266981
  ],
  "CKB": [
    0.00145882,
    0.00145242
  ],
  "SKYAI": [
    0.061146,
    0.061916
  ],
  "NPC": [
    0.00756362,
    0.00750258
  ],
  "BEAT": [
    0.421424,
    0.42795
  ],
  "POLYX": [
    0.046549,
    0.04616882
  ],
  "BAN": [
    0.04483591,
    0.056798
  ],
  "ARC": [
    0.056103,
    0.05544
  ],
  "CSPR": [
    0.00323947,
    0.00319776
  ],
  "IOTX": [
    0.00455924,
    0.0045413
  ],
  "MYX": [
    0.216403,
    0.2155
  ],
  "NOT": [
    0.00036615,
    0.00036414
  ],
  "SNEK": [
    0.00043256,
    0.00044989
  ],
  "DEP": [
    0.00115949,
    0.00115837
  ],
  "ISLM": [
    0.01251972,
    0.01240193
  ],
  "GUN": [
    0.01734662,
    0.01703655
  ],
  "MERL": [
    0.02431008,
    0.02394457
  ],
  "NYM": [
    0.03413606,
    0.03408714
  ],
  "SPELL": [
    0.00016487,
    0.00016421
  ],
  "REZ": [
    0.00342105,
    0.00341325
  ],
  "DEGEN": [
    0.00070991,
    0.00069717
  ],
  "HUMA": [
    0.0145025,
    0.01415362
  ],
  "NEIRO": [
    0.00005852,
    0.00005831
  ],
  "BANK": [
    0.050179,
    0.057474
  ],
  "LRC": [
    0.01984907,
    0.01950106
  ],
  "ALLO": [
    0.106327,
    0.108683
  ],
  "CORN": [
    0.04486199,
    0.04484575
  ],
  "SATS": [
    1.108e-8,
    1.0998e-8
  ],
  "CPOOL": [
    0.0221878,
    0.02245826
  ],
  "SLP": [
    0.00060037,
    0.00059891
  ],
  "MAGMA": [
    0.105604,
    0.105378
  ],
  "AURORA": [
    0.0268161,
    0.02679521
  ],
  "DENT": [
    0.0001839,
    0.00018419
  ],
  "RESOLV": [
    0.03981366,
    0.03924769
  ],
  "NEWT": [
    0.069653,
    0.069351
  ],
  "DSYNC": [
    0.01547161,
    0.01483688
  ],
  "BOB": [
    0.0052676,
    0.00525942
  ],
  "DAO": [
    0.05931,
    0.05857
  ],
  "INIT": [
    0.078152,
    0.078885
  ],
  "NIL": [
    0.0336571,
    0.03402477
  ],
  "SONIC": [
    0.03870085,
    0.03858362
  ],
  "L3": [
    0.00963252,
    0.00955676
  ],
  "ROAM": [
    0.03702623,
    0.0366883
  ],
  "PAAL": [
    0.01383003,
    0.01371108
  ],
  "IKA": [
    0.00385352,
    0.00393373
  ],
  "MUBARAK": [
    0.01170678,
    0.01162019
  ],
  "GRIFFAIN": [
    0.01132602,
    0.01129308
  ],
  "HONEY": [
    0.00194242,
    0.00195019
  ],
  "TLM": [
    0.0016494,
    0.00166319
  ],
  "SWARMS": [
    0.00999442,
    0.0101486
  ],
  "AIN": [
    0.053311,
    0.053978
  ],
  "NKN": [
    0.01140252,
    0.01154778
  ],
  "TAI": [
    0.01592261,
    0.01575741
  ],
  "LAT": [
    0.0013058,
    0.00130535
  ],
  "HMSTR": [
    0.00013412,
    0.0001349
  ],
  "AVL": [
    0.02785723,
    0.02833468
  ],
  "NAVX": [
    0.00928223,
    0.00927857
  ],
  "FUEL": [
    0.00091958,
    0.00092149
  ],
  "COS": [
    0.0012935,
    0.00132589
  ],
  "COQ": [
    9.7315e-8,
    9.6322e-8
  ],
  "PIXEL": [
    0.00795162,
    0.00799987
  ],
  "SOLV": [
    0.00379509,
    0.00376168
  ],
  "HIPPO": [
    0.00054901,
    0.000539
  ],
  "OBT": [
    0.00101535,
    0.0010193
  ],
  "RSS3": [
    0.00558796,
    0.00566343
  ],
  "FWOG": [
    0.00525361,
    0.00517564
  ],
  "FHE": [
    0.01838245,
    0.01841195
  ],
  "DMC": [
    0.00074015,
    0.00074072
  ],
  "RDNT": [
    0.00359641,
    0.00342749
  ],
  "LYXE": [
    0.276528,
    0.277226
  ],
  "DUCK": [
    0.00049311,
    0.0005535
  ],
  "FORTH": [
    0.282546,
    0.286413
  ],
  "GEAR": [
    0.00030155,
    0.00030245
  ],
  "HOOK": [
    0.0089352,
    0.00873975
  ],
  "SAMO": [
    0.00042876,
    0.00042685
  ],
  "OAS": [
    0.00033791,
    0.00033789
  ],
  "FIS": [
    0.01368418,
    0.01363764
  ],
  "PERP": [
    0.02924423,
    0.02878244
  ],
  "CUDIS": [
    0.00789218,
    0.00797311
  ],
  "EPT": [
    0.0007496,
    0.00074477
  ],
  "PTB": [
    0.00076309,
    0.00078788
  ],
  "FLM": [
    0.00283992,
    0.00282082
  ],
  "SAROS": [
    0.00054902,
    0.00054688
  ],
  "GORK": [
    0.0014645,
    0.00142306
  ],
  "DATA": [
    0.00099904,
    0.00098942
  ],
  "INSP": [
    0.00144631,
    0.0014474
  ],
  "ACA": [
    0.0007718,
    0.000756
  ],
  "SWTCH": [
    0.00425552,
    0.00458837
  ],
  "A2Z": [
    0.00008389,
    0.00008307
  ],
  "FOXY": [
    0.00009531,
    0.00009552
  ],
  "RFC": [
    0.00056644,
    0.00056019
  ],
  "LOOKS": [
    0.00042648,
    0.00042265
  ],
  "BDXN": [
    0.00199793,
    0.00195438
  ],
  "MOONPIG": [
    0.00030601,
    0.00030393
  ],
  "CHESS": [
    0.00115377,
    0.0011699
  ],
  "ROOT": [
    0.00005899,
    0.00005899
  ],
  "CHILLGUY": [
    0.00006699,
    0.00006699
  ],
  "APU": [
    0.00003189,
    0.00003383
  ],
  "HOLO": [
    0.00001282,
    0.00001274
  ],
  "RATS": [
    0.0000379,
    0.00003758
  ],
  "GMMT": [
    0.00372282,
    0.00373782
  ],
  "ADB": [
    null,
    null
  ]
}