{
  "PUMP": [
    0.00158881,
    0.0016094
  ],
  "STABLE": [
    0.03507538,
    0.02930026
  ],
  "AERO": [
    0.313044,
    0.315207
  ],
  "JASMY": [
    0.00534437,
    0.00532147
  ],
  "MON": [
    0.02298396,
    0.02369225
  ],
  "LIT": [
    0.861261,
    0.931837
  ],
  "CVX": [
    1.69,
    1.7
  ],
  "BAT": [
    0.093874,
    0.093937
  ],
  "SIREN": [
    0.198658,
    0.190315
  ],
  "BANANAS31": [
    0.0134358,
    0.01318066
  ],
  "ATH": [
    0.00656805,
    0.00653421
  ],
  "COW": [
    0.19863,
    0.199094
  ],
  "ONT": [
    0.115573,
    0.104899
  ],
  "CHEEMS": [
    4.56129e-7,
    4.21666e-7
  ],
  "TAG": [
    0.00072927,
    0.00070413
  ],
  "CKB": [
    0.00138971,
    0.00139353
  ],
  "SAHARA": [
    0.02125844,
    0.02129287
  ],
  "SKYAI": [
    0.063337,
    0.063507
  ],
  "BAN": [
    0.061327,
    0.060528
  ],
  "NPC": [
    0.00717964,
    0.00724252
  ],
  "ARC": [
    0.057893,
    0.056691
  ],
  "POLYX": [
    0.04426524,
    0.04466376
  ],
  "BEAT": [
    0.40503,
    0.394698
  ],
  "CSPR": [
    0.00304566,
    0.00296298
  ],
  "IOTX": [
    0.00444715,
    0.00439842
  ],
  "MYX": [
    0.201794,
    0.197617
  ],
  "NOT": [
    0.0003479,
    0.00034809
  ],
  "SNEK": [
    0.00043574,
    0.00043164
  ],
  "DEP": [
    0.00114471,
    0.00114245
  ],
  "ISLM": [
    0.01206363,
    0.01210297
  ],
  "REZ": [
    0.00331176,
    0.00355832
  ],
  "NYM": [
    0.03394507,
    0.03410884
  ],
  "MERL": [
    0.02250274,
    0.02281388
  ],
  "SPELL": [
    0.00015636,
    0.00015743
  ],
  "GUN": [
    0.01586898,
    0.01541085
  ],
  "DEGEN": [
    0.00066742,
    0.00066747
  ],
  "ALLO": [
    0.106265,
    0.106944
  ],
  "CORN": [
    0.0447702,
    0.04482894
  ],
  "HUMA": [
    0.01346255,
    0.01330679
  ],
  "NEIRO": [
    0.00005447,
    0.00005469
  ],
  "LRC": [
    0.01859512,
    0.0184005
  ],
  "SATS": [
    1.0592e-8,
    1.0598e-8
  ],
  "SLP": [
    0.00057683,
    0.00058025
  ],
  "CPOOL": [
    0.02111616,
    0.02132699
  ],
  "MAGMA": [
    0.102818,
    0.09766
  ],
  "AURORA": [
    0.02618245,
    0.02616617
  ],
  "RESOLV": [
    0.04202929,
    0.04492266
  ],
  "DENT": [
    0.00016927,
    0.00017367
  ],
  "BOB": [
    0.00528713,
    0.00550736
  ],
  "NIL": [
    0.03358213,
    0.0351425
  ],
  "INIT": [
    0.07987,
    0.080718
  ],
  "BANK": [
    0.03860865,
    0.03444552
  ],
  "NEWT": [
    0.066638,
    0.066462
  ],
  "DSYNC": [
    0.01390474,
    0.01392592
  ],
  "DAO": [
    0.05693,
    0.054206
  ],
  "SONIC": [
    0.03708901,
    0.03699053
  ],
  "L3": [
    0.00845146,
    0.0088593
  ],
  "GRIFFAIN": [
    0.01143207,
    0.01192408
  ],
  "ROAM": [
    0.03703527,
    0.03399764
  ],
  "PAAL": [
    0.01272437,
    0.01282027
  ],
  "IKA": [
    0.00374225,
    0.00388067
  ],
  "HONEY": [
    0.00197489,
    0.00195183
  ],
  "MUBARAK": [
    0.01097447,
    0.01087722
  ],
  "AIN": [
    0.058046,
    0.057149
  ],
  "TLM": [
    0.00158972,
    0.00159196
  ],
  "SOLV": [
    0.00580857,
    0.00681388
  ],
  "SWARMS": [
    0.01034531,
    0.00936521
  ],
  "TAI": [
    0.0153797,
    0.01584261
  ],
  "LAT": [
    0.00130836,
    0.00130955
  ],
  "HMSTR": [
    0.00013515,
    0.00013707
  ],
  "NKN": [
    0.0113257,
    0.01033923
  ],
  "AVL": [
    0.02645688,
    0.02657435
  ],
  "NAVX": [
    0.00863854,
    0.00889749
  ],
  "FUEL": [
    0.00092008,
    0.00091981
  ],
  "COS": [
    0.00134208,
    0.00133849
  ],
  "COQ": [
    9.2795e-8,
    9.3304e-8
  ],
  "PIXEL": [
    0.00728023,
    0.00704657
  ],
  "OBT": [
    0.00100431,
    0.00099538
  ],
  "HIPPO": [
    0.00052807,
    0.00052503
  ],
  "FWOG": [
    0.00477293,
    0.00485343
  ],
  "RSS3": [
    0.00526689,
    0.00520489
  ],
  "DMC": [
    0.00071265,
    0.00071064
  ],
  "FHE": [
    0.01718441,
    0.01725553
  ],
  "LYXE": [
    0.263011,
    0.265496
  ],
  "RDNT": [
    0.00301183,
    0.00290857
  ],
  "DUCK": [
    0.00044738,
    0.00039695
  ],
  "GEAR": [
    0.00029927,
    0.00029739
  ],
  "FORTH": [
    0.257772,
    0.251696
  ],
  "HOOK": [
    0.00813739,
    0.00827503
  ],
  "SAMO": [
    0.00040396,
    0.0004048
  ],
  "OAS": [
    0.0003258,
    0.00032526
  ],
  "FIS": [
    0.01334743,
    0.01283209
  ],
  "PERP": [
    0.02766601,
    0.02738857
  ],
  "CUDIS": [
    0.00755908,
    0.00774802
  ],
  "EPT": [
    0.00073314,
    0.00074178
  ],
  "FLM": [
    0.00273651,
    0.00275272
  ],
  "PTB": [
    0.00070347,
    0.00069487
  ],
  "GORK": [
    0.00129122,
    0.00129137
  ],
  "DATA": [
    0.00096517,
    0.0009722
  ],
  "SAROS": [
    0.00045178,
    0.00045949
  ],
  "INSP": [
    0.0013801,
    0.00130048
  ],
  "SWTCH": [
    0.00526225,
    0.00559837
  ],
  "ACA": [
    0.00067652,
    0.00071248
  ],
  "A2Z": [
    0.00007659,
    0.00007733
  ],
  "RFC": [
    0.00053908,
    0.00054499
  ],
  "FOXY": [
    0.00009092,
    0.000089
  ],
  "LOOKS": [
    0.00041072,
    0.00038495
  ],
  "BDXN": [
    0.00202043,
    0.00202429
  ],
  "MOONPIG": [
    0.00027876,
    0.00028299
  ],
  "CHESS": [
    0.00109691,
    0.0010171
  ],
  "ROOT": [
    0.00005898,
    0.00005899
  ],
  "CHILLGUY": [
    0.00006699,
    0.00006699
  ],
  "APU": [
    0.00003095,
    0.00002954
  ],
  "HOLO": [
    0.00001414,
    0.00001416
  ],
  "RATS": [
    0.00004126,
    0.00004101
  ],
  "GMMT": [
    0.0041788,
    0.00423153
  ],
  "ADB": [
    null,
    null
  ]
}