{
  "PUMP": [
    0.00185894,
    0.00183893
  ],
  "STABLE": [
    0.02641312,
    0.02703021
  ],
  "SIREN": [
    0.699606,
    0.717689
  ],
  "MON": [
    0.03564931,
    0.03502696
  ],
  "AERO": [
    0.370672,
    0.377495
  ],
  "LIT": [
    1.12,
    1.13
  ],
  "JASMY": [
    0.00537381,
    0.00538004
  ],
  "CVX": [
    1.8,
    1.79
  ],
  "BAT": [
    0.100099,
    0.09995
  ],
  "COW": [
    0.217385,
    0.21914
  ],
  "ATH": [
    0.00594266,
    0.00603666
  ],
  "BANANAS31": [
    0.00962492,
    0.00954713
  ],
  "CHEEMS": [
    4.58119e-7,
    4.65933e-7
  ],
  "ONT": [
    0.080036,
    0.080184
  ],
  "ARC": [
    0.074961,
    0.073686
  ],
  "SKYAI": [
    0.072344,
    0.071923
  ],
  "SAHARA": [
    0.02253501,
    0.02256838
  ],
  "CKB": [
    0.00146893,
    0.00145393
  ],
  "POLYX": [
    0.050392,
    0.05025
  ],
  "TAG": [
    0.00058006,
    0.00058163
  ],
  "NPC": [
    0.00725067,
    0.0075825
  ],
  "BAN": [
    0.05676,
    0.057913
  ],
  "CSPR": [
    0.00311532,
    0.00304361
  ],
  "MAGMA": [
    0.234683,
    0.241977
  ],
  "MYX": [
    0.239878,
    0.232844
  ],
  "IOTX": [
    0.00468223,
    0.00469712
  ],
  "BEAT": [
    0.307239,
    0.30325
  ],
  "NOT": [
    0.00035869,
    0.00035947
  ],
  "SNEK": [
    0.00043081,
    0.00043778
  ],
  "DEP": [
    0.00112695,
    0.00112909
  ],
  "MERL": [
    0.02649207,
    0.02593587
  ],
  "REZ": [
    0.00370543,
    0.003712
  ],
  "ISLM": [
    0.0117626,
    0.01168792
  ],
  "NYM": [
    0.03540514,
    0.0353253
  ],
  "GUN": [
    0.01684161,
    0.01671848
  ],
  "DEGEN": [
    0.0007486,
    0.00074555
  ],
  "SPELL": [
    0.00016077,
    0.00016031
  ],
  "HUMA": [
    0.01579672,
    0.0155927
  ],
  "NEIRO": [
    0.00005919,
    0.00005904
  ],
  "CPOOL": [
    0.02465738,
    0.02455571
  ],
  "SATS": [
    1.0959e-8,
    1.0915e-8
  ],
  "ALLO": [
    0.10109,
    0.10137
  ],
  "SLP": [
    0.00061198,
    0.0006083
  ],
  "CORN": [
    0.04048884,
    0.04056543
  ],
  "LRC": [
    0.01696985,
    0.0168556
  ],
  "BOB": [
    0.0070467,
    0.00702405
  ],
  "AURORA": [
    0.02807841,
    0.02796711
  ],
  "SWARMS": [
    0.01768739,
    0.01746004
  ],
  "L3": [
    0.01228963,
    0.01227598
  ],
  "GRIFFAIN": [
    0.01647537,
    0.01631202
  ],
  "DSYNC": [
    0.0158651,
    0.01626957
  ],
  "DENT": [
    0.00016239,
    0.0001628
  ],
  "RESOLV": [
    0.03985856,
    0.03977017
  ],
  "INIT": [
    0.08074,
    0.081312
  ],
  "NIL": [
    0.03409588,
    0.03444338
  ],
  "NEWT": [
    0.068453,
    0.068024
  ],
  "BANK": [
    0.03299523,
    0.03325825
  ],
  "SONIC": [
    0.03569263,
    0.03568233
  ],
  "DAO": [
    0.050563,
    0.050263
  ],
  "PAAL": [
    0.01334167,
    0.01349537
  ],
  "MUBARAK": [
    0.01153122,
    0.01155397
  ],
  "IKA": [
    0.00369577,
    0.00378992
  ],
  "HONEY": [
    0.00191161,
    0.00190645
  ],
  "AIN": [
    0.057146,
    0.057582
  ],
  "TLM": [
    0.00164456,
    0.00162969
  ],
  "TAI": [
    0.01765509,
    0.01747038
  ],
  "HMSTR": [
    0.00014733,
    0.00014375
  ],
  "LAT": [
    0.00132902,
    0.00132861
  ],
  "AVL": [
    0.02921037,
    0.02953672
  ],
  "COQ": [
    1.11389e-7,
    1.12686e-7
  ],
  "ROAM": [
    0.02304573,
    0.02242694
  ],
  "FUEL": [
    0.00096491,
    0.00096597
  ],
  "NAVX": [
    0.00871735,
    0.00872099
  ],
  "COS": [
    0.00124974,
    0.00122872
  ],
  "SOLV": [
    0.00431167,
    0.00427235
  ],
  "NKN": [
    0.00763192,
    0.00752549
  ],
  "PIXEL": [
    0.00732972,
    0.00727424
  ],
  "OBT": [
    0.00103474,
    0.00105523
  ],
  "RSS3": [
    0.00574853,
    0.00567989
  ],
  "FWOG": [
    0.00523852,
    0.00525373
  ],
  "DMC": [
    0.00070117,
    0.00070887
  ],
  "FHE": [
    0.01664609,
    0.01664452
  ],
  "LYXE": [
    0.246571,
    0.246131
  ],
  "RDNT": [
    0.0023083,
    0.00230738
  ],
  "FORTH": [
    0.271874,
    0.270972
  ],
  "GEAR": [
    0.00027333,
    0.00028393
  ],
  "OAS": [
    0.00036112,
    0.00036749
  ],
  "SAMO": [
    0.00041282,
    0.00041625
  ],
  "HOOK": [
    0.00838005,
    0.00822389
  ],
  "HIPPO": [
    0.00021987,
    0.00021698
  ],
  "PTB": [
    0.00098227,
    0.00099994
  ],
  "PERP": [
    0.0283351,
    0.0284762
  ],
  "CUDIS": [
    0.00782286,
    0.00785407
  ],
  "FIS": [
    0.0118692,
    0.01181712
  ],
  "EPT": [
    0.00075763,
    0.00074519
  ],
  "FLM": [
    0.00289827,
    0.00293742
  ],
  "GORK": [
    0.00156531,
    0.00148471
  ],
  "DATA": [
    0.00100345,
    0.00099936
  ],
  "SAROS": [
    0.00038927,
    0.00038655
  ],
  "ACA": [
    0.00072776,
    0.00079345
  ],
  "INSP": [
    0.00114787,
    0.00110888
  ],
  "DUCK": [
    0.00010444,
    0.00010259
  ],
  "A2Z": [
    0.00009026,
    0.0000902
  ],
  "FOXY": [
    0.00010919,
    0.00012616
  ],
  "SWTCH": [
    0.00348851,
    0.00368576
  ],
  "RFC": [
    0.00054853,
    0.0005521
  ],
  "LOOKS": [
    0.00035551,
    0.00035858
  ],
  "MOONPIG": [
    0.00030511,
    0.000305
  ],
  "BDXN": [
    0.00182408,
    0.00181776
  ],
  "ROOT": [
    0.00006341,
    0.0000592
  ],
  "CHILLGUY": [
    0.00007349,
    0.00007343
  ],
  "APU": [
    0.0000335,
    0.00003322
  ],
  "CHESS": [
    0.0001417,
    0.0001446
  ],
  "HOLO": [
    0.00001254,
    0.00001254
  ],
  "GMMT": [
    0.00387473,
    0.00385216
  ],
  "RATS": [
    0.0000364,
    0.00003672
  ],
  "ADB": [
    null,
    null
  ]
}