{
  "PUMP": [
    0.00171515,
    0.00170489
  ],
  "SIREN": [
    0.888291,
    0.828061
  ],
  "STABLE": [
    0.02552446,
    0.02653706
  ],
  "AERO": [
    0.319546,
    0.316493
  ],
  "JASMY": [
    0.0054399,
    0.00540702
  ],
  "MON": [
    0.02270068,
    0.0222253
  ],
  "LIT": [
    0.858191,
    0.863069
  ],
  "CVX": [
    1.66,
    1.65
  ],
  "BAT": [
    0.097024,
    0.095965
  ],
  "ATH": [
    0.00723286,
    0.00728742
  ],
  "BANANAS31": [
    0.01385645,
    0.01333322
  ],
  "COW": [
    0.196483,
    0.197089
  ],
  "CHEEMS": [
    4.24991e-7,
    4.22315e-7
  ],
  "SAHARA": [
    0.02601916,
    0.02566461
  ],
  "BEAT": [
    0.520389,
    0.538997
  ],
  "CKB": [
    0.00136209,
    0.00137253
  ],
  "SKYAI": [
    0.061282,
    0.06242
  ],
  "TAG": [
    0.00057453,
    0.00057204
  ],
  "NPC": [
    0.00758236,
    0.00729501
  ],
  "BAN": [
    0.057862,
    0.056591
  ],
  "POLYX": [
    0.04382486,
    0.04375987
  ],
  "CSPR": [
    0.00325785,
    0.00321255
  ],
  "MYX": [
    0.272616,
    0.251757
  ],
  "ONT": [
    0.050593,
    0.050449
  ],
  "IOTX": [
    0.00481394,
    0.00478496
  ],
  "ARC": [
    0.04118771,
    0.04138431
  ],
  "NOT": [
    0.00034936,
    0.00035273
  ],
  "ISLM": [
    0.01227547,
    0.0130906
  ],
  "SNEK": [
    0.00043793,
    0.00043256
  ],
  "DEP": [
    0.00115739,
    0.00115413
  ],
  "MERL": [
    0.02486678,
    0.02490945
  ],
  "GUN": [
    0.0171663,
    0.01727489
  ],
  "HUMA": [
    0.0164698,
    0.0161935
  ],
  "LRC": [
    0.02294288,
    0.02259965
  ],
  "SPELL": [
    0.00016311,
    0.00016303
  ],
  "NYM": [
    0.03224743,
    0.03238601
  ],
  "REZ": [
    0.00333043,
    0.00338055
  ],
  "DEGEN": [
    0.00068368,
    0.00068509
  ],
  "MAGMA": [
    0.139533,
    0.132252
  ],
  "CORN": [
    0.04722762,
    0.04688354
  ],
  "ALLO": [
    0.111435,
    0.11007
  ],
  "CPOOL": [
    0.02445405,
    0.02486717
  ],
  "NEIRO": [
    0.00005572,
    0.00005585
  ],
  "SATS": [
    1.0591e-8,
    1.0563e-8
  ],
  "SLP": [
    0.00058462,
    0.00058364
  ],
  "DENT": [
    0.00020319,
    0.0002046
  ],
  "AURORA": [
    0.02828271,
    0.02820687
  ],
  "BANK": [
    0.04176122,
    0.04056595
  ],
  "DAO": [
    0.068306,
    0.06847
  ],
  "DSYNC": [
    0.01721679,
    0.01707211
  ],
  "RESOLV": [
    0.04222599,
    0.04219814
  ],
  "BOB": [
    0.00592888,
    0.00565108
  ],
  "NEWT": [
    0.070858,
    0.069697
  ],
  "INIT": [
    0.079592,
    0.078737
  ],
  "NIL": [
    0.03324346,
    0.03332338
  ],
  "SONIC": [
    0.03866533,
    0.03865553
  ],
  "ROAM": [
    0.03966153,
    0.04008311
  ],
  "HONEY": [
    0.00239064,
    0.00239021
  ],
  "L3": [
    0.00956155,
    0.00933148
  ],
  "PAAL": [
    0.01485623,
    0.01414519
  ],
  "MUBARAK": [
    0.011293,
    0.0112957
  ],
  "TLM": [
    0.00166082,
    0.00166762
  ],
  "NKN": [
    0.01378099,
    0.01326115
  ],
  "AIN": [
    0.057189,
    0.058485
  ],
  "GRIFFAIN": [
    0.01074678,
    0.01058991
  ],
  "IKA": [
    0.00337171,
    0.00335925
  ],
  "TAI": [
    0.01643134,
    0.01596975
  ],
  "LAT": [
    0.00129128,
    0.00129651
  ],
  "HMSTR": [
    0.0001353,
    0.00013537
  ],
  "SWARMS": [
    0.00819192,
    0.00840214
  ],
  "COS": [
    0.00161261,
    0.00159509
  ],
  "FUEL": [
    0.00107072,
    0.00106274
  ],
  "DUCK": [
    0.00107615,
    0.00107936
  ],
  "PIXEL": [
    0.0086214,
    0.0097266
  ],
  "AVL": [
    0.02620352,
    0.02672959
  ],
  "NAVX": [
    0.00842397,
    0.00868782
  ],
  "COQ": [
    9.3801e-8,
    9.2139e-8
  ],
  "RDNT": [
    0.00445,
    0.0042255
  ],
  "OBT": [
    0.00100264,
    0.00100063
  ],
  "HIPPO": [
    0.00052008,
    0.00052109
  ],
  "RSS3": [
    0.00548772,
    0.005424
  ],
  "FWOG": [
    0.00483448,
    0.00479572
  ],
  "SOLV": [
    0.00313865,
    0.00312599
  ],
  "FHE": [
    0.01752673,
    0.017759
  ],
  "LYXE": [
    0.282749,
    0.282283
  ],
  "DMC": [
    0.00071677,
    0.00070187
  ],
  "FORTH": [
    0.372105,
    0.364319
  ],
  "PTB": [
    0.00186489,
    0.00186707
  ],
  "GEAR": [
    0.00032064,
    0.00029801
  ],
  "HOOK": [
    0.01007173,
    0.00994601
  ],
  "FIS": [
    0.01576611,
    0.01556937
  ],
  "OAS": [
    0.00035992,
    0.00035848
  ],
  "SAMO": [
    0.0003971,
    0.00040545
  ],
  "A2Z": [
    0.00028877,
    0.00027327
  ],
  "PERP": [
    0.02932696,
    0.02856284
  ],
  "CUDIS": [
    0.0077696,
    0.00793331
  ],
  "EPT": [
    0.00078553,
    0.00080971
  ],
  "FLM": [
    0.00277453,
    0.00276706
  ],
  "GORK": [
    0.00148069,
    0.00145298
  ],
  "SAROS": [
    0.00054615,
    0.00053198
  ],
  "DATA": [
    0.00105267,
    0.00102301
  ],
  "INSP": [
    0.00130019,
    0.00127868
  ],
  "ACA": [
    0.0008273,
    0.00081426
  ],
  "FOXY": [
    0.00012396,
    0.00012925
  ],
  "RFC": [
    0.0005264,
    0.00053742
  ],
  "LOOKS": [
    0.00040521,
    0.00041357
  ],
  "SWTCH": [
    0.00257948,
    0.00248487
  ],
  "BDXN": [
    0.0025641,
    0.00246171
  ],
  "CHESS": [
    0.00150959,
    0.00156121
  ],
  "MOONPIG": [
    0.00031364,
    0.00031273
  ],
  "ROOT": [
    0.00007097,
    0.00007135
  ],
  "CHILLGUY": [
    0.00006369,
    0.00006151
  ],
  "APU": [
    0.00003381,
    0.00003367
  ],
  "HOLO": [
    0.00001439,
    0.00001301
  ],
  "GMMT": [
    0.00335201,
    0.00325764
  ],
  "RATS": [
    0.00005986,
    0.0000635
  ],
  "ADB": [
    null,
    null
  ]
}