{
  "STABLE": [
    0.03297007,
    0.03294886
  ],
  "PUMP": [
    0.00182247,
    0.00180106
  ],
  "SIREN": [
    0.742582,
    0.746646
  ],
  "SKYAI": [
    0.450927,
    0.465079
  ],
  "AERO": [
    0.455424,
    0.449981
  ],
  "MON": [
    0.02962602,
    0.02912628
  ],
  "JASMY": [
    0.00559224,
    0.00556429
  ],
  "LIT": [
    0.935083,
    0.923148
  ],
  "TAG": [
    0.0014934,
    0.00151243
  ],
  "BAT": [
    0.10876,
    0.107267
  ],
  "CVX": [
    1.76,
    1.75
  ],
  "CHEEMS": [
    6.1641e-7,
    6.11635e-7
  ],
  "ATH": [
    0.00599617,
    0.00595515
  ],
  "BANANAS31": [
    0.01106039,
    0.01127047
  ],
  "COW": [
    0.188169,
    0.187174
  ],
  "SAHARA": [
    0.02491195,
    0.02479655
  ],
  "BEAT": [
    0.578089,
    0.577594
  ],
  "BAN": [
    0.075177,
    0.074812
  ],
  "CKB": [
    0.0014971,
    0.00148512
  ],
  "ONT": [
    0.070006,
    0.069772
  ],
  "ARC": [
    0.068575,
    0.068278
  ],
  "NPC": [
    0.0077358,
    0.00771227
  ],
  "POLYX": [
    0.0478391,
    0.0475153
  ],
  "MERL": [
    0.04023604,
    0.03895997
  ],
  "MYX": [
    0.249601,
    0.24962
  ],
  "CSPR": [
    0.00281632,
    0.00279761
  ],
  "REZ": [
    0.00526249,
    0.00521168
  ],
  "MAGMA": [
    0.228324,
    0.227919
  ],
  "IOTX": [
    0.00455526,
    0.00451754
  ],
  "ISLM": [
    0.01170999,
    0.01170969
  ],
  "NOT": [
    0.00040782,
    0.00040312
  ],
  "NEIRO": [
    0.00009543,
    0.0000941
  ],
  "HUMA": [
    0.02182859,
    0.02167248
  ],
  "SNEK": [
    0.00046088,
    0.00046017
  ],
  "CPOOL": [
    0.03154126,
    0.03085306
  ],
  "SATS": [
    1.4843e-8,
    1.4672e-8
  ],
  "DEP": [
    0.00111517,
    0.00111198
  ],
  "SPELL": [
    0.00016812,
    0.00016785
  ],
  "ALLO": [
    0.120835,
    0.120541
  ],
  "GUN": [
    0.01475363,
    0.01471593
  ],
  "SWARMS": [
    0.02643894,
    0.02623836
  ],
  "SLP": [
    0.00070542,
    0.00070063
  ],
  "DEGEN": [
    0.00067818,
    0.00067632
  ],
  "CORN": [
    0.04027758,
    0.04020049
  ],
  "LRC": [
    0.01685137,
    0.01677819
  ],
  "AURORA": [
    0.02673733,
    0.02683866
  ],
  "NIL": [
    0.04188046,
    0.04168831
  ],
  "AIN": [
    0.098785,
    0.098013
  ],
  "GRIFFAIN": [
    0.0177641,
    0.01775935
  ],
  "L3": [
    0.01191697,
    0.01194563
  ],
  "INIT": [
    0.088708,
    0.088907
  ],
  "NYM": [
    0.01978906,
    0.01970193
  ],
  "BOB": [
    0.00559169,
    0.00557319
  ],
  "NEWT": [
    0.07479,
    0.074399
  ],
  "MUBARAK": [
    0.01525867,
    0.01517049
  ],
  "BANK": [
    0.03334857,
    0.03333222
  ],
  "SONIC": [
    0.03762093,
    0.03743289
  ],
  "DSYNC": [
    0.01284162,
    0.01270698
  ],
  "TLM": [
    0.00184498,
    0.00183463
  ],
  "PAAL": [
    0.01302101,
    0.01300365
  ],
  "RESOLV": [
    0.02832,
    0.02820188
  ],
  "HONEY": [
    0.00180957,
    0.00183981
  ],
  "DAO": [
    0.04184875,
    0.04180091
  ],
  "HMSTR": [
    0.00015714,
    0.00015622
  ],
  "IKA": [
    0.0033423,
    0.00333818
  ],
  "RSS3": [
    0.00630913,
    0.00644931
  ],
  "LAT": [
    0.00133246,
    0.00132681
  ],
  "TAI": [
    0.01536328,
    0.01536602
  ],
  "COQ": [
    1.26193e-7,
    1.25501e-7
  ],
  "AVL": [
    0.02768513,
    0.02785759
  ],
  "NAVX": [
    0.00883655,
    0.00882673
  ],
  "FUEL": [
    0.0009007,
    0.00089839
  ],
  "SOLV": [
    0.004518,
    0.00455069
  ],
  "NKN": [
    0.00783609,
    0.00788841
  ],
  "PIXEL": [
    0.00784267,
    0.00778174
  ],
  "COS": [
    0.00115575,
    0.00115235
  ],
  "FHE": [
    0.02267232,
    0.02294786
  ],
  "OBT": [
    0.00098195,
    0.00097931
  ],
  "FWOG": [
    0.00523348,
    0.00511777
  ],
  "DMC": [
    0.00071094,
    0.00071474
  ],
  "LYXE": [
    0.276556,
    0.274289
  ],
  "ROAM": [
    0.01127353,
    0.01153545
  ],
  "DENT": [
    0.00004026,
    0.00004041
  ],
  "OAS": [
    0.00054348,
    0.00054678
  ],
  "GEAR": [
    0.00032357,
    0.00032005
  ],
  "FORTH": [
    0.240277,
    0.240327
  ],
  "HOOK": [
    0.00814364,
    0.0080999
  ],
  "RDNT": [
    0.00179189,
    0.00177406
  ],
  "CUDIS": [
    0.00789167,
    0.00790447
  ],
  "SAMO": [
    0.0003409,
    0.00034076
  ],
  "PERP": [
    0.02537579,
    0.02540597
  ],
  "PTB": [
    0.00081124,
    0.00080121
  ],
  "HIPPO": [
    0.00016487,
    0.00016318
  ],
  "EPT": [
    0.00070901,
    0.00070673
  ],
  "FIS": [
    0.01018078,
    0.01020801
  ],
  "FLM": [
    0.00268585,
    0.00267777
  ],
  "SAROS": [
    0.00057045,
    0.00056756
  ],
  "GORK": [
    0.00149406,
    0.00148323
  ],
  "DATA": [
    0.00073646,
    0.00073398
  ],
  "ACA": [
    0.0006512,
    0.00065365
  ],
  "INSP": [
    0.00093911,
    0.00093711
  ],
  "A2Z": [
    0.00008701,
    0.00008553
  ],
  "FOXY": [
    0.00011608,
    0.00011695
  ],
  "RFC": [
    0.00056813,
    0.0005725
  ],
  "DUCK": [
    0.00006993,
    0.00006989
  ],
  "SWTCH": [
    0.00320224,
    0.00323482
  ],
  "LOOKS": [
    0.00035492,
    0.00035397
  ],
  "MOONPIG": [
    0.00027776,
    0.00027188
  ],
  "BDXN": [
    0.0016754,
    0.00155157
  ],
  "ROOT": [
    0.00005699,
    0.00005689
  ],
  "CHILLGUY": [
    0.00010445,
    0.00010358
  ],
  "APU": [
    0.00004472,
    0.00004436
  ],
  "CHESS": [
    0.00019758,
    0.00019787
  ],
  "HOLO": [
    0.00001187,
    0.00001187
  ],
  "RATS": [
    0.00003846,
    0.00003842
  ],
  "GMMT": [
    0.00368506,
    0.00384652
  ],
  "ADB": [
    null,
    null
  ]
}