{
  "PUMP": [
    0.00170489,
    0.00171168
  ],
  "STABLE": [
    0.02653706,
    0.02639205
  ],
  "SIREN": [
    0.828061,
    0.734166
  ],
  "AERO": [
    0.316493,
    0.317953
  ],
  "JASMY": [
    0.00540702,
    0.00531047
  ],
  "MON": [
    0.0222253,
    0.02214535
  ],
  "LIT": [
    0.863069,
    0.865854
  ],
  "CVX": [
    1.65,
    1.69
  ],
  "BAT": [
    0.095965,
    0.095703
  ],
  "ATH": [
    0.00728742,
    0.00723084
  ],
  "BANANAS31": [
    0.01333322,
    0.01324443
  ],
  "COW": [
    0.197089,
    0.199298
  ],
  "CHEEMS": [
    4.22315e-7,
    4.26063e-7
  ],
  "SAHARA": [
    0.02566461,
    0.0253418
  ],
  "BEAT": [
    0.538997,
    0.522284
  ],
  "CKB": [
    0.00137253,
    0.00137334
  ],
  "SKYAI": [
    0.06242,
    0.064448
  ],
  "TAG": [
    0.00057204,
    0.00058516
  ],
  "NPC": [
    0.00729501,
    0.00741202
  ],
  "BAN": [
    0.056591,
    0.056393
  ],
  "POLYX": [
    0.04375987,
    0.04428043
  ],
  "CSPR": [
    0.00321255,
    0.00316778
  ],
  "ONT": [
    0.050449,
    0.051239
  ],
  "MYX": [
    0.251757,
    0.249177
  ],
  "IOTX": [
    0.00478496,
    0.00472682
  ],
  "ARC": [
    0.04138431,
    0.04136472
  ],
  "NOT": [
    0.00035273,
    0.0003526
  ],
  "ISLM": [
    0.0130906,
    0.01309603
  ],
  "SNEK": [
    0.00043256,
    0.00043866
  ],
  "DEP": [
    0.00115413,
    0.00115018
  ],
  "GUN": [
    0.01727489,
    0.01805242
  ],
  "MERL": [
    0.02490945,
    0.02467817
  ],
  "LRC": [
    0.02259965,
    0.02262473
  ],
  "SPELL": [
    0.00016303,
    0.0001632
  ],
  "HUMA": [
    0.0161935,
    0.0159446
  ],
  "NYM": [
    0.03238601,
    0.03239751
  ],
  "REZ": [
    0.00338055,
    0.00337483
  ],
  "DEGEN": [
    0.00068509,
    0.00069404
  ],
  "MAGMA": [
    0.132252,
    0.129908
  ],
  "CORN": [
    0.04688354,
    0.04688516
  ],
  "ALLO": [
    0.11007,
    0.111596
  ],
  "CPOOL": [
    0.02486717,
    0.02519657
  ],
  "NEIRO": [
    0.00005585,
    0.00005599
  ],
  "SATS": [
    1.0563e-8,
    1.0697e-8
  ],
  "SLP": [
    0.00058364,
    0.00058805
  ],
  "DENT": [
    0.0002046,
    0.00020519
  ],
  "AURORA": [
    0.02820687,
    0.0281343
  ],
  "BANK": [
    0.04056595,
    0.04134824
  ],
  "DAO": [
    0.06847,
    0.069229
  ],
  "DSYNC": [
    0.01707211,
    0.01682928
  ],
  "BOB": [
    0.00565108,
    0.00583719
  ],
  "RESOLV": [
    0.04219814,
    0.04048774
  ],
  "NEWT": [
    0.069697,
    0.071281
  ],
  "INIT": [
    0.078737,
    0.080088
  ],
  "NIL": [
    0.03332338,
    0.03285072
  ],
  "ROAM": [
    0.04008311,
    0.04088322
  ],
  "SONIC": [
    0.03865553,
    0.03870844
  ],
  "HONEY": [
    0.00239021,
    0.00237682
  ],
  "L3": [
    0.00933148,
    0.0096196
  ],
  "PAAL": [
    0.01414519,
    0.01437268
  ],
  "MUBARAK": [
    0.0112957,
    0.0112999
  ],
  "NKN": [
    0.01326115,
    0.01371471
  ],
  "TLM": [
    0.00166762,
    0.00169143
  ],
  "AIN": [
    0.058485,
    0.058452
  ],
  "GRIFFAIN": [
    0.01058991,
    0.01059746
  ],
  "IKA": [
    0.00335925,
    0.00337599
  ],
  "TAI": [
    0.01596975,
    0.01559533
  ],
  "SWARMS": [
    0.00840214,
    0.00893343
  ],
  "LAT": [
    0.00129651,
    0.00129205
  ],
  "HMSTR": [
    0.00013537,
    0.00013551
  ],
  "COS": [
    0.00159509,
    0.0015666
  ],
  "FUEL": [
    0.00106274,
    0.00106232
  ],
  "DUCK": [
    0.00107936,
    0.00108058
  ],
  "AVL": [
    0.02672959,
    0.02645123
  ],
  "PIXEL": [
    0.0097266,
    0.00936027
  ],
  "NAVX": [
    0.00868782,
    0.0086894
  ],
  "COQ": [
    9.2139e-8,
    9.4744e-8
  ],
  "OBT": [
    0.00100063,
    0.00109388
  ],
  "RDNT": [
    0.0042255,
    0.00420839
  ],
  "HIPPO": [
    0.00052109,
    0.00051464
  ],
  "RSS3": [
    0.005424,
    0.00576186
  ],
  "SOLV": [
    0.00312599,
    0.00317908
  ],
  "FWOG": [
    0.00479572,
    0.00479975
  ],
  "DMC": [
    0.00070187,
    0.00076439
  ],
  "LYXE": [
    0.282283,
    0.282283
  ],
  "FHE": [
    0.017759,
    0.01758968
  ],
  "FORTH": [
    0.364319,
    0.363562
  ],
  "PTB": [
    0.00186707,
    0.00196511
  ],
  "GEAR": [
    0.00029801,
    0.00029806
  ],
  "HOOK": [
    0.00994601,
    0.00947727
  ],
  "FIS": [
    0.01556937,
    0.01569577
  ],
  "SAMO": [
    0.00040545,
    0.00040233
  ],
  "PERP": [
    0.02856284,
    0.02884758
  ],
  "OAS": [
    0.00035848,
    0.00032504
  ],
  "A2Z": [
    0.00027327,
    0.00024399
  ],
  "CUDIS": [
    0.00793331,
    0.0080844
  ],
  "EPT": [
    0.00080971,
    0.00080916
  ],
  "FLM": [
    0.00276706,
    0.00276909
  ],
  "SAROS": [
    0.00053198,
    0.00054152
  ],
  "GORK": [
    0.00145298,
    0.00137636
  ],
  "DATA": [
    0.00102301,
    0.00102784
  ],
  "INSP": [
    0.00127868,
    0.00128071
  ],
  "ACA": [
    0.00081426,
    0.00079938
  ],
  "SWTCH": [
    0.00248487,
    0.00480745
  ],
  "FOXY": [
    0.00012925,
    0.00012478
  ],
  "RFC": [
    0.00053742,
    0.00052979
  ],
  "LOOKS": [
    0.00041357,
    0.00041216
  ],
  "BDXN": [
    0.00246171,
    0.00246167
  ],
  "CHESS": [
    0.00156121,
    0.00155733
  ],
  "MOONPIG": [
    0.00031273,
    0.00031266
  ],
  "ROOT": [
    0.00007135,
    0.00007095
  ],
  "CHILLGUY": [
    0.00006151,
    0.00006175
  ],
  "APU": [
    0.00003367,
    0.00003212
  ],
  "HOLO": [
    0.00001301,
    0.0000129
  ],
  "GMMT": [
    0.00325764,
    0.00328917
  ],
  "RATS": [
    0.0000635,
    0.00006167
  ],
  "ADB": [
    null,
    null
  ]
}