{
  "STABLE": [
    0.03287931,
    0.03292714
  ],
  "PUMP": [
    0.00179971,
    0.00180698
  ],
  "SIREN": [
    0.702226,
    0.72696
  ],
  "SKYAI": [
    0.40172,
    0.441435
  ],
  "AERO": [
    0.448163,
    0.45273
  ],
  "MON": [
    0.02917179,
    0.02921041
  ],
  "JASMY": [
    0.00563169,
    0.00564376
  ],
  "LIT": [
    0.907994,
    0.939264
  ],
  "BAT": [
    0.106024,
    0.109308
  ],
  "CVX": [
    1.76,
    1.76
  ],
  "TAG": [
    0.0013248,
    0.0012866
  ],
  "CHEEMS": [
    6.14258e-7,
    6.22136e-7
  ],
  "ATH": [
    0.00593524,
    0.00592473
  ],
  "BANANAS31": [
    0.01049313,
    0.01063764
  ],
  "COW": [
    0.187394,
    0.187088
  ],
  "BEAT": [
    0.584462,
    0.587585
  ],
  "SAHARA": [
    0.02446122,
    0.02463156
  ],
  "BAN": [
    0.075489,
    0.075273
  ],
  "CKB": [
    0.00149112,
    0.00148998
  ],
  "ARC": [
    0.069911,
    0.069519
  ],
  "ONT": [
    0.068604,
    0.069322
  ],
  "NPC": [
    0.00765813,
    0.00765867
  ],
  "POLYX": [
    0.04757036,
    0.04758931
  ],
  "MYX": [
    0.248142,
    0.247342
  ],
  "MAGMA": [
    0.245496,
    0.240939
  ],
  "MERL": [
    0.03517762,
    0.03674375
  ],
  "CSPR": [
    0.00280193,
    0.00280687
  ],
  "REZ": [
    0.00542963,
    0.00525232
  ],
  "IOTX": [
    0.00454162,
    0.00457082
  ],
  "ISLM": [
    0.01176769,
    0.01173757
  ],
  "NOT": [
    0.00039794,
    0.00040227
  ],
  "NEIRO": [
    0.00009376,
    0.00009482
  ],
  "HUMA": [
    0.02159522,
    0.02166619
  ],
  "SNEK": [
    0.00046159,
    0.00046253
  ],
  "CPOOL": [
    0.03142234,
    0.0311605
  ],
  "SATS": [
    1.4649e-8,
    1.4796e-8
  ],
  "DEP": [
    0.00111399,
    0.00111387
  ],
  "SPELL": [
    0.00016819,
    0.00016747
  ],
  "ALLO": [
    0.119869,
    0.119427
  ],
  "SWARMS": [
    0.02647897,
    0.02646225
  ],
  "GUN": [
    0.01450504,
    0.01436198
  ],
  "SLP": [
    0.00070276,
    0.00070331
  ],
  "DEGEN": [
    0.00066815,
    0.00067116
  ],
  "CORN": [
    0.04028593,
    0.04029325
  ],
  "LRC": [
    0.01683393,
    0.01687587
  ],
  "NIL": [
    0.04405076,
    0.04291579
  ],
  "AURORA": [
    0.02658493,
    0.02669131
  ],
  "AIN": [
    0.098828,
    0.100156
  ],
  "L3": [
    0.01186155,
    0.01199559
  ],
  "GRIFFAIN": [
    0.01722984,
    0.01748769
  ],
  "INIT": [
    0.08793,
    0.087773
  ],
  "NYM": [
    0.01981262,
    0.01981158
  ],
  "NEWT": [
    0.075051,
    0.075126
  ],
  "BOB": [
    0.00550249,
    0.00550596
  ],
  "MUBARAK": [
    0.01463948,
    0.01479699
  ],
  "BANK": [
    0.03327279,
    0.03317657
  ],
  "SONIC": [
    0.03747072,
    0.03754025
  ],
  "DSYNC": [
    0.01295649,
    0.01291984
  ],
  "TLM": [
    0.00184513,
    0.0018531
  ],
  "PAAL": [
    0.01274014,
    0.01284206
  ],
  "RESOLV": [
    0.02826147,
    0.02828098
  ],
  "HONEY": [
    0.00181284,
    0.00181304
  ],
  "DAO": [
    0.04107868,
    0.04087271
  ],
  "HMSTR": [
    0.00015642,
    0.00015697
  ],
  "IKA": [
    0.00334004,
    0.0033339
  ],
  "RSS3": [
    0.00660351,
    0.00638595
  ],
  "LAT": [
    0.00132205,
    0.00132451
  ],
  "TAI": [
    0.01547584,
    0.01532017
  ],
  "COQ": [
    1.25695e-7,
    1.26743e-7
  ],
  "AVL": [
    0.02757272,
    0.02670854
  ],
  "NAVX": [
    0.00881975,
    0.00881527
  ],
  "FUEL": [
    0.00090138,
    0.00089988
  ],
  "SOLV": [
    0.00444501,
    0.00446282
  ],
  "NKN": [
    0.00785854,
    0.00782472
  ],
  "PIXEL": [
    0.00787316,
    0.00787219
  ],
  "COS": [
    0.00115996,
    0.00115966
  ],
  "OBT": [
    0.00099412,
    0.00098336
  ],
  "FHE": [
    0.02256579,
    0.02175038
  ],
  "FWOG": [
    0.00468235,
    0.00475124
  ],
  "DMC": [
    0.00070905,
    0.00071094
  ],
  "LYXE": [
    0.274787,
    0.275339
  ],
  "DENT": [
    0.00003924,
    0.00004013
  ],
  "ROAM": [
    0.0105665,
    0.01076004
  ],
  "OAS": [
    0.00052072,
    0.00052685
  ],
  "GEAR": [
    0.00032118,
    0.00032173
  ],
  "FORTH": [
    0.236816,
    0.236665
  ],
  "HOOK": [
    0.00814949,
    0.00815937
  ],
  "RDNT": [
    0.00179859,
    0.00178787
  ],
  "CUDIS": [
    0.00802898,
    0.00798783
  ],
  "SAMO": [
    0.00032846,
    0.00032983
  ],
  "PERP": [
    0.02531935,
    0.0253164
  ],
  "PTB": [
    0.00081573,
    0.00083143
  ],
  "HIPPO": [
    0.00016166,
    0.00016365
  ],
  "EPT": [
    0.0007015,
    0.00070479
  ],
  "FIS": [
    0.01019134,
    0.01014168
  ],
  "GORK": [
    0.00150723,
    0.00150846
  ],
  "FLM": [
    0.0026164,
    0.00262017
  ],
  "SAROS": [
    0.00057122,
    0.00056331
  ],
  "DATA": [
    0.00074172,
    0.00074365
  ],
  "ACA": [
    0.00065525,
    0.00065655
  ],
  "INSP": [
    0.00094445,
    0.00094272
  ],
  "A2Z": [
    0.00008649,
    0.00008555
  ],
  "FOXY": [
    0.00011607,
    0.00011693
  ],
  "DUCK": [
    0.00006957,
    0.0000697
  ],
  "RFC": [
    0.00055479,
    0.00056387
  ],
  "SWTCH": [
    0.00329648,
    0.00318094
  ],
  "LOOKS": [
    0.00035486,
    0.00035491
  ],
  "BDXN": [
    0.00171476,
    0.00176569
  ],
  "MOONPIG": [
    0.0002738,
    0.00027477
  ],
  "ROOT": [
    0.00005747,
    0.00005708
  ],
  "CHILLGUY": [
    0.0001036,
    0.00010398
  ],
  "APU": [
    0.00004567,
    0.00004398
  ],
  "CHESS": [
    0.00019937,
    0.00019937
  ],
  "HOLO": [
    0.00001187,
    0.00001187
  ],
  "RATS": [
    0.00003899,
    0.00003916
  ],
  "GMMT": [
    0.00346665,
    0.00377511
  ],
  "ADB": [
    null,
    null
  ]
}