{
  "PUMP": [
    0.00190858,
    0.00190173
  ],
  "STABLE": [
    0.02674876,
    0.02672463
  ],
  "AERO": [
    0.336632,
    0.334383
  ],
  "MON": [
    0.02641937,
    0.02639516
  ],
  "JASMY": [
    0.00555522,
    0.00553502
  ],
  "LIT": [
    0.990844,
    0.99073
  ],
  "BAT": [
    0.109147,
    0.108693
  ],
  "CVX": [
    1.78,
    1.76
  ],
  "ATH": [
    0.00756923,
    0.00760484
  ],
  "BANANAS31": [
    0.01407573,
    0.01371352
  ],
  "COW": [
    0.211009,
    0.210698
  ],
  "CHEEMS": [
    4.83907e-7,
    4.82649e-7
  ],
  "BEAT": [
    0.584288,
    0.586794
  ],
  "SAHARA": [
    0.02714482,
    0.02721555
  ],
  "CKB": [
    0.00145716,
    0.00145451
  ],
  "NPC": [
    0.0082985,
    0.00826679
  ],
  "TAG": [
    0.00059717,
    0.00059717
  ],
  "MYX": [
    0.318789,
    0.325248
  ],
  "SKYAI": [
    0.061641,
    0.061872
  ],
  "BAN": [
    0.060206,
    0.060829
  ],
  "CSPR": [
    0.00366145,
    0.003677
  ],
  "POLYX": [
    0.0457232,
    0.04559916
  ],
  "ONT": [
    0.061615,
    0.059713
  ],
  "IOTX": [
    0.00527234,
    0.00527166
  ],
  "ARC": [
    0.04452232,
    0.04445704
  ],
  "NOT": [
    0.00038288,
    0.00038228
  ],
  "GUN": [
    0.02210176,
    0.0219341
  ],
  "SNEK": [
    0.00047075,
    0.00047155
  ],
  "MERL": [
    0.02830243,
    0.0286542
  ],
  "HUMA": [
    0.01890138,
    0.01892221
  ],
  "ISLM": [
    0.01298606,
    0.01286382
  ],
  "DEP": [
    0.00116483,
    0.00118519
  ],
  "LRC": [
    0.02432363,
    0.02442747
  ],
  "SPELL": [
    0.00017221,
    0.00017176
  ],
  "DEGEN": [
    0.00074563,
    0.00074392
  ],
  "NYM": [
    0.03274475,
    0.03266963
  ],
  "ALLO": [
    0.119659,
    0.119249
  ],
  "REZ": [
    0.00335131,
    0.00332936
  ],
  "NEIRO": [
    0.00006164,
    0.00006132
  ],
  "MAGMA": [
    0.134097,
    0.133506
  ],
  "SATS": [
    1.1529e-8,
    1.1472e-8
  ],
  "CORN": [
    0.04581508,
    0.04580172
  ],
  "SLP": [
    0.00062307,
    0.00062328
  ],
  "CPOOL": [
    0.02336488,
    0.023318
  ],
  "AURORA": [
    0.02881194,
    0.02880299
  ],
  "DENT": [
    0.00020344,
    0.00020344
  ],
  "DAO": [
    0.076391,
    0.076851
  ],
  "DSYNC": [
    0.01876799,
    0.0186873
  ],
  "RESOLV": [
    0.04295193,
    0.04360399
  ],
  "BANK": [
    0.03898935,
    0.03875598
  ],
  "NIL": [
    0.03838957,
    0.03831698
  ],
  "L3": [
    0.01168634,
    0.01194248
  ],
  "NEWT": [
    0.07469,
    0.074849
  ],
  "SONIC": [
    0.0419798,
    0.04244199
  ],
  "INIT": [
    0.082818,
    0.08212
  ],
  "HONEY": [
    0.00266163,
    0.00262762
  ],
  "PAAL": [
    0.01649365,
    0.01635681
  ],
  "ROAM": [
    0.0422402,
    0.04109545
  ],
  "MUBARAK": [
    0.01253732,
    0.01252626
  ],
  "BOB": [
    0.00540384,
    0.00543863
  ],
  "AIN": [
    0.061974,
    0.061761
  ],
  "TLM": [
    0.00171849,
    0.00172026
  ],
  "GRIFFAIN": [
    0.01110137,
    0.01107868
  ],
  "TAI": [
    0.01763843,
    0.01759229
  ],
  "IKA": [
    0.0034169,
    0.00341469
  ],
  "HMSTR": [
    0.00014477,
    0.00014469
  ],
  "LAT": [
    0.00133211,
    0.00133197
  ],
  "COS": [
    0.00160764,
    0.00160725
  ],
  "FUEL": [
    0.00109165,
    0.00108426
  ],
  "DUCK": [
    0.0010659,
    0.00106518
  ],
  "SWARMS": [
    0.00751142,
    0.00757513
  ],
  "AVL": [
    0.02682441,
    0.02710416
  ],
  "NAVX": [
    0.00875826,
    0.00873457
  ],
  "COQ": [
    9.9609e-8,
    1.00656e-7
  ],
  "RDNT": [
    0.00498493,
    0.00494546
  ],
  "PIXEL": [
    0.00812312,
    0.0081041
  ],
  "HIPPO": [
    0.00061897,
    0.00060865
  ],
  "NKN": [
    0.00707734,
    0.00718553
  ],
  "OBT": [
    0.00106236,
    0.00106237
  ],
  "FWOG": [
    0.00548502,
    0.0054943
  ],
  "RSS3": [
    0.00572081,
    0.00578769
  ],
  "LYXE": [
    0.319968,
    0.319695
  ],
  "FORTH": [
    0.414566,
    0.424252
  ],
  "FHE": [
    0.01954081,
    0.01945811
  ],
  "SOLV": [
    0.00318114,
    0.0031933
  ],
  "DMC": [
    0.00075712,
    0.00075914
  ],
  "PTB": [
    0.00177024,
    0.00172141
  ],
  "GEAR": [
    0.00034597,
    0.00034592
  ],
  "HOOK": [
    0.01118389,
    0.01098037
  ],
  "A2Z": [
    0.00032826,
    0.00033041
  ],
  "SAMO": [
    0.00046645,
    0.00046613
  ],
  "FIS": [
    0.01589368,
    0.01584604
  ],
  "PERP": [
    0.0330467,
    0.03219048
  ],
  "OAS": [
    0.00036136,
    0.00036052
  ],
  "CUDIS": [
    0.00774634,
    0.00773266
  ],
  "EPT": [
    0.00079756,
    0.00078071
  ],
  "FLM": [
    0.00287587,
    0.00285496
  ],
  "GORK": [
    0.00158001,
    0.0015949
  ],
  "SAROS": [
    0.00058294,
    0.00058552
  ],
  "DATA": [
    0.00109925,
    0.00112239
  ],
  "INSP": [
    0.00139575,
    0.00142013
  ],
  "ACA": [
    0.00084891,
    0.00083681
  ],
  "FOXY": [
    0.00015122,
    0.00014928
  ],
  "RFC": [
    0.00057397,
    0.00057229
  ],
  "BDXN": [
    0.0027053,
    0.00263797
  ],
  "SWTCH": [
    0.00264169,
    0.00257156
  ],
  "LOOKS": [
    0.00039711,
    0.00039904
  ],
  "CHESS": [
    0.00161611,
    0.00160677
  ],
  "MOONPIG": [
    0.00032892,
    0.0003281
  ],
  "ROOT": [
    0.00007036,
    0.00006917
  ],
  "CHILLGUY": [
    0.00006385,
    0.00006385
  ],
  "APU": [
    0.0000359,
    0.00003559
  ],
  "HOLO": [
    0.00001435,
    0.00001431
  ],
  "GMMT": [
    0.00358102,
    0.0035867
  ],
  "RATS": [
    0.00004932,
    0.00004953
  ],
  "ADB": [
    null,
    null
  ]
}