{
  "PUMP": [
    0.00174234,
    0.00175649
  ],
  "STABLE": [
    0.03535038,
    0.03567964
  ],
  "SIREN": [
    0.685862,
    0.684502
  ],
  "AERO": [
    0.454201,
    0.45425
  ],
  "MON": [
    0.03020334,
    0.03017935
  ],
  "JASMY": [
    0.00585386,
    0.00585308
  ],
  "LIT": [
    0.859178,
    0.863535
  ],
  "SKYAI": [
    0.166366,
    0.164839
  ],
  "CVX": [
    1.72,
    1.73
  ],
  "BAT": [
    0.102038,
    0.102192
  ],
  "CHEEMS": [
    5.80499e-7,
    5.82117e-7
  ],
  "ATH": [
    0.00579726,
    0.00581799
  ],
  "COW": [
    0.186747,
    0.186422
  ],
  "BANANAS31": [
    0.00940396,
    0.00946243
  ],
  "TAG": [
    0.00072591,
    0.00071718
  ],
  "ARC": [
    0.078062,
    0.077995
  ],
  "BEAT": [
    0.550371,
    0.553439
  ],
  "SAHARA": [
    0.02244908,
    0.02249742
  ],
  "CKB": [
    0.00147676,
    0.00148156
  ],
  "BAN": [
    0.071041,
    0.071791
  ],
  "ONT": [
    0.071646,
    0.071527
  ],
  "NPC": [
    0.00813476,
    0.00815686
  ],
  "POLYX": [
    0.04890621,
    0.04872104
  ],
  "MYX": [
    0.260157,
    0.25925
  ],
  "MERL": [
    0.03881259,
    0.03890898
  ],
  "CSPR": [
    0.00289213,
    0.00289186
  ],
  "IOTX": [
    0.00468845,
    0.00473221
  ],
  "NOT": [
    0.00039986,
    0.00040348
  ],
  "HUMA": [
    0.02265549,
    0.02282604
  ],
  "NEIRO": [
    0.00008669,
    0.0000881
  ],
  "MAGMA": [
    0.188554,
    0.189137
  ],
  "SNEK": [
    0.00047629,
    0.00047733
  ],
  "REZ": [
    0.00392876,
    0.00393543
  ],
  "SPELL": [
    0.00018884,
    0.00018511
  ],
  "ISLM": [
    0.01175253,
    0.01174841
  ],
  "SATS": [
    1.3982e-8,
    1.4122e-8
  ],
  "DEP": [
    0.00107923,
    0.00107596
  ],
  "SLP": [
    0.00070521,
    0.00070893
  ],
  "CPOOL": [
    0.0249601,
    0.02505325
  ],
  "DEGEN": [
    0.0006705,
    0.0006744
  ],
  "GUN": [
    0.01442057,
    0.01433278
  ],
  "ALLO": [
    0.108792,
    0.108414
  ],
  "NYM": [
    0.02734329,
    0.02742551
  ],
  "SWARMS": [
    0.0219438,
    0.0214315
  ],
  "CORN": [
    0.04010344,
    0.0402177
  ],
  "LRC": [
    0.01676463,
    0.01674708
  ],
  "AURORA": [
    0.02648602,
    0.02658944
  ],
  "NIL": [
    0.0406591,
    0.04064861
  ],
  "INIT": [
    0.090313,
    0.089921
  ],
  "GRIFFAIN": [
    0.01748124,
    0.0173882
  ],
  "NEWT": [
    0.076403,
    0.076526
  ],
  "AIN": [
    0.089098,
    0.088637
  ],
  "BOB": [
    0.00575911,
    0.00574681
  ],
  "L3": [
    0.01052083,
    0.01040611
  ],
  "SONIC": [
    0.0406555,
    0.04019546
  ],
  "BANK": [
    0.03343044,
    0.03389053
  ],
  "DSYNC": [
    0.01334983,
    0.01344206
  ],
  "MUBARAK": [
    0.01319104,
    0.01329308
  ],
  "TLM": [
    0.00182768,
    0.00182336
  ],
  "HONEY": [
    0.00205786,
    0.00205421
  ],
  "RESOLV": [
    0.02986897,
    0.02969083
  ],
  "PAAL": [
    0.01249784,
    0.01266252
  ],
  "DAO": [
    0.04167521,
    0.04157706
  ],
  "IKA": [
    0.00333326,
    0.00333917
  ],
  "HMSTR": [
    0.00015385,
    0.00015362
  ],
  "TAI": [
    0.01661613,
    0.01658603
  ],
  "COQ": [
    1.37037e-7,
    1.36783e-7
  ],
  "LAT": [
    0.00131499,
    0.0013296
  ],
  "AVL": [
    0.02564561,
    0.02551659
  ],
  "FUEL": [
    0.00092198,
    0.00092229
  ],
  "NAVX": [
    0.00875091,
    0.00874291
  ],
  "NKN": [
    0.00816781,
    0.00812274
  ],
  "PIXEL": [
    0.00823526,
    0.00821037
  ],
  "COS": [
    0.00116028,
    0.001164
  ],
  "SOLV": [
    0.00398585,
    0.00400312
  ],
  "OBT": [
    0.00101235,
    0.00101229
  ],
  "ROAM": [
    0.01524231,
    0.01530869
  ],
  "RSS3": [
    0.00554659,
    0.00553222
  ],
  "DMC": [
    0.0007009,
    0.00070208
  ],
  "FHE": [
    0.01818161,
    0.01824354
  ],
  "FWOG": [
    0.00458134,
    0.00460875
  ],
  "DENT": [
    0.00004384,
    0.00004252
  ],
  "LYXE": [
    0.246527,
    0.242851
  ],
  "OAS": [
    0.00055312,
    0.00055827
  ],
  "FORTH": [
    0.241142,
    0.242395
  ],
  "HOOK": [
    0.00819404,
    0.00828075
  ],
  "RDNT": [
    0.00182185,
    0.00182406
  ],
  "GEAR": [
    0.00022836,
    0.00022839
  ],
  "SAMO": [
    0.00037174,
    0.00037155
  ],
  "CUDIS": [
    0.00775313,
    0.00775543
  ],
  "PERP": [
    0.02576652,
    0.02563803
  ],
  "EPT": [
    0.00072765,
    0.00073084
  ],
  "FIS": [
    0.01064296,
    0.01065792
  ],
  "PTB": [
    0.00079602,
    0.00079719
  ],
  "HIPPO": [
    0.00015989,
    0.00016261
  ],
  "FLM": [
    0.00264857,
    0.00265391
  ],
  "GORK": [
    0.00143911,
    0.00144138
  ],
  "SAROS": [
    0.00049913,
    0.00050076
  ],
  "DATA": [
    0.00071825,
    0.00072613
  ],
  "INSP": [
    0.00097729,
    0.0009849
  ],
  "ACA": [
    0.00066022,
    0.00066024
  ],
  "FOXY": [
    0.00011502,
    0.00011501
  ],
  "A2Z": [
    0.00007309,
    0.00007304
  ],
  "RFC": [
    0.0005694,
    0.00057974
  ],
  "DUCK": [
    0.00006854,
    0.00006863
  ],
  "SWTCH": [
    0.00331264,
    0.00317509
  ],
  "LOOKS": [
    0.00035972,
    0.00035994
  ],
  "MOONPIG": [
    0.00027388,
    0.00027429
  ],
  "BDXN": [
    0.00156206,
    0.00155665
  ],
  "ROOT": [
    0.00006047,
    0.00006208
  ],
  "CHILLGUY": [
    0.00012262,
    0.00012264
  ],
  "APU": [
    0.00004345,
    0.00004069
  ],
  "CHESS": [
    0.00017108,
    0.00017023
  ],
  "HOLO": [
    0.0000119,
    0.00001191
  ],
  "GMMT": [
    0.00249914,
    0.00249773
  ],
  "RATS": [
    0.00003794,
    0.00003774
  ],
  "ADB": [
    null,
    null
  ]
}