{
  "PUMP": [
    0.00167386,
    0.00167164
  ],
  "STABLE": [
    0.02758829,
    0.0272668
  ],
  "SIREN": [
    0.57371,
    0.523324
  ],
  "MON": [
    0.02716794,
    0.02722381
  ],
  "AERO": [
    0.314461,
    0.313158
  ],
  "JASMY": [
    0.00528687,
    0.00526934
  ],
  "LIT": [
    0.993176,
    0.985164
  ],
  "CVX": [
    1.71,
    1.71
  ],
  "BAT": [
    0.095057,
    0.095938
  ],
  "ATH": [
    0.00686848,
    0.00687744
  ],
  "BANANAS31": [
    0.01213309,
    0.01204245
  ],
  "COW": [
    0.204369,
    0.204102
  ],
  "ONT": [
    0.097359,
    0.096386
  ],
  "CHEEMS": [
    4.09457e-7,
    4.07058e-7
  ],
  "SKYAI": [
    0.078202,
    0.078502
  ],
  "TAG": [
    0.00065962,
    0.0006924
  ],
  "SAHARA": [
    0.02346282,
    0.02343987
  ],
  "CKB": [
    0.00146441,
    0.00146189
  ],
  "POLYX": [
    0.052601,
    0.052109
  ],
  "BAN": [
    0.057555,
    0.057323
  ],
  "NPC": [
    0.00712778,
    0.00709623
  ],
  "ARC": [
    0.055112,
    0.05505
  ],
  "BEAT": [
    0.335103,
    0.33381
  ],
  "CSPR": [
    0.00292359,
    0.00292236
  ],
  "MYX": [
    0.230455,
    0.235344
  ],
  "IOTX": [
    0.00445706,
    0.0044511
  ],
  "NOT": [
    0.00035742,
    0.00035784
  ],
  "DEP": [
    0.00114126,
    0.00114206
  ],
  "SNEK": [
    0.00041498,
    0.00041559
  ],
  "ISLM": [
    0.0120902,
    0.01194449
  ],
  "NYM": [
    0.03450657,
    0.03441431
  ],
  "MERL": [
    0.02380824,
    0.02382948
  ],
  "REZ": [
    0.00340159,
    0.00340184
  ],
  "SPELL": [
    0.00015938,
    0.00015975
  ],
  "GUN": [
    0.01445432,
    0.01453588
  ],
  "DEGEN": [
    0.00067049,
    0.00066756
  ],
  "HUMA": [
    0.01384911,
    0.01384366
  ],
  "CORN": [
    0.04500489,
    0.04501776
  ],
  "L3": [
    0.01448032,
    0.0174626
  ],
  "NEIRO": [
    0.00005508,
    0.00005506
  ],
  "SATS": [
    1.0702e-8,
    1.0712e-8
  ],
  "ALLO": [
    0.102207,
    0.10188
  ],
  "SLP": [
    0.00060521,
    0.0006099
  ],
  "CPOOL": [
    0.02279338,
    0.02276386
  ],
  "LRC": [
    0.0175505,
    0.01756289
  ],
  "MAGMA": [
    0.110689,
    0.11275
  ],
  "AURORA": [
    0.02598559,
    0.02602293
  ],
  "DENT": [
    0.00017659,
    0.00017554
  ],
  "BOB": [
    0.00564136,
    0.00564941
  ],
  "RESOLV": [
    0.03972361,
    0.03970971
  ],
  "INIT": [
    0.082038,
    0.081957
  ],
  "DSYNC": [
    0.014638,
    0.01461292
  ],
  "NIL": [
    0.03323381,
    0.033405
  ],
  "NEWT": [
    0.064994,
    0.064953
  ],
  "DAO": [
    0.053361,
    0.053189
  ],
  "SONIC": [
    0.03677035,
    0.03684471
  ],
  "IKA": [
    0.00432719,
    0.00431927
  ],
  "GRIFFAIN": [
    0.01219071,
    0.01210341
  ],
  "BANK": [
    0.02842214,
    0.02831978
  ],
  "HONEY": [
    0.00207369,
    0.00207565
  ],
  "PAAL": [
    0.01264672,
    0.01282523
  ],
  "MUBARAK": [
    0.01106789,
    0.01114607
  ],
  "AIN": [
    0.058664,
    0.058637
  ],
  "ROAM": [
    0.03145481,
    0.03141447
  ],
  "SWARMS": [
    0.01082888,
    0.01077106
  ],
  "TLM": [
    0.00164118,
    0.00165
  ],
  "AVL": [
    0.03464465,
    0.03466898
  ],
  "TAI": [
    0.01614675,
    0.01612919
  ],
  "LAT": [
    0.00130699,
    0.00130812
  ],
  "HMSTR": [
    0.00013842,
    0.00013854
  ],
  "COS": [
    0.00143708,
    0.00147173
  ],
  "SOLV": [
    0.00517671,
    0.0049602
  ],
  "NKN": [
    0.00976193,
    0.00926208
  ],
  "NAVX": [
    0.00885009,
    0.00886617
  ],
  "FUEL": [
    0.00093936,
    0.00093913
  ],
  "COQ": [
    9.3407e-8,
    9.3259e-8
  ],
  "RSS3": [
    0.00640329,
    0.00626923
  ],
  "OBT": [
    0.00100522,
    0.00100878
  ],
  "PIXEL": [
    0.00636235,
    0.00647921
  ],
  "FWOG": [
    0.00477997,
    0.0047634
  ],
  "FHE": [
    0.01801064,
    0.01786333
  ],
  "DMC": [
    0.00071943,
    0.00072506
  ],
  "HIPPO": [
    0.00041861,
    0.00041898
  ],
  "LYXE": [
    0.261517,
    0.260697
  ],
  "RDNT": [
    0.00257563,
    0.00259394
  ],
  "GEAR": [
    0.00028546,
    0.00030341
  ],
  "FORTH": [
    0.255487,
    0.252879
  ],
  "SAMO": [
    0.00042719,
    0.00043354
  ],
  "DUCK": [
    0.00031363,
    0.00031492
  ],
  "OAS": [
    0.00036371,
    0.00036259
  ],
  "HOOK": [
    0.00785193,
    0.00786615
  ],
  "FIS": [
    0.01283879,
    0.01289193
  ],
  "PERP": [
    0.02678596,
    0.02649601
  ],
  "CUDIS": [
    0.00770798,
    0.0076994
  ],
  "EPT": [
    0.00073643,
    0.00074514
  ],
  "PTB": [
    0.00085627,
    0.00084106
  ],
  "FLM": [
    0.00281612,
    0.00282091
  ],
  "DATA": [
    0.00098423,
    0.00097968
  ],
  "GORK": [
    0.00129686,
    0.00128629
  ],
  "SAROS": [
    0.00046958,
    0.00046669
  ],
  "INSP": [
    0.00120812,
    0.00120416
  ],
  "ACA": [
    0.00081976,
    0.00077529
  ],
  "A2Z": [
    0.00010892,
    0.00010852
  ],
  "FOXY": [
    0.00009425,
    0.00009692
  ],
  "SWTCH": [
    0.00353354,
    0.00352767
  ],
  "RFC": [
    0.00052061,
    0.0005211
  ],
  "LOOKS": [
    0.00039422,
    0.00039216
  ],
  "BDXN": [
    0.00193935,
    0.00197318
  ],
  "MOONPIG": [
    0.00029191,
    0.00029191
  ],
  "ROOT": [
    0.0000613,
    0.0000613
  ],
  "CHESS": [
    0.0003807,
    0.00037377
  ],
  "CHILLGUY": [
    0.00006767,
    0.00006749
  ],
  "APU": [
    0.00003171,
    0.00003046
  ],
  "HOLO": [
    0.00001234,
    0.00001234
  ],
  "RATS": [
    0.00003713,
    0.00003727
  ],
  "GMMT": [
    0.00379719,
    0.00379574
  ],
  "ADB": [
    null,
    null
  ]
}