{
  "STABLE": [
    0.03363477,
    0.0334752
  ],
  "PUMP": [
    0.00180976,
    0.00182203
  ],
  "SIREN": [
    0.711142,
    0.709007
  ],
  "AERO": [
    0.448646,
    0.452353
  ],
  "SKYAI": [
    0.352448,
    0.352701
  ],
  "MON": [
    0.02972076,
    0.02970417
  ],
  "JASMY": [
    0.00559439,
    0.00560369
  ],
  "LIT": [
    0.907636,
    0.910004
  ],
  "CVX": [
    1.72,
    1.73
  ],
  "BAT": [
    0.096937,
    0.097701
  ],
  "CHEEMS": [
    6.09365e-7,
    6.08314e-7
  ],
  "ATH": [
    0.00581336,
    0.00583183
  ],
  "COW": [
    0.184158,
    0.184383
  ],
  "BANANAS31": [
    0.00962383,
    0.00965908
  ],
  "TAG": [
    0.00090775,
    0.00086912
  ],
  "BEAT": [
    0.567366,
    0.564018
  ],
  "SAHARA": [
    0.02322374,
    0.02314754
  ],
  "ARC": [
    0.074437,
    0.074147
  ],
  "CKB": [
    0.00149432,
    0.00149916
  ],
  "BAN": [
    0.071921,
    0.072292
  ],
  "ONT": [
    0.072134,
    0.072284
  ],
  "NPC": [
    0.00787273,
    0.00791066
  ],
  "POLYX": [
    0.0479072,
    0.04795069
  ],
  "MYX": [
    0.262557,
    0.262002
  ],
  "MAGMA": [
    0.235913,
    0.237592
  ],
  "CSPR": [
    0.00281026,
    0.00281064
  ],
  "IOTX": [
    0.00452289,
    0.00451755
  ],
  "ISLM": [
    0.01187985,
    0.01182011
  ],
  "REZ": [
    0.00475977,
    0.00479079
  ],
  "MERL": [
    0.03234061,
    0.0322523
  ],
  "NOT": [
    0.00038415,
    0.00038615
  ],
  "NEIRO": [
    0.00009047,
    0.00009097
  ],
  "HUMA": [
    0.02204224,
    0.0220513
  ],
  "SNEK": [
    0.00046612,
    0.00046618
  ],
  "DEP": [
    0.00111562,
    0.00111666
  ],
  "SATS": [
    1.3851e-8,
    1.3902e-8
  ],
  "SPELL": [
    0.00016644,
    0.00016707
  ],
  "ALLO": [
    0.118693,
    0.118517
  ],
  "SWARMS": [
    0.02660259,
    0.0263337
  ],
  "CPOOL": [
    0.02602265,
    0.02602405
  ],
  "GUN": [
    0.01442446,
    0.01437238
  ],
  "SLP": [
    0.00069636,
    0.00069882
  ],
  "DEGEN": [
    0.00066491,
    0.00066499
  ],
  "CORN": [
    0.04026264,
    0.04023818
  ],
  "LRC": [
    0.01672726,
    0.01676955
  ],
  "AURORA": [
    0.02642791,
    0.02640613
  ],
  "L3": [
    0.01228007,
    0.0124991
  ],
  "NYM": [
    0.02215314,
    0.02213334
  ],
  "NIL": [
    0.04019698,
    0.04036681
  ],
  "GRIFFAIN": [
    0.01800541,
    0.01807125
  ],
  "INIT": [
    0.091246,
    0.091299
  ],
  "AIN": [
    0.091853,
    0.091249
  ],
  "BOB": [
    0.00568715,
    0.00568069
  ],
  "NEWT": [
    0.073587,
    0.073786
  ],
  "BANK": [
    0.03369605,
    0.03371887
  ],
  "SONIC": [
    0.03757479,
    0.03763735
  ],
  "MUBARAK": [
    0.01344543,
    0.0135113
  ],
  "DSYNC": [
    0.01301377,
    0.01298722
  ],
  "PAAL": [
    0.01311403,
    0.01340026
  ],
  "TLM": [
    0.00182968,
    0.0018309
  ],
  "RESOLV": [
    0.02864719,
    0.02848822
  ],
  "HONEY": [
    0.00181192,
    0.00180591
  ],
  "DAO": [
    0.04082352,
    0.04108206
  ],
  "IKA": [
    0.00335447,
    0.00337462
  ],
  "HMSTR": [
    0.00015376,
    0.00015372
  ],
  "COQ": [
    1.36007e-7,
    1.35387e-7
  ],
  "LAT": [
    0.00133129,
    0.00133156
  ],
  "TAI": [
    0.01487923,
    0.0151616
  ],
  "RSS3": [
    0.0055594,
    0.00556416
  ],
  "AVL": [
    0.02639162,
    0.0261727
  ],
  "FUEL": [
    0.00091691,
    0.00090466
  ],
  "NAVX": [
    0.00874688,
    0.00875263
  ],
  "SOLV": [
    0.00471528,
    0.00469723
  ],
  "NKN": [
    0.00790129,
    0.00797783
  ],
  "PIXEL": [
    0.00794411,
    0.00787926
  ],
  "COS": [
    0.00115109,
    0.00114951
  ],
  "OBT": [
    0.00100576,
    0.00100172
  ],
  "FHE": [
    0.01802584,
    0.01814684
  ],
  "DMC": [
    0.00069007,
    0.00069012
  ],
  "FWOG": [
    0.00454827,
    0.00453183
  ],
  "DENT": [
    0.00004135,
    0.00004231
  ],
  "LYXE": [
    0.253818,
    0.25462
  ],
  "ROAM": [
    0.01088326,
    0.01074804
  ],
  "GEAR": [
    0.00032455,
    0.00032456
  ],
  "OAS": [
    0.0004837,
    0.00048458
  ],
  "FORTH": [
    0.241375,
    0.238887
  ],
  "HOOK": [
    0.00804848,
    0.007981
  ],
  "RDNT": [
    0.00178662,
    0.00178652
  ],
  "SAMO": [
    0.00036121,
    0.00036141
  ],
  "CUDIS": [
    0.0078422,
    0.0078143
  ],
  "PERP": [
    0.02568751,
    0.02587219
  ],
  "EPT": [
    0.00072155,
    0.00073293
  ],
  "PTB": [
    0.00080221,
    0.00080345
  ],
  "SAROS": [
    0.00060104,
    0.0006301
  ],
  "HIPPO": [
    0.0001633,
    0.0001624
  ],
  "FIS": [
    0.01041055,
    0.01038943
  ],
  "FLM": [
    0.00257444,
    0.00257407
  ],
  "GORK": [
    0.0014204,
    0.00141622
  ],
  "DATA": [
    0.00070282,
    0.00070876
  ],
  "A2Z": [
    0.00010757,
    0.00010658
  ],
  "ACA": [
    0.00066727,
    0.00066242
  ],
  "INSP": [
    0.00095503,
    0.00095745
  ],
  "FOXY": [
    0.0001169,
    0.00011695
  ],
  "DUCK": [
    0.00007277,
    0.00007308
  ],
  "RFC": [
    0.00057821,
    0.00057789
  ],
  "SWTCH": [
    0.00325139,
    0.00332837
  ],
  "LOOKS": [
    0.00035894,
    0.00035894
  ],
  "MOONPIG": [
    0.0002826,
    0.00028362
  ],
  "BDXN": [
    0.00159339,
    0.0015884
  ],
  "ROOT": [
    0.00005948,
    0.00006198
  ],
  "CHILLGUY": [
    0.00009074,
    0.00009074
  ],
  "APU": [
    0.00004196,
    0.00004349
  ],
  "CHESS": [
    0.00019884,
    0.00019863
  ],
  "HOLO": [
    0.00001187,
    0.00001187
  ],
  "GMMT": [
    0.00248143,
    0.0024863
  ],
  "RATS": [
    0.00003855,
    0.00003821
  ],
  "ADB": [
    null,
    null
  ]
}