{
  "SIREN": [
    1.71,
    1.74
  ],
  "PUMP": [
    0.00170767,
    0.00170723
  ],
  "STABLE": [
    0.02437492,
    0.02420807
  ],
  "AERO": [
    0.320044,
    0.318926
  ],
  "JASMY": [
    0.00526986,
    0.00529169
  ],
  "MON": [
    0.02228112,
    0.02230028
  ],
  "LIT": [
    0.841868,
    0.833873
  ],
  "CVX": [
    1.61,
    1.63
  ],
  "BAT": [
    0.091633,
    0.091622
  ],
  "BANANAS31": [
    0.01296773,
    0.01288449
  ],
  "ATH": [
    0.00687231,
    0.00687173
  ],
  "COW": [
    0.197343,
    0.198361
  ],
  "CHEEMS": [
    4.12318e-7,
    4.18437e-7
  ],
  "SAHARA": [
    0.02475263,
    0.02457918
  ],
  "BEAT": [
    0.491445,
    0.501143
  ],
  "CKB": [
    0.00134631,
    0.00135207
  ],
  "TAG": [
    0.00057621,
    0.00056931
  ],
  "SKYAI": [
    0.060595,
    0.059903
  ],
  "BAN": [
    0.057574,
    0.05764
  ],
  "NPC": [
    0.0071377,
    0.00712929
  ],
  "POLYX": [
    0.04491561,
    0.044974
  ],
  "ONT": [
    0.058816,
    0.059366
  ],
  "CSPR": [
    0.00333575,
    0.00329478
  ],
  "ARC": [
    0.04907778,
    0.04927465
  ],
  "MYX": [
    0.239896,
    0.241407
  ],
  "IOTX": [
    0.00471233,
    0.00473839
  ],
  "NOT": [
    0.00033989,
    0.00034304
  ],
  "DEP": [
    0.00116303,
    0.00116239
  ],
  "ISLM": [
    0.01224445,
    0.01211397
  ],
  "SNEK": [
    0.0004085,
    0.00040729
  ],
  "MERL": [
    0.0239063,
    0.02392594
  ],
  "SPELL": [
    0.00016113,
    0.00016112
  ],
  "LRC": [
    0.02172098,
    0.02176202
  ],
  "NYM": [
    0.03246226,
    0.03253903
  ],
  "GUN": [
    0.01616758,
    0.01592837
  ],
  "REZ": [
    0.00337755,
    0.00335335
  ],
  "HUMA": [
    0.01478219,
    0.01479992
  ],
  "DEGEN": [
    0.00066959,
    0.00066985
  ],
  "CORN": [
    0.04611574,
    0.04615523
  ],
  "MAGMA": [
    0.122479,
    0.122958
  ],
  "ALLO": [
    0.103789,
    0.104611
  ],
  "NEIRO": [
    0.00005435,
    0.00005444
  ],
  "SATS": [
    1.0258e-8,
    1.0262e-8
  ],
  "CPOOL": [
    0.02178767,
    0.0217382
  ],
  "SLP": [
    0.00056339,
    0.00056465
  ],
  "AURORA": [
    0.02725583,
    0.0272071
  ],
  "DENT": [
    0.00018635,
    0.00018911
  ],
  "BANK": [
    0.04217436,
    0.04169583
  ],
  "DSYNC": [
    0.01618786,
    0.01611312
  ],
  "BOB": [
    0.00550601,
    0.00551691
  ],
  "NEWT": [
    0.069644,
    0.069592
  ],
  "RESOLV": [
    0.03802368,
    0.03821308
  ],
  "INIT": [
    0.077805,
    0.077447
  ],
  "SONIC": [
    0.03875913,
    0.03867884
  ],
  "L3": [
    0.00991674,
    0.00987317
  ],
  "DAO": [
    0.053877,
    0.054069
  ],
  "NIL": [
    0.0317904,
    0.03155872
  ],
  "ROAM": [
    0.03861286,
    0.03857045
  ],
  "NKN": [
    0.0134097,
    0.01606276
  ],
  "PAAL": [
    0.01432065,
    0.01416118
  ],
  "HONEY": [
    0.00204763,
    0.00206667
  ],
  "GRIFFAIN": [
    0.01131127,
    0.01122023
  ],
  "MUBARAK": [
    0.01111957,
    0.01110427
  ],
  "AIN": [
    0.059196,
    0.059872
  ],
  "TLM": [
    0.00160949,
    0.00160276
  ],
  "IKA": [
    0.0032391,
    0.00324096
  ],
  "TAI": [
    0.01704238,
    0.01648667
  ],
  "SWARMS": [
    0.00921719,
    0.00919051
  ],
  "LAT": [
    0.00130476,
    0.00130188
  ],
  "HMSTR": [
    0.00013175,
    0.0001327
  ],
  "DUCK": [
    0.00109875,
    0.00109717
  ],
  "FUEL": [
    0.00101701,
    0.00101659
  ],
  "COS": [
    0.00148172,
    0.0014789
  ],
  "NAVX": [
    0.00846315,
    0.00846006
  ],
  "AVL": [
    0.02499728,
    0.0251346
  ],
  "COQ": [
    9.465e-8,
    9.4117e-8
  ],
  "PIXEL": [
    0.00792399,
    0.00793444
  ],
  "RDNT": [
    0.00438034,
    0.00435571
  ],
  "OBT": [
    0.00102475,
    0.00102269
  ],
  "DMC": [
    0.00087587,
    0.00086759
  ],
  "HIPPO": [
    0.00051498,
    0.00051502
  ],
  "RSS3": [
    0.00559981,
    0.00519256
  ],
  "FWOG": [
    0.00473357,
    0.00469372
  ],
  "SOLV": [
    0.00306345,
    0.00305906
  ],
  "LYXE": [
    0.285645,
    0.28552
  ],
  "FHE": [
    0.0170187,
    0.01703571
  ],
  "FORTH": [
    0.367596,
    0.368851
  ],
  "GEAR": [
    0.00030295,
    0.00029714
  ],
  "HOOK": [
    0.00899505,
    0.00912086
  ],
  "OAS": [
    0.00035559,
    0.00036317
  ],
  "SAMO": [
    0.00040044,
    0.00040155
  ],
  "PERP": [
    0.02995518,
    0.03075764
  ],
  "PTB": [
    0.00107271,
    0.00106512
  ],
  "FIS": [
    0.01405614,
    0.01397159
  ],
  "CUDIS": [
    0.00787892,
    0.00783808
  ],
  "A2Z": [
    0.00022486,
    0.00022504
  ],
  "EPT": [
    0.00072152,
    0.00072337
  ],
  "GORK": [
    0.00152922,
    0.0015283
  ],
  "FLM": [
    0.00265913,
    0.00266746
  ],
  "SAROS": [
    0.00051936,
    0.00052218
  ],
  "DATA": [
    0.00100569,
    0.00100272
  ],
  "INSP": [
    0.00126791,
    0.00126818
  ],
  "ACA": [
    0.00080936,
    0.00080702
  ],
  "SWTCH": [
    0.00561823,
    0.00580055
  ],
  "FOXY": [
    0.0001256,
    0.00012571
  ],
  "RFC": [
    0.00063285,
    0.00065786
  ],
  "LOOKS": [
    0.00040316,
    0.00040378
  ],
  "BDXN": [
    0.00244754,
    0.00244788
  ],
  "MOONPIG": [
    0.00031354,
    0.0003125
  ],
  "CHESS": [
    0.00145154,
    0.00148044
  ],
  "ROOT": [
    0.00006794,
    0.00006793
  ],
  "CHILLGUY": [
    0.00006247,
    0.00006247
  ],
  "APU": [
    0.00003098,
    0.00003043
  ],
  "HOLO": [
    0.00001278,
    0.00001278
  ],
  "GMMT": [
    0.00337775,
    0.00337617
  ],
  "RATS": [
    0.00004513,
    0.00004474
  ],
  "ADB": [
    null,
    null
  ]
}