{
  "PUMP": [
    0.0018837,
    0.00190967
  ],
  "STABLE": [
    0.0364096,
    0.03664423
  ],
  "SIREN": [
    0.672361,
    0.665135
  ],
  "AERO": [
    0.458432,
    0.46551
  ],
  "MON": [
    0.02904587,
    0.0291561
  ],
  "JASMY": [
    0.00590878,
    0.00591774
  ],
  "LIT": [
    0.896801,
    0.935346
  ],
  "SKYAI": [
    0.219733,
    0.208646
  ],
  "CVX": [
    1.72,
    1.72
  ],
  "BAT": [
    0.100796,
    0.100685
  ],
  "CHEEMS": [
    6.10181e-7,
    6.0484e-7
  ],
  "ATH": [
    0.00589657,
    0.00590569
  ],
  "COW": [
    0.187356,
    0.187476
  ],
  "BANANAS31": [
    0.00945343,
    0.00938634
  ],
  "BEAT": [
    0.582846,
    0.592372
  ],
  "BAN": [
    0.075879,
    0.075622
  ],
  "SAHARA": [
    0.02278183,
    0.02282506
  ],
  "CKB": [
    0.00150406,
    0.00150899
  ],
  "ONT": [
    0.07268,
    0.071977
  ],
  "ARC": [
    0.067295,
    0.066152
  ],
  "NPC": [
    0.0080579,
    0.00808241
  ],
  "POLYX": [
    0.04942329,
    0.04916821
  ],
  "TAG": [
    0.00059605,
    0.0005672
  ],
  "MYX": [
    0.270778,
    0.271168
  ],
  "CSPR": [
    0.00293661,
    0.00292322
  ],
  "MERL": [
    0.03684514,
    0.03613114
  ],
  "IOTX": [
    0.00472245,
    0.00467994
  ],
  "ISLM": [
    0.01190249,
    0.01194772
  ],
  "NOT": [
    0.00039988,
    0.00040122
  ],
  "NEIRO": [
    0.00008824,
    0.0000885
  ],
  "HUMA": [
    0.02104157,
    0.02127506
  ],
  "REZ": [
    0.00430828,
    0.00437927
  ],
  "MAGMA": [
    0.187169,
    0.188569
  ],
  "SNEK": [
    0.00046148,
    0.00046072
  ],
  "DEP": [
    0.00111123,
    0.00111182
  ],
  "SPELL": [
    0.00017307,
    0.0001761
  ],
  "SATS": [
    1.4165e-8,
    1.4148e-8
  ],
  "SLP": [
    0.00071966,
    0.00071474
  ],
  "GUN": [
    0.01457676,
    0.01461508
  ],
  "CPOOL": [
    0.02550076,
    0.02576714
  ],
  "DEGEN": [
    0.00067735,
    0.00067865
  ],
  "ALLO": [
    0.111011,
    0.11034
  ],
  "LRC": [
    0.01781768,
    0.01824188
  ],
  "NYM": [
    0.0268192,
    0.02681457
  ],
  "CORN": [
    0.04046062,
    0.04046305
  ],
  "SWARMS": [
    0.02170669,
    0.02085839
  ],
  "GRIFFAIN": [
    0.01870281,
    0.01927663
  ],
  "AURORA": [
    0.02673085,
    0.02663459
  ],
  "INIT": [
    0.092732,
    0.093221
  ],
  "NIL": [
    0.03904544,
    0.0390642
  ],
  "L3": [
    0.01097092,
    0.01145752
  ],
  "NEWT": [
    0.078061,
    0.07777
  ],
  "BOB": [
    0.00578969,
    0.00579588
  ],
  "AIN": [
    0.086766,
    0.087449
  ],
  "BANK": [
    0.0340388,
    0.03408207
  ],
  "MUBARAK": [
    0.01474534,
    0.01449898
  ],
  "SONIC": [
    0.03896342,
    0.037625
  ],
  "DSYNC": [
    0.01318043,
    0.01315484
  ],
  "TLM": [
    0.00185783,
    0.00186689
  ],
  "RESOLV": [
    0.030136,
    0.03000346
  ],
  "PAAL": [
    0.01237684,
    0.01251128
  ],
  "HONEY": [
    0.00195062,
    0.00188977
  ],
  "IKA": [
    0.00357785,
    0.00357172
  ],
  "DAO": [
    0.04246425,
    0.04199617
  ],
  "HMSTR": [
    0.00015352,
    0.00015327
  ],
  "COQ": [
    1.37945e-7,
    1.37558e-7
  ],
  "TAI": [
    0.01597977,
    0.0160567
  ],
  "LAT": [
    0.00132658,
    0.00132166
  ],
  "AVL": [
    0.02626874,
    0.0263795
  ],
  "FUEL": [
    0.00092379,
    0.00091865
  ],
  "NAVX": [
    0.00877423,
    0.0087568
  ],
  "PIXEL": [
    0.00857165,
    0.00840562
  ],
  "NKN": [
    0.00816914,
    0.00810665
  ],
  "COS": [
    0.00116581,
    0.00116704
  ],
  "SOLV": [
    0.00404529,
    0.00403226
  ],
  "OBT": [
    0.0009953,
    0.00099265
  ],
  "RSS3": [
    0.00559178,
    0.00559422
  ],
  "ROAM": [
    0.01451172,
    0.01434725
  ],
  "DMC": [
    0.00072283,
    0.00073473
  ],
  "FHE": [
    0.01873861,
    0.01879589
  ],
  "FWOG": [
    0.00475416,
    0.0047892
  ],
  "DENT": [
    0.00004309,
    0.00004325
  ],
  "LYXE": [
    0.245835,
    0.245618
  ],
  "OAS": [
    0.00051712,
    0.00051276
  ],
  "FORTH": [
    0.250866,
    0.249797
  ],
  "GEAR": [
    0.00026737,
    0.00026518
  ],
  "RDNT": [
    0.00185301,
    0.00187743
  ],
  "HOOK": [
    0.00808989,
    0.00819012
  ],
  "SAMO": [
    0.00036102,
    0.00036164
  ],
  "CUDIS": [
    0.00770446,
    0.0077203
  ],
  "PERP": [
    0.02518259,
    0.02528748
  ],
  "PTB": [
    0.00080989,
    0.00081787
  ],
  "EPT": [
    0.00071736,
    0.00070614
  ],
  "FIS": [
    0.01053442,
    0.01050483
  ],
  "HIPPO": [
    0.00016193,
    0.00016092
  ],
  "GORK": [
    0.00150715,
    0.00150342
  ],
  "FLM": [
    0.00266053,
    0.00261927
  ],
  "SAROS": [
    0.00046488,
    0.00046376
  ],
  "DATA": [
    0.000706,
    0.00070661
  ],
  "INSP": [
    0.00099543,
    0.00099594
  ],
  "ACA": [
    0.0006234,
    0.00061959
  ],
  "FOXY": [
    0.00011694,
    0.00011596
  ],
  "A2Z": [
    0.00007111,
    0.00007138
  ],
  "DUCK": [
    0.00007616,
    0.00007591
  ],
  "RFC": [
    0.00058954,
    0.00060419
  ],
  "SWTCH": [
    0.00326533,
    0.00316542
  ],
  "LOOKS": [
    0.00037074,
    0.00038274
  ],
  "MOONPIG": [
    0.00025714,
    0.0002614
  ],
  "BDXN": [
    0.00151684,
    0.00154081
  ],
  "ROOT": [
    0.00006245,
    0.00006245
  ],
  "CHILLGUY": [
    0.00010909,
    0.000109
  ],
  "APU": [
    0.00003902,
    0.0000394
  ],
  "CHESS": [
    0.00016958,
    0.00016958
  ],
  "HOLO": [
    0.00001191,
    0.00001191
  ],
  "GMMT": [
    0.00246228,
    0.00245617
  ],
  "RATS": [
    0.00003974,
    0.00004038
  ],
  "ADB": [
    null,
    null
  ]
}