{
  "PUMP": [
    0.00177268,
    0.00179767
  ],
  "STABLE": [
    0.03645127,
    0.03679745
  ],
  "SIREN": [
    0.69411,
    0.682314
  ],
  "AERO": [
    0.459226,
    0.460474
  ],
  "MON": [
    0.02873938,
    0.02913039
  ],
  "JASMY": [
    0.00594034,
    0.00597204
  ],
  "LIT": [
    0.886217,
    0.891619
  ],
  "SKYAI": [
    0.201805,
    0.200152
  ],
  "CVX": [
    1.73,
    1.73
  ],
  "BAT": [
    0.101055,
    0.101117
  ],
  "CHEEMS": [
    6.01076e-7,
    6.08591e-7
  ],
  "ATH": [
    0.00587983,
    0.00596574
  ],
  "COW": [
    0.186119,
    0.187368
  ],
  "BANANAS31": [
    0.00937353,
    0.00941247
  ],
  "BEAT": [
    0.576658,
    0.579393
  ],
  "BAN": [
    0.076382,
    0.074874
  ],
  "SAHARA": [
    0.0227104,
    0.02268937
  ],
  "ONT": [
    0.072909,
    0.073286
  ],
  "CKB": [
    0.00149501,
    0.0015019
  ],
  "ARC": [
    0.067768,
    0.065279
  ],
  "NPC": [
    0.00807383,
    0.00801729
  ],
  "POLYX": [
    0.04939051,
    0.04951453
  ],
  "TAG": [
    0.00058404,
    0.00057495
  ],
  "MYX": [
    0.281121,
    0.280281
  ],
  "CSPR": [
    0.00292034,
    0.00292298
  ],
  "MERL": [
    0.03705664,
    0.03704269
  ],
  "IOTX": [
    0.00471241,
    0.0047368
  ],
  "ISLM": [
    0.01190354,
    0.01196606
  ],
  "NOT": [
    0.00039813,
    0.00039933
  ],
  "NEIRO": [
    0.00008751,
    0.00008863
  ],
  "REZ": [
    0.00436511,
    0.00444308
  ],
  "HUMA": [
    0.02105635,
    0.02098267
  ],
  "MAGMA": [
    0.186712,
    0.184183
  ],
  "SNEK": [
    0.00046214,
    0.00046281
  ],
  "DEP": [
    0.00111285,
    0.00111346
  ],
  "SATS": [
    1.4122e-8,
    1.4292e-8
  ],
  "SPELL": [
    0.0001727,
    0.00017354
  ],
  "SLP": [
    0.00071653,
    0.000723
  ],
  "GUN": [
    0.01471934,
    0.01496707
  ],
  "ALLO": [
    0.112772,
    0.111682
  ],
  "DEGEN": [
    0.00067487,
    0.00067489
  ],
  "CPOOL": [
    0.02483033,
    0.02473601
  ],
  "LRC": [
    0.0180874,
    0.01854456
  ],
  "NYM": [
    0.02680313,
    0.02678164
  ],
  "SWARMS": [
    0.02262336,
    0.02220821
  ],
  "CORN": [
    0.04035597,
    0.04033881
  ],
  "GRIFFAIN": [
    0.01816581,
    0.01906678
  ],
  "AURORA": [
    0.02659859,
    0.02687724
  ],
  "NIL": [
    0.04018132,
    0.03973198
  ],
  "INIT": [
    0.09279,
    0.091315
  ],
  "NEWT": [
    0.077932,
    0.077796
  ],
  "AIN": [
    0.089976,
    0.089481
  ],
  "BOB": [
    0.00588266,
    0.00577718
  ],
  "L3": [
    0.01052513,
    0.01054779
  ],
  "BANK": [
    0.03403166,
    0.03400313
  ],
  "MUBARAK": [
    0.01434172,
    0.01434843
  ],
  "SONIC": [
    0.03919783,
    0.03935164
  ],
  "DSYNC": [
    0.01315373,
    0.01322739
  ],
  "TLM": [
    0.00184929,
    0.00187125
  ],
  "RESOLV": [
    0.03046361,
    0.0300691
  ],
  "HONEY": [
    0.00198422,
    0.00201985
  ],
  "PAAL": [
    0.01259204,
    0.01260529
  ],
  "IKA": [
    0.00355561,
    0.00357515
  ],
  "DAO": [
    0.04252738,
    0.0424165
  ],
  "HMSTR": [
    0.00015393,
    0.0001535
  ],
  "COQ": [
    1.3637e-7,
    1.36224e-7
  ],
  "TAI": [
    0.01624625,
    0.01593088
  ],
  "LAT": [
    0.00132074,
    0.0013219
  ],
  "AVL": [
    0.02596715,
    0.02607056
  ],
  "FUEL": [
    0.00092539,
    0.00092424
  ],
  "NAVX": [
    0.0087612,
    0.00877706
  ],
  "NKN": [
    0.00810249,
    0.00820648
  ],
  "PIXEL": [
    0.00836684,
    0.00837794
  ],
  "COS": [
    0.00116718,
    0.0011712
  ],
  "SOLV": [
    0.00410635,
    0.00408679
  ],
  "OBT": [
    0.00099703,
    0.000996
  ],
  "RSS3": [
    0.00560609,
    0.00558232
  ],
  "ROAM": [
    0.01455323,
    0.01461374
  ],
  "DMC": [
    0.00072215,
    0.0007258
  ],
  "FHE": [
    0.01881235,
    0.01868535
  ],
  "FWOG": [
    0.00469513,
    0.00476058
  ],
  "DENT": [
    0.00004257,
    0.00004442
  ],
  "LYXE": [
    0.249589,
    0.250646
  ],
  "OAS": [
    0.00051612,
    0.00051175
  ],
  "FORTH": [
    0.242268,
    0.241527
  ],
  "RDNT": [
    0.00185295,
    0.0018575
  ],
  "GEAR": [
    0.00022773,
    0.00023668
  ],
  "HOOK": [
    0.0080989,
    0.00809321
  ],
  "SAMO": [
    0.00036754,
    0.00036627
  ],
  "CUDIS": [
    0.00774684,
    0.00773846
  ],
  "PERP": [
    0.02570229,
    0.02562161
  ],
  "FIS": [
    0.01044,
    0.01051052
  ],
  "EPT": [
    0.00070807,
    0.00070043
  ],
  "PTB": [
    0.00079105,
    0.00078403
  ],
  "HIPPO": [
    0.00015955,
    0.0001617
  ],
  "GORK": [
    0.00152267,
    0.00151699
  ],
  "FLM": [
    0.00263652,
    0.00260861
  ],
  "SAROS": [
    0.00047318,
    0.00046785
  ],
  "DATA": [
    0.00070339,
    0.00070439
  ],
  "INSP": [
    0.00098664,
    0.00097735
  ],
  "ACA": [
    0.00064927,
    0.00064837
  ],
  "FOXY": [
    0.00011589,
    0.00011685
  ],
  "DUCK": [
    0.00007897,
    0.00007934
  ],
  "A2Z": [
    0.00007227,
    0.00007125
  ],
  "RFC": [
    0.00058336,
    0.00057503
  ],
  "SWTCH": [
    0.0033314,
    0.00330678
  ],
  "LOOKS": [
    0.00036691,
    0.00036715
  ],
  "MOONPIG": [
    0.00025702,
    0.00025896
  ],
  "BDXN": [
    0.00159228,
    0.0015791
  ],
  "ROOT": [
    0.00006235,
    0.00006265
  ],
  "CHILLGUY": [
    0.00011226,
    0.00011276
  ],
  "APU": [
    0.00004199,
    0.00003982
  ],
  "CHESS": [
    0.00016959,
    0.00016958
  ],
  "HOLO": [
    0.00001191,
    0.00001191
  ],
  "RATS": [
    0.00003882,
    0.00004024
  ],
  "GMMT": [
    0.00240562,
    0.00242409
  ],
  "ADB": [
    null,
    null
  ]
}