{
  "SKYAI": [
    0.729245,
    0.775767
  ],
  "STABLE": [
    0.03366939,
    0.03382228
  ],
  "PUMP": [
    0.00185245,
    0.00186131
  ],
  "SIREN": [
    0.746654,
    0.754022
  ],
  "AERO": [
    0.471284,
    0.464782
  ],
  "MON": [
    0.03127811,
    0.0311624
  ],
  "JASMY": [
    0.00574228,
    0.00574582
  ],
  "LIT": [
    0.964159,
    0.964239
  ],
  "CVX": [
    1.8,
    1.82
  ],
  "BAT": [
    0.10452,
    0.104805
  ],
  "TAG": [
    0.00132345,
    0.00133471
  ],
  "CHEEMS": [
    6.32907e-7,
    6.37741e-7
  ],
  "ATH": [
    0.00617669,
    0.00622394
  ],
  "BANANAS31": [
    0.01128143,
    0.0116022
  ],
  "COW": [
    0.178847,
    0.177528
  ],
  "SAHARA": [
    0.0247855,
    0.02461713
  ],
  "BAN": [
    0.076416,
    0.076509
  ],
  "BEAT": [
    0.543557,
    0.54401
  ],
  "CKB": [
    0.00153988,
    0.0015358
  ],
  "ONT": [
    0.071661,
    0.071718
  ],
  "ARC": [
    0.070269,
    0.069546
  ],
  "NPC": [
    0.00809121,
    0.00811014
  ],
  "POLYX": [
    0.04975349,
    0.04982415
  ],
  "NOT": [
    0.00052506,
    0.00054981
  ],
  "MERL": [
    0.03905984,
    0.04097974
  ],
  "MYX": [
    0.247843,
    0.247988
  ],
  "MAGMA": [
    0.241399,
    0.245169
  ],
  "CSPR": [
    0.00285225,
    0.00287906
  ],
  "REZ": [
    0.00531165,
    0.00536573
  ],
  "IOTX": [
    0.00471669,
    0.00472296
  ],
  "NEIRO": [
    0.00009794,
    0.00009834
  ],
  "ISLM": [
    0.01160809,
    0.01150737
  ],
  "SNEK": [
    0.00051945,
    0.00051584
  ],
  "HUMA": [
    0.02176277,
    0.02159639
  ],
  "SATS": [
    1.5159e-8,
    1.5229e-8
  ],
  "DEP": [
    0.00111186,
    0.00111097
  ],
  "SWARMS": [
    0.03025943,
    0.03044677
  ],
  "SPELL": [
    0.0001705,
    0.00017099
  ],
  "CPOOL": [
    0.02812911,
    0.02837105
  ],
  "GUN": [
    0.01474229,
    0.01464137
  ],
  "DEGEN": [
    0.00071271,
    0.00071337
  ],
  "SLP": [
    0.00071948,
    0.00072243
  ],
  "ALLO": [
    0.114294,
    0.114393
  ],
  "LRC": [
    0.01699419,
    0.01700786
  ],
  "CORN": [
    0.03859844,
    0.03689489
  ],
  "AURORA": [
    0.02695457,
    0.02687877
  ],
  "NYM": [
    0.02171991,
    0.02188465
  ],
  "AIN": [
    0.098012,
    0.097838
  ],
  "NIL": [
    0.04049948,
    0.04017507
  ],
  "INIT": [
    0.090723,
    0.091111
  ],
  "GRIFFAIN": [
    0.01722816,
    0.01726003
  ],
  "L3": [
    0.01118102,
    0.0112875
  ],
  "BOB": [
    0.00568092,
    0.00569173
  ],
  "MUBARAK": [
    0.01627529,
    0.01654617
  ],
  "NEWT": [
    0.07564,
    0.076097
  ],
  "HONEY": [
    0.00279676,
    0.00255304
  ],
  "BANK": [
    0.03310368,
    0.03334974
  ],
  "SONIC": [
    0.03766726,
    0.03791572
  ],
  "DSYNC": [
    0.01294598,
    0.01292003
  ],
  "RESOLV": [
    0.03138051,
    0.03112064
  ],
  "TLM": [
    0.00188399,
    0.00189945
  ],
  "PAAL": [
    0.01297967,
    0.01300947
  ],
  "HMSTR": [
    0.00017562,
    0.00017614
  ],
  "RSS3": [
    0.00741854,
    0.00714785
  ],
  "IKA": [
    0.00359633,
    0.00359526
  ],
  "COQ": [
    1.51753e-7,
    1.53523e-7
  ],
  "DAO": [
    0.04145087,
    0.04156924
  ],
  "FHE": [
    0.03760632,
    0.03946637
  ],
  "LAT": [
    0.00133774,
    0.00133032
  ],
  "TAI": [
    0.01530307,
    0.01532951
  ],
  "AVL": [
    0.02727101,
    0.02722804
  ],
  "NAVX": [
    0.00897663,
    0.00898205
  ],
  "FUEL": [
    0.00092024,
    0.00091542
  ],
  "SOLV": [
    0.00436308,
    0.00439494
  ],
  "PIXEL": [
    0.00803473,
    0.00817326
  ],
  "NKN": [
    0.00786377,
    0.00781358
  ],
  "COS": [
    0.00113146,
    0.00113456
  ],
  "FWOG": [
    0.00605198,
    0.00601535
  ],
  "OBT": [
    0.00096412,
    0.00098046
  ],
  "DMC": [
    0.00079367,
    0.00075203
  ],
  "LYXE": [
    0.277927,
    0.278394
  ],
  "ROAM": [
    0.011981,
    0.01203539
  ],
  "OAS": [
    0.00062233,
    0.00061571
  ],
  "DENT": [
    0.00004295,
    0.00004268
  ],
  "GEAR": [
    0.00030389,
    0.00030506
  ],
  "FORTH": [
    0.235822,
    0.23876
  ],
  "RDNT": [
    0.0018135,
    0.0018085
  ],
  "HOOK": [
    0.00801893,
    0.0080974
  ],
  "HIPPO": [
    0.00020986,
    0.0002099
  ],
  "SAMO": [
    0.00035845,
    0.00036017
  ],
  "CUDIS": [
    0.00789571,
    0.00787677
  ],
  "PERP": [
    0.02575411,
    0.02567329
  ],
  "SAROS": [
    0.00071369,
    0.00070297
  ],
  "FIS": [
    0.01079604,
    0.01092081
  ],
  "EPT": [
    0.00071679,
    0.00070776
  ],
  "PTB": [
    0.00080496,
    0.00077892
  ],
  "FLM": [
    0.00274984,
    0.00274899
  ],
  "GORK": [
    0.00151228,
    0.00148511
  ],
  "DATA": [
    0.00072794,
    0.00072401
  ],
  "DUCK": [
    0.00011846,
    0.00011763
  ],
  "ACA": [
    0.0006384,
    0.00064451
  ],
  "INSP": [
    0.00092363,
    0.00091842
  ],
  "A2Z": [
    0.00008525,
    0.00008527
  ],
  "FOXY": [
    0.00011705,
    0.00011705
  ],
  "SWTCH": [
    0.00407319,
    0.00361367
  ],
  "RFC": [
    0.0005772,
    0.00057955
  ],
  "LOOKS": [
    0.00035289,
    0.00035496
  ],
  "MOONPIG": [
    0.00031126,
    0.00031048
  ],
  "BDXN": [
    0.00179724,
    0.00178959
  ],
  "ROOT": [
    0.00005478,
    0.00005488
  ],
  "CHILLGUY": [
    0.00009724,
    0.00009756
  ],
  "APU": [
    0.00004294,
    0.00004296
  ],
  "CHESS": [
    0.00019363,
    0.00019367
  ],
  "HOLO": [
    0.00001216,
    0.0000122
  ],
  "GMMT": [
    0.00336154,
    0.00337221
  ],
  "RATS": [
    0.00003891,
    0.00003896
  ],
  "ADB": [
    null,
    null
  ]
}