{
  "PUMP": [
    0.00165515,
    0.00165329
  ],
  "STABLE": [
    0.02798452,
    0.02802289
  ],
  "AERO": [
    0.315081,
    0.314137
  ],
  "MON": [
    0.0263999,
    0.02632842
  ],
  "JASMY": [
    0.00531167,
    0.00532597
  ],
  "LIT": [
    0.954257,
    0.958939
  ],
  "CVX": [
    1.71,
    1.7
  ],
  "BAT": [
    0.09503,
    0.095055
  ],
  "BANANAS31": [
    0.01268565,
    0.01274901
  ],
  "ATH": [
    0.00657414,
    0.00656452
  ],
  "COW": [
    0.199308,
    0.199807
  ],
  "SIREN": [
    0.145206,
    0.152635
  ],
  "ONT": [
    0.101421,
    0.103002
  ],
  "CHEEMS": [
    4.14859e-7,
    4.0919e-7
  ],
  "TAG": [
    0.00073034,
    0.00075629
  ],
  "CKB": [
    0.00147394,
    0.00149576
  ],
  "SKYAI": [
    0.065942,
    0.069174
  ],
  "SAHARA": [
    0.02076328,
    0.02088105
  ],
  "NPC": [
    0.00718846,
    0.00732676
  ],
  "POLYX": [
    0.04548963,
    0.04567199
  ],
  "ARC": [
    0.052927,
    0.054357
  ],
  "BEAT": [
    0.366837,
    0.365831
  ],
  "BAN": [
    0.05169,
    0.050531
  ],
  "CSPR": [
    0.0029876,
    0.00297777
  ],
  "IOTX": [
    0.00457291,
    0.00454986
  ],
  "MYX": [
    0.207067,
    0.211828
  ],
  "NOT": [
    0.00035643,
    0.000357
  ],
  "SNEK": [
    0.00044176,
    0.00043903
  ],
  "DEP": [
    0.00113786,
    0.00114194
  ],
  "ISLM": [
    0.01185824,
    0.01200945
  ],
  "NYM": [
    0.03410129,
    0.03420101
  ],
  "REZ": [
    0.00339523,
    0.00335934
  ],
  "SPELL": [
    0.00015906,
    0.00016006
  ],
  "GUN": [
    0.01572492,
    0.01553501
  ],
  "MERL": [
    0.02171344,
    0.02133591
  ],
  "HUMA": [
    0.01406645,
    0.01418318
  ],
  "DEGEN": [
    0.00065362,
    0.00065678
  ],
  "CORN": [
    0.04497258,
    0.04495595
  ],
  "NEIRO": [
    0.00005571,
    0.00005584
  ],
  "ALLO": [
    0.103945,
    0.105021
  ],
  "SATS": [
    1.0852e-8,
    1.0875e-8
  ],
  "LRC": [
    0.01791397,
    0.01770696
  ],
  "SLP": [
    0.00059137,
    0.00059146
  ],
  "CPOOL": [
    0.02151566,
    0.02172545
  ],
  "MAGMA": [
    0.106959,
    0.100266
  ],
  "AURORA": [
    0.02596614,
    0.02578521
  ],
  "DENT": [
    0.00017682,
    0.00017657
  ],
  "BOB": [
    0.00548411,
    0.00552266
  ],
  "INIT": [
    0.082019,
    0.082015
  ],
  "RESOLV": [
    0.0395813,
    0.03914092
  ],
  "NIL": [
    0.03521051,
    0.0345928
  ],
  "DSYNC": [
    0.01439337,
    0.0141942
  ],
  "NEWT": [
    0.065246,
    0.064904
  ],
  "IKA": [
    0.00454505,
    0.00449909
  ],
  "DAO": [
    0.054038,
    0.053631
  ],
  "SONIC": [
    0.03703913,
    0.03691584
  ],
  "BANK": [
    0.03003081,
    0.03055913
  ],
  "L3": [
    0.00901261,
    0.00919381
  ],
  "PAAL": [
    0.01310397,
    0.0131052
  ],
  "HONEY": [
    0.00201095,
    0.00204807
  ],
  "GRIFFAIN": [
    0.01206933,
    0.0117264
  ],
  "MUBARAK": [
    0.01108754,
    0.01107713
  ],
  "AIN": [
    0.058473,
    0.059079
  ],
  "TLM": [
    0.00162406,
    0.00162135
  ],
  "ROAM": [
    0.02941952,
    0.02958593
  ],
  "AVL": [
    0.03395512,
    0.03263014
  ],
  "TAI": [
    0.01568388,
    0.01582206
  ],
  "HMSTR": [
    0.00014371,
    0.00014319
  ],
  "LAT": [
    0.001308,
    0.00130988
  ],
  "SWARMS": [
    0.00864701,
    0.00852144
  ],
  "NKN": [
    0.01050186,
    0.01001815
  ],
  "NAVX": [
    0.00885994,
    0.00880322
  ],
  "FUEL": [
    0.00091756,
    0.000917
  ],
  "COQ": [
    9.8062e-8,
    9.7288e-8
  ],
  "COS": [
    0.00119768,
    0.00120555
  ],
  "SOLV": [
    0.00415463,
    0.00409163
  ],
  "OBT": [
    0.0010679,
    0.00106664
  ],
  "RSS3": [
    0.0059005,
    0.00585487
  ],
  "PIXEL": [
    0.00669498,
    0.00680338
  ],
  "FWOG": [
    0.00474488,
    0.00465617
  ],
  "FHE": [
    0.0179521,
    0.01799074
  ],
  "DMC": [
    0.0007198,
    0.00071211
  ],
  "LYXE": [
    0.25903,
    0.259117
  ],
  "HIPPO": [
    0.00034305,
    0.0003471
  ],
  "RDNT": [
    0.00260331,
    0.00258704
  ],
  "GEAR": [
    0.00028736,
    0.00029469
  ],
  "DUCK": [
    0.00033942,
    0.00033255
  ],
  "FORTH": [
    0.238433,
    0.237074
  ],
  "SAMO": [
    0.00043177,
    0.00043844
  ],
  "OAS": [
    0.00034247,
    0.00034434
  ],
  "HOOK": [
    0.00789324,
    0.00776402
  ],
  "FIS": [
    0.01302844,
    0.01295111
  ],
  "PERP": [
    0.0274056,
    0.02707412
  ],
  "CUDIS": [
    0.00770538,
    0.00777682
  ],
  "EPT": [
    0.00075097,
    0.00076064
  ],
  "FLM": [
    0.00282078,
    0.00285263
  ],
  "GORK": [
    0.00131417,
    0.00132657
  ],
  "DATA": [
    0.00098391,
    0.00098479
  ],
  "PTB": [
    0.00062859,
    0.00063053
  ],
  "SAROS": [
    0.00046964,
    0.00046775
  ],
  "INSP": [
    0.00124776,
    0.0012402
  ],
  "A2Z": [
    0.00011924,
    0.00011288
  ],
  "ACA": [
    0.00083358,
    0.00075475
  ],
  "SWTCH": [
    0.00397559,
    0.00387457
  ],
  "FOXY": [
    0.00008806,
    0.00008822
  ],
  "RFC": [
    0.00052481,
    0.00052423
  ],
  "LOOKS": [
    0.00039605,
    0.00039641
  ],
  "BDXN": [
    0.00195359,
    0.00197344
  ],
  "MOONPIG": [
    0.00029583,
    0.00029687
  ],
  "ROOT": [
    0.0000583,
    0.00005959
  ],
  "CHESS": [
    0.00044628,
    0.00040066
  ],
  "CHILLGUY": [
    0.00006704,
    0.00006718
  ],
  "APU": [
    0.00003046,
    0.00002957
  ],
  "HOLO": [
    0.00001324,
    0.00001324
  ],
  "RATS": [
    0.00003822,
    0.00003752
  ],
  "GMMT": [
    0.00414375,
    0.00414083
  ],
  "ADB": [
    null,
    null
  ]
}