{
  "PUMP": [
    0.00178115,
    0.00178583
  ],
  "STABLE": [
    0.03540804,
    0.03548328
  ],
  "SIREN": [
    0.660732,
    0.671745
  ],
  "AERO": [
    0.425995,
    0.426813
  ],
  "MON": [
    0.03076895,
    0.03059921
  ],
  "JASMY": [
    0.00574188,
    0.00575658
  ],
  "LIT": [
    0.946956,
    0.947568
  ],
  "SKYAI": [
    0.195845,
    0.195187
  ],
  "CVX": [
    1.78,
    1.79
  ],
  "BAT": [
    0.104482,
    0.104445
  ],
  "CHEEMS": [
    6.16054e-7,
    6.25741e-7
  ],
  "ATH": [
    0.00604466,
    0.00606211
  ],
  "COW": [
    0.189232,
    0.190283
  ],
  "BANANAS31": [
    0.00917624,
    0.00918506
  ],
  "BEAT": [
    0.592106,
    0.586933
  ],
  "ONT": [
    0.077549,
    0.078021
  ],
  "BAN": [
    0.077895,
    0.078147
  ],
  "TAG": [
    0.00068261,
    0.00068513
  ],
  "CKB": [
    0.00151328,
    0.00151688
  ],
  "SAHARA": [
    0.02175219,
    0.02177725
  ],
  "NPC": [
    0.00843161,
    0.0084925
  ],
  "POLYX": [
    0.050942,
    0.051009
  ],
  "ARC": [
    0.064615,
    0.06428
  ],
  "MAGMA": [
    0.261813,
    0.270307
  ],
  "MERL": [
    0.03967612,
    0.04077965
  ],
  "CSPR": [
    0.00294254,
    0.00294901
  ],
  "IOTX": [
    0.00488559,
    0.00488578
  ],
  "HUMA": [
    0.02682258,
    0.02650406
  ],
  "MYX": [
    0.239515,
    0.239909
  ],
  "NOT": [
    0.00042595,
    0.0004319
  ],
  "SNEK": [
    0.00051946,
    0.00051497
  ],
  "NEIRO": [
    0.00008937,
    0.00008979
  ],
  "REZ": [
    0.00388494,
    0.00392156
  ],
  "SATS": [
    1.4636e-8,
    1.4797e-8
  ],
  "DEP": [
    0.00112771,
    0.00112772
  ],
  "ISLM": [
    0.01195711,
    0.01189871
  ],
  "SPELL": [
    0.00016467,
    0.00016477
  ],
  "CPOOL": [
    0.02819911,
    0.02819603
  ],
  "ALLO": [
    0.118939,
    0.120456
  ],
  "GUN": [
    0.01545151,
    0.01547148
  ],
  "NYM": [
    0.03100367,
    0.03103605
  ],
  "INIT": [
    0.092996,
    0.093565
  ],
  "SLP": [
    0.00068018,
    0.00068621
  ],
  "DEGEN": [
    0.00067205,
    0.0006739
  ],
  "LRC": [
    0.01725472,
    0.01728146
  ],
  "CORN": [
    0.04032395,
    0.04035665
  ],
  "GRIFFAIN": [
    0.02090141,
    0.02103187
  ],
  "AURORA": [
    0.02796937,
    0.0279591
  ],
  "NIL": [
    0.04146415,
    0.04159505
  ],
  "SWARMS": [
    0.0181789,
    0.01814271
  ],
  "BOB": [
    0.00609046,
    0.00612119
  ],
  "NEWT": [
    0.079016,
    0.079248
  ],
  "BANK": [
    0.03683325,
    0.03679099
  ],
  "L3": [
    0.01048782,
    0.01047566
  ],
  "MUBARAK": [
    0.0140541,
    0.0140696
  ],
  "DSYNC": [
    0.01372454,
    0.01369446
  ],
  "SONIC": [
    0.03629035,
    0.03610609
  ],
  "HONEY": [
    0.00220276,
    0.00218272
  ],
  "TLM": [
    0.00187907,
    0.00189682
  ],
  "AIN": [
    0.06022,
    0.060757
  ],
  "DAO": [
    0.04490284,
    0.04487918
  ],
  "PAAL": [
    0.01266352,
    0.01260641
  ],
  "RESOLV": [
    0.02833038,
    0.02858939
  ],
  "IKA": [
    0.00361682,
    0.0036314
  ],
  "COQ": [
    1.49501e-7,
    1.48415e-7
  ],
  "HMSTR": [
    0.00015713,
    0.00015834
  ],
  "TAI": [
    0.01659091,
    0.01653488
  ],
  "LAT": [
    0.00132822,
    0.00133016
  ],
  "AVL": [
    0.02816582,
    0.02792834
  ],
  "FUEL": [
    0.00094073,
    0.00094133
  ],
  "NAVX": [
    0.0086477,
    0.00864466
  ],
  "DENT": [
    0.00007337,
    0.00007264
  ],
  "NKN": [
    0.00858429,
    0.00858859
  ],
  "COS": [
    0.00117441,
    0.00117346
  ],
  "SOLV": [
    0.00407409,
    0.00409906
  ],
  "PIXEL": [
    0.00782313,
    0.00785035
  ],
  "ROAM": [
    0.01692925,
    0.01685513
  ],
  "OBT": [
    0.001016,
    0.00101853
  ],
  "RSS3": [
    0.00576482,
    0.00570925
  ],
  "FHE": [
    0.01916647,
    0.01924969
  ],
  "DMC": [
    0.00069726,
    0.00069818
  ],
  "FWOG": [
    0.00465107,
    0.00465734
  ],
  "OAS": [
    0.00062848,
    0.0006337
  ],
  "LYXE": [
    0.227667,
    0.228477
  ],
  "RDNT": [
    0.00194308,
    0.00194705
  ],
  "FORTH": [
    0.238161,
    0.235018
  ],
  "HOOK": [
    0.00847298,
    0.0084434
  ],
  "GEAR": [
    0.00022316,
    0.00022426
  ],
  "SAMO": [
    0.00038976,
    0.00038135
  ],
  "CUDIS": [
    0.00811529,
    0.00809074
  ],
  "PERP": [
    0.02604271,
    0.0261128
  ],
  "PTB": [
    0.00087338,
    0.00087327
  ],
  "EPT": [
    0.00072665,
    0.0007393
  ],
  "FIS": [
    0.01071928,
    0.01073762
  ],
  "HIPPO": [
    0.00016717,
    0.00016545
  ],
  "GORK": [
    0.00163109,
    0.00162069
  ],
  "FLM": [
    0.00269485,
    0.00269308
  ],
  "SAROS": [
    0.00052784,
    0.00052863
  ],
  "DATA": [
    0.00071454,
    0.00070745
  ],
  "INSP": [
    0.00110854,
    0.00113883
  ],
  "ACA": [
    0.00065814,
    0.00065859
  ],
  "FOXY": [
    0.00012007,
    0.00012009
  ],
  "A2Z": [
    0.00007317,
    0.00007309
  ],
  "RFC": [
    0.00057733,
    0.00057925
  ],
  "DUCK": [
    0.00007238,
    0.00006984
  ],
  "SWTCH": [
    0.00320443,
    0.00314759
  ],
  "LOOKS": [
    0.00038504,
    0.00037898
  ],
  "MOONPIG": [
    0.00029904,
    0.00029903
  ],
  "BDXN": [
    0.00174556,
    0.00172305
  ],
  "ROOT": [
    0.00006231,
    0.00006151
  ],
  "CHILLGUY": [
    0.00013856,
    0.00013904
  ],
  "APU": [
    0.00006164,
    0.00006175
  ],
  "CHESS": [
    0.00015261,
    0.00015261
  ],
  "HOLO": [
    0.0000125,
    0.0000125
  ],
  "GMMT": [
    0.00263071,
    0.00262752
  ],
  "RATS": [
    0.00003759,
    0.00003812
  ],
  "ADB": [
    null,
    null
  ]
}