{
  "PUMP": [
    0.00179936,
    0.00179651
  ],
  "STABLE": [
    0.03086824,
    0.0309205
  ],
  "SIREN": [
    0.653055,
    0.65154
  ],
  "AERO": [
    0.433609,
    0.434674
  ],
  "MON": [
    0.03251823,
    0.03245008
  ],
  "JASMY": [
    0.00555909,
    0.00559171
  ],
  "LIT": [
    0.906411,
    0.912563
  ],
  "SKYAI": [
    0.219454,
    0.223085
  ],
  "CVX": [
    1.76,
    1.76
  ],
  "BAT": [
    0.103245,
    0.102845
  ],
  "CHEEMS": [
    5.82064e-7,
    5.83424e-7
  ],
  "ATH": [
    0.00607187,
    0.00606681
  ],
  "BANANAS31": [
    0.01056913,
    0.01014927
  ],
  "COW": [
    0.184003,
    0.183449
  ],
  "BAN": [
    0.082399,
    0.081472
  ],
  "ONT": [
    0.080142,
    0.079419
  ],
  "BEAT": [
    0.530179,
    0.536136
  ],
  "CKB": [
    0.00150793,
    0.00150808
  ],
  "TAG": [
    0.00065212,
    0.00065492
  ],
  "NPC": [
    0.00847482,
    0.00849986
  ],
  "SAHARA": [
    0.0215145,
    0.02139789
  ],
  "ARC": [
    0.067318,
    0.066851
  ],
  "POLYX": [
    0.050474,
    0.050346
  ],
  "HUMA": [
    0.02747202,
    0.02705855
  ],
  "MERL": [
    0.03762876,
    0.03776647
  ],
  "CSPR": [
    0.0029352,
    0.00291853
  ],
  "MYX": [
    0.243041,
    0.241596
  ],
  "IOTX": [
    0.00484121,
    0.00481998
  ],
  "SNEK": [
    0.00053355,
    0.00053257
  ],
  "NOT": [
    0.00040174,
    0.00039973
  ],
  "NEIRO": [
    0.00009315,
    0.00009217
  ],
  "MAGMA": [
    0.197946,
    0.195986
  ],
  "REZ": [
    0.00394608,
    0.0039899
  ],
  "DEP": [
    0.0011304,
    0.00113009
  ],
  "ISLM": [
    0.01176473,
    0.01178842
  ],
  "SATS": [
    1.4563e-8,
    1.4411e-8
  ],
  "CPOOL": [
    0.02837106,
    0.02890876
  ],
  "SPELL": [
    0.00016425,
    0.00016449
  ],
  "ALLO": [
    0.122607,
    0.123822
  ],
  "GUN": [
    0.0157682,
    0.01582802
  ],
  "DEGEN": [
    0.00069861,
    0.0007088
  ],
  "NYM": [
    0.03106065,
    0.03077779
  ],
  "SLP": [
    0.00066258,
    0.00066237
  ],
  "LRC": [
    0.01722301,
    0.01720794
  ],
  "CORN": [
    0.04042661,
    0.04035196
  ],
  "AURORA": [
    0.02765383,
    0.02809735
  ],
  "SWARMS": [
    0.01847347,
    0.01847435
  ],
  "GRIFFAIN": [
    0.01750786,
    0.01756979
  ],
  "NIL": [
    0.0407794,
    0.04067841
  ],
  "BOB": [
    0.00601363,
    0.00597542
  ],
  "NEWT": [
    0.076761,
    0.076892
  ],
  "INIT": [
    0.085187,
    0.08499
  ],
  "BANK": [
    0.03706541,
    0.0368712
  ],
  "L3": [
    0.010511,
    0.01046304
  ],
  "DSYNC": [
    0.01383235,
    0.01397549
  ],
  "MUBARAK": [
    0.01370274,
    0.01363385
  ],
  "HONEY": [
    0.00225128,
    0.00231934
  ],
  "SONIC": [
    0.03553363,
    0.03569706
  ],
  "TLM": [
    0.00181308,
    0.00180304
  ],
  "PAAL": [
    0.01290816,
    0.01281876
  ],
  "RESOLV": [
    0.02959194,
    0.02947399
  ],
  "IKA": [
    0.00378238,
    0.00376264
  ],
  "AIN": [
    0.061123,
    0.060824
  ],
  "DAO": [
    0.04503309,
    0.04473322
  ],
  "COQ": [
    1.46678e-7,
    1.47103e-7
  ],
  "HMSTR": [
    0.00015506,
    0.0001547
  ],
  "TAI": [
    0.01642963,
    0.01637693
  ],
  "LAT": [
    0.00133452,
    0.00134258
  ],
  "AVL": [
    0.02590586,
    0.02590937
  ],
  "FUEL": [
    0.00094475,
    0.00094295
  ],
  "DENT": [
    0.00007691,
    0.00007631
  ],
  "NKN": [
    0.00867393,
    0.00900062
  ],
  "NAVX": [
    0.00859104,
    0.00862189
  ],
  "COS": [
    0.00115595,
    0.00115689
  ],
  "SOLV": [
    0.00399077,
    0.00400342
  ],
  "PIXEL": [
    0.00751093,
    0.0074764
  ],
  "ROAM": [
    0.01637187,
    0.01665303
  ],
  "OBT": [
    0.00101315,
    0.00100743
  ],
  "RSS3": [
    0.00581448,
    0.00597901
  ],
  "FWOG": [
    0.00458923,
    0.00463417
  ],
  "FHE": [
    0.01789839,
    0.01804643
  ],
  "DMC": [
    0.00071303,
    0.00070839
  ],
  "OAS": [
    0.00065732,
    0.00066157
  ],
  "LYXE": [
    0.224656,
    0.224656
  ],
  "RDNT": [
    0.0019587,
    0.00197127
  ],
  "GEAR": [
    0.0002521,
    0.00025308
  ],
  "FORTH": [
    0.234313,
    0.233838
  ],
  "HOOK": [
    0.00820312,
    0.00821097
  ],
  "SAMO": [
    0.00039123,
    0.00039127
  ],
  "CUDIS": [
    0.00797938,
    0.00802382
  ],
  "PERP": [
    0.02565051,
    0.02579685
  ],
  "EPT": [
    0.00073401,
    0.00073844
  ],
  "PTB": [
    0.0008211,
    0.00081819
  ],
  "FIS": [
    0.01072663,
    0.01079649
  ],
  "GORK": [
    0.00162651,
    0.00162083
  ],
  "HIPPO": [
    0.00016546,
    0.00016148
  ],
  "FLM": [
    0.00269387,
    0.00269398
  ],
  "SAROS": [
    0.00053368,
    0.00053262
  ],
  "DATA": [
    0.00087696,
    0.00087868
  ],
  "INSP": [
    0.00124385,
    0.00123901
  ],
  "ACA": [
    0.00068405,
    0.00068205
  ],
  "FOXY": [
    0.00011908,
    0.00011998
  ],
  "A2Z": [
    0.00007434,
    0.00007407
  ],
  "DUCK": [
    0.00007282,
    0.0000738
  ],
  "SWTCH": [
    0.00343183,
    0.0034187
  ],
  "RFC": [
    0.0005689,
    0.00056811
  ],
  "LOOKS": [
    0.00040154,
    0.00041147
  ],
  "BDXN": [
    0.00182655,
    0.00183082
  ],
  "MOONPIG": [
    0.00029503,
    0.00029505
  ],
  "ROOT": [
    0.00006319,
    0.00006071
  ],
  "CHILLGUY": [
    0.0001593,
    0.00015973
  ],
  "APU": [
    0.00005423,
    0.00005454
  ],
  "CHESS": [
    0.00015525,
    0.00015543
  ],
  "HOLO": [
    0.0000123,
    0.0000123
  ],
  "GMMT": [
    0.00276844,
    0.00273234
  ],
  "RATS": [
    0.00003962,
    0.00003979
  ],
  "ADB": [
    null,
    null
  ]
}