{
  "PUMP": [
    0.00171124,
    0.00167896
  ],
  "STABLE": [
    0.02573548,
    0.02532733
  ],
  "SIREN": [
    0.587009,
    0.592993
  ],
  "MON": [
    0.02743942,
    0.02718621
  ],
  "AERO": [
    0.315536,
    0.310353
  ],
  "JASMY": [
    0.00525472,
    0.0052166
  ],
  "LIT": [
    1.032,
    1.021
  ],
  "CVX": [
    1.73,
    1.71
  ],
  "BAT": [
    0.100941,
    0.100423
  ],
  "ATH": [
    0.00667587,
    0.00655189
  ],
  "COW": [
    0.214092,
    0.209898
  ],
  "BANANAS31": [
    0.00914424,
    0.00911954
  ],
  "CHEEMS": [
    4.45656e-7,
    4.38163e-7
  ],
  "ONT": [
    0.086027,
    0.08533
  ],
  "CKB": [
    0.001459,
    0.00145983
  ],
  "SKYAI": [
    0.066498,
    0.068275
  ],
  "SAHARA": [
    0.02154421,
    0.02134176
  ],
  "TAG": [
    0.0006209,
    0.00061328
  ],
  "POLYX": [
    0.04725318,
    0.04695373
  ],
  "BAN": [
    0.056828,
    0.057602
  ],
  "ARC": [
    0.057552,
    0.057229
  ],
  "NPC": [
    0.0070922,
    0.00697178
  ],
  "CSPR": [
    0.00291912,
    0.00290566
  ],
  "BEAT": [
    0.325599,
    0.328395
  ],
  "MYX": [
    0.228836,
    0.224201
  ],
  "IOTX": [
    0.00454013,
    0.00448133
  ],
  "NOT": [
    0.00035188,
    0.00034871
  ],
  "DEP": [
    0.00114216,
    0.00114363
  ],
  "ISLM": [
    0.01203416,
    0.01202685
  ],
  "REZ": [
    0.00373218,
    0.0036819
  ],
  "SNEK": [
    0.0004152,
    0.00040472
  ],
  "NYM": [
    0.03500159,
    0.03482867
  ],
  "MERL": [
    0.0244758,
    0.02326147
  ],
  "SPELL": [
    0.00015936,
    0.00015868
  ],
  "GUN": [
    0.01487702,
    0.01463949
  ],
  "DEGEN": [
    0.0006809,
    0.00067371
  ],
  "CORN": [
    0.04493298,
    0.0449066
  ],
  "ALLO": [
    0.107427,
    0.106739
  ],
  "HUMA": [
    0.01393901,
    0.01347912
  ],
  "NEIRO": [
    0.00005638,
    0.00005518
  ],
  "SATS": [
    1.1042e-8,
    1.0902e-8
  ],
  "CPOOL": [
    0.02256537,
    0.02247065
  ],
  "BOB": [
    0.00761783,
    0.00754945
  ],
  "LRC": [
    0.01729718,
    0.01698031
  ],
  "SLP": [
    0.00057912,
    0.00057142
  ],
  "MAGMA": [
    0.103181,
    0.101898
  ],
  "AURORA": [
    0.02604091,
    0.02670326
  ],
  "BANK": [
    0.04125696,
    0.03764737
  ],
  "NIL": [
    0.03802367,
    0.0372121
  ],
  "INIT": [
    0.085388,
    0.085204
  ],
  "DENT": [
    0.00016376,
    0.00016246
  ],
  "L3": [
    0.01596615,
    0.01074839
  ],
  "RESOLV": [
    0.03772128,
    0.03808232
  ],
  "NEWT": [
    0.068497,
    0.067521
  ],
  "DSYNC": [
    0.01486539,
    0.01448756
  ],
  "SONIC": [
    0.0369685,
    0.03651457
  ],
  "IKA": [
    0.00433861,
    0.00433629
  ],
  "GRIFFAIN": [
    0.01297371,
    0.01289591
  ],
  "DAO": [
    0.04965706,
    0.0493185
  ],
  "HONEY": [
    0.00209818,
    0.00208063
  ],
  "MUBARAK": [
    0.01193981,
    0.01188107
  ],
  "PAAL": [
    0.01384225,
    0.01327518
  ],
  "TLM": [
    0.001612,
    0.00160202
  ],
  "ROAM": [
    0.03038528,
    0.02953424
  ],
  "AIN": [
    0.054165,
    0.054077
  ],
  "SWARMS": [
    0.00949784,
    0.00948648
  ],
  "TAI": [
    0.01580327,
    0.0156676
  ],
  "LAT": [
    0.00130434,
    0.00131059
  ],
  "HMSTR": [
    0.00013844,
    0.00013718
  ],
  "AVL": [
    0.02923485,
    0.02834213
  ],
  "NAVX": [
    0.0090825,
    0.00903864
  ],
  "FUEL": [
    0.000901,
    0.00087318
  ],
  "NKN": [
    0.00847608,
    0.00839092
  ],
  "COQ": [
    9.4887e-8,
    9.2648e-8
  ],
  "COS": [
    0.00120088,
    0.00121379
  ],
  "SOLV": [
    0.00392762,
    0.00385176
  ],
  "OBT": [
    0.00102614,
    0.00101672
  ],
  "RSS3": [
    0.00585794,
    0.00581859
  ],
  "PIXEL": [
    0.00645213,
    0.0062338
  ],
  "FHE": [
    0.01918312,
    0.01890545
  ],
  "FWOG": [
    0.00474724,
    0.00469386
  ],
  "DMC": [
    0.0007195,
    0.00071331
  ],
  "LYXE": [
    0.240835,
    0.240486
  ],
  "HIPPO": [
    0.00036025,
    0.0003488
  ],
  "RDNT": [
    0.00248009,
    0.00245276
  ],
  "GEAR": [
    0.00029609,
    0.00030146
  ],
  "FORTH": [
    0.264184,
    0.258231
  ],
  "SAMO": [
    0.0004308,
    0.0004328
  ],
  "HOOK": [
    0.00872403,
    0.00844499
  ],
  "OAS": [
    0.00037458,
    0.00037053
  ],
  "DUCK": [
    0.00026996,
    0.00028686
  ],
  "CUDIS": [
    0.00835968,
    0.00817779
  ],
  "FIS": [
    0.01300012,
    0.01306835
  ],
  "PTB": [
    0.00098089,
    0.0009602
  ],
  "PERP": [
    0.02575996,
    0.02594238
  ],
  "EPT": [
    0.00075145,
    0.00075817
  ],
  "FLM": [
    0.00301001,
    0.00297391
  ],
  "GORK": [
    0.00142319,
    0.00136046
  ],
  "DATA": [
    0.00098755,
    0.00098084
  ],
  "SAROS": [
    0.00044031,
    0.0004386
  ],
  "ACA": [
    0.00079312,
    0.00080012
  ],
  "INSP": [
    0.00111905,
    0.00115836
  ],
  "A2Z": [
    0.00009954,
    0.00010018
  ],
  "SWTCH": [
    0.00460763,
    0.00430932
  ],
  "FOXY": [
    0.00009689,
    0.00009694
  ],
  "RFC": [
    0.00053405,
    0.00052952
  ],
  "LOOKS": [
    0.00036202,
    0.0003737
  ],
  "BDXN": [
    0.00186939,
    0.00188219
  ],
  "MOONPIG": [
    0.0002976,
    0.00029486
  ],
  "ROOT": [
    0.00006305,
    0.00006334
  ],
  "CHESS": [
    0.00034074,
    0.00034163
  ],
  "CHILLGUY": [
    0.00007001,
    0.00007001
  ],
  "APU": [
    0.00003374,
    0.00003239
  ],
  "HOLO": [
    0.00001243,
    0.00001213
  ],
  "RATS": [
    0.00003672,
    0.00003564
  ],
  "GMMT": [
    0.00388014,
    0.00383642
  ],
  "ADB": [
    null,
    null
  ]
}