{
  "AERO": [
    0.31893
  ],
  "JASMY": [
    0.00550685
  ],
  "MON": [
    0.02266542
  ],
  "LIT": [
    0.974589
  ],
  "BAT": [
    0.112966
  ],
  "CVX": [
    1.76
  ],
  "BANANAS31": [
    0.01362235
  ],
  "ATH": [
    0.00679515
  ],
  "COW": [
    0.200283
  ],
  "CHEEMS": [
    4.74622e-7
  ],
  "BEAT": [
    0.616328
  ],
  "CKB": [
    0.00142477
  ],
  "MYX": [
    0.326752
  ],
  "BAN": [
    0.057234
  ],
  "CSPR": [
    0.003588
  ],
  "IOTX": [
    0.00539662
  ],
  "ARC": [
    0.04543054
  ],
  "GUN": [
    0.02270609
  ],
  "ISLM": [
    0.01387305
  ],
  "HUMA": [
    0.01903847
  ],
  "DEP": [
    0.00116088
  ],
  "MERL": [
    0.02631882
  ],
  "LRC": [
    0.02504065
  ],
  "MAGMA": [
    0.141537
  ],
  "DEGEN": [
    0.00070651
  ],
  "ALLO": [
    0.118055
  ],
  "CORN": [
    0.04319731
  ],
  "CPOOL": [
    0.02257993
  ],
  "AURORA": [
    0.02888704
  ],
  "DENT": [
    0.00019702
  ],
  "DSYNC": [
    0.01789679
  ],
  "BANK": [
    0.03852368
  ],
  "INIT": [
    0.087661
  ],
  "HONEY": [
    0.00250959
  ],
  "L3": [
    0.0095695
  ],
  "DAO": [
    0.050887
  ],
  "BOB": [
    0.00563434
  ],
  "MUBARAK": [
    0.01239848
  ],
  "AIN": [
    0.062307
  ],
  "IKA": [
    0.00341757
  ],
  "GRIFFAIN": [
    0.0099882
  ],
  "HMSTR": [
    0.00014437
  ],
  "LAT": [
    0.00131893
  ],
  "FUEL": [
    0.00110434
  ],
  "COS": [
    0.00148725
  ],
  "DUCK": [
    0.00102929
  ],
  "AVL": [
    0.02591711
  ],
  "NAVX": [
    0.00852636
  ],
  "COQ": [
    9.7322e-8
  ],
  "HIPPO": [
    0.00053591
  ],
  "FWOG": [
    0.00548306
  ],
  "FHE": [
    0.02053787
  ],
  "LYXE": [
    0.32133
  ],
  "DMC": [
    0.00078439
  ],
  "FORTH": [
    0.37626
  ],
  "HOOK": [
    0.01137024
  ],
  "GEAR": [
    0.00032594
  ],
  "A2Z": [
    0.00034847
  ],
  "FIS": [
    0.01489778
  ],
  "CUDIS": [
    0.00765762
  ],
  "EPT": [
    0.00077928
  ],
  "GORK": [
    0.0016295
  ],
  "FLM": [
    0.00284766
  ],
  "DATA": [
    0.0009064
  ],
  "INSP": [
    0.00133036
  ],
  "FOXY": [
    0.00017071
  ],
  "ACA": [
    0.00081309
  ],
  "BDXN": [
    0.00261318
  ],
  "LOOKS": [
    0.00041646
  ],
  "MOONPIG": [
    0.00034349
  ],
  "CHESS": [
    0.00155893
  ],
  "CHILLGUY": [
    0.00006385
  ],
  "APU": [
    0.00003611
  ],
  "HOLO": [
    0.000014
  ],
  "GMMT": [
    0.00348306,
    0.00349544
  ],
  "ADB": [
    null
  ]
}