{
  "SIREN": [
    1.7,
    1.7
  ],
  "PUMP": [
    0.00165423,
    0.00166869
  ],
  "STABLE": [
    0.02412078,
    0.02406095
  ],
  "AERO": [
    0.308494,
    0.315322
  ],
  "JASMY": [
    0.00529193,
    0.00526677
  ],
  "MON": [
    0.02231152,
    0.02250734
  ],
  "LIT": [
    0.807175,
    0.80324
  ],
  "CVX": [
    1.72,
    1.78
  ],
  "BAT": [
    0.095428,
    0.095018
  ],
  "BANANAS31": [
    0.0135037,
    0.01324027
  ],
  "ATH": [
    0.00678764,
    0.00682293
  ],
  "COW": [
    0.196404,
    0.198903
  ],
  "CHEEMS": [
    4.24001e-7,
    4.24829e-7
  ],
  "SAHARA": [
    0.02387775,
    0.02384558
  ],
  "ONT": [
    0.086427,
    0.079514
  ],
  "BEAT": [
    0.549522,
    0.511382
  ],
  "CKB": [
    0.001347,
    0.0013586
  ],
  "BAN": [
    0.062829,
    0.065149
  ],
  "SKYAI": [
    0.060493,
    0.063417
  ],
  "TAG": [
    0.00057343,
    0.00057577
  ],
  "NPC": [
    0.00715993,
    0.00735712
  ],
  "POLYX": [
    0.04651765,
    0.04623734
  ],
  "ARC": [
    0.050675,
    0.052599
  ],
  "CSPR": [
    0.00321922,
    0.0031228
  ],
  "MYX": [
    0.235241,
    0.241525
  ],
  "IOTX": [
    0.00461554,
    0.0046294
  ],
  "NOT": [
    0.00035136,
    0.00035934
  ],
  "DEP": [
    0.00116243,
    0.0011607
  ],
  "ISLM": [
    0.01213482,
    0.01205489
  ],
  "SNEK": [
    0.00039896,
    0.00040184
  ],
  "SPELL": [
    0.00016368,
    0.00016441
  ],
  "MERL": [
    0.02282456,
    0.02334315
  ],
  "NYM": [
    0.03320939,
    0.03302478
  ],
  "GUN": [
    0.01647416,
    0.01670497
  ],
  "REZ": [
    0.00330039,
    0.00332034
  ],
  "DEGEN": [
    0.00066602,
    0.00067861
  ],
  "LRC": [
    0.02013858,
    0.02009972
  ],
  "HUMA": [
    0.01422965,
    0.01438486
  ],
  "CORN": [
    0.04622373,
    0.04609695
  ],
  "NEIRO": [
    0.00005564,
    0.00005685
  ],
  "ALLO": [
    0.106916,
    0.107604
  ],
  "MAGMA": [
    0.118549,
    0.117727
  ],
  "SATS": [
    1.0481e-8,
    1.0632e-8
  ],
  "SLP": [
    0.0005743,
    0.00058104
  ],
  "CPOOL": [
    0.02173913,
    0.02123591
  ],
  "AURORA": [
    0.02701219,
    0.02691794
  ],
  "BANK": [
    0.04024229,
    0.04063448
  ],
  "DENT": [
    0.00018337,
    0.0001783
  ],
  "RESOLV": [
    0.04134083,
    0.04244993
  ],
  "DSYNC": [
    0.01623654,
    0.01600685
  ],
  "NIL": [
    0.03405879,
    0.03441585
  ],
  "BOB": [
    0.00537472,
    0.00540252
  ],
  "INIT": [
    0.077119,
    0.078332
  ],
  "NEWT": [
    0.067552,
    0.066401
  ],
  "SONIC": [
    0.03802142,
    0.03782639
  ],
  "ROAM": [
    0.03958045,
    0.03937252
  ],
  "L3": [
    0.00974502,
    0.00951282
  ],
  "PAAL": [
    0.01440047,
    0.0143956
  ],
  "HONEY": [
    0.00200868,
    0.00209661
  ],
  "DAO": [
    0.04949071,
    0.04744297
  ],
  "GRIFFAIN": [
    0.01079026,
    0.01134503
  ],
  "MUBARAK": [
    0.0111536,
    0.01125296
  ],
  "TLM": [
    0.00158614,
    0.0016023
  ],
  "AIN": [
    0.05875,
    0.055452
  ],
  "SWARMS": [
    0.00938812,
    0.01028696
  ],
  "NKN": [
    0.01379029,
    0.01268415
  ],
  "IKA": [
    0.00319125,
    0.00321722
  ],
  "TAI": [
    0.01602462,
    0.01586335
  ],
  "LAT": [
    0.00130765,
    0.0013101
  ],
  "HMSTR": [
    0.00013288,
    0.00013386
  ],
  "FUEL": [
    0.00099205,
    0.00099233
  ],
  "COS": [
    0.00141466,
    0.0013993
  ],
  "NAVX": [
    0.00867078,
    0.00857687
  ],
  "DUCK": [
    0.00102674,
    0.00097807
  ],
  "AVL": [
    0.02510176,
    0.02545981
  ],
  "COQ": [
    9.1813e-8,
    9.4795e-8
  ],
  "PIXEL": [
    0.00785108,
    0.00851501
  ],
  "HIPPO": [
    0.00052913,
    0.00054979
  ],
  "OBT": [
    0.00100202,
    0.00101746
  ],
  "RDNT": [
    0.00410362,
    0.00404408
  ],
  "RSS3": [
    0.00556972,
    0.00558287
  ],
  "FWOG": [
    0.00500228,
    0.00501324
  ],
  "FHE": [
    0.01872948,
    0.01953672
  ],
  "DMC": [
    0.00078677,
    0.00077471
  ],
  "SOLV": [
    0.00309112,
    0.00314916
  ],
  "LYXE": [
    0.286377,
    0.283768
  ],
  "FORTH": [
    0.359001,
    0.353868
  ],
  "GEAR": [
    0.00030805,
    0.00029768
  ],
  "HOOK": [
    0.00933256,
    0.00936798
  ],
  "OAS": [
    0.00036944,
    0.00037617
  ],
  "SAMO": [
    0.00039402,
    0.00040297
  ],
  "PERP": [
    0.03068555,
    0.03081565
  ],
  "FIS": [
    0.01365032,
    0.01403721
  ],
  "PTB": [
    0.00102119,
    0.00103682
  ],
  "CUDIS": [
    0.00802615,
    0.00803445
  ],
  "EPT": [
    0.00072989,
    0.00072518
  ],
  "A2Z": [
    0.00018257,
    0.00019212
  ],
  "FLM": [
    0.00276346,
    0.00280758
  ],
  "GORK": [
    0.0015488,
    0.00154999
  ],
  "SAROS": [
    0.00056186,
    0.00056405
  ],
  "DATA": [
    0.00098529,
    0.00099949
  ],
  "INSP": [
    0.00133268,
    0.00129474
  ],
  "ACA": [
    0.00082233,
    0.00081156
  ],
  "SWTCH": [
    0.00512233,
    0.0049111
  ],
  "FOXY": [
    0.00012089,
    0.00012122
  ],
  "RFC": [
    0.00054992,
    0.00056131
  ],
  "LOOKS": [
    0.00039513,
    0.00040315
  ],
  "BDXN": [
    0.00253634,
    0.00247847
  ],
  "CHESS": [
    0.00140156,
    0.00141877
  ],
  "MOONPIG": [
    0.00028996,
    0.00029614
  ],
  "ROOT": [
    0.00005994,
    0.00006193
  ],
  "CHILLGUY": [
    0.00006657,
    0.00006789
  ],
  "APU": [
    0.00003207,
    0.00003163
  ],
  "HOLO": [
    0.00001312,
    0.00001312
  ],
  "RATS": [
    0.00004412,
    0.00004346
  ],
  "GMMT": [
    0.0038278,
    0.00380203
  ],
  "ADB": [
    null,
    null
  ]
}