{
  "PUMP": [
    0.00185813,
    0.00186822
  ],
  "STABLE": [
    0.02630167,
    0.02633826
  ],
  "SIREN": [
    0.652118,
    0.649377
  ],
  "MON": [
    0.03378413,
    0.033953
  ],
  "AERO": [
    0.42511,
    0.427518
  ],
  "JASMY": [
    0.00575486,
    0.00577357
  ],
  "LIT": [
    0.891296,
    0.896844
  ],
  "SKYAI": [
    0.168918,
    0.170131
  ],
  "CVX": [
    1.84,
    1.84
  ],
  "BAT": [
    0.102867,
    0.10331
  ],
  "CHEEMS": [
    5.98636e-7,
    5.99826e-7
  ],
  "ATH": [
    0.00602481,
    0.00605476
  ],
  "COW": [
    0.188587,
    0.188995
  ],
  "BANANAS31": [
    0.00920964,
    0.00918736
  ],
  "BAN": [
    0.084123,
    0.083876
  ],
  "BEAT": [
    0.571523,
    0.565072
  ],
  "ONT": [
    0.077138,
    0.077077
  ],
  "CKB": [
    0.00150967,
    0.00151145
  ],
  "TAG": [
    0.00065449,
    0.00065853
  ],
  "NPC": [
    0.00848105,
    0.008551
  ],
  "SAHARA": [
    0.02181868,
    0.02189545
  ],
  "ARC": [
    0.065784,
    0.06581
  ],
  "POLYX": [
    0.051048,
    0.051094
  ],
  "MERL": [
    0.0393517,
    0.03916831
  ],
  "CSPR": [
    0.00292644,
    0.00295069
  ],
  "MYX": [
    0.239705,
    0.243197
  ],
  "IOTX": [
    0.00475003,
    0.00477259
  ],
  "NEIRO": [
    0.0000981,
    0.00010052
  ],
  "HUMA": [
    0.02269289,
    0.02436011
  ],
  "NOT": [
    0.00040668,
    0.00041041
  ],
  "SNEK": [
    0.00054433,
    0.0005423
  ],
  "MAGMA": [
    0.193933,
    0.201556
  ],
  "SATS": [
    1.4741e-8,
    1.4991e-8
  ],
  "ISLM": [
    0.0122297,
    0.01211025
  ],
  "REZ": [
    0.00375316,
    0.00376409
  ],
  "DEP": [
    0.00111164,
    0.00111186
  ],
  "CPOOL": [
    0.02911139,
    0.02912212
  ],
  "DEGEN": [
    0.00076637,
    0.00077009
  ],
  "SPELL": [
    0.00016522,
    0.00016576
  ],
  "GUN": [
    0.01529955,
    0.01578999
  ],
  "ALLO": [
    0.122132,
    0.121053
  ],
  "NYM": [
    0.03131585,
    0.03145218
  ],
  "SLP": [
    0.00067561,
    0.00067363
  ],
  "LRC": [
    0.0172671,
    0.0173267
  ],
  "CORN": [
    0.04061355,
    0.04061727
  ],
  "AURORA": [
    0.02792384,
    0.027902
  ],
  "BOB": [
    0.00683367,
    0.00685699
  ],
  "SWARMS": [
    0.01859108,
    0.01861047
  ],
  "NIL": [
    0.0404788,
    0.04014334
  ],
  "GRIFFAIN": [
    0.01688795,
    0.0169901
  ],
  "NEWT": [
    0.079051,
    0.079341
  ],
  "INIT": [
    0.090061,
    0.090118
  ],
  "BANK": [
    0.03734281,
    0.03748976
  ],
  "L3": [
    0.01043846,
    0.0104254
  ],
  "DSYNC": [
    0.01485197,
    0.01488161
  ],
  "MUBARAK": [
    0.01377038,
    0.0138552
  ],
  "SONIC": [
    0.03625186,
    0.03637134
  ],
  "RESOLV": [
    0.03189418,
    0.03213972
  ],
  "HONEY": [
    0.00207179,
    0.00207428
  ],
  "PAAL": [
    0.01303573,
    0.01310724
  ],
  "TLM": [
    0.00179066,
    0.0017944
  ],
  "DAO": [
    0.04539487,
    0.04528704
  ],
  "IKA": [
    0.00366384,
    0.0036443
  ],
  "AIN": [
    0.05851,
    0.058995
  ],
  "COQ": [
    1.5251e-7,
    1.52631e-7
  ],
  "HMSTR": [
    0.00015662,
    0.00015671
  ],
  "TAI": [
    0.01647286,
    0.01649727
  ],
  "LAT": [
    0.00133618,
    0.00133637
  ],
  "DENT": [
    0.00008144,
    0.00008234
  ],
  "AVL": [
    0.02613894,
    0.0264405
  ],
  "FUEL": [
    0.00094478,
    0.00094368
  ],
  "NAVX": [
    0.00863083,
    0.00863052
  ],
  "NKN": [
    0.00841356,
    0.00832862
  ],
  "ROAM": [
    0.01774616,
    0.01815045
  ],
  "COS": [
    0.00118669,
    0.00118851
  ],
  "PIXEL": [
    0.00751058,
    0.00752846
  ],
  "OBT": [
    0.00103291,
    0.00103226
  ],
  "SOLV": [
    0.00381248,
    0.00380592
  ],
  "RSS3": [
    0.00578525,
    0.0057983
  ],
  "FHE": [
    0.01792356,
    0.01833638
  ],
  "FWOG": [
    0.00457378,
    0.00463067
  ],
  "OAS": [
    0.0006829,
    0.00067754
  ],
  "DMC": [
    0.00071656,
    0.00070924
  ],
  "LYXE": [
    0.231043,
    0.231851
  ],
  "RDNT": [
    0.00200742,
    0.00202319
  ],
  "FORTH": [
    0.249629,
    0.241191
  ],
  "GEAR": [
    0.00025119,
    0.0002513
  ],
  "HOOK": [
    0.00833001,
    0.00839587
  ],
  "SAMO": [
    0.00039893,
    0.00039756
  ],
  "CUDIS": [
    0.00821043,
    0.00822024
  ],
  "PERP": [
    0.02608955,
    0.02601041
  ],
  "EPT": [
    0.00074429,
    0.00074825
  ],
  "GORK": [
    0.00170736,
    0.0017056
  ],
  "SAROS": [
    0.00064121,
    0.00064469
  ],
  "PTB": [
    0.0008173,
    0.00081229
  ],
  "FIS": [
    0.01075674,
    0.01070519
  ],
  "HIPPO": [
    0.00016211,
    0.00016211
  ],
  "FLM": [
    0.00267198,
    0.00267637
  ],
  "INSP": [
    0.00159869,
    0.00159826
  ],
  "DATA": [
    0.00090568,
    0.00088163
  ],
  "ACA": [
    0.00069382,
    0.00069295
  ],
  "FOXY": [
    0.00011999,
    0.00012004
  ],
  "A2Z": [
    0.00007625,
    0.000076
  ],
  "RFC": [
    0.00058031,
    0.00058305
  ],
  "DUCK": [
    0.00007169,
    0.00007099
  ],
  "SWTCH": [
    0.00336269,
    0.00331573
  ],
  "LOOKS": [
    0.00037986,
    0.00038113
  ],
  "BDXN": [
    0.00192715,
    0.00191429
  ],
  "MOONPIG": [
    0.00029887,
    0.00029895
  ],
  "CHILLGUY": [
    0.00020053,
    0.00020114
  ],
  "ROOT": [
    0.00005741,
    0.00005741
  ],
  "APU": [
    0.00005911,
    0.0000543
  ],
  "CHESS": [
    0.00013693,
    0.00013696
  ],
  "HOLO": [
    0.00001257,
    0.00001264
  ],
  "GMMT": [
    0.00282947,
    0.00283418
  ],
  "RATS": [
    0.00003628,
    0.00003687
  ],
  "ADB": [
    null,
    null
  ]
}