{
  "PUMP": [
    0.00191052,
    0.00181218
  ],
  "SIREN": [
    0.713382,
    0.792926
  ],
  "STABLE": [
    0.02642419,
    0.02652468
  ],
  "MON": [
    0.03555776,
    0.03471202
  ],
  "AERO": [
    0.3823,
    0.372933
  ],
  "LIT": [
    1.21,
    1.17
  ],
  "JASMY": [
    0.00535319,
    0.0052746
  ],
  "CVX": [
    1.81,
    1.76
  ],
  "BAT": [
    0.098426,
    0.096266
  ],
  "COW": [
    0.226058,
    0.216909
  ],
  "SKYAI": [
    0.113831,
    0.116907
  ],
  "ATH": [
    0.00601354,
    0.00579824
  ],
  "BANANAS31": [
    0.00969631,
    0.0095599
  ],
  "CHEEMS": [
    4.57501e-7,
    4.34481e-7
  ],
  "TAG": [
    0.00076864,
    0.00080971
  ],
  "ONT": [
    0.086338,
    0.086834
  ],
  "ARC": [
    0.076572,
    0.079696
  ],
  "CKB": [
    0.00148871,
    0.00145586
  ],
  "SAHARA": [
    0.02175928,
    0.02161331
  ],
  "POLYX": [
    0.04979006,
    0.050153
  ],
  "BAN": [
    0.059221,
    0.062113
  ],
  "NPC": [
    0.00796915,
    0.0076634
  ],
  "CSPR": [
    0.00303327,
    0.00299008
  ],
  "MYX": [
    0.227234,
    0.228525
  ],
  "IOTX": [
    0.00472465,
    0.00460158
  ],
  "BEAT": [
    0.312476,
    0.29245
  ],
  "NOT": [
    0.00037823,
    0.0003666
  ],
  "MAGMA": [
    0.170621,
    0.191767
  ],
  "SNEK": [
    0.00044768,
    0.00042859
  ],
  "ISLM": [
    0.01266204,
    0.01228574
  ],
  "DEP": [
    0.00112746,
    0.00112251
  ],
  "REZ": [
    0.00377011,
    0.00367671
  ],
  "NYM": [
    0.03506121,
    0.03510575
  ],
  "GUN": [
    0.01649741,
    0.01646312
  ],
  "MERL": [
    0.02516824,
    0.02362297
  ],
  "HUMA": [
    0.01507268,
    0.01643103
  ],
  "SPELL": [
    0.00016055,
    0.00015884
  ],
  "DEGEN": [
    0.00074972,
    0.00072525
  ],
  "ALLO": [
    0.107787,
    0.107059
  ],
  "NEIRO": [
    0.00005921,
    0.00005712
  ],
  "SATS": [
    1.1144e-8,
    1.0859e-8
  ],
  "CPOOL": [
    0.02390055,
    0.0231652
  ],
  "SLP": [
    0.00060978,
    0.00059988
  ],
  "CORN": [
    0.04041146,
    0.03983454
  ],
  "LRC": [
    0.01659853,
    0.0162144
  ],
  "BOB": [
    0.00693786,
    0.00690973
  ],
  "AURORA": [
    0.02695622,
    0.0267502
  ],
  "SWARMS": [
    0.01750303,
    0.01752949
  ],
  "AIN": [
    0.099035,
    0.092827
  ],
  "L3": [
    0.01203032,
    0.01187006
  ],
  "GRIFFAIN": [
    0.01689885,
    0.01667891
  ],
  "BANK": [
    0.03468673,
    0.03850425
  ],
  "DENT": [
    0.00016397,
    0.00016402
  ],
  "DSYNC": [
    0.01656615,
    0.01569813
  ],
  "RESOLV": [
    0.03807394,
    0.03960422
  ],
  "INIT": [
    0.082493,
    0.080524
  ],
  "NEWT": [
    0.06972,
    0.06719
  ],
  "NIL": [
    0.03449978,
    0.03346105
  ],
  "SONIC": [
    0.03589946,
    0.03553057
  ],
  "DAO": [
    0.04945211,
    0.04832019
  ],
  "PAAL": [
    0.01344179,
    0.01311536
  ],
  "MUBARAK": [
    0.01193201,
    0.01169033
  ],
  "IKA": [
    0.00383939,
    0.00383047
  ],
  "TLM": [
    0.00164259,
    0.00162084
  ],
  "HONEY": [
    0.00179828,
    0.00182701
  ],
  "TAI": [
    0.01729546,
    0.01703772
  ],
  "NKN": [
    0.01196883,
    0.01164109
  ],
  "LAT": [
    0.00137414,
    0.00134212
  ],
  "HMSTR": [
    0.00014557,
    0.0001433
  ],
  "AVL": [
    0.02955548,
    0.02897829
  ],
  "ROAM": [
    0.02188245,
    0.02331693
  ],
  "COQ": [
    1.13598e-7,
    1.1078e-7
  ],
  "FUEL": [
    0.00095984,
    0.00096018
  ],
  "NAVX": [
    0.00876139,
    0.00864904
  ],
  "SOLV": [
    0.00415809,
    0.00440471
  ],
  "COS": [
    0.00120857,
    0.00120951
  ],
  "PIXEL": [
    0.00695371,
    0.00732902
  ],
  "OBT": [
    0.00105168,
    0.00103772
  ],
  "RSS3": [
    0.0056722,
    0.00563407
  ],
  "FWOG": [
    0.00509344,
    0.00486953
  ],
  "DMC": [
    0.00069832,
    0.00068848
  ],
  "FHE": [
    0.01560641,
    0.01552963
  ],
  "LYXE": [
    0.246526,
    0.246526
  ],
  "GEAR": [
    0.00027673,
    0.00029579
  ],
  "FORTH": [
    0.272608,
    0.271881
  ],
  "RDNT": [
    0.00227437,
    0.00223084
  ],
  "OAS": [
    0.00036944,
    0.00036409
  ],
  "SAMO": [
    0.00041786,
    0.00041458
  ],
  "HOOK": [
    0.00821898,
    0.00812831
  ],
  "PTB": [
    0.0009852,
    0.00099036
  ],
  "HIPPO": [
    0.00020057,
    0.00019987
  ],
  "CUDIS": [
    0.00805218,
    0.0078722
  ],
  "PERP": [
    0.02744386,
    0.02679655
  ],
  "FIS": [
    0.01192577,
    0.01181416
  ],
  "EPT": [
    0.00076736,
    0.00076504
  ],
  "FLM": [
    0.00296168,
    0.00288989
  ],
  "GORK": [
    0.00165962,
    0.00146634
  ],
  "DATA": [
    0.00097353,
    0.00095508
  ],
  "SAROS": [
    0.00038306,
    0.00038136
  ],
  "INSP": [
    0.00110849,
    0.00109628
  ],
  "ACA": [
    0.00074321,
    0.00072063
  ],
  "DUCK": [
    0.00010491,
    0.00010014
  ],
  "A2Z": [
    0.0000874,
    0.00008454
  ],
  "FOXY": [
    0.00010616,
    0.00010427
  ],
  "SWTCH": [
    0.00369341,
    0.00368543
  ],
  "RFC": [
    0.00055411,
    0.00056029
  ],
  "LOOKS": [
    0.00036141,
    0.00036352
  ],
  "BDXN": [
    0.00185171,
    0.00184913
  ],
  "MOONPIG": [
    0.00029996,
    0.00028907
  ],
  "ROOT": [
    0.00006201,
    0.00006271
  ],
  "CHILLGUY": [
    0.0000735,
    0.0000735
  ],
  "APU": [
    0.00003548,
    0.00003573
  ],
  "CHESS": [
    0.00015843,
    0.00015794
  ],
  "HOLO": [
    0.00001304,
    0.0000126
  ],
  "GMMT": [
    0.00384381,
    0.00378749
  ],
  "RATS": [
    0.00003755,
    0.00003685
  ],
  "ADB": [
    null,
    null
  ]
}