{
  "STABLE": [
    0.03343305,
    0.03350048
  ],
  "PUMP": [
    0.00183369,
    0.00183606
  ],
  "SKYAI": [
    0.492805,
    0.506742
  ],
  "SIREN": [
    0.699573,
    0.693738
  ],
  "AERO": [
    0.452067,
    0.453816
  ],
  "MON": [
    0.03044053,
    0.03066639
  ],
  "JASMY": [
    0.00571238,
    0.0057282
  ],
  "LIT": [
    0.906782,
    0.910406
  ],
  "CVX": [
    1.75,
    1.76
  ],
  "BAT": [
    0.09754,
    0.097924
  ],
  "TAG": [
    0.00129941,
    0.00122991
  ],
  "CHEEMS": [
    6.2645e-7,
    6.2803e-7
  ],
  "ATH": [
    0.00586262,
    0.00587562
  ],
  "COW": [
    0.185581,
    0.18632
  ],
  "BANANAS31": [
    0.01015017,
    0.01013682
  ],
  "BEAT": [
    0.629223,
    0.606375
  ],
  "BAN": [
    0.075797,
    0.079727
  ],
  "SAHARA": [
    0.02387567,
    0.02415095
  ],
  "CKB": [
    0.00150374,
    0.00151278
  ],
  "ONT": [
    0.071127,
    0.071593
  ],
  "ARC": [
    0.071355,
    0.071905
  ],
  "NPC": [
    0.00779532,
    0.00787006
  ],
  "POLYX": [
    0.04793088,
    0.04821809
  ],
  "MYX": [
    0.253721,
    0.253744
  ],
  "CSPR": [
    0.00281526,
    0.00283961
  ],
  "MAGMA": [
    0.229126,
    0.233109
  ],
  "MERL": [
    0.03466087,
    0.0357341
  ],
  "IOTX": [
    0.00453515,
    0.00458278
  ],
  "REZ": [
    0.00499363,
    0.0050342
  ],
  "ISLM": [
    0.01174828,
    0.01174883
  ],
  "NEIRO": [
    0.0000976,
    0.00009779
  ],
  "NOT": [
    0.00039955,
    0.00040001
  ],
  "HUMA": [
    0.0221047,
    0.02244253
  ],
  "SNEK": [
    0.00046489,
    0.000465
  ],
  "SATS": [
    1.5655e-8,
    1.5673e-8
  ],
  "DEP": [
    0.00111754,
    0.00111213
  ],
  "SPELL": [
    0.00016801,
    0.00016751
  ],
  "ALLO": [
    0.121212,
    0.121261
  ],
  "SWARMS": [
    0.02652162,
    0.02664313
  ],
  "CPOOL": [
    0.02590098,
    0.02581694
  ],
  "SLP": [
    0.00070471,
    0.00070874
  ],
  "GUN": [
    0.01428724,
    0.01429627
  ],
  "DEGEN": [
    0.00066617,
    0.00066767
  ],
  "LRC": [
    0.01693257,
    0.01699023
  ],
  "CORN": [
    0.04020149,
    0.04025299
  ],
  "NIL": [
    0.04166074,
    0.0427161
  ],
  "AURORA": [
    0.026386,
    0.02645737
  ],
  "L3": [
    0.01218656,
    0.01219886
  ],
  "AIN": [
    0.095358,
    0.096148
  ],
  "GRIFFAIN": [
    0.01755919,
    0.01768389
  ],
  "INIT": [
    0.088011,
    0.088354
  ],
  "NYM": [
    0.02010862,
    0.01993903
  ],
  "NEWT": [
    0.076105,
    0.075931
  ],
  "BOB": [
    0.00553679,
    0.00555146
  ],
  "BANK": [
    0.03348289,
    0.033391
  ],
  "MUBARAK": [
    0.01393934,
    0.0139552
  ],
  "SONIC": [
    0.03814024,
    0.03810729
  ],
  "DSYNC": [
    0.01306869,
    0.01317424
  ],
  "TLM": [
    0.00186166,
    0.001861
  ],
  "RSS3": [
    0.00797389,
    0.00769793
  ],
  "PAAL": [
    0.01300416,
    0.01310306
  ],
  "RESOLV": [
    0.02954984,
    0.02928593
  ],
  "HONEY": [
    0.00179721,
    0.00179719
  ],
  "DAO": [
    0.04099795,
    0.04120525
  ],
  "IKA": [
    0.00338814,
    0.00339123
  ],
  "HMSTR": [
    0.00015642,
    0.00015728
  ],
  "LAT": [
    0.00133177,
    0.00133524
  ],
  "COQ": [
    1.31508e-7,
    1.30397e-7
  ],
  "TAI": [
    0.01507716,
    0.01514461
  ],
  "AVL": [
    0.02691345,
    0.02655946
  ],
  "NAVX": [
    0.00882113,
    0.00882603
  ],
  "FUEL": [
    0.00090057,
    0.00089994
  ],
  "SOLV": [
    0.00447303,
    0.004518
  ],
  "NKN": [
    0.00798344,
    0.00802987
  ],
  "PIXEL": [
    0.00789066,
    0.00788501
  ],
  "COS": [
    0.00116131,
    0.00116535
  ],
  "FHE": [
    0.02170267,
    0.02308836
  ],
  "OBT": [
    0.00099,
    0.00099191
  ],
  "DMC": [
    0.00069537,
    0.00069707
  ],
  "FWOG": [
    0.00452339,
    0.00451946
  ],
  "LYXE": [
    0.256066,
    0.256066
  ],
  "DENT": [
    0.00003937,
    0.00003974
  ],
  "ROAM": [
    0.01069623,
    0.0107504
  ],
  "OAS": [
    0.00052834,
    0.0005268
  ],
  "GEAR": [
    0.00032505,
    0.00032787
  ],
  "FORTH": [
    0.237502,
    0.237767
  ],
  "RDNT": [
    0.00180872,
    0.00180169
  ],
  "HOOK": [
    0.00808942,
    0.00800493
  ],
  "SAMO": [
    0.00035549,
    0.00035532
  ],
  "CUDIS": [
    0.00789681,
    0.00792906
  ],
  "PERP": [
    0.02530393,
    0.02537873
  ],
  "EPT": [
    0.00072567,
    0.00072432
  ],
  "HIPPO": [
    0.00016333,
    0.00016563
  ],
  "PTB": [
    0.00078357,
    0.00079042
  ],
  "SAROS": [
    0.00061733,
    0.00061367
  ],
  "FIS": [
    0.01010378,
    0.0101038
  ],
  "FLM": [
    0.00259194,
    0.00259214
  ],
  "GORK": [
    0.00140168,
    0.00139657
  ],
  "DATA": [
    0.00071196,
    0.00072996
  ],
  "A2Z": [
    0.00009489,
    0.0000949
  ],
  "ACA": [
    0.0006684,
    0.00067016
  ],
  "INSP": [
    0.0009557,
    0.00092902
  ],
  "FOXY": [
    0.00011609,
    0.00011785
  ],
  "SWTCH": [
    0.00344044,
    0.00346701
  ],
  "DUCK": [
    0.00007091,
    0.00007083
  ],
  "RFC": [
    0.00055274,
    0.00056584
  ],
  "LOOKS": [
    0.00035982,
    0.00035991
  ],
  "BDXN": [
    0.00173845,
    0.00182009
  ],
  "MOONPIG": [
    0.00026724,
    0.00026941
  ],
  "ROOT": [
    0.00005977,
    0.00005926
  ],
  "CHILLGUY": [
    0.00009821,
    0.00009888
  ],
  "APU": [
    0.00004304,
    0.00004358
  ],
  "CHESS": [
    0.00019135,
    0.00019217
  ],
  "HOLO": [
    0.00001187,
    0.00001187
  ],
  "GMMT": [
    0.00249226,
    0.00250041
  ],
  "RATS": [
    0.00003932,
    0.00003951
  ],
  "ADB": [
    null,
    null
  ]
}