{
  "PUMP": [
    0.00189387,
    0.00186863
  ],
  "STABLE": [
    0.0272784,
    0.02643328
  ],
  "SIREN": [
    0.786919,
    0.780924
  ],
  "MON": [
    0.03565646,
    0.03616706
  ],
  "AERO": [
    0.383044,
    0.374483
  ],
  "LIT": [
    1.13,
    1.093
  ],
  "JASMY": [
    0.00541792,
    0.00538496
  ],
  "CVX": [
    1.81,
    1.82
  ],
  "BAT": [
    0.097886,
    0.096646
  ],
  "COW": [
    0.222624,
    0.222997
  ],
  "ATH": [
    0.00652222,
    0.00622359
  ],
  "SKYAI": [
    0.109825,
    0.11121
  ],
  "BANANAS31": [
    0.01064721,
    0.0108932
  ],
  "CHEEMS": [
    4.99505e-7,
    4.76836e-7
  ],
  "MYX": [
    0.237855,
    0.525306
  ],
  "TAG": [
    0.00078168,
    0.00083958
  ],
  "BAN": [
    0.088416,
    0.090915
  ],
  "ONT": [
    0.083018,
    0.079425
  ],
  "ARC": [
    0.07264,
    0.072553
  ],
  "CKB": [
    0.00151356,
    0.00149182
  ],
  "SAHARA": [
    0.02245231,
    0.02222284
  ],
  "POLYX": [
    0.050342,
    0.050615
  ],
  "NPC": [
    0.00788125,
    0.00786838
  ],
  "BEAT": [
    0.381848,
    0.387333
  ],
  "CSPR": [
    0.00296156,
    0.00298512
  ],
  "IOTX": [
    0.00446758,
    0.00448063
  ],
  "MAGMA": [
    0.198061,
    0.194636
  ],
  "NOT": [
    0.00037922,
    0.00037097
  ],
  "SNEK": [
    0.00042931,
    0.00041798
  ],
  "MERL": [
    0.02693856,
    0.02610388
  ],
  "DEP": [
    0.00111947,
    0.00111956
  ],
  "HUMA": [
    0.01754283,
    0.01777977
  ],
  "ISLM": [
    0.01190941,
    0.01202584
  ],
  "REZ": [
    0.0036314,
    0.00371549
  ],
  "NYM": [
    0.03446959,
    0.03394841
  ],
  "DEGEN": [
    0.00074113,
    0.00073795
  ],
  "NEIRO": [
    0.00006539,
    0.00006489
  ],
  "SPELL": [
    0.00015976,
    0.00015833
  ],
  "GUN": [
    0.01559599,
    0.01542
  ],
  "ALLO": [
    0.114151,
    0.111162
  ],
  "SATS": [
    1.1618e-8,
    1.1635e-8
  ],
  "CPOOL": [
    0.02407178,
    0.02445496
  ],
  "SLP": [
    0.00061468,
    0.00061957
  ],
  "BOB": [
    0.00819862,
    0.00785571
  ],
  "CORN": [
    0.04045394,
    0.04044569
  ],
  "LRC": [
    0.01628371,
    0.01614808
  ],
  "AURORA": [
    0.02718496,
    0.02704198
  ],
  "SWARMS": [
    0.01626356,
    0.01684163
  ],
  "DSYNC": [
    0.01615663,
    0.01646708
  ],
  "L3": [
    0.0112679,
    0.01125829
  ],
  "BANK": [
    0.03672928,
    0.03711991
  ],
  "DENT": [
    0.00015949,
    0.00015831
  ],
  "GRIFFAIN": [
    0.01606,
    0.01500949
  ],
  "INIT": [
    0.079669,
    0.080401
  ],
  "NEWT": [
    0.070793,
    0.069148
  ],
  "RESOLV": [
    0.04074039,
    0.03864836
  ],
  "NIL": [
    0.03376344,
    0.03355691
  ],
  "AIN": [
    0.073158,
    0.072177
  ],
  "SONIC": [
    0.03571902,
    0.03606183
  ],
  "MUBARAK": [
    0.0134346,
    0.01266382
  ],
  "PAAL": [
    0.01381042,
    0.0137348
  ],
  "DAO": [
    0.04837956,
    0.04785381
  ],
  "IKA": [
    0.00367401,
    0.00364936
  ],
  "TLM": [
    0.00166694,
    0.00165839
  ],
  "HONEY": [
    0.00180838,
    0.00182019
  ],
  "TAI": [
    0.0169686,
    0.01698076
  ],
  "LAT": [
    0.00136004,
    0.00136197
  ],
  "HMSTR": [
    0.00014814,
    0.00014528
  ],
  "COQ": [
    1.12617e-7,
    1.14165e-7
  ],
  "AVL": [
    0.02749703,
    0.02642113
  ],
  "FUEL": [
    0.00095861,
    0.00095855
  ],
  "NKN": [
    0.00908973,
    0.00912093
  ],
  "NAVX": [
    0.00873636,
    0.00877223
  ],
  "ROAM": [
    0.02038464,
    0.02022211
  ],
  "SOLV": [
    0.00431003,
    0.00439018
  ],
  "COS": [
    0.00123084,
    0.00123078
  ],
  "PIXEL": [
    0.0078081,
    0.00793287
  ],
  "OBT": [
    0.0010357,
    0.00103985
  ],
  "RSS3": [
    0.0055591,
    0.00558865
  ],
  "FWOG": [
    0.00500384,
    0.00507961
  ],
  "FHE": [
    0.01702571,
    0.01874925
  ],
  "DMC": [
    0.00070725,
    0.00068974
  ],
  "LYXE": [
    0.248594,
    0.242413
  ],
  "GEAR": [
    0.00028627,
    0.00029368
  ],
  "FORTH": [
    0.272184,
    0.271888
  ],
  "RDNT": [
    0.00214486,
    0.00217645
  ],
  "HOOK": [
    0.00838074,
    0.00821339
  ],
  "SAMO": [
    0.00042063,
    0.00041139
  ],
  "OAS": [
    0.00035323,
    0.00035665
  ],
  "PTB": [
    0.00094789,
    0.00101069
  ],
  "CUDIS": [
    0.00791593,
    0.00782114
  ],
  "HIPPO": [
    0.00019806,
    0.00019416
  ],
  "PERP": [
    0.02961134,
    0.02621564
  ],
  "EPT": [
    0.00075336,
    0.00075432
  ],
  "FLM": [
    0.00308189,
    0.003013
  ],
  "FIS": [
    0.01099511,
    0.01077677
  ],
  "GORK": [
    0.00158858,
    0.00152849
  ],
  "DATA": [
    0.00098148,
    0.00094293
  ],
  "SAROS": [
    0.00038,
    0.00038332
  ],
  "INSP": [
    0.00102178,
    0.0010555
  ],
  "ACA": [
    0.00068572,
    0.00068821
  ],
  "DUCK": [
    0.00009186,
    0.00009259
  ],
  "FOXY": [
    0.00011994,
    0.00011901
  ],
  "A2Z": [
    0.00007894,
    0.00008278
  ],
  "SWTCH": [
    0.00339961,
    0.0034305
  ],
  "RFC": [
    0.00055384,
    0.00056754
  ],
  "LOOKS": [
    0.00036616,
    0.00036267
  ],
  "BDXN": [
    0.001841,
    0.00184535
  ],
  "MOONPIG": [
    0.00030011,
    0.00030012
  ],
  "ROOT": [
    0.00005961,
    0.0000614
  ],
  "CHILLGUY": [
    0.00007329,
    0.00007676
  ],
  "APU": [
    0.00003624,
    0.00003343
  ],
  "CHESS": [
    0.00015894,
    0.0001596
  ],
  "HOLO": [
    0.00001265,
    0.00001265
  ],
  "RATS": [
    0.00003697,
    0.0000373
  ],
  "GMMT": [
    0.0038641,
    0.00375726
  ],
  "ADB": [
    null,
    null
  ]
}