{
  "PUMP": [
    0.00166692,
    0.00166323
  ],
  "STABLE": [
    0.02814892,
    0.02802284
  ],
  "MON": [
    0.02673964,
    0.02733408
  ],
  "AERO": [
    0.315905,
    0.315392
  ],
  "JASMY": [
    0.00533832,
    0.00529776
  ],
  "LIT": [
    1.013,
    0.979221
  ],
  "CVX": [
    1.72,
    1.7
  ],
  "BAT": [
    0.097144,
    0.095726
  ],
  "BANANAS31": [
    0.01277517,
    0.01271007
  ],
  "SIREN": [
    0.172945,
    0.169717
  ],
  "ATH": [
    0.00671324,
    0.00660529
  ],
  "COW": [
    0.20254,
    0.203146
  ],
  "ONT": [
    0.111621,
    0.103425
  ],
  "CHEEMS": [
    4.12773e-7,
    4.08799e-7
  ],
  "TAG": [
    0.00071778,
    0.00069764
  ],
  "CKB": [
    0.00146656,
    0.00146963
  ],
  "SAHARA": [
    0.02104332,
    0.02065448
  ],
  "SKYAI": [
    0.062695,
    0.064403
  ],
  "NPC": [
    0.00714285,
    0.00714045
  ],
  "POLYX": [
    0.04504296,
    0.0454888
  ],
  "BEAT": [
    0.387024,
    0.399631
  ],
  "ARC": [
    0.051968,
    0.052678
  ],
  "BAN": [
    0.053545,
    0.052255
  ],
  "CSPR": [
    0.00299253,
    0.00298024
  ],
  "IOTX": [
    0.00454259,
    0.00456517
  ],
  "MYX": [
    0.209743,
    0.210531
  ],
  "NOT": [
    0.00035443,
    0.00035407
  ],
  "SNEK": [
    0.0004337,
    0.00043835
  ],
  "DEP": [
    0.00114356,
    0.00114272
  ],
  "ISLM": [
    0.01210231,
    0.01204379
  ],
  "NYM": [
    0.03403428,
    0.03403416
  ],
  "REZ": [
    0.00338647,
    0.00341626
  ],
  "SPELL": [
    0.00016083,
    0.000159
  ],
  "MERL": [
    0.02194797,
    0.02264379
  ],
  "GUN": [
    0.01539295,
    0.01557819
  ],
  "DEGEN": [
    0.00070312,
    0.00066789
  ],
  "HUMA": [
    0.01429616,
    0.01394378
  ],
  "NEIRO": [
    0.00005664,
    0.00005609
  ],
  "CORN": [
    0.04487287,
    0.04485572
  ],
  "ALLO": [
    0.105136,
    0.103716
  ],
  "SATS": [
    1.0828e-8,
    1.0718e-8
  ],
  "LRC": [
    0.01811852,
    0.01802154
  ],
  "MAGMA": [
    0.11396,
    0.115636
  ],
  "SLP": [
    0.00059448,
    0.00059345
  ],
  "CPOOL": [
    0.02132015,
    0.02127454
  ],
  "AURORA": [
    0.02609733,
    0.02604569
  ],
  "DENT": [
    0.00018155,
    0.00017851
  ],
  "RESOLV": [
    0.04145951,
    0.04023154
  ],
  "BOB": [
    0.00546516,
    0.00549009
  ],
  "INIT": [
    0.083226,
    0.080347
  ],
  "NIL": [
    0.03555731,
    0.03447123
  ],
  "DSYNC": [
    0.0143875,
    0.01425922
  ],
  "IKA": [
    0.00483964,
    0.00464059
  ],
  "NEWT": [
    0.065081,
    0.064354
  ],
  "SONIC": [
    0.03731881,
    0.03724617
  ],
  "DAO": [
    0.0517,
    0.051724
  ],
  "BANK": [
    0.0286026,
    0.02943434
  ],
  "L3": [
    0.0088592,
    0.00898265
  ],
  "GRIFFAIN": [
    0.01217841,
    0.01180379
  ],
  "PAAL": [
    0.01293977,
    0.01289875
  ],
  "HONEY": [
    0.00201942,
    0.00201311
  ],
  "MUBARAK": [
    0.01141756,
    0.01115932
  ],
  "AIN": [
    0.057301,
    0.057071
  ],
  "TLM": [
    0.00163725,
    0.00161721
  ],
  "ROAM": [
    0.03079374,
    0.03030495
  ],
  "AVL": [
    0.03481335,
    0.0360693
  ],
  "TAI": [
    0.0159225,
    0.01721344
  ],
  "HMSTR": [
    0.00014204,
    0.00014187
  ],
  "LAT": [
    0.00130313,
    0.00130344
  ],
  "SWARMS": [
    0.00827852,
    0.00853671
  ],
  "NKN": [
    0.01006069,
    0.00997472
  ],
  "NAVX": [
    0.00888349,
    0.00885166
  ],
  "FUEL": [
    0.00092001,
    0.00091867
  ],
  "COQ": [
    9.9894e-8,
    9.7215e-8
  ],
  "SOLV": [
    0.00408167,
    0.00427125
  ],
  "COS": [
    0.00121672,
    0.00118798
  ],
  "OBT": [
    0.00101253,
    0.00101257
  ],
  "PIXEL": [
    0.00672468,
    0.00659017
  ],
  "RSS3": [
    0.00534611,
    0.00555189
  ],
  "FWOG": [
    0.00496263,
    0.00490882
  ],
  "FHE": [
    0.01848437,
    0.01817556
  ],
  "DMC": [
    0.00071657,
    0.00072529
  ],
  "HIPPO": [
    0.00052983,
    0.00044236
  ],
  "LYXE": [
    0.25487,
    0.25487
  ],
  "RDNT": [
    0.00271489,
    0.00272142
  ],
  "GEAR": [
    0.00029548,
    0.00029273
  ],
  "DUCK": [
    0.00036139,
    0.00035059
  ],
  "FORTH": [
    0.234702,
    0.238895
  ],
  "SAMO": [
    0.0004218,
    0.00042519
  ],
  "HOOK": [
    0.00797476,
    0.00789026
  ],
  "OAS": [
    0.0003452,
    0.00033949
  ],
  "FIS": [
    0.01314852,
    0.01344249
  ],
  "PERP": [
    0.02732682,
    0.02659581
  ],
  "CUDIS": [
    0.0077434,
    0.0077515
  ],
  "EPT": [
    0.00073352,
    0.00074432
  ],
  "FLM": [
    0.00284155,
    0.00283266
  ],
  "GORK": [
    0.00136237,
    0.00134829
  ],
  "DATA": [
    0.00098714,
    0.00098468
  ],
  "PTB": [
    0.0006249,
    0.00062521
  ],
  "SAROS": [
    0.00047033,
    0.00046685
  ],
  "INSP": [
    0.00126992,
    0.00125408
  ],
  "A2Z": [
    0.00010226,
    0.00011586
  ],
  "ACA": [
    0.00067687,
    0.00067866
  ],
  "SWTCH": [
    0.00429597,
    0.00420085
  ],
  "RFC": [
    0.0005275,
    0.0005263
  ],
  "FOXY": [
    0.00008535,
    0.00008692
  ],
  "LOOKS": [
    0.00039679,
    0.00039167
  ],
  "BDXN": [
    0.00204068,
    0.00199196
  ],
  "MOONPIG": [
    0.00029894,
    0.00029691
  ],
  "ROOT": [
    0.0000598,
    0.00005819
  ],
  "CHESS": [
    0.00053679,
    0.00050637
  ],
  "CHILLGUY": [
    0.00006737,
    0.00006704
  ],
  "APU": [
    0.00003023,
    0.00003018
  ],
  "HOLO": [
    0.00001321,
    0.00001319
  ],
  "RATS": [
    0.00003842,
    0.00003835
  ],
  "GMMT": [
    0.0041494,
    0.00416723
  ],
  "ADB": [
    null,
    null
  ]
}