{
  "PUMP": [
    0.001806,
    0.0017824
  ],
  "SIREN": [
    0.785688,
    0.804385
  ],
  "STABLE": [
    0.02533583,
    0.02510008
  ],
  "MON": [
    0.03297825,
    0.0326901
  ],
  "AERO": [
    0.360834,
    0.357328
  ],
  "LIT": [
    1.078,
    1.092
  ],
  "JASMY": [
    0.00525361,
    0.00523738
  ],
  "CVX": [
    1.74,
    1.72
  ],
  "BAT": [
    0.095497,
    0.095049
  ],
  "SKYAI": [
    0.128429,
    0.121476
  ],
  "COW": [
    0.212746,
    0.213448
  ],
  "ATH": [
    0.00567892,
    0.00565437
  ],
  "BANANAS31": [
    0.01005017,
    0.01026868
  ],
  "TAG": [
    0.00086375,
    0.00088106
  ],
  "CHEEMS": [
    4.32682e-7,
    4.24248e-7
  ],
  "ONT": [
    0.084278,
    0.082541
  ],
  "ARC": [
    0.074735,
    0.075032
  ],
  "BAN": [
    0.078614,
    0.074266
  ],
  "CKB": [
    0.00152222,
    0.0014976
  ],
  "SAHARA": [
    0.02173062,
    0.02163498
  ],
  "POLYX": [
    0.04900048,
    0.0479658
  ],
  "NPC": [
    0.00751171,
    0.00742726
  ],
  "BEAT": [
    0.363848,
    0.40566
  ],
  "CSPR": [
    0.00294688,
    0.00287551
  ],
  "IOTX": [
    0.00448957,
    0.00443496
  ],
  "MYX": [
    0.216488,
    0.211716
  ],
  "NOT": [
    0.00036074,
    0.0003549
  ],
  "MAGMA": [
    0.196108,
    0.185464
  ],
  "ISLM": [
    0.01228409,
    0.01231944
  ],
  "SNEK": [
    0.00041868,
    0.00041684
  ],
  "DEP": [
    0.00113024,
    0.00112271
  ],
  "HUMA": [
    0.01723276,
    0.01697204
  ],
  "REZ": [
    0.00356857,
    0.00354699
  ],
  "NYM": [
    0.03443166,
    0.03451108
  ],
  "MERL": [
    0.02412437,
    0.02343506
  ],
  "GUN": [
    0.01617906,
    0.0161016
  ],
  "SPELL": [
    0.0001579,
    0.00015731
  ],
  "DEGEN": [
    0.00072015,
    0.00072111
  ],
  "ALLO": [
    0.108549,
    0.108183
  ],
  "NEIRO": [
    0.00005633,
    0.00005541
  ],
  "CPOOL": [
    0.02280029,
    0.02296148
  ],
  "SATS": [
    1.0731e-8,
    1.0643e-8
  ],
  "SLP": [
    0.00059909,
    0.00059211
  ],
  "CORN": [
    0.04049483,
    0.04029663
  ],
  "BOB": [
    0.00749588,
    0.00732253
  ],
  "LRC": [
    0.01604233,
    0.01583227
  ],
  "AURORA": [
    0.02687667,
    0.02662918
  ],
  "SWARMS": [
    0.01661031,
    0.01653055
  ],
  "L3": [
    0.0113371,
    0.01151694
  ],
  "BANK": [
    0.03712977,
    0.03780115
  ],
  "GRIFFAIN": [
    0.01625801,
    0.01602675
  ],
  "AIN": [
    0.084432,
    0.085436
  ],
  "DSYNC": [
    0.01559085,
    0.01529075
  ],
  "RESOLV": [
    0.0393904,
    0.03895388
  ],
  "DENT": [
    0.00015655,
    0.00015273
  ],
  "INIT": [
    0.076629,
    0.076552
  ],
  "NEWT": [
    0.066244,
    0.065192
  ],
  "NIL": [
    0.03275227,
    0.03245123
  ],
  "SONIC": [
    0.03462684,
    0.0342729
  ],
  "DAO": [
    0.0481712,
    0.04787011
  ],
  "PAAL": [
    0.01328127,
    0.01312227
  ],
  "MUBARAK": [
    0.01142414,
    0.01116222
  ],
  "IKA": [
    0.00371632,
    0.00371206
  ],
  "HONEY": [
    0.00191421,
    0.0019038
  ],
  "TLM": [
    0.00160016,
    0.0015826
  ],
  "TAI": [
    0.01682755,
    0.01652122
  ],
  "LAT": [
    0.00133634,
    0.00133112
  ],
  "HMSTR": [
    0.00014035,
    0.00013807
  ],
  "NKN": [
    0.01029202,
    0.0100905
  ],
  "COQ": [
    1.12574e-7,
    1.11399e-7
  ],
  "AVL": [
    0.02692658,
    0.02588395
  ],
  "ROAM": [
    0.02170406,
    0.02188652
  ],
  "FUEL": [
    0.00095972,
    0.00095768
  ],
  "SOLV": [
    0.00454303,
    0.00477092
  ],
  "NAVX": [
    0.00863673,
    0.00850286
  ],
  "COS": [
    0.00121309,
    0.00120174
  ],
  "PIXEL": [
    0.00713996,
    0.00704274
  ],
  "OBT": [
    0.00103223,
    0.00102032
  ],
  "RSS3": [
    0.00570755,
    0.00573468
  ],
  "FWOG": [
    0.00484868,
    0.00477566
  ],
  "DMC": [
    0.00070214,
    0.00070273
  ],
  "FHE": [
    0.01578291,
    0.01580061
  ],
  "LYXE": [
    0.240292,
    0.237936
  ],
  "FORTH": [
    0.272662,
    0.26654
  ],
  "GEAR": [
    0.00027455,
    0.00027405
  ],
  "RDNT": [
    0.00211226,
    0.00210856
  ],
  "SAMO": [
    0.00041463,
    0.0004138
  ],
  "HOOK": [
    0.0081493,
    0.00821208
  ],
  "OAS": [
    0.00035937,
    0.00035828
  ],
  "PERP": [
    0.02678225,
    0.02779042
  ],
  "CUDIS": [
    0.00784378,
    0.0078249
  ],
  "PTB": [
    0.00091917,
    0.00090842
  ],
  "HIPPO": [
    0.0001902,
    0.00018835
  ],
  "FIS": [
    0.01151423,
    0.01165775
  ],
  "EPT": [
    0.00074727,
    0.00074595
  ],
  "FLM": [
    0.0028661,
    0.00281272
  ],
  "GORK": [
    0.00146331,
    0.00147002
  ],
  "DATA": [
    0.000959,
    0.00094495
  ],
  "SAROS": [
    0.00038238,
    0.000378
  ],
  "INSP": [
    0.00104713,
    0.00104523
  ],
  "ACA": [
    0.00070503,
    0.00070415
  ],
  "DUCK": [
    0.00009378,
    0.00009447
  ],
  "A2Z": [
    0.00008062,
    0.00008086
  ],
  "FOXY": [
    0.00010138,
    0.00010214
  ],
  "SWTCH": [
    0.00350995,
    0.00347404
  ],
  "RFC": [
    0.00057056,
    0.00055789
  ],
  "LOOKS": [
    0.00036601,
    0.00035186
  ],
  "BDXN": [
    0.0018476,
    0.0018435
  ],
  "MOONPIG": [
    0.00029997,
    0.00029395
  ],
  "ROOT": [
    0.00006612,
    0.00006135
  ],
  "CHILLGUY": [
    0.0000735,
    0.0000735
  ],
  "APU": [
    0.00003634,
    0.00003603
  ],
  "CHESS": [
    0.00015842,
    0.0001611
  ],
  "HOLO": [
    0.0000126,
    0.0000126
  ],
  "GMMT": [
    0.0037568,
    0.00370223
  ],
  "RATS": [
    0.00003753,
    0.00003732
  ],
  "ADB": [
    null,
    null
  ]
}