{
  "PUMP": [
    0.00183845,
    0.00183381
  ],
  "STABLE": [
    0.02559958,
    0.02556736
  ],
  "SIREN": [
    0.6507,
    0.642165
  ],
  "MON": [
    0.03216811,
    0.03218429
  ],
  "AERO": [
    0.386779,
    0.377727
  ],
  "JASMY": [
    0.00554845,
    0.00558309
  ],
  "LIT": [
    0.934941,
    0.923644
  ],
  "SKYAI": [
    0.182448,
    0.181952
  ],
  "CVX": [
    1.79,
    1.79
  ],
  "BAT": [
    0.099026,
    0.099451
  ],
  "ATH": [
    0.00585434,
    0.00589713
  ],
  "CHEEMS": [
    5.22981e-7,
    5.23382e-7
  ],
  "COW": [
    0.184145,
    0.186059
  ],
  "BANANAS31": [
    0.00957996,
    0.00944781
  ],
  "ONT": [
    0.077209,
    0.076418
  ],
  "TAG": [
    0.00071523,
    0.00070227
  ],
  "CKB": [
    0.00152795,
    0.00154216
  ],
  "BAN": [
    0.068139,
    0.068716
  ],
  "SAHARA": [
    0.02154609,
    0.02161825
  ],
  "BEAT": [
    0.493335,
    0.489097
  ],
  "ARC": [
    0.068056,
    0.066753
  ],
  "POLYX": [
    0.050166,
    0.050161
  ],
  "NPC": [
    0.00759483,
    0.00752205
  ],
  "CSPR": [
    0.00292878,
    0.00292233
  ],
  "MERL": [
    0.0347485,
    0.03608354
  ],
  "IOTX": [
    0.00456804,
    0.00457133
  ],
  "MYX": [
    0.218797,
    0.225214
  ],
  "NOT": [
    0.00038432,
    0.00038626
  ],
  "MAGMA": [
    0.196559,
    0.198174
  ],
  "NEIRO": [
    0.00008468,
    0.00008511
  ],
  "SNEK": [
    0.0004784,
    0.00047817
  ],
  "HUMA": [
    0.01853876,
    0.01893995
  ],
  "ISLM": [
    0.01217818,
    0.01210834
  ],
  "SATS": [
    1.4887e-8,
    1.4763e-8
  ],
  "REZ": [
    0.00368848,
    0.00373125
  ],
  "DEP": [
    0.00111281,
    0.00111168
  ],
  "SPELL": [
    0.00016197,
    0.00016387
  ],
  "NYM": [
    0.03351278,
    0.03348713
  ],
  "DEGEN": [
    0.00074445,
    0.00074685
  ],
  "CPOOL": [
    0.02796712,
    0.02708737
  ],
  "GUN": [
    0.01476287,
    0.01502624
  ],
  "SLP": [
    0.00063553,
    0.00065622
  ],
  "ALLO": [
    0.102311,
    0.102586
  ],
  "CORN": [
    0.0413541,
    0.04137416
  ],
  "LRC": [
    0.01687933,
    0.01704797
  ],
  "AURORA": [
    0.02837672,
    0.02835879
  ],
  "GRIFFAIN": [
    0.01907546,
    0.01898898
  ],
  "BOB": [
    0.00673533,
    0.00669124
  ],
  "INIT": [
    0.094331,
    0.096197
  ],
  "SWARMS": [
    0.01728531,
    0.01714303
  ],
  "NIL": [
    0.03725223,
    0.03751993
  ],
  "NEWT": [
    0.072734,
    0.072811
  ],
  "L3": [
    0.01054559,
    0.01049925
  ],
  "DSYNC": [
    0.01521913,
    0.01516323
  ],
  "BANK": [
    0.03363763,
    0.03276333
  ],
  "MUBARAK": [
    0.01370254,
    0.01388573
  ],
  "SONIC": [
    0.03582057,
    0.03585591
  ],
  "RESOLV": [
    0.0322773,
    0.03325959
  ],
  "TLM": [
    0.00176529,
    0.0018301
  ],
  "PAAL": [
    0.01324787,
    0.01318255
  ],
  "DAO": [
    0.04670451,
    0.04695572
  ],
  "HONEY": [
    0.00187267,
    0.00194237
  ],
  "IKA": [
    0.00348945,
    0.00356013
  ],
  "AIN": [
    0.062056,
    0.058052
  ],
  "HMSTR": [
    0.00014842,
    0.00015044
  ],
  "TAI": [
    0.01626158,
    0.01627814
  ],
  "LAT": [
    0.00132183,
    0.00132727
  ],
  "COQ": [
    1.3235e-7,
    1.30256e-7
  ],
  "DENT": [
    0.00009043,
    0.00008826
  ],
  "AVL": [
    0.02700622,
    0.02737827
  ],
  "NAVX": [
    0.00926671,
    0.00924443
  ],
  "FUEL": [
    0.00094299,
    0.00094087
  ],
  "NKN": [
    0.00811556,
    0.008098
  ],
  "COS": [
    0.00115227,
    0.00116026
  ],
  "OBT": [
    0.00105886,
    0.00106312
  ],
  "PIXEL": [
    0.00760218,
    0.00771464
  ],
  "ROAM": [
    0.01591123,
    0.01629513
  ],
  "SOLV": [
    0.00375053,
    0.00377251
  ],
  "RSS3": [
    0.0060144,
    0.00588222
  ],
  "FWOG": [
    0.00499819,
    0.00477158
  ],
  "FHE": [
    0.0177281,
    0.01808169
  ],
  "DMC": [
    0.00070253,
    0.00070526
  ],
  "LYXE": [
    0.242227,
    0.242227
  ],
  "OAS": [
    0.00055905,
    0.00057649
  ],
  "GEAR": [
    0.00029826,
    0.00029359
  ],
  "FORTH": [
    0.258364,
    0.256165
  ],
  "RDNT": [
    0.00203859,
    0.0020228
  ],
  "SAROS": [
    0.00081246,
    0.00094469
  ],
  "HOOK": [
    0.00855121,
    0.00839349
  ],
  "SAMO": [
    0.00041909,
    0.00041039
  ],
  "PTB": [
    0.00096504,
    0.0009904
  ],
  "CUDIS": [
    0.00801645,
    0.00794063
  ],
  "PERP": [
    0.02654799,
    0.02643115
  ],
  "EPT": [
    0.0007583,
    0.00075088
  ],
  "FIS": [
    0.01105816,
    0.01081131
  ],
  "FLM": [
    0.00294769,
    0.00293913
  ],
  "HIPPO": [
    0.00015668,
    0.00016082
  ],
  "GORK": [
    0.00146974,
    0.00145838
  ],
  "DATA": [
    0.00096984,
    0.00096658
  ],
  "INSP": [
    0.00101916,
    0.00102547
  ],
  "ACA": [
    0.00071241,
    0.0006909
  ],
  "A2Z": [
    0.00009084,
    0.00009433
  ],
  "FOXY": [
    0.00012486,
    0.00012231
  ],
  "DUCK": [
    0.00006779,
    0.00006881
  ],
  "RFC": [
    0.00055787,
    0.00054178
  ],
  "SWTCH": [
    0.00325877,
    0.00318857
  ],
  "LOOKS": [
    0.0004181,
    0.00041811
  ],
  "MOONPIG": [
    0.00031872,
    0.00031489
  ],
  "BDXN": [
    0.00182546,
    0.00183376
  ],
  "ROOT": [
    0.00005661,
    0.00005725
  ],
  "CHILLGUY": [
    0.00008046,
    0.00008025
  ],
  "CHESS": [
    0.00016603,
    0.00016748
  ],
  "APU": [
    0.00003493,
    0.00003463
  ],
  "HOLO": [
    0.00001257,
    0.00001257
  ],
  "RATS": [
    0.00003513,
    0.00003434
  ],
  "GMMT": [
    0.00264721,
    0.00267465
  ],
  "ADB": [
    null,
    null
  ]
}