{
  "PUMP": [
    0.00182086,
    0.0018477
  ],
  "STABLE": [
    0.02613829,
    0.02644815
  ],
  "SIREN": [
    0.714732,
    0.706927
  ],
  "MON": [
    0.03203183,
    0.03285657
  ],
  "AERO": [
    0.376057,
    0.381533
  ],
  "JASMY": [
    0.00562827,
    0.00567123
  ],
  "LIT": [
    0.886594,
    0.899092
  ],
  "CVX": [
    1.8,
    1.82
  ],
  "SKYAI": [
    0.157536,
    0.15914
  ],
  "BAT": [
    0.104649,
    0.105721
  ],
  "ATH": [
    0.00584999,
    0.00591292
  ],
  "CHEEMS": [
    5.53189e-7,
    5.56143e-7
  ],
  "COW": [
    0.187456,
    0.188336
  ],
  "BANANAS31": [
    0.00957531,
    0.009553
  ],
  "ONT": [
    0.077786,
    0.079736
  ],
  "BEAT": [
    0.545443,
    0.559942
  ],
  "BAN": [
    0.073059,
    0.073611
  ],
  "CKB": [
    0.00147869,
    0.0014977
  ],
  "TAG": [
    0.00066382,
    0.00066225
  ],
  "SAHARA": [
    0.02139317,
    0.02153184
  ],
  "ARC": [
    0.066048,
    0.066741
  ],
  "POLYX": [
    0.050266,
    0.050799
  ],
  "NPC": [
    0.00796662,
    0.00793251
  ],
  "CSPR": [
    0.00292696,
    0.00296329
  ],
  "MYX": [
    0.241017,
    0.24065
  ],
  "IOTX": [
    0.00466305,
    0.0046887
  ],
  "MERL": [
    0.03243751,
    0.0335191
  ],
  "NOT": [
    0.00038781,
    0.00039474
  ],
  "SNEK": [
    0.00048637,
    0.00048662
  ],
  "HUMA": [
    0.02077741,
    0.02051011
  ],
  "NEIRO": [
    0.00008144,
    0.00008297
  ],
  "GUN": [
    0.01954442,
    0.01933004
  ],
  "ISLM": [
    0.01203382,
    0.01203079
  ],
  "SATS": [
    1.4533e-8,
    1.4859e-8
  ],
  "REZ": [
    0.00367025,
    0.00371691
  ],
  "DEP": [
    0.00110506,
    0.00109987
  ],
  "MAGMA": [
    0.15101,
    0.152423
  ],
  "SPELL": [
    0.00016494,
    0.00016504
  ],
  "DEGEN": [
    0.00073335,
    0.00074141
  ],
  "ALLO": [
    0.119113,
    0.119348
  ],
  "NYM": [
    0.0323063,
    0.03224368
  ],
  "CPOOL": [
    0.0275553,
    0.02729591
  ],
  "SLP": [
    0.00066658,
    0.00066845
  ],
  "CORN": [
    0.04107294,
    0.04109266
  ],
  "LRC": [
    0.01705026,
    0.01713653
  ],
  "BOB": [
    0.00687449,
    0.00692843
  ],
  "AURORA": [
    0.02767024,
    0.02774101
  ],
  "SWARMS": [
    0.01819321,
    0.0181588
  ],
  "NEWT": [
    0.083428,
    0.082435
  ],
  "NIL": [
    0.03952627,
    0.03963166
  ],
  "INIT": [
    0.089805,
    0.090067
  ],
  "GRIFFAIN": [
    0.0167663,
    0.01646716
  ],
  "BANK": [
    0.03743621,
    0.03800817
  ],
  "L3": [
    0.01037277,
    0.01037235
  ],
  "DSYNC": [
    0.01474168,
    0.0149796
  ],
  "MUBARAK": [
    0.01333714,
    0.01360566
  ],
  "SONIC": [
    0.035825,
    0.03610287
  ],
  "RESOLV": [
    0.03267977,
    0.03277118
  ],
  "TLM": [
    0.00179562,
    0.00181021
  ],
  "DAO": [
    0.04560183,
    0.04587275
  ],
  "PAAL": [
    0.01277257,
    0.01281729
  ],
  "HONEY": [
    0.00197151,
    0.00197459
  ],
  "AIN": [
    0.0562,
    0.056878
  ],
  "IKA": [
    0.00354506,
    0.00347302
  ],
  "HMSTR": [
    0.00015383,
    0.00015541
  ],
  "TAI": [
    0.0165408,
    0.01639226
  ],
  "COQ": [
    1.3351e-7,
    1.33105e-7
  ],
  "LAT": [
    0.00134116,
    0.00134313
  ],
  "DENT": [
    0.00008539,
    0.00007892
  ],
  "AVL": [
    0.02622184,
    0.0262077
  ],
  "FUEL": [
    0.00093794,
    0.00093674
  ],
  "NAVX": [
    0.00847911,
    0.00851781
  ],
  "NKN": [
    0.00829222,
    0.00831146
  ],
  "COS": [
    0.00117584,
    0.00118454
  ],
  "ROAM": [
    0.01668092,
    0.01692514
  ],
  "PIXEL": [
    0.00750089,
    0.00755925
  ],
  "OBT": [
    0.00102629,
    0.00101298
  ],
  "SOLV": [
    0.00366398,
    0.00365669
  ],
  "RSS3": [
    0.0055961,
    0.00558025
  ],
  "OAS": [
    0.00069051,
    0.00070511
  ],
  "FHE": [
    0.01719178,
    0.01750496
  ],
  "FWOG": [
    0.00441915,
    0.00442127
  ],
  "DMC": [
    0.00068358,
    0.00068402
  ],
  "LYXE": [
    0.23065,
    0.23065
  ],
  "RDNT": [
    0.00221555,
    0.00211528
  ],
  "FORTH": [
    0.245193,
    0.245572
  ],
  "HOOK": [
    0.00834205,
    0.00822791
  ],
  "SAMO": [
    0.00040022,
    0.00039956
  ],
  "GEAR": [
    0.00021401,
    0.00021585
  ],
  "CUDIS": [
    0.00801904,
    0.00799971
  ],
  "PERP": [
    0.02604704,
    0.02610808
  ],
  "PTB": [
    0.00086392,
    0.00087726
  ],
  "SAROS": [
    0.00068003,
    0.00068228
  ],
  "EPT": [
    0.00074802,
    0.00073704
  ],
  "GORK": [
    0.00162468,
    0.00166024
  ],
  "FLM": [
    0.00285178,
    0.00285346
  ],
  "HIPPO": [
    0.0001632,
    0.00016292
  ],
  "FIS": [
    0.0104731,
    0.01038154
  ],
  "DATA": [
    0.00088376,
    0.00089022
  ],
  "INSP": [
    0.00104252,
    0.00104003
  ],
  "ACA": [
    0.00069323,
    0.00070499
  ],
  "FOXY": [
    0.00011993,
    0.000121
  ],
  "A2Z": [
    0.00007732,
    0.00007779
  ],
  "DUCK": [
    0.00007073,
    0.00006953
  ],
  "RFC": [
    0.00054373,
    0.00055304
  ],
  "SWTCH": [
    0.0030938,
    0.00305275
  ],
  "LOOKS": [
    0.00037904,
    0.00037991
  ],
  "BDXN": [
    0.00186613,
    0.00186778
  ],
  "MOONPIG": [
    0.00030587,
    0.00030595
  ],
  "ROOT": [
    0.00005831,
    0.00005811
  ],
  "CHILLGUY": [
    0.00010417,
    0.00010505
  ],
  "APU": [
    0.0000523,
    0.00004905
  ],
  "CHESS": [
    0.00013562,
    0.00013581
  ],
  "HOLO": [
    0.00001227,
    0.00001235
  ],
  "GMMT": [
    0.002908,
    0.00293314
  ],
  "RATS": [
    0.00003441,
    0.00003462
  ],
  "ADB": [
    null,
    null
  ]
}