{
  "PUMP": [
    0.00174949,
    0.00174948
  ],
  "STABLE": [
    0.03424901,
    0.03386423
  ],
  "SIREN": [
    0.705709,
    0.698185
  ],
  "AERO": [
    0.422898,
    0.424299
  ],
  "MON": [
    0.03142512,
    0.03136798
  ],
  "JASMY": [
    0.00569616,
    0.00570625
  ],
  "LIT": [
    0.927051,
    0.92701
  ],
  "SKYAI": [
    0.199423,
    0.201926
  ],
  "CVX": [
    1.78,
    1.78
  ],
  "BAT": [
    0.104269,
    0.104538
  ],
  "CHEEMS": [
    5.76543e-7,
    5.78048e-7
  ],
  "ATH": [
    0.00601693,
    0.00603421
  ],
  "COW": [
    0.188303,
    0.189154
  ],
  "BAN": [
    0.095471,
    0.094824
  ],
  "BANANAS31": [
    0.00942196,
    0.00940798
  ],
  "BEAT": [
    0.557809,
    0.561432
  ],
  "ONT": [
    0.074836,
    0.074822
  ],
  "CKB": [
    0.00151798,
    0.00152166
  ],
  "SAHARA": [
    0.02346548,
    0.02352583
  ],
  "TAG": [
    0.00065645,
    0.00065732
  ],
  "ARC": [
    0.066481,
    0.066632
  ],
  "NPC": [
    0.00829149,
    0.00823618
  ],
  "POLYX": [
    0.050409,
    0.050364
  ],
  "MYX": [
    0.259681,
    0.259622
  ],
  "CSPR": [
    0.00288768,
    0.00289123
  ],
  "IOTX": [
    0.0048016,
    0.00481488
  ],
  "HUMA": [
    0.02597891,
    0.02597957
  ],
  "MERL": [
    0.03619943,
    0.03570739
  ],
  "NOT": [
    0.00041242,
    0.00041325
  ],
  "MAGMA": [
    0.195379,
    0.196921
  ],
  "SNEK": [
    0.00049706,
    0.00049786
  ],
  "NEIRO": [
    0.0000873,
    0.00008805
  ],
  "REZ": [
    0.00388984,
    0.00389029
  ],
  "DEP": [
    0.00111379,
    0.00111365
  ],
  "SATS": [
    1.4422e-8,
    1.4451e-8
  ],
  "ISLM": [
    0.01176424,
    0.01176524
  ],
  "SPELL": [
    0.00016439,
    0.00016441
  ],
  "CPOOL": [
    0.02712224,
    0.02718348
  ],
  "GUN": [
    0.0154477,
    0.01555422
  ],
  "SLP": [
    0.00074001,
    0.00073046
  ],
  "ALLO": [
    0.114593,
    0.114832
  ],
  "NYM": [
    0.03022806,
    0.03035464
  ],
  "DEGEN": [
    0.00065873,
    0.00065613
  ],
  "INIT": [
    0.089424,
    0.089148
  ],
  "LRC": [
    0.01688987,
    0.01692501
  ],
  "CORN": [
    0.04013699,
    0.04007451
  ],
  "AURORA": [
    0.02763123,
    0.02777774
  ],
  "NIL": [
    0.04119941,
    0.04116292
  ],
  "SWARMS": [
    0.01809997,
    0.01804226
  ],
  "NEWT": [
    0.081713,
    0.081963
  ],
  "GRIFFAIN": [
    0.01759237,
    0.01766649
  ],
  "BOB": [
    0.0059681,
    0.00594992
  ],
  "L3": [
    0.01022319,
    0.01020987
  ],
  "DSYNC": [
    0.01444057,
    0.01442913
  ],
  "BANK": [
    0.03314861,
    0.03295343
  ],
  "MUBARAK": [
    0.01344519,
    0.01350683
  ],
  "SONIC": [
    0.03723766,
    0.03712637
  ],
  "TLM": [
    0.00189675,
    0.00190184
  ],
  "HONEY": [
    0.00208048,
    0.00210773
  ],
  "AIN": [
    0.062768,
    0.062634
  ],
  "IKA": [
    0.00379176,
    0.00378585
  ],
  "PAAL": [
    0.01228831,
    0.01233078
  ],
  "DAO": [
    0.04418714,
    0.04410181
  ],
  "RESOLV": [
    0.02763293,
    0.02755812
  ],
  "HMSTR": [
    0.00015613,
    0.00015607
  ],
  "COQ": [
    1.42277e-7,
    1.42489e-7
  ],
  "TAI": [
    0.01650476,
    0.01652353
  ],
  "LAT": [
    0.00133635,
    0.00133845
  ],
  "AVL": [
    0.02694663,
    0.02685682
  ],
  "FUEL": [
    0.00093632,
    0.00093627
  ],
  "NAVX": [
    0.00870832,
    0.00872039
  ],
  "NKN": [
    0.00845573,
    0.00836384
  ],
  "PIXEL": [
    0.00823557,
    0.00827039
  ],
  "SOLV": [
    0.00426966,
    0.00423332
  ],
  "DENT": [
    0.00006604,
    0.00006581
  ],
  "COS": [
    0.00116422,
    0.0011664
  ],
  "OBT": [
    0.00103875,
    0.00103485
  ],
  "ROAM": [
    0.01600689,
    0.0160882
  ],
  "RSS3": [
    0.00580754,
    0.00583135
  ],
  "FWOG": [
    0.00478825,
    0.00477581
  ],
  "DMC": [
    0.00071029,
    0.00071048
  ],
  "FHE": [
    0.01803738,
    0.01816091
  ],
  "OAS": [
    0.00060936,
    0.00061105
  ],
  "LYXE": [
    0.235203,
    0.235508
  ],
  "FORTH": [
    0.256055,
    0.25658
  ],
  "HOOK": [
    0.00842038,
    0.00846854
  ],
  "RDNT": [
    0.00189343,
    0.00188036
  ],
  "GEAR": [
    0.00022514,
    0.00022542
  ],
  "SAMO": [
    0.00038265,
    0.00038375
  ],
  "CUDIS": [
    0.00798258,
    0.00798005
  ],
  "PERP": [
    0.02614739,
    0.02621585
  ],
  "PTB": [
    0.00082883,
    0.0008247
  ],
  "EPT": [
    0.00073063,
    0.0007348
  ],
  "FIS": [
    0.01066213,
    0.01062031
  ],
  "HIPPO": [
    0.00015753,
    0.000159
  ],
  "GORK": [
    0.00155712,
    0.00155524
  ],
  "FLM": [
    0.00262592,
    0.0025925
  ],
  "SAROS": [
    0.00050955,
    0.00050565
  ],
  "DATA": [
    0.00075894,
    0.00075511
  ],
  "INSP": [
    0.00111298,
    0.00111647
  ],
  "ACA": [
    0.00066715,
    0.00066724
  ],
  "FOXY": [
    0.00011991,
    0.00011991
  ],
  "A2Z": [
    0.00006915,
    0.00007013
  ],
  "RFC": [
    0.00060641,
    0.00060789
  ],
  "SWTCH": [
    0.00341926,
    0.00341921
  ],
  "DUCK": [
    0.00007057,
    0.0000705
  ],
  "LOOKS": [
    0.00036266,
    0.00036207
  ],
  "MOONPIG": [
    0.00029597,
    0.00029598
  ],
  "BDXN": [
    0.00153185,
    0.00153354
  ],
  "ROOT": [
    0.00006061,
    0.00006061
  ],
  "CHILLGUY": [
    0.00013323,
    0.00013336
  ],
  "APU": [
    0.00004902,
    0.00004934
  ],
  "CHESS": [
    0.00015248,
    0.00015256
  ],
  "HOLO": [
    0.00001212,
    0.00001219
  ],
  "GMMT": [
    0.00261703,
    0.00261637
  ],
  "RATS": [
    0.00003727,
    0.00003722
  ],
  "ADB": [
    null,
    null
  ]
}