{
  "SKYAI": [
    0.73113,
    0.779467
  ],
  "STABLE": [
    0.03299287,
    0.03382875
  ],
  "PUMP": [
    0.0018336,
    0.00182498
  ],
  "SIREN": [
    0.767864,
    0.760397
  ],
  "AERO": [
    0.447779,
    0.447714
  ],
  "MON": [
    0.0299595,
    0.02983301
  ],
  "JASMY": [
    0.00561867,
    0.0055736
  ],
  "LIT": [
    0.91895,
    0.910785
  ],
  "CVX": [
    1.78,
    1.76
  ],
  "BAT": [
    0.104749,
    0.103954
  ],
  "TAG": [
    0.00148672,
    0.00140047
  ],
  "CHEEMS": [
    6.31013e-7,
    6.34327e-7
  ],
  "BANANAS31": [
    0.01179845,
    0.0121454
  ],
  "ATH": [
    0.00606891,
    0.00604385
  ],
  "COW": [
    0.191544,
    0.190632
  ],
  "SAHARA": [
    0.02487573,
    0.02474194
  ],
  "BEAT": [
    0.564135,
    0.56324
  ],
  "BAN": [
    0.075568,
    0.075142
  ],
  "CKB": [
    0.00150623,
    0.00149469
  ],
  "ONT": [
    0.071057,
    0.070988
  ],
  "ARC": [
    0.067924,
    0.067892
  ],
  "NPC": [
    0.00764068,
    0.00762752
  ],
  "POLYX": [
    0.04808822,
    0.04789861
  ],
  "MERL": [
    0.04008405,
    0.04092466
  ],
  "MAGMA": [
    0.236342,
    0.242045
  ],
  "REZ": [
    0.00552984,
    0.00544444
  ],
  "MYX": [
    0.236785,
    0.237925
  ],
  "CSPR": [
    0.00278777,
    0.00278139
  ],
  "IOTX": [
    0.00458419,
    0.00455478
  ],
  "NOT": [
    0.00042511,
    0.00042775
  ],
  "ISLM": [
    0.01160457,
    0.01134456
  ],
  "NEIRO": [
    0.00009401,
    0.00009343
  ],
  "HUMA": [
    0.02135535,
    0.02160252
  ],
  "SNEK": [
    0.00046911,
    0.00046823
  ],
  "SWARMS": [
    0.03100309,
    0.03196452
  ],
  "SATS": [
    1.4922e-8,
    1.4804e-8
  ],
  "DEP": [
    0.00110978,
    0.00110982
  ],
  "SPELL": [
    0.00016861,
    0.00016765
  ],
  "CPOOL": [
    0.02867596,
    0.02857797
  ],
  "GUN": [
    0.01479493,
    0.01489765
  ],
  "ALLO": [
    0.118862,
    0.118551
  ],
  "SLP": [
    0.00071086,
    0.00070822
  ],
  "DEGEN": [
    0.00067555,
    0.0006751
  ],
  "CORN": [
    0.04023611,
    0.04027066
  ],
  "LRC": [
    0.01690994,
    0.01684094
  ],
  "AURORA": [
    0.02674327,
    0.02673809
  ],
  "GRIFFAIN": [
    0.01796802,
    0.01868247
  ],
  "NIL": [
    0.0413443,
    0.04065837
  ],
  "BOB": [
    0.0058076,
    0.00605918
  ],
  "INIT": [
    0.090161,
    0.089769
  ],
  "AIN": [
    0.093838,
    0.093313
  ],
  "MUBARAK": [
    0.01704656,
    0.01700997
  ],
  "L3": [
    0.01148499,
    0.01144668
  ],
  "NYM": [
    0.01969282,
    0.01969394
  ],
  "NEWT": [
    0.075121,
    0.074872
  ],
  "BANK": [
    0.0335428,
    0.03347325
  ],
  "SONIC": [
    0.03699811,
    0.036899
  ],
  "DSYNC": [
    0.01279721,
    0.01268755
  ],
  "TLM": [
    0.00185699,
    0.00184786
  ],
  "RSS3": [
    0.00775839,
    0.00795993
  ],
  "RESOLV": [
    0.02990545,
    0.03047702
  ],
  "HONEY": [
    0.00197722,
    0.0020087
  ],
  "PAAL": [
    0.01300863,
    0.01300966
  ],
  "HMSTR": [
    0.00016703,
    0.00016601
  ],
  "DAO": [
    0.04099444,
    0.04148126
  ],
  "IKA": [
    0.00346019,
    0.0034386
  ],
  "LAT": [
    0.00134469,
    0.00134354
  ],
  "TAI": [
    0.0152499,
    0.01544042
  ],
  "COQ": [
    1.27787e-7,
    1.27684e-7
  ],
  "AVL": [
    0.02846168,
    0.02858577
  ],
  "NAVX": [
    0.00880769,
    0.00883071
  ],
  "FUEL": [
    0.00089251,
    0.0008925
  ],
  "FWOG": [
    0.00688288,
    0.00669761
  ],
  "SOLV": [
    0.00442786,
    0.00434871
  ],
  "NKN": [
    0.00783799,
    0.00786416
  ],
  "PIXEL": [
    0.00786231,
    0.00786007
  ],
  "COS": [
    0.00116185,
    0.00115876
  ],
  "DMC": [
    0.00095939,
    0.00089024
  ],
  "FHE": [
    0.02288025,
    0.02302306
  ],
  "OBT": [
    0.00097015,
    0.00097259
  ],
  "LYXE": [
    0.278697,
    0.277468
  ],
  "ROAM": [
    0.01170955,
    0.01177273
  ],
  "DENT": [
    0.00003977,
    0.00003958
  ],
  "OAS": [
    0.00053722,
    0.00054418
  ],
  "GEAR": [
    0.00032204,
    0.00032002
  ],
  "FORTH": [
    0.23368,
    0.238379
  ],
  "RDNT": [
    0.00178819,
    0.00177863
  ],
  "HOOK": [
    0.00794787,
    0.00789618
  ],
  "SAMO": [
    0.00032999,
    0.00034547
  ],
  "CUDIS": [
    0.00794123,
    0.00792557
  ],
  "PERP": [
    0.02497962,
    0.02513907
  ],
  "HIPPO": [
    0.0001961,
    0.00018123
  ],
  "PTB": [
    0.00080786,
    0.00081863
  ],
  "FIS": [
    0.01049088,
    0.01039618
  ],
  "EPT": [
    0.00070055,
    0.0006937
  ],
  "FLM": [
    0.00274289,
    0.00267533
  ],
  "GORK": [
    0.00150266,
    0.00147339
  ],
  "SAROS": [
    0.00055485,
    0.00055841
  ],
  "DATA": [
    0.00074727,
    0.00074315
  ],
  "INSP": [
    0.00093466,
    0.00093242
  ],
  "ACA": [
    0.00064849,
    0.00063665
  ],
  "A2Z": [
    0.00008794,
    0.0000879
  ],
  "FOXY": [
    0.00011785,
    0.00011771
  ],
  "SWTCH": [
    0.00428438,
    0.00396114
  ],
  "DUCK": [
    0.0000726,
    0.0000737
  ],
  "RFC": [
    0.0005751,
    0.00056689
  ],
  "LOOKS": [
    0.0003559,
    0.00035783
  ],
  "MOONPIG": [
    0.00027689,
    0.00027391
  ],
  "BDXN": [
    0.00165063,
    0.00164416
  ],
  "ROOT": [
    0.00005349,
    0.00005319
  ],
  "CHILLGUY": [
    0.00009824,
    0.00009793
  ],
  "APU": [
    0.00004316,
    0.00004412
  ],
  "CHESS": [
    0.0001924,
    0.00019162
  ],
  "HOLO": [
    0.00001187,
    0.00001187
  ],
  "GMMT": [
    0.00348693,
    0.00349073
  ],
  "RATS": [
    0.00003745,
    0.00003782
  ],
  "ADB": [
    null,
    null
  ]
}