{
  "SIREN": [
    1.67,
    1.7
  ],
  "PUMP": [
    0.00177349,
    0.00178966
  ],
  "STABLE": [
    0.0264337,
    0.02621155
  ],
  "AERO": [
    0.328289,
    0.330659
  ],
  "JASMY": [
    0.00533264,
    0.00534481
  ],
  "MON": [
    0.02393191,
    0.02432362
  ],
  "LIT": [
    0.907226,
    0.905079
  ],
  "CVX": [
    1.68,
    1.69
  ],
  "BAT": [
    0.10169,
    0.102298
  ],
  "BANANAS31": [
    0.01379151,
    0.01386985
  ],
  "ATH": [
    0.00752593,
    0.00751636
  ],
  "COW": [
    0.201237,
    0.202202
  ],
  "CHEEMS": [
    4.4199e-7,
    4.43844e-7
  ],
  "SAHARA": [
    0.02611364,
    0.02641836
  ],
  "BEAT": [
    0.577141,
    0.574773
  ],
  "CKB": [
    0.00140243,
    0.00141566
  ],
  "SKYAI": [
    0.067749,
    0.067589
  ],
  "TAG": [
    0.00059134,
    0.00059151
  ],
  "NPC": [
    0.00776635,
    0.00793023
  ],
  "MYX": [
    0.309759,
    0.309169
  ],
  "BAN": [
    0.058073,
    0.058936
  ],
  "POLYX": [
    0.04423133,
    0.0446472
  ],
  "CSPR": [
    0.00328129,
    0.00332262
  ],
  "ONT": [
    0.054542,
    0.054661
  ],
  "IOTX": [
    0.00504039,
    0.00503714
  ],
  "ARC": [
    0.0426112,
    0.04313185
  ],
  "NOT": [
    0.00035735,
    0.00036185
  ],
  "SNEK": [
    0.00044995,
    0.00045017
  ],
  "DEP": [
    0.00115995,
    0.00116273
  ],
  "ISLM": [
    0.01254553,
    0.01251373
  ],
  "MERL": [
    0.02564022,
    0.02624917
  ],
  "GUN": [
    0.01889106,
    0.01847354
  ],
  "HUMA": [
    0.01715464,
    0.01697794
  ],
  "SPELL": [
    0.00016751,
    0.00016814
  ],
  "LRC": [
    0.02312818,
    0.02313328
  ],
  "MAGMA": [
    0.140954,
    0.143349
  ],
  "NYM": [
    0.0325465,
    0.03263698
  ],
  "REZ": [
    0.00344271,
    0.00346037
  ],
  "ALLO": [
    0.117708,
    0.119471
  ],
  "DEGEN": [
    0.00070472,
    0.0007051
  ],
  "NEIRO": [
    0.00005821,
    0.00005886
  ],
  "CORN": [
    0.04627697,
    0.04631655
  ],
  "SATS": [
    1.0919e-8,
    1.0935e-8
  ],
  "CPOOL": [
    0.02387818,
    0.02383403
  ],
  "SLP": [
    0.00059842,
    0.00059996
  ],
  "DENT": [
    0.00021058,
    0.00021161
  ],
  "AURORA": [
    0.02854508,
    0.02852152
  ],
  "BANK": [
    0.0407439,
    0.04143093
  ],
  "DSYNC": [
    0.01752833,
    0.01759787
  ],
  "DAO": [
    0.06784,
    0.067076
  ],
  "INIT": [
    0.085605,
    0.085758
  ],
  "RESOLV": [
    0.04066397,
    0.04026226
  ],
  "NIL": [
    0.03493962,
    0.03560116
  ],
  "NEWT": [
    0.070294,
    0.070511
  ],
  "NKN": [
    0.01903675,
    0.01869496
  ],
  "L3": [
    0.01088404,
    0.01065782
  ],
  "SONIC": [
    0.03984953,
    0.03994613
  ],
  "PAAL": [
    0.01528129,
    0.01548871
  ],
  "HONEY": [
    0.00233995,
    0.00234008
  ],
  "ROAM": [
    0.03762161,
    0.03756339
  ],
  "BOB": [
    0.00577959,
    0.00579047
  ],
  "MUBARAK": [
    0.01167093,
    0.01173493
  ],
  "GRIFFAIN": [
    0.01142743,
    0.01149147
  ],
  "AIN": [
    0.061647,
    0.061654
  ],
  "TLM": [
    0.00169036,
    0.0017046
  ],
  "IKA": [
    0.00334452,
    0.0033485
  ],
  "TAI": [
    0.01637844,
    0.01648875
  ],
  "LAT": [
    0.00132197,
    0.00132112
  ],
  "HMSTR": [
    0.00013957,
    0.00014016
  ],
  "SWARMS": [
    0.00838489,
    0.00830676
  ],
  "FUEL": [
    0.00107205,
    0.00107234
  ],
  "COS": [
    0.00154997,
    0.00156499
  ],
  "DUCK": [
    0.00105204,
    0.00105367
  ],
  "AVL": [
    0.02634543,
    0.02598365
  ],
  "NAVX": [
    0.00849124,
    0.00855799
  ],
  "COQ": [
    9.741e-8,
    9.8424e-8
  ],
  "PIXEL": [
    0.00790891,
    0.00805158
  ],
  "RDNT": [
    0.00456768,
    0.0045539
  ],
  "HIPPO": [
    0.00055156,
    0.00055724
  ],
  "OBT": [
    0.00100821,
    0.00101973
  ],
  "FWOG": [
    0.00499584,
    0.00502849
  ],
  "SOLV": [
    0.00320576,
    0.00320886
  ],
  "RSS3": [
    0.00539712,
    0.00542797
  ],
  "LYXE": [
    0.297726,
    0.297726
  ],
  "FHE": [
    0.01811216,
    0.01814685
  ],
  "DMC": [
    0.00071119,
    0.00072508
  ],
  "FORTH": [
    0.382826,
    0.380883
  ],
  "PTB": [
    0.00160424,
    0.00160406
  ],
  "GEAR": [
    0.00032597,
    0.00033068
  ],
  "HOOK": [
    0.01044358,
    0.01000931
  ],
  "SAMO": [
    0.00042873,
    0.00042909
  ],
  "FIS": [
    0.01563783,
    0.01533678
  ],
  "A2Z": [
    0.00028164,
    0.00027974
  ],
  "OAS": [
    0.00035795,
    0.00036027
  ],
  "PERP": [
    0.0309056,
    0.03061084
  ],
  "CUDIS": [
    0.00779681,
    0.00777792
  ],
  "EPT": [
    0.00078155,
    0.00078061
  ],
  "FLM": [
    0.00275776,
    0.00278954
  ],
  "GORK": [
    0.00152087,
    0.00154132
  ],
  "SAROS": [
    0.00054967,
    0.00055109
  ],
  "DATA": [
    0.00109691,
    0.00110092
  ],
  "INSP": [
    0.00134756,
    0.00134297
  ],
  "ACA": [
    0.00085961,
    0.00086852
  ],
  "FOXY": [
    0.00013682,
    0.00013772
  ],
  "RFC": [
    0.00054966,
    0.00055192
  ],
  "BDXN": [
    0.00269442,
    0.0026853
  ],
  "LOOKS": [
    0.00041927,
    0.00041577
  ],
  "SWTCH": [
    0.00239053,
    0.00241718
  ],
  "CHESS": [
    0.00158462,
    0.00158703
  ],
  "MOONPIG": [
    0.00032465,
    0.00032653
  ],
  "ROOT": [
    0.00007355,
    0.00007172
  ],
  "CHILLGUY": [
    0.0000648,
    0.0000648
  ],
  "APU": [
    0.00003381,
    0.00003384
  ],
  "HOLO": [
    0.00001439,
    0.00001439
  ],
  "GMMT": [
    0.00346232,
    0.00347166
  ],
  "RATS": [
    0.0000583,
    0.00005972
  ],
  "ADB": [
    null,
    null
  ]
}