{
  "SIREN": [
    1.81,
    1.88
  ],
  "PUMP": [
    0.00173538,
    0.00173944
  ],
  "STABLE": [
    0.02608185,
    0.02608064
  ],
  "AERO": [
    0.327339,
    0.330426
  ],
  "JASMY": [
    0.00532275,
    0.00533244
  ],
  "MON": [
    0.02344625,
    0.02380112
  ],
  "LIT": [
    0.870323,
    0.870359
  ],
  "CVX": [
    1.67,
    1.66
  ],
  "BAT": [
    0.095945,
    0.095686
  ],
  "BANANAS31": [
    0.01327137,
    0.01339124
  ],
  "ATH": [
    0.00700973,
    0.00701008
  ],
  "COW": [
    0.200481,
    0.200581
  ],
  "CHEEMS": [
    4.24725e-7,
    4.2492e-7
  ],
  "SAHARA": [
    0.02569932,
    0.02582169
  ],
  "BEAT": [
    0.483008,
    0.482043
  ],
  "CKB": [
    0.0013859,
    0.00138305
  ],
  "SKYAI": [
    0.063884,
    0.063697
  ],
  "TAG": [
    0.00056851,
    0.000571
  ],
  "NPC": [
    0.00754086,
    0.00759854
  ],
  "ONT": [
    0.060625,
    0.061076
  ],
  "BAN": [
    0.057176,
    0.056978
  ],
  "POLYX": [
    0.0450597,
    0.04466728
  ],
  "CSPR": [
    0.00333066,
    0.00332674
  ],
  "ARC": [
    0.052396,
    0.051636
  ],
  "MYX": [
    0.250335,
    0.250706
  ],
  "IOTX": [
    0.0047074,
    0.00470431
  ],
  "NOT": [
    0.0003565,
    0.00035607
  ],
  "ISLM": [
    0.01265852,
    0.01280575
  ],
  "SNEK": [
    0.00043258,
    0.00043213
  ],
  "DEP": [
    0.00116242,
    0.00116137
  ],
  "MERL": [
    0.02500754,
    0.024918
  ],
  "LRC": [
    0.02307012,
    0.02307087
  ],
  "SPELL": [
    0.00016473,
    0.00016455
  ],
  "HUMA": [
    0.0158422,
    0.0159884
  ],
  "NYM": [
    0.03256632,
    0.03257748
  ],
  "GUN": [
    0.01642731,
    0.01642976
  ],
  "REZ": [
    0.00339258,
    0.00342731
  ],
  "DEGEN": [
    0.00068768,
    0.00068795
  ],
  "CORN": [
    0.04660196,
    0.04660689
  ],
  "NEIRO": [
    0.00005665,
    0.0000565
  ],
  "MAGMA": [
    0.122831,
    0.122796
  ],
  "CPOOL": [
    0.02409099,
    0.02414253
  ],
  "ALLO": [
    0.105094,
    0.105092
  ],
  "SATS": [
    1.066e-8,
    1.0681e-8
  ],
  "SLP": [
    0.00058468,
    0.00058624
  ],
  "AURORA": [
    0.02788092,
    0.0274375
  ],
  "DENT": [
    0.00019146,
    0.00019176
  ],
  "BANK": [
    0.04164534,
    0.04126555
  ],
  "DAO": [
    0.068603,
    0.068752
  ],
  "DSYNC": [
    0.01682664,
    0.01677953
  ],
  "BOB": [
    0.00576745,
    0.00576093
  ],
  "NEWT": [
    0.070842,
    0.071176
  ],
  "RESOLV": [
    0.03968348,
    0.03949478
  ],
  "INIT": [
    0.079163,
    0.078946
  ],
  "SONIC": [
    0.03918861,
    0.0391162
  ],
  "NIL": [
    0.03287775,
    0.03216979
  ],
  "PAAL": [
    0.01495272,
    0.01509164
  ],
  "ROAM": [
    0.03941612,
    0.03941261
  ],
  "L3": [
    0.00959251,
    0.00968721
  ],
  "HONEY": [
    0.0022031,
    0.00218314
  ],
  "MUBARAK": [
    0.01121306,
    0.01127831
  ],
  "GRIFFAIN": [
    0.01104357,
    0.01109939
  ],
  "AIN": [
    0.059442,
    0.059174
  ],
  "TLM": [
    0.00163419,
    0.00163293
  ],
  "IKA": [
    0.00339189,
    0.00339167
  ],
  "TAI": [
    0.01689999,
    0.01700967
  ],
  "SWARMS": [
    0.00908427,
    0.00911445
  ],
  "LAT": [
    0.00130914,
    0.00131449
  ],
  "HMSTR": [
    0.00013502,
    0.00013502
  ],
  "NKN": [
    0.0108267,
    0.01071823
  ],
  "DUCK": [
    0.0011161,
    0.00111467
  ],
  "FUEL": [
    0.00104911,
    0.00103475
  ],
  "COS": [
    0.0014829,
    0.00149847
  ],
  "NAVX": [
    0.00878342,
    0.00877397
  ],
  "AVL": [
    0.02537801,
    0.02536502
  ],
  "COQ": [
    9.754e-8,
    9.7605e-8
  ],
  "PIXEL": [
    0.00846331,
    0.00844668
  ],
  "RDNT": [
    0.00416142,
    0.00431287
  ],
  "OBT": [
    0.00103507,
    0.00103853
  ],
  "HIPPO": [
    0.00052482,
    0.00052542
  ],
  "RSS3": [
    0.00548186,
    0.00547983
  ],
  "FWOG": [
    0.00487935,
    0.00486506
  ],
  "LYXE": [
    0.292832,
    0.293179
  ],
  "SOLV": [
    0.003076,
    0.00306598
  ],
  "DMC": [
    0.00071057,
    0.00076523
  ],
  "FHE": [
    0.01763151,
    0.0177508
  ],
  "FORTH": [
    0.40225,
    0.384417
  ],
  "GEAR": [
    0.00031097,
    0.0003086
  ],
  "PTB": [
    0.00135535,
    0.00136874
  ],
  "PERP": [
    0.03238781,
    0.03739505
  ],
  "HOOK": [
    0.00945294,
    0.0093358
  ],
  "OAS": [
    0.00036178,
    0.00036693
  ],
  "FIS": [
    0.01501766,
    0.01505925
  ],
  "SAMO": [
    0.00040905,
    0.00040834
  ],
  "CUDIS": [
    0.0077994,
    0.00782126
  ],
  "A2Z": [
    0.00022695,
    0.00022287
  ],
  "EPT": [
    0.00078491,
    0.00078338
  ],
  "GORK": [
    0.00161918,
    0.00160092
  ],
  "FLM": [
    0.00280112,
    0.0027643
  ],
  "SAROS": [
    0.00053276,
    0.00053248
  ],
  "DATA": [
    0.00101038,
    0.001011
  ],
  "SWTCH": [
    0.00515514,
    0.00646048
  ],
  "ACA": [
    0.00081629,
    0.00085517
  ],
  "INSP": [
    0.00119414,
    0.00119541
  ],
  "FOXY": [
    0.00013266,
    0.00013018
  ],
  "RFC": [
    0.00058971,
    0.00059046
  ],
  "BDXN": [
    0.00255815,
    0.0026422
  ],
  "LOOKS": [
    0.00039656,
    0.00039708
  ],
  "MOONPIG": [
    0.00031373,
    0.00031563
  ],
  "CHESS": [
    0.00144362,
    0.00149468
  ],
  "ROOT": [
    0.00007505,
    0.00007509
  ],
  "CHILLGUY": [
    0.00006289,
    0.00006301
  ],
  "APU": [
    0.00003164,
    0.00003185
  ],
  "HOLO": [
    0.00001296,
    0.00001296
  ],
  "GMMT": [
    0.00335925,
    0.00334283
  ],
  "RATS": [
    0.00005373,
    0.00005008
  ],
  "ADB": [
    null,
    null
  ]
}