{
  "PUMP": [
    0.00179998,
    0.00182086
  ],
  "STABLE": [
    0.02634806,
    0.02613829
  ],
  "SIREN": [
    0.676563,
    0.714732
  ],
  "MON": [
    0.0315773,
    0.03203183
  ],
  "AERO": [
    0.373439,
    0.376057
  ],
  "JASMY": [
    0.00558226,
    0.00562827
  ],
  "LIT": [
    0.87634,
    0.886594
  ],
  "CVX": [
    1.79,
    1.8
  ],
  "SKYAI": [
    0.154426,
    0.157536
  ],
  "BAT": [
    0.102809,
    0.104649
  ],
  "ATH": [
    0.00578056,
    0.00584999
  ],
  "CHEEMS": [
    5.5531e-7,
    5.53189e-7
  ],
  "COW": [
    0.185364,
    0.187456
  ],
  "BANANAS31": [
    0.00954899,
    0.00957531
  ],
  "ONT": [
    0.077076,
    0.077786
  ],
  "BEAT": [
    0.523851,
    0.545443
  ],
  "BAN": [
    0.072909,
    0.073059
  ],
  "TAG": [
    0.00065339,
    0.00066382
  ],
  "CKB": [
    0.00146815,
    0.00147869
  ],
  "SAHARA": [
    0.0211107,
    0.02139317
  ],
  "ARC": [
    0.065341,
    0.066048
  ],
  "NPC": [
    0.0078682,
    0.00796662
  ],
  "POLYX": [
    0.04999815,
    0.050266
  ],
  "CSPR": [
    0.00292542,
    0.00292696
  ],
  "MYX": [
    0.238895,
    0.241017
  ],
  "IOTX": [
    0.00460383,
    0.00466305
  ],
  "MERL": [
    0.03336663,
    0.03243751
  ],
  "NOT": [
    0.00038127,
    0.00038781
  ],
  "SNEK": [
    0.00048662,
    0.00048637
  ],
  "HUMA": [
    0.02123275,
    0.02077741
  ],
  "NEIRO": [
    0.00008059,
    0.00008144
  ],
  "GUN": [
    0.01879446,
    0.01954442
  ],
  "ISLM": [
    0.01203298,
    0.01203382
  ],
  "SATS": [
    1.438e-8,
    1.4533e-8
  ],
  "DEP": [
    0.00110461,
    0.00110506
  ],
  "REZ": [
    0.00363828,
    0.00367025
  ],
  "MAGMA": [
    0.150401,
    0.15101
  ],
  "SPELL": [
    0.00016402,
    0.00016494
  ],
  "CPOOL": [
    0.02760164,
    0.0275553
  ],
  "DEGEN": [
    0.0007255,
    0.00073335
  ],
  "NYM": [
    0.03214285,
    0.0323063
  ],
  "ALLO": [
    0.119186,
    0.119113
  ],
  "SLP": [
    0.00065276,
    0.00066658
  ],
  "CORN": [
    0.04112616,
    0.04107294
  ],
  "LRC": [
    0.01680891,
    0.01705026
  ],
  "BOB": [
    0.00683834,
    0.00687449
  ],
  "AURORA": [
    0.0276708,
    0.02767024
  ],
  "SWARMS": [
    0.01812342,
    0.01819321
  ],
  "NEWT": [
    0.085271,
    0.083428
  ],
  "NIL": [
    0.03866675,
    0.03952627
  ],
  "GRIFFAIN": [
    0.01629256,
    0.0167663
  ],
  "INIT": [
    0.088385,
    0.089805
  ],
  "BANK": [
    0.03769774,
    0.03743621
  ],
  "L3": [
    0.01030329,
    0.01037277
  ],
  "DSYNC": [
    0.01467486,
    0.01474168
  ],
  "MUBARAK": [
    0.01317173,
    0.01333714
  ],
  "SONIC": [
    0.03534576,
    0.035825
  ],
  "RESOLV": [
    0.03253109,
    0.03267977
  ],
  "TLM": [
    0.00176938,
    0.00179562
  ],
  "PAAL": [
    0.01298606,
    0.01277257
  ],
  "DAO": [
    0.04591787,
    0.04560183
  ],
  "HONEY": [
    0.00199112,
    0.00197151
  ],
  "IKA": [
    0.00348134,
    0.00354506
  ],
  "AIN": [
    0.056176,
    0.0562
  ],
  "HMSTR": [
    0.00015121,
    0.00015383
  ],
  "TAI": [
    0.01640742,
    0.0165408
  ],
  "COQ": [
    1.32674e-7,
    1.3351e-7
  ],
  "LAT": [
    0.00134169,
    0.00134116
  ],
  "DENT": [
    0.00009284,
    0.00008539
  ],
  "AVL": [
    0.02619643,
    0.02622184
  ],
  "FUEL": [
    0.00093673,
    0.00093794
  ],
  "NAVX": [
    0.00850784,
    0.00847911
  ],
  "NKN": [
    0.00823814,
    0.00829222
  ],
  "COS": [
    0.00117127,
    0.00117584
  ],
  "PIXEL": [
    0.00751631,
    0.00750089
  ],
  "ROAM": [
    0.01655647,
    0.01668092
  ],
  "OBT": [
    0.00103376,
    0.00102629
  ],
  "SOLV": [
    0.00362213,
    0.00366398
  ],
  "RSS3": [
    0.00557934,
    0.0055961
  ],
  "OAS": [
    0.0006854,
    0.00069051
  ],
  "FWOG": [
    0.00439145,
    0.00441915
  ],
  "FHE": [
    0.01706093,
    0.01719178
  ],
  "DMC": [
    0.00070219,
    0.00068358
  ],
  "LYXE": [
    0.228436,
    0.23065
  ],
  "RDNT": [
    0.00197318,
    0.00221555
  ],
  "FORTH": [
    0.246406,
    0.245193
  ],
  "HOOK": [
    0.00830225,
    0.00834205
  ],
  "SAMO": [
    0.0003997,
    0.00040022
  ],
  "GEAR": [
    0.00021731,
    0.00021401
  ],
  "CUDIS": [
    0.0080599,
    0.00801904
  ],
  "PERP": [
    0.02582615,
    0.02604704
  ],
  "PTB": [
    0.00083595,
    0.00086392
  ],
  "SAROS": [
    0.00068305,
    0.00068003
  ],
  "EPT": [
    0.00074116,
    0.00074802
  ],
  "HIPPO": [
    0.00016276,
    0.0001632
  ],
  "FIS": [
    0.01046672,
    0.0104731
  ],
  "FLM": [
    0.0028632,
    0.00285178
  ],
  "GORK": [
    0.00158153,
    0.00162468
  ],
  "DATA": [
    0.00087934,
    0.00088376
  ],
  "INSP": [
    0.00103541,
    0.00104252
  ],
  "ACA": [
    0.00070812,
    0.00069323
  ],
  "FOXY": [
    0.00011988,
    0.00011993
  ],
  "A2Z": [
    0.00007836,
    0.00007732
  ],
  "DUCK": [
    0.00007213,
    0.00007073
  ],
  "RFC": [
    0.00054776,
    0.00054373
  ],
  "SWTCH": [
    0.00314129,
    0.0030938
  ],
  "LOOKS": [
    0.00037988,
    0.00037904
  ],
  "MOONPIG": [
    0.00030383,
    0.00030587
  ],
  "BDXN": [
    0.0018691,
    0.00186613
  ],
  "ROOT": [
    0.0000595,
    0.00005831
  ],
  "CHILLGUY": [
    0.00009998,
    0.00010417
  ],
  "APU": [
    0.00004968,
    0.0000523
  ],
  "CHESS": [
    0.00013577,
    0.00013562
  ],
  "HOLO": [
    0.00001221,
    0.00001227
  ],
  "GMMT": [
    0.00290873,
    0.002908
  ],
  "RATS": [
    0.00003416,
    0.00003441
  ],
  "ADB": [
    null,
    null
  ]
}