{
  "PUMP": [
    0.00202024,
    0.0020385
  ],
  "STABLE": [
    0.02626014,
    0.02621384
  ],
  "SIREN": [
    0.635224,
    0.658393
  ],
  "MON": [
    0.03584039,
    0.03557371
  ],
  "AERO": [
    0.464101,
    0.443624
  ],
  "JASMY": [
    0.00581825,
    0.00586944
  ],
  "LIT": [
    1.053,
    1.04
  ],
  "SKYAI": [
    0.185187,
    0.18665
  ],
  "CVX": [
    1.94,
    1.93
  ],
  "BAT": [
    0.105296,
    0.104648
  ],
  "ATH": [
    0.00643937,
    0.00650327
  ],
  "CHEEMS": [
    5.464e-7,
    5.47286e-7
  ],
  "COW": [
    0.198024,
    0.196938
  ],
  "BANANAS31": [
    0.01023997,
    0.01010636
  ],
  "ONT": [
    0.078755,
    0.080396
  ],
  "TAG": [
    0.00073044,
    0.00073511
  ],
  "CKB": [
    0.00161306,
    0.00162212
  ],
  "SAHARA": [
    0.0234726,
    0.02341053
  ],
  "BAN": [
    0.07217,
    0.072368
  ],
  "ARC": [
    0.071225,
    0.070993
  ],
  "POLYX": [
    0.054527,
    0.054468
  ],
  "BEAT": [
    0.452481,
    0.47284
  ],
  "NPC": [
    0.00818498,
    0.00805065
  ],
  "MYX": [
    0.262335,
    0.260754
  ],
  "CSPR": [
    0.00310321,
    0.00310545
  ],
  "IOTX": [
    0.00488607,
    0.0049022
  ],
  "MERL": [
    0.0382157,
    0.03765206
  ],
  "NEIRO": [
    0.0001034,
    0.00010609
  ],
  "NOT": [
    0.00041663,
    0.00043367
  ],
  "SNEK": [
    0.00052341,
    0.00053512
  ],
  "MAGMA": [
    0.207196,
    0.208622
  ],
  "SATS": [
    1.7784e-8,
    1.7813e-8
  ],
  "REZ": [
    0.00413504,
    0.00416044
  ],
  "ISLM": [
    0.01248149,
    0.01251754
  ],
  "HUMA": [
    0.01821695,
    0.01825422
  ],
  "DEP": [
    0.00111189,
    0.00111247
  ],
  "SPELL": [
    0.00017118,
    0.00017115
  ],
  "DEGEN": [
    0.0007983,
    0.00079435
  ],
  "GUN": [
    0.01699721,
    0.0167509
  ],
  "NYM": [
    0.03320612,
    0.03329261
  ],
  "CPOOL": [
    0.02619658,
    0.02559284
  ],
  "ALLO": [
    0.113216,
    0.111164
  ],
  "SLP": [
    0.00066386,
    0.00066522
  ],
  "LRC": [
    0.01838697,
    0.01857016
  ],
  "BOB": [
    0.00823782,
    0.00815328
  ],
  "CORN": [
    0.04124115,
    0.04131607
  ],
  "AURORA": [
    0.02748635,
    0.02749818
  ],
  "SWARMS": [
    0.01824625,
    0.0182319
  ],
  "NIL": [
    0.04124988,
    0.04148509
  ],
  "GRIFFAIN": [
    0.01734253,
    0.0172696
  ],
  "DSYNC": [
    0.01733781,
    0.01729242
  ],
  "NEWT": [
    0.078583,
    0.078225
  ],
  "INIT": [
    0.091422,
    0.090325
  ],
  "BANK": [
    0.03834804,
    0.03836298
  ],
  "L3": [
    0.01090826,
    0.01089436
  ],
  "MUBARAK": [
    0.01540337,
    0.01548553
  ],
  "SONIC": [
    0.03873468,
    0.03844335
  ],
  "AIN": [
    0.072618,
    0.074328
  ],
  "RESOLV": [
    0.03462424,
    0.03459311
  ],
  "PAAL": [
    0.01482049,
    0.01432065
  ],
  "TLM": [
    0.00183001,
    0.00185137
  ],
  "HONEY": [
    0.00205397,
    0.00210743
  ],
  "DAO": [
    0.04843045,
    0.04813595
  ],
  "IKA": [
    0.00386012,
    0.00397717
  ],
  "DENT": [
    0.00011721,
    0.00011628
  ],
  "HMSTR": [
    0.00016232,
    0.00016248
  ],
  "COQ": [
    1.63289e-7,
    1.48697e-7
  ],
  "TAI": [
    0.01682852,
    0.01694475
  ],
  "LAT": [
    0.00136458,
    0.0013829
  ],
  "AVL": [
    0.02755552,
    0.02752774
  ],
  "NKN": [
    0.01005987,
    0.00968428
  ],
  "NAVX": [
    0.00927719,
    0.00933046
  ],
  "FUEL": [
    0.00094356,
    0.00094253
  ],
  "SOLV": [
    0.00446182,
    0.00451815
  ],
  "COS": [
    0.00124112,
    0.00123947
  ],
  "PIXEL": [
    0.0082115,
    0.00822391
  ],
  "OAS": [
    0.00091046,
    0.00087148
  ],
  "ROAM": [
    0.01655168,
    0.01647824
  ],
  "OBT": [
    0.0010709,
    0.00106728
  ],
  "RSS3": [
    0.00620907,
    0.0060645
  ],
  "FWOG": [
    0.00531256,
    0.0053923
  ],
  "FHE": [
    0.01970674,
    0.01960103
  ],
  "DMC": [
    0.00070321,
    0.00072197
  ],
  "LYXE": [
    0.245466,
    0.245466
  ],
  "GEAR": [
    0.00032175,
    0.00037159
  ],
  "FORTH": [
    0.2641,
    0.273437
  ],
  "RDNT": [
    0.00211132,
    0.00210381
  ],
  "SAMO": [
    0.00043863,
    0.00043266
  ],
  "PTB": [
    0.00114322,
    0.00115288
  ],
  "HOOK": [
    0.00836383,
    0.00821156
  ],
  "CUDIS": [
    0.00827065,
    0.00822573
  ],
  "PERP": [
    0.02736865,
    0.02751009
  ],
  "EPT": [
    0.0007668,
    0.00077333
  ],
  "HIPPO": [
    0.00017199,
    0.000177
  ],
  "FLM": [
    0.00301821,
    0.00298477
  ],
  "FIS": [
    0.01120845,
    0.01103978
  ],
  "SAROS": [
    0.00056413,
    0.00062944
  ],
  "GORK": [
    0.0015191,
    0.00153368
  ],
  "DATA": [
    0.00097787,
    0.00098078
  ],
  "ACA": [
    0.00075099,
    0.00073019
  ],
  "INSP": [
    0.00107603,
    0.00105991
  ],
  "A2Z": [
    0.00009322,
    0.00009452
  ],
  "FOXY": [
    0.00012267,
    0.00012796
  ],
  "DUCK": [
    0.00007612,
    0.00007511
  ],
  "SWTCH": [
    0.00337116,
    0.00345841
  ],
  "RFC": [
    0.00062804,
    0.00057461
  ],
  "LOOKS": [
    0.00040017,
    0.0003994
  ],
  "MOONPIG": [
    0.0003059,
    0.00030606
  ],
  "BDXN": [
    0.00186715,
    0.00186237
  ],
  "ROOT": [
    0.00005722,
    0.00005831
  ],
  "CHILLGUY": [
    0.00008471,
    0.00008477
  ],
  "APU": [
    0.00003676,
    0.00003748
  ],
  "CHESS": [
    0.00016544,
    0.00016664
  ],
  "HOLO": [
    0.00001312,
    0.00001318
  ],
  "GMMT": [
    0.00344064,
    0.00344205
  ],
  "RATS": [
    0.00004026,
    0.00003948
  ],
  "ADB": [
    null,
    null
  ]
}