{
  "PUMP": [
    0.00184134,
    0.00186166
  ],
  "STABLE": [
    0.02586243,
    0.02593776
  ],
  "SIREN": [
    0.699242,
    0.697272
  ],
  "MON": [
    0.0320541,
    0.03334075
  ],
  "AERO": [
    0.384375,
    0.391862
  ],
  "JASMY": [
    0.00569792,
    0.00568732
  ],
  "LIT": [
    0.902602,
    0.91273
  ],
  "CVX": [
    1.82,
    1.83
  ],
  "SKYAI": [
    0.163282,
    0.163094
  ],
  "BAT": [
    0.106702,
    0.105851
  ],
  "ATH": [
    0.00587639,
    0.00594454
  ],
  "CHEEMS": [
    5.55767e-7,
    5.50872e-7
  ],
  "COW": [
    0.183288,
    0.186924
  ],
  "BANANAS31": [
    0.00972177,
    0.00969004
  ],
  "ONT": [
    0.075338,
    0.076982
  ],
  "TAG": [
    0.00066544,
    0.00066945
  ],
  "CKB": [
    0.00149458,
    0.00149789
  ],
  "BAN": [
    0.071083,
    0.070576
  ],
  "SAHARA": [
    0.0212596,
    0.02177423
  ],
  "BEAT": [
    0.482828,
    0.477853
  ],
  "NPC": [
    0.00826473,
    0.00812921
  ],
  "ARC": [
    0.066156,
    0.065241
  ],
  "POLYX": [
    0.050974,
    0.0512
  ],
  "MYX": [
    0.247294,
    0.250101
  ],
  "CSPR": [
    0.00296464,
    0.00295239
  ],
  "MERL": [
    0.03841838,
    0.03616772
  ],
  "IOTX": [
    0.00471709,
    0.00471738
  ],
  "GUN": [
    0.02558791,
    0.02478551
  ],
  "NOT": [
    0.00039117,
    0.00038907
  ],
  "SNEK": [
    0.00048535,
    0.00049099
  ],
  "HUMA": [
    0.02037326,
    0.02083616
  ],
  "NEIRO": [
    0.00008516,
    0.0000839
  ],
  "ISLM": [
    0.01211646,
    0.01207599
  ],
  "REZ": [
    0.00374027,
    0.00379072
  ],
  "DEP": [
    0.00109953,
    0.00110587
  ],
  "SATS": [
    1.5158e-8,
    1.4464e-8
  ],
  "MAGMA": [
    0.156651,
    0.156025
  ],
  "SPELL": [
    0.00016676,
    0.00016662
  ],
  "NYM": [
    0.03314943,
    0.03347053
  ],
  "CPOOL": [
    0.02798847,
    0.02819711
  ],
  "DEGEN": [
    0.00073668,
    0.00074398
  ],
  "ALLO": [
    0.120718,
    0.118803
  ],
  "SLP": [
    0.00065632,
    0.00065851
  ],
  "CORN": [
    0.04115596,
    0.04136778
  ],
  "LRC": [
    0.01716105,
    0.01729484
  ],
  "AURORA": [
    0.0280609,
    0.02809247
  ],
  "NEWT": [
    0.078234,
    0.090598
  ],
  "BOB": [
    0.00682028,
    0.00690999
  ],
  "SWARMS": [
    0.01981862,
    0.01910073
  ],
  "GRIFFAIN": [
    0.01841929,
    0.01843119
  ],
  "NIL": [
    0.04139765,
    0.04168882
  ],
  "INIT": [
    0.094733,
    0.093777
  ],
  "BANK": [
    0.03727182,
    0.0366212
  ],
  "DSYNC": [
    0.01498719,
    0.01547403
  ],
  "L3": [
    0.01050993,
    0.01047515
  ],
  "MUBARAK": [
    0.01382973,
    0.01360063
  ],
  "SONIC": [
    0.03649801,
    0.036467
  ],
  "RESOLV": [
    0.0319727,
    0.03190823
  ],
  "TLM": [
    0.00179639,
    0.00183284
  ],
  "PAAL": [
    0.01320508,
    0.01319664
  ],
  "HONEY": [
    0.00199117,
    0.00202368
  ],
  "DAO": [
    0.04644067,
    0.04615454
  ],
  "AIN": [
    0.058151,
    0.057245
  ],
  "IKA": [
    0.00347772,
    0.00353065
  ],
  "HMSTR": [
    0.00015499,
    0.00015563
  ],
  "TAI": [
    0.0167725,
    0.01671766
  ],
  "DENT": [
    0.00007155,
    0.00009948
  ],
  "COQ": [
    1.33754e-7,
    1.35957e-7
  ],
  "LAT": [
    0.00133813,
    0.00134735
  ],
  "AVL": [
    0.02637478,
    0.02625661
  ],
  "FUEL": [
    0.00094205,
    0.00093898
  ],
  "NAVX": [
    0.00858127,
    0.00857764
  ],
  "NKN": [
    0.00835181,
    0.00828238
  ],
  "ROAM": [
    0.01787356,
    0.01815115
  ],
  "COS": [
    0.00118929,
    0.0011913
  ],
  "OBT": [
    0.00104249,
    0.00105814
  ],
  "PIXEL": [
    0.00753118,
    0.00749668
  ],
  "SOLV": [
    0.00369961,
    0.00364377
  ],
  "RSS3": [
    0.0055717,
    0.00556995
  ],
  "OAS": [
    0.00069632,
    0.00068665
  ],
  "FHE": [
    0.01753307,
    0.01753535
  ],
  "DMC": [
    0.00071063,
    0.00071019
  ],
  "FWOG": [
    0.00475393,
    0.00444026
  ],
  "LYXE": [
    0.234548,
    0.232308
  ],
  "FORTH": [
    0.244532,
    0.247309
  ],
  "RDNT": [
    0.00197144,
    0.0019812
  ],
  "GEAR": [
    0.00023365,
    0.00024112
  ],
  "HOOK": [
    0.00837315,
    0.00832254
  ],
  "SAMO": [
    0.00039829,
    0.00040155
  ],
  "CUDIS": [
    0.00812819,
    0.00802846
  ],
  "PERP": [
    0.02613828,
    0.02580858
  ],
  "PTB": [
    0.00086999,
    0.00087527
  ],
  "SAROS": [
    0.00068204,
    0.0006832
  ],
  "EPT": [
    0.00075021,
    0.00075259
  ],
  "HIPPO": [
    0.00016672,
    0.00016776
  ],
  "FLM": [
    0.00289802,
    0.00292513
  ],
  "FIS": [
    0.01063513,
    0.01059073
  ],
  "GORK": [
    0.00156964,
    0.0015304
  ],
  "DATA": [
    0.00088726,
    0.00089433
  ],
  "INSP": [
    0.00104226,
    0.00104407
  ],
  "ACA": [
    0.00070894,
    0.00069142
  ],
  "FOXY": [
    0.00012066,
    0.0001193
  ],
  "A2Z": [
    0.00007721,
    0.00007674
  ],
  "DUCK": [
    0.00006878,
    0.0000699
  ],
  "RFC": [
    0.00053334,
    0.00053638
  ],
  "SWTCH": [
    0.00305181,
    0.00317602
  ],
  "LOOKS": [
    0.00039603,
    0.00038148
  ],
  "BDXN": [
    0.00185795,
    0.00190141
  ],
  "MOONPIG": [
    0.00030292,
    0.00030573
  ],
  "ROOT": [
    0.00005801,
    0.00005971
  ],
  "CHILLGUY": [
    0.00010529,
    0.00010629
  ],
  "APU": [
    0.0000437,
    0.0000436
  ],
  "CHESS": [
    0.00016786,
    0.00012565
  ],
  "HOLO": [
    0.00001257,
    0.00001257
  ],
  "RATS": [
    0.00003544,
    0.00003457
  ],
  "GMMT": [
    0.00295752,
    0.00294408
  ],
  "ADB": [
    null,
    null
  ]
}