{
  "AERO": [
    0.338536,
    0.3415
  ],
  "JASMY": [
    0.00560819,
    0.00559967
  ],
  "MON": [
    0.02520507,
    0.02486413
  ],
  "LIT": [
    0.987194,
    0.992459
  ],
  "CVX": [
    1.83,
    1.83
  ],
  "BAT": [
    0.110253,
    0.10863
  ],
  "ATH": [
    0.00784265,
    0.00768448
  ],
  "BANANAS31": [
    0.01405753,
    0.01396947
  ],
  "COW": [
    0.20165,
    0.204016
  ],
  "CHEEMS": [
    4.99375e-7,
    5.0521e-7
  ],
  "BEAT": [
    0.623685,
    0.62298
  ],
  "CKB": [
    0.00143479,
    0.00143888
  ],
  "MYX": [
    0.328346,
    0.327767
  ],
  "CSPR": [
    0.00361101,
    0.00365027
  ],
  "BAN": [
    0.056829,
    0.056643
  ],
  "IOTX": [
    0.00532279,
    0.0052816
  ],
  "ARC": [
    0.04316169,
    0.04337287
  ],
  "HUMA": [
    0.01985822,
    0.02040091
  ],
  "GUN": [
    0.02085958,
    0.02124982
  ],
  "ISLM": [
    0.0138306,
    0.01359735
  ],
  "MERL": [
    0.02836886,
    0.02805017
  ],
  "DEP": [
    0.00116186,
    0.00116127
  ],
  "LRC": [
    0.0245132,
    0.02457401
  ],
  "DEGEN": [
    0.00072858,
    0.00073237
  ],
  "ALLO": [
    0.122186,
    0.120094
  ],
  "CORN": [
    0.04409602,
    0.04411838
  ],
  "MAGMA": [
    0.125355,
    0.120143
  ],
  "CPOOL": [
    0.02277609,
    0.02294054
  ],
  "DENT": [
    0.000214,
    0.00020857
  ],
  "AURORA": [
    0.02894425,
    0.02896148
  ],
  "DSYNC": [
    0.01913581,
    0.01909013
  ],
  "L3": [
    0.01332979,
    0.01309201
  ],
  "DAO": [
    0.071139,
    0.070808
  ],
  "BANK": [
    0.03976125,
    0.03892223
  ],
  "INIT": [
    0.083888,
    0.08367
  ],
  "HONEY": [
    0.00253296,
    0.00252528
  ],
  "MUBARAK": [
    0.01263681,
    0.0126104
  ],
  "BOB": [
    0.00540819,
    0.00542325
  ],
  "AIN": [
    0.062567,
    0.060764
  ],
  "IKA": [
    0.00340987,
    0.00338884
  ],
  "GRIFFAIN": [
    0.01002589,
    0.01012704
  ],
  "HMSTR": [
    0.00014493,
    0.00014511
  ],
  "LAT": [
    0.00132855,
    0.00132829
  ],
  "FUEL": [
    0.00110786,
    0.00110588
  ],
  "COS": [
    0.00149567,
    0.00144931
  ],
  "AVL": [
    0.02708298,
    0.02698775
  ],
  "DUCK": [
    0.00101993,
    0.0010139
  ],
  "NAVX": [
    0.00877256,
    0.0087726
  ],
  "COQ": [
    1.02317e-7,
    1.01093e-7
  ],
  "HIPPO": [
    0.00062036,
    0.00064775
  ],
  "FORTH": [
    0.390923,
    0.514454
  ],
  "FWOG": [
    0.00567684,
    0.00568413
  ],
  "LYXE": [
    0.321772,
    0.321518
  ],
  "FHE": [
    0.01984632,
    0.01915791
  ],
  "DMC": [
    0.00079584,
    0.00079593
  ],
  "GEAR": [
    0.00033151,
    0.00033815
  ],
  "HOOK": [
    0.0108565,
    0.01154609
  ],
  "A2Z": [
    0.00033534,
    0.00034325
  ],
  "FIS": [
    0.01468581,
    0.01581936
  ],
  "CUDIS": [
    0.00769681,
    0.00770605
  ],
  "EPT": [
    0.00081193,
    0.00080923
  ],
  "GORK": [
    0.00167793,
    0.00171559
  ],
  "FLM": [
    0.00288411,
    0.00287684
  ],
  "DATA": [
    0.00093426,
    0.00109253
  ],
  "INSP": [
    0.00136389,
    0.00138491
  ],
  "FOXY": [
    0.00016787,
    0.00017577
  ],
  "ACA": [
    0.00078816,
    0.00080381
  ],
  "BDXN": [
    0.00263308,
    0.00260616
  ],
  "LOOKS": [
    0.00041667,
    0.00042382
  ],
  "MOONPIG": [
    0.00035176,
    0.00034008
  ],
  "CHESS": [
    0.00160134,
    0.00160308
  ],
  "CHILLGUY": [
    0.00006385,
    0.00006385
  ],
  "APU": [
    0.00003461,
    0.00003571
  ],
  "HOLO": [
    0.00001451,
    0.00001451
  ],
  "GMMT": [
    0.00357673,
    0.00359259
  ],
  "ADB": [
    null,
    null
  ]
}