{
  "STABLE": [
    0.03298369,
    0.03297007
  ],
  "PUMP": [
    0.00181369,
    0.00182247
  ],
  "SIREN": [
    0.764213,
    0.742582
  ],
  "SKYAI": [
    0.462637,
    0.450927
  ],
  "AERO": [
    0.450737,
    0.455424
  ],
  "MON": [
    0.02963542,
    0.02962602
  ],
  "JASMY": [
    0.00558793,
    0.00559224
  ],
  "LIT": [
    0.934026,
    0.935083
  ],
  "BAT": [
    0.108137,
    0.10876
  ],
  "TAG": [
    0.00150077,
    0.0014934
  ],
  "CVX": [
    1.75,
    1.76
  ],
  "CHEEMS": [
    6.13359e-7,
    6.1641e-7
  ],
  "ATH": [
    0.00599497,
    0.00599617
  ],
  "BANANAS31": [
    0.01121164,
    0.01106039
  ],
  "COW": [
    0.18801,
    0.188169
  ],
  "SAHARA": [
    0.02489518,
    0.02491195
  ],
  "BEAT": [
    0.585432,
    0.578089
  ],
  "BAN": [
    0.075305,
    0.075177
  ],
  "CKB": [
    0.00148913,
    0.0014971
  ],
  "ONT": [
    0.070285,
    0.070006
  ],
  "ARC": [
    0.068536,
    0.068575
  ],
  "NPC": [
    0.00771759,
    0.0077358
  ],
  "POLYX": [
    0.04767517,
    0.0478391
  ],
  "MERL": [
    0.03938639,
    0.04023604
  ],
  "MYX": [
    0.249414,
    0.249601
  ],
  "CSPR": [
    0.00280604,
    0.00281632
  ],
  "REZ": [
    0.0052101,
    0.00526249
  ],
  "MAGMA": [
    0.230346,
    0.228324
  ],
  "IOTX": [
    0.0045262,
    0.00455526
  ],
  "ISLM": [
    0.01165363,
    0.01170999
  ],
  "NOT": [
    0.00040557,
    0.00040782
  ],
  "NEIRO": [
    0.00009417,
    0.00009543
  ],
  "HUMA": [
    0.02182435,
    0.02182859
  ],
  "SNEK": [
    0.00046092,
    0.00046088
  ],
  "CPOOL": [
    0.03233817,
    0.03154126
  ],
  "SATS": [
    1.4771e-8,
    1.4843e-8
  ],
  "DEP": [
    0.0011119,
    0.00111517
  ],
  "SPELL": [
    0.00016828,
    0.00016812
  ],
  "ALLO": [
    0.120395,
    0.120835
  ],
  "GUN": [
    0.01458502,
    0.01475363
  ],
  "SWARMS": [
    0.02621545,
    0.02643894
  ],
  "SLP": [
    0.00070355,
    0.00070542
  ],
  "DEGEN": [
    0.00067987,
    0.00067818
  ],
  "CORN": [
    0.04028175,
    0.04027758
  ],
  "LRC": [
    0.01677201,
    0.01685137
  ],
  "NIL": [
    0.04161127,
    0.04188046
  ],
  "AURORA": [
    0.02672735,
    0.02673733
  ],
  "AIN": [
    0.099828,
    0.098785
  ],
  "GRIFFAIN": [
    0.01776087,
    0.0177641
  ],
  "L3": [
    0.01183176,
    0.01191697
  ],
  "INIT": [
    0.088889,
    0.088708
  ],
  "NYM": [
    0.01972969,
    0.01978906
  ],
  "BOB": [
    0.0055788,
    0.00559169
  ],
  "NEWT": [
    0.07467,
    0.07479
  ],
  "MUBARAK": [
    0.01528377,
    0.01525867
  ],
  "BANK": [
    0.03335199,
    0.03334857
  ],
  "SONIC": [
    0.03756647,
    0.03762093
  ],
  "DSYNC": [
    0.01291929,
    0.01284162
  ],
  "TLM": [
    0.00185188,
    0.00184498
  ],
  "PAAL": [
    0.01301819,
    0.01302101
  ],
  "RESOLV": [
    0.02826256,
    0.02832
  ],
  "HONEY": [
    0.00180822,
    0.00180957
  ],
  "DAO": [
    0.04150134,
    0.04184875
  ],
  "HMSTR": [
    0.00015711,
    0.00015714
  ],
  "IKA": [
    0.00333635,
    0.0033423
  ],
  "RSS3": [
    0.00628307,
    0.00630913
  ],
  "LAT": [
    0.00132861,
    0.00133246
  ],
  "TAI": [
    0.01535732,
    0.01536328
  ],
  "COQ": [
    1.25902e-7,
    1.26193e-7
  ],
  "AVL": [
    0.02689786,
    0.02768513
  ],
  "NAVX": [
    0.00876105,
    0.00883655
  ],
  "FUEL": [
    0.00089967,
    0.0009007
  ],
  "SOLV": [
    0.00451047,
    0.004518
  ],
  "NKN": [
    0.00782226,
    0.00783609
  ],
  "PIXEL": [
    0.00788526,
    0.00784267
  ],
  "COS": [
    0.00115554,
    0.00115575
  ],
  "FHE": [
    0.02181794,
    0.02267232
  ],
  "OBT": [
    0.00097576,
    0.00098195
  ],
  "FWOG": [
    0.00495046,
    0.00523348
  ],
  "DMC": [
    0.00071001,
    0.00071094
  ],
  "LYXE": [
    0.274204,
    0.276556
  ],
  "ROAM": [
    0.01089553,
    0.01127353
  ],
  "DENT": [
    0.00003946,
    0.00004026
  ],
  "OAS": [
    0.00052569,
    0.00054348
  ],
  "GEAR": [
    0.00032234,
    0.00032357
  ],
  "FORTH": [
    0.240089,
    0.240277
  ],
  "HOOK": [
    0.00814282,
    0.00814364
  ],
  "RDNT": [
    0.00179727,
    0.00179189
  ],
  "SAMO": [
    0.00033566,
    0.0003409
  ],
  "CUDIS": [
    0.0078559,
    0.00789167
  ],
  "PERP": [
    0.02536927,
    0.02537579
  ],
  "PTB": [
    0.00081071,
    0.00081124
  ],
  "HIPPO": [
    0.00016347,
    0.00016487
  ],
  "EPT": [
    0.00071354,
    0.00070901
  ],
  "FIS": [
    0.01015501,
    0.01018078
  ],
  "FLM": [
    0.0026868,
    0.00268585
  ],
  "SAROS": [
    0.00056808,
    0.00057045
  ],
  "GORK": [
    0.00149132,
    0.00149406
  ],
  "DATA": [
    0.00073541,
    0.00073646
  ],
  "ACA": [
    0.00065403,
    0.0006512
  ],
  "INSP": [
    0.00095365,
    0.00093911
  ],
  "A2Z": [
    0.00008705,
    0.00008701
  ],
  "FOXY": [
    0.00011605,
    0.00011608
  ],
  "RFC": [
    0.00057039,
    0.00056813
  ],
  "DUCK": [
    0.00006929,
    0.00006993
  ],
  "SWTCH": [
    0.00311728,
    0.00320224
  ],
  "LOOKS": [
    0.00035492,
    0.00035492
  ],
  "MOONPIG": [
    0.00027678,
    0.00027776
  ],
  "BDXN": [
    0.00167788,
    0.0016754
  ],
  "ROOT": [
    0.00005689,
    0.00005699
  ],
  "CHILLGUY": [
    0.00010412,
    0.00010445
  ],
  "APU": [
    0.00004399,
    0.00004472
  ],
  "CHESS": [
    0.00019996,
    0.00019758
  ],
  "HOLO": [
    0.00001187,
    0.00001187
  ],
  "RATS": [
    0.0000385,
    0.00003846
  ],
  "GMMT": [
    0.00373238,
    0.00368506
  ],
  "ADB": [
    null,
    null
  ]
}