{
  "PUMP": [
    0.00176314,
    0.00175538
  ],
  "STABLE": [
    0.03385819,
    0.03364519
  ],
  "SIREN": [
    0.674453,
    0.68281
  ],
  "AERO": [
    0.461133,
    0.460711
  ],
  "MON": [
    0.03218111,
    0.03216349
  ],
  "JASMY": [
    0.00594049,
    0.00591591
  ],
  "LIT": [
    0.913112,
    0.908609
  ],
  "SKYAI": [
    0.188676,
    0.18933
  ],
  "CVX": [
    1.79,
    1.78
  ],
  "BAT": [
    0.10581,
    0.105395
  ],
  "CHEEMS": [
    5.89889e-7,
    5.93303e-7
  ],
  "ATH": [
    0.00604121,
    0.00601999
  ],
  "COW": [
    0.192304,
    0.191761
  ],
  "BANANAS31": [
    0.00962148,
    0.00960892
  ],
  "BAN": [
    0.083073,
    0.081604
  ],
  "SAHARA": [
    0.02404616,
    0.02418606
  ],
  "CKB": [
    0.00162655,
    0.0016193
  ],
  "BEAT": [
    0.562576,
    0.562178
  ],
  "TAG": [
    0.00068384,
    0.00068023
  ],
  "ONT": [
    0.072113,
    0.072131
  ],
  "ARC": [
    0.068566,
    0.068757
  ],
  "NPC": [
    0.0085192,
    0.00851313
  ],
  "POLYX": [
    0.051172,
    0.051081
  ],
  "MERL": [
    0.04148093,
    0.04097859
  ],
  "MYX": [
    0.259241,
    0.257592
  ],
  "CSPR": [
    0.00289211,
    0.00289566
  ],
  "IOTX": [
    0.00480175,
    0.00477482
  ],
  "NOT": [
    0.00042288,
    0.00041902
  ],
  "HUMA": [
    0.02411044,
    0.02383366
  ],
  "MAGMA": [
    0.202327,
    0.198537
  ],
  "NEIRO": [
    0.00008863,
    0.00008795
  ],
  "SNEK": [
    0.00048732,
    0.00049026
  ],
  "REZ": [
    0.0040126,
    0.00401704
  ],
  "SATS": [
    1.468e-8,
    1.4622e-8
  ],
  "ISLM": [
    0.011876,
    0.01187939
  ],
  "DEP": [
    0.00110542,
    0.00110619
  ],
  "SPELL": [
    0.00016593,
    0.00016572
  ],
  "CPOOL": [
    0.02712754,
    0.02700559
  ],
  "SLP": [
    0.00072076,
    0.00072038
  ],
  "GUN": [
    0.01500656,
    0.01495652
  ],
  "ALLO": [
    0.114374,
    0.113313
  ],
  "DEGEN": [
    0.0006838,
    0.0006833
  ],
  "NYM": [
    0.02948864,
    0.02940812
  ],
  "INIT": [
    0.089694,
    0.089738
  ],
  "LRC": [
    0.01710467,
    0.01706166
  ],
  "CORN": [
    0.04014955,
    0.04014261
  ],
  "NIL": [
    0.04459159,
    0.04435253
  ],
  "AURORA": [
    0.02778734,
    0.02780925
  ],
  "SWARMS": [
    0.01860887,
    0.01857576
  ],
  "GRIFFAIN": [
    0.01749757,
    0.01748194
  ],
  "NEWT": [
    0.080909,
    0.080979
  ],
  "BOB": [
    0.00578043,
    0.0057884
  ],
  "L3": [
    0.0112124,
    0.01090909
  ],
  "AIN": [
    0.080697,
    0.080612
  ],
  "BANK": [
    0.0342245,
    0.03411502
  ],
  "DSYNC": [
    0.01419012,
    0.01405582
  ],
  "SONIC": [
    0.03864301,
    0.03849144
  ],
  "MUBARAK": [
    0.01362611,
    0.01356053
  ],
  "TLM": [
    0.00187433,
    0.00187292
  ],
  "HONEY": [
    0.00206948,
    0.00205769
  ],
  "PAAL": [
    0.01272543,
    0.01272555
  ],
  "RESOLV": [
    0.02947867,
    0.02954314
  ],
  "IKA": [
    0.00372807,
    0.00373249
  ],
  "DAO": [
    0.04474511,
    0.04450261
  ],
  "HMSTR": [
    0.00015752,
    0.0001575
  ],
  "COQ": [
    1.4352e-7,
    1.43564e-7
  ],
  "TAI": [
    0.0165812,
    0.01654415
  ],
  "LAT": [
    0.00133352,
    0.00132946
  ],
  "AVL": [
    0.02648599,
    0.02637995
  ],
  "FUEL": [
    0.00093263,
    0.00093301
  ],
  "NAVX": [
    0.00882604,
    0.00882678
  ],
  "NKN": [
    0.0084648,
    0.00855283
  ],
  "PIXEL": [
    0.00837446,
    0.00826016
  ],
  "COS": [
    0.00117715,
    0.00117706
  ],
  "SOLV": [
    0.00411232,
    0.00409696
  ],
  "OBT": [
    0.00103716,
    0.00103453
  ],
  "DENT": [
    0.00005993,
    0.00005968
  ],
  "ROAM": [
    0.0162405,
    0.01632714
  ],
  "RSS3": [
    0.00582824,
    0.00579981
  ],
  "FWOG": [
    0.00490276,
    0.00485871
  ],
  "DMC": [
    0.00070699,
    0.00070983
  ],
  "FHE": [
    0.01800072,
    0.01794894
  ],
  "OAS": [
    0.00058481,
    0.00058089
  ],
  "LYXE": [
    0.245818,
    0.244205
  ],
  "FORTH": [
    0.245321,
    0.246492
  ],
  "RDNT": [
    0.00186295,
    0.00186013
  ],
  "HOOK": [
    0.00841193,
    0.0083252
  ],
  "GEAR": [
    0.00023078,
    0.00022927
  ],
  "SAMO": [
    0.00038204,
    0.0003827
  ],
  "CUDIS": [
    0.00798961,
    0.00791275
  ],
  "PERP": [
    0.02637454,
    0.02603997
  ],
  "EPT": [
    0.00074394,
    0.0007427
  ],
  "PTB": [
    0.00081687,
    0.0008196
  ],
  "FIS": [
    0.01072067,
    0.0107203
  ],
  "HIPPO": [
    0.00016102,
    0.00016031
  ],
  "FLM": [
    0.00272438,
    0.00272254
  ],
  "GORK": [
    0.00152226,
    0.00151251
  ],
  "SAROS": [
    0.0005093,
    0.00050799
  ],
  "DATA": [
    0.00073992,
    0.0007306
  ],
  "INSP": [
    0.00106985,
    0.00107242
  ],
  "ACA": [
    0.00067,
    0.00067008
  ],
  "FOXY": [
    0.00011918,
    0.00012091
  ],
  "A2Z": [
    0.00007056,
    0.00006999
  ],
  "RFC": [
    0.00058812,
    0.00058767
  ],
  "SWTCH": [
    0.00343503,
    0.00343627
  ],
  "DUCK": [
    0.00006998,
    0.00006956
  ],
  "LOOKS": [
    0.00036593,
    0.00036301
  ],
  "MOONPIG": [
    0.00029612,
    0.0002943
  ],
  "BDXN": [
    0.0015008,
    0.00150732
  ],
  "ROOT": [
    0.00005901,
    0.00005951
  ],
  "CHILLGUY": [
    0.0001398,
    0.00013891
  ],
  "APU": [
    0.00004441,
    0.0000446
  ],
  "CHESS": [
    0.00016954,
    0.00017029
  ],
  "HOLO": [
    0.00001228,
    0.00001228
  ],
  "GMMT": [
    0.00266629,
    0.00265331
  ],
  "RATS": [
    0.00003706,
    0.00003711
  ],
  "ADB": [
    null,
    null
  ]
}