{
  "PUMP": [
    0.00174962,
    0.00174928
  ],
  "STABLE": [
    0.03264768,
    0.03307066
  ],
  "SIREN": [
    0.673483,
    0.681923
  ],
  "AERO": [
    0.43878,
    0.449236
  ],
  "MON": [
    0.03090665,
    0.03098281
  ],
  "JASMY": [
    0.0058012,
    0.00580562
  ],
  "LIT": [
    0.928598,
    0.934028
  ],
  "SKYAI": [
    0.1888,
    0.183554
  ],
  "CVX": [
    1.78,
    1.78
  ],
  "BAT": [
    0.106186,
    0.105661
  ],
  "CHEEMS": [
    5.73944e-7,
    5.80399e-7
  ],
  "ATH": [
    0.00602097,
    0.00605068
  ],
  "COW": [
    0.190976,
    0.190257
  ],
  "BANANAS31": [
    0.00939664,
    0.00981401
  ],
  "BAN": [
    0.088714,
    0.088859
  ],
  "BEAT": [
    0.568736,
    0.571772
  ],
  "CKB": [
    0.00159836,
    0.00162923
  ],
  "SAHARA": [
    0.02282593,
    0.02417411
  ],
  "ONT": [
    0.074853,
    0.074215
  ],
  "TAG": [
    0.0006631,
    0.0006708
  ],
  "NPC": [
    0.00822999,
    0.00833965
  ],
  "ARC": [
    0.065153,
    0.064961
  ],
  "POLYX": [
    0.0507,
    0.051063
  ],
  "MYX": [
    0.251075,
    0.252835
  ],
  "MERL": [
    0.03628086,
    0.03751806
  ],
  "CSPR": [
    0.00289656,
    0.00288721
  ],
  "IOTX": [
    0.00475867,
    0.00480536
  ],
  "NOT": [
    0.00044547,
    0.00043063
  ],
  "HUMA": [
    0.02416278,
    0.02371466
  ],
  "NEIRO": [
    0.0000899,
    0.00009192
  ],
  "MAGMA": [
    0.195826,
    0.201192
  ],
  "SNEK": [
    0.00049875,
    0.00050308
  ],
  "REZ": [
    0.00393202,
    0.0040242
  ],
  "SATS": [
    1.4621e-8,
    1.4654e-8
  ],
  "DEP": [
    0.00111324,
    0.00111039
  ],
  "ISLM": [
    0.01181379,
    0.01186301
  ],
  "SPELL": [
    0.00016508,
    0.00016525
  ],
  "GUN": [
    0.01503208,
    0.01519451
  ],
  "ALLO": [
    0.116118,
    0.116014
  ],
  "CPOOL": [
    0.02633169,
    0.02597729
  ],
  "SLP": [
    0.00071126,
    0.00070734
  ],
  "DEGEN": [
    0.00066361,
    0.00066591
  ],
  "INIT": [
    0.089829,
    0.090901
  ],
  "NYM": [
    0.02954941,
    0.0294876
  ],
  "LRC": [
    0.017043,
    0.01707122
  ],
  "CORN": [
    0.04006088,
    0.04002037
  ],
  "AURORA": [
    0.02778464,
    0.02777823
  ],
  "NIL": [
    0.04214224,
    0.04296295
  ],
  "SWARMS": [
    0.01902033,
    0.01895079
  ],
  "NEWT": [
    0.083858,
    0.082591
  ],
  "GRIFFAIN": [
    0.01744025,
    0.01748656
  ],
  "BOB": [
    0.00599079,
    0.00598118
  ],
  "L3": [
    0.01030611,
    0.01034605
  ],
  "BANK": [
    0.0343642,
    0.03426881
  ],
  "DSYNC": [
    0.01446141,
    0.01445187
  ],
  "SONIC": [
    0.04212192,
    0.03927187
  ],
  "MUBARAK": [
    0.01363199,
    0.01364487
  ],
  "TLM": [
    0.00188777,
    0.00189366
  ],
  "AIN": [
    0.062548,
    0.064222
  ],
  "HONEY": [
    0.00205551,
    0.00205762
  ],
  "PAAL": [
    0.01256469,
    0.01254443
  ],
  "IKA": [
    0.00373411,
    0.00373997
  ],
  "DAO": [
    0.04413751,
    0.04396118
  ],
  "RESOLV": [
    0.02791729,
    0.02789085
  ],
  "HMSTR": [
    0.00015788,
    0.00015824
  ],
  "COQ": [
    1.42938e-7,
    1.44932e-7
  ],
  "TAI": [
    0.01657958,
    0.01659921
  ],
  "LAT": [
    0.00133335,
    0.00133374
  ],
  "AVL": [
    0.02663189,
    0.02661596
  ],
  "FUEL": [
    0.00093643,
    0.00093472
  ],
  "NAVX": [
    0.00877407,
    0.00876353
  ],
  "NKN": [
    0.00838221,
    0.00837844
  ],
  "SOLV": [
    0.00418477,
    0.0042079
  ],
  "PIXEL": [
    0.00802362,
    0.00799764
  ],
  "COS": [
    0.00116072,
    0.00116475
  ],
  "OBT": [
    0.00104317,
    0.00104292
  ],
  "DENT": [
    0.00006073,
    0.00006118
  ],
  "ROAM": [
    0.015836,
    0.0163322
  ],
  "RSS3": [
    0.00589057,
    0.0058172
  ],
  "DMC": [
    0.00071604,
    0.0007169
  ],
  "FWOG": [
    0.00469382,
    0.0047046
  ],
  "FHE": [
    0.0181347,
    0.01817876
  ],
  "OAS": [
    0.00059509,
    0.00059548
  ],
  "LYXE": [
    0.236465,
    0.236133
  ],
  "FORTH": [
    0.248471,
    0.245141
  ],
  "RDNT": [
    0.00187593,
    0.00188993
  ],
  "HOOK": [
    0.00847838,
    0.00838852
  ],
  "GEAR": [
    0.00022726,
    0.00022864
  ],
  "SAMO": [
    0.00039033,
    0.00038465
  ],
  "CUDIS": [
    0.00799059,
    0.00797804
  ],
  "PERP": [
    0.02628368,
    0.02635621
  ],
  "EPT": [
    0.0007425,
    0.00074655
  ],
  "PTB": [
    0.0008164,
    0.00082112
  ],
  "FIS": [
    0.01054128,
    0.01055101
  ],
  "HIPPO": [
    0.00016288,
    0.0001617
  ],
  "GORK": [
    0.00154156,
    0.00153503
  ],
  "FLM": [
    0.00261852,
    0.00269664
  ],
  "SAROS": [
    0.00051032,
    0.0005082
  ],
  "DATA": [
    0.00074852,
    0.00074788
  ],
  "INSP": [
    0.00108459,
    0.00110869
  ],
  "ACA": [
    0.00065023,
    0.00065508
  ],
  "FOXY": [
    0.00011986,
    0.00011899
  ],
  "A2Z": [
    0.00006924,
    0.00006882
  ],
  "RFC": [
    0.00059508,
    0.00059266
  ],
  "DUCK": [
    0.00006971,
    0.00007027
  ],
  "SWTCH": [
    0.00343386,
    0.00333344
  ],
  "LOOKS": [
    0.00035587,
    0.00035496
  ],
  "MOONPIG": [
    0.0003059,
    0.00030711
  ],
  "BDXN": [
    0.0015288,
    0.00162488
  ],
  "ROOT": [
    0.00006081,
    0.0000625
  ],
  "CHILLGUY": [
    0.00014172,
    0.00014159
  ],
  "APU": [
    0.00004446,
    0.00004441
  ],
  "CHESS": [
    0.00015316,
    0.0001629
  ],
  "HOLO": [
    0.00001226,
    0.00001224
  ],
  "GMMT": [
    0.00262541,
    0.00260106
  ],
  "RATS": [
    0.00003752,
    0.00003833
  ],
  "ADB": [
    null,
    null
  ]
}