{
  "PC0000085": [
    1
  ],
  "HYGT": [
    0.00022496
  ],
  "STLS": [
    0.00261996
  ],
  "HODL": [
    0.00047054
  ],
  "SPADE": [
    0.00529781
  ],
  "WORK": [
    0.00008139
  ],
  "THE": [
    0.00008631
  ],
  "BLUE": [
    0.00003671
  ],
  "NMC": [
    0.910206
  ],
  "A1X": [
    0.00032788
  ],
  "TIMMI": [
    0.00001159
  ],
  "PC0000015": [
    1
  ],
  "CBTM": [
    0.00000343
  ],
  "ARTL": [
    0.00850008
  ],
  "LLAMA": [
    0.00681711
  ],
  "YVUSDC": [
    1.17
  ],
  "KINGY": [
    0.02430145
  ],
  "PENGU": [
    0.00006889
  ],
  "LICK": [
    0.00000402
  ],
  "BTCPAY": [
    0.00331574
  ],
  "BLERF": [
    0.00000146
  ],
  "MAAL": [
    0.161906
  ],
  "BAC": [
    0.00261764
  ],
  "ABBC": [
    0.00525535
  ],
  "DEFAI": [
    0.00001393
  ],
  "$SWING": [
    0.00010056
  ],
  "CKC": [
    0.00011746
  ],
  "TXT": [
    0.00049598
  ],
  "CSTAR": [
    0.00000305
  ],
  "YVHEGIC": [
    0.01458668
  ],
  "COLS": [
    0.01393853
  ],
  "CAT": [
    8.5838e-11
  ],
  "SGT": [
    0.095279
  ],
  "FLEX": [
    0.00101419
  ],
  "LRST": [
    0.00006622
  ],
  "TROY": [
    0.00000112
  ],
  "LOBO": [
    0.00001813
  ],
  "DRGX": [
    0.01479635
  ],
  "CRAB": [
    0.00108544
  ],
  "YND": [
    0.00072678
  ],
  "BURGER": [
    0.00070271
  ],
  "LIGO": [
    2.24999e-7
  ],
  "GARY": [
    0.01992053
  ],
  "PIG": [
    1.4039e-8
  ],
  "PC0000081": [
    1
  ],
  "CRM": [
    1.1
  ],
  "GBTC": [
    0.02424693
  ],
  "GRAPE": [
    0.00006199
  ],
  "PC0000033": [
    1
  ],
  "SDG": [
    0.00072996
  ],
  "ZET": [
    0.00135892
  ],
  "ORT": [
    0.00031936
  ],
  "TOWELI": [
    0.0000441
  ],
  "FERRET": [
    0.00001837
  ],
  "STORY": [
    0.00000872
  ],
  "MILK": [
    0.04750069
  ],
  "GEM": [
    0.00059936
  ],
  "SOLC": [
    0.01576722
  ],
  "KNET": [
    0.00024345
  ],
  "HBT": [
    9.8791e-8
  ],
  "USEU": [
    0.926551
  ],
  "BEANS": [
    0.00289339
  ],
  "YFX": [
    0.00432117
  ],
  "CARAT": [
    0.237831
  ],
  "NUTS": [
    0.00352952
  ],
  "XRPAYNET": [
    0.00000457
  ],
  "$MEMEME": [
    0.00000106
  ],
  "KRRX": [
    0.054492
  ],
  "SPY.D": [
    6.7882e-10
  ],
  "AGUSTO": [
    0.00000417
  ],
  "NXL": [
    0.00001975
  ],
  "KPK": [
    1.07
  ],
  "IDLEDAISAFE": [
    1.23
  ],
  "RIZZ": [
    2.6175e-11
  ],
  "$BILLY": [
    0.00011538
  ],
  "ACP": [
    0.00027506
  ],
  "REWARD": [
    0.00018752
  ],
  "BTC20": [
    0.00721469
  ],
  "FAH": [
    1.35
  ],
  "HPL": [
    0.01516516
  ],
  "KLTR": [
    0.01393489
  ],
  "EMRLD": [
    0.00010399
  ],
  "FNZ": [
    0.0000194
  ],
  "BTAF": [
    0.02847351
  ],
  "ZIOW": [
    0.599816
  ],
  "ROLL": [
    0.00004515
  ],
  "AI": [
    0.00000814
  ],
  "LEE": [
    0.984922
  ],
  "CRAZYTIGER": [
    0
  ],
  "BANANA": [
    3.0003e-8
  ],
  "SHAN": [
    0.00011789
  ],
  "NXRA": [
    0.00177106
  ],
  "SINGLE": [
    0.00003567
  ],
  "RGAME": [
    0.00001791
  ],
  "OFF": [
    0.00588987
  ],
  "HANEP": [
    0.01785858
  ],
  "ION": [
    0.00184256
  ],
  "USD1": [
    1.02
  ],
  "MPP": [
    0.748408
  ],
  "ZIOX": [
    0.000007
  ],
  "SHREDN": [
    0.00000549
  ],
  "FTON": [
    0.00003187
  ],
  "$FORGE": [
    0.01593969
  ],
  "COCO": [
    0.200815
  ],
  "POLYBUNNY": [
    0.00296136
  ],
  "OXRP": [
    1.39
  ],
  "MCTP": [
    0.04621949
  ],
  "YV1INCH": [
    0.097058
  ],
  "ZEGGAI": [
    0.03165606
  ],
  "PTH": [
    3.9089e-8
  ],
  "BONK 2.0": [
    0.00006051
  ],
  "DSC": [
    0.0018307
  ],
  "SFROG": [
    7.93995e-7
  ],
  "SSE": [
    0.00020497
  ],
  "ARTS": [
    0.00003627
  ],
  "LUMI": [
    0.04099448
  ],
  "HADES": [
    0.00326571
  ],
  "QBT": [
    0.0000815
  ],
  "ACM": [
    0.01290972
  ],
  "TEAR": [
    0.00032959
  ],
  "STONKS": [
    0.00117356
  ],
  "DRC": [
    0.28946
  ],
  "NUMA": [
    0.20644
  ],
  "EV": [
    0.00175325
  ],
  "PUNK": [
    0.00013577
  ],
  "SFX": [
    null
  ],
  "BRISH": [
    0.00001094
  ],
  "ASI": [
    0.0002653
  ],
  "COOP": [
    0.00778699
  ],
  "XARCH": [
    0.00178645
  ],
  "CROX": [
    0.00001569
  ],
  "NGMI": [
    0.00000497
  ],
  "ZLW": [
    0.00121883
  ]
}