{
  "STABLE": [
    0.03394802,
    0.03352643
  ],
  "SKYAI": [
    0.710649,
    0.707165
  ],
  "PUMP": [
    0.00183375,
    0.00182317
  ],
  "SIREN": [
    0.765222,
    0.769484
  ],
  "AERO": [
    0.447328,
    0.446164
  ],
  "MON": [
    0.02995049,
    0.02969006
  ],
  "JASMY": [
    0.00557266,
    0.00554072
  ],
  "LIT": [
    0.911886,
    0.907372
  ],
  "CVX": [
    1.77,
    1.76
  ],
  "BAT": [
    0.103204,
    0.103178
  ],
  "TAG": [
    0.0013084,
    0.0012935
  ],
  "CHEEMS": [
    6.35547e-7,
    6.26603e-7
  ],
  "BANANAS31": [
    0.01236079,
    0.01234124
  ],
  "ATH": [
    0.00606182,
    0.00604095
  ],
  "COW": [
    0.191148,
    0.190877
  ],
  "SAHARA": [
    0.02448392,
    0.02424938
  ],
  "BEAT": [
    0.560491,
    0.557595
  ],
  "BAN": [
    0.075101,
    0.075017
  ],
  "CKB": [
    0.00149543,
    0.00148972
  ],
  "ONT": [
    0.07104,
    0.071825
  ],
  "ARC": [
    0.067826,
    0.066908
  ],
  "NPC": [
    0.00760403,
    0.00760845
  ],
  "POLYX": [
    0.04819491,
    0.04805765
  ],
  "MERL": [
    0.03996833,
    0.03894953
  ],
  "MYX": [
    0.241787,
    0.241646
  ],
  "REZ": [
    0.00535734,
    0.00541862
  ],
  "MAGMA": [
    0.240144,
    0.240198
  ],
  "NOT": [
    0.00044738,
    0.00045183
  ],
  "CSPR": [
    0.00278464,
    0.00276979
  ],
  "IOTX": [
    0.00456862,
    0.00453049
  ],
  "ISLM": [
    0.01142982,
    0.01128112
  ],
  "NEIRO": [
    0.00009399,
    0.00009345
  ],
  "HUMA": [
    0.02155313,
    0.02147157
  ],
  "SNEK": [
    0.00046676,
    0.00046595
  ],
  "SWARMS": [
    0.033664,
    0.03350886
  ],
  "SATS": [
    1.4865e-8,
    1.4795e-8
  ],
  "DEP": [
    0.00111169,
    0.00111077
  ],
  "CPOOL": [
    0.02897364,
    0.02882914
  ],
  "SPELL": [
    0.00016782,
    0.00016777
  ],
  "GUN": [
    0.01492494,
    0.01487062
  ],
  "ALLO": [
    0.116309,
    0.116015
  ],
  "SLP": [
    0.00070907,
    0.00070687
  ],
  "DEGEN": [
    0.00068041,
    0.00067868
  ],
  "CORN": [
    0.0402321,
    0.04015355
  ],
  "LRC": [
    0.01682594,
    0.01677814
  ],
  "AURORA": [
    0.02688534,
    0.02690268
  ],
  "GRIFFAIN": [
    0.0181963,
    0.01799116
  ],
  "NIL": [
    0.04033769,
    0.03973204
  ],
  "AIN": [
    0.09348,
    0.094594
  ],
  "INIT": [
    0.090151,
    0.089626
  ],
  "MUBARAK": [
    0.01736561,
    0.01725848
  ],
  "L3": [
    0.01131312,
    0.01119136
  ],
  "BOB": [
    0.00577694,
    0.00565985
  ],
  "NYM": [
    0.01969655,
    0.01969571
  ],
  "NEWT": [
    0.074988,
    0.07444
  ],
  "BANK": [
    0.03360865,
    0.03356803
  ],
  "SONIC": [
    0.03699965,
    0.03691602
  ],
  "RSS3": [
    0.00951495,
    0.00863491
  ],
  "DSYNC": [
    0.01291917,
    0.01274908
  ],
  "RESOLV": [
    0.0309642,
    0.03128447
  ],
  "TLM": [
    0.00184589,
    0.00184217
  ],
  "PAAL": [
    0.01309877,
    0.01300779
  ],
  "HONEY": [
    0.00194149,
    0.00192797
  ],
  "HMSTR": [
    0.00017023,
    0.00016976
  ],
  "IKA": [
    0.00344236,
    0.00343172
  ],
  "DAO": [
    0.04097508,
    0.04137318
  ],
  "LAT": [
    0.00133633,
    0.0013343
  ],
  "TAI": [
    0.01527651,
    0.01521118
  ],
  "COQ": [
    1.2735e-7,
    1.278e-7
  ],
  "AVL": [
    0.02831145,
    0.02897166
  ],
  "NAVX": [
    0.00880916,
    0.00880882
  ],
  "FUEL": [
    0.00089532,
    0.00089222
  ],
  "FWOG": [
    0.00671366,
    0.0066994
  ],
  "SOLV": [
    0.00434916,
    0.004353
  ],
  "NKN": [
    0.00786801,
    0.007879
  ],
  "FHE": [
    0.024498,
    0.02496385
  ],
  "PIXEL": [
    0.00781884,
    0.00777217
  ],
  "COS": [
    0.00115212,
    0.00115272
  ],
  "DMC": [
    0.00102422,
    0.000917
  ],
  "OBT": [
    0.00096466,
    0.00096907
  ],
  "LYXE": [
    0.277955,
    0.277955
  ],
  "ROAM": [
    0.0121577,
    0.01196382
  ],
  "DENT": [
    0.00004037,
    0.00004005
  ],
  "OAS": [
    0.00057906,
    0.0005733
  ],
  "GEAR": [
    0.00032061,
    0.00031954
  ],
  "FORTH": [
    0.243459,
    0.240978
  ],
  "RDNT": [
    0.00178313,
    0.00178035
  ],
  "HOOK": [
    0.00789298,
    0.00795004
  ],
  "SAMO": [
    0.00034546,
    0.00034515
  ],
  "CUDIS": [
    0.00797336,
    0.00795825
  ],
  "HIPPO": [
    0.00019083,
    0.00018922
  ],
  "PERP": [
    0.02467288,
    0.02470368
  ],
  "PTB": [
    0.00081293,
    0.00080977
  ],
  "EPT": [
    0.00071124,
    0.00070687
  ],
  "FIS": [
    0.01040737,
    0.01039967
  ],
  "FLM": [
    0.00266254,
    0.00266846
  ],
  "GORK": [
    0.00146625,
    0.00147303
  ],
  "SAROS": [
    0.00055832,
    0.00055658
  ],
  "DATA": [
    0.0007474,
    0.00074723
  ],
  "ACA": [
    0.00064155,
    0.00064268
  ],
  "A2Z": [
    0.00008907,
    0.0000888
  ],
  "INSP": [
    0.00091655,
    0.0009203
  ],
  "FOXY": [
    0.00011715,
    0.00011624
  ],
  "SWTCH": [
    0.00376871,
    0.00379209
  ],
  "DUCK": [
    0.00007265,
    0.00007193
  ],
  "RFC": [
    0.00056655,
    0.00057087
  ],
  "LOOKS": [
    0.00035376,
    0.00034902
  ],
  "MOONPIG": [
    0.00027294,
    0.00027389
  ],
  "BDXN": [
    0.001632,
    0.00161743
  ],
  "ROOT": [
    0.00005549,
    0.00005559
  ],
  "CHILLGUY": [
    0.00009815,
    0.00009779
  ],
  "APU": [
    0.00004298,
    0.0000431
  ],
  "CHESS": [
    0.0001924,
    0.0001924
  ],
  "HOLO": [
    0.00001187,
    0.00001187
  ],
  "RATS": [
    0.00003798,
    0.00003853
  ],
  "GMMT": [
    0.00352615,
    0.00350522
  ],
  "ADB": [
    null,
    null
  ]
}